year_week,week_start_date,week_end_date,year,month,provider,store_id,retailer_name,channel,state,city,territory_id,territory_source,seller_id,product_id,ean,category,subcategory,brand,manufacturer,is_own_product,units,sales_value_brl,sold_volume_kg,unit_price,anomaly_class,series_ratio,week_open_at_ingestion,dq_status,source_file,_row_hash
2026-39,2026-09-21,2026-09-27,2026,9,A,S00001,REDE 02,ATACAREJO,MG,BELO HORIZONTE,T002,DIM_LOJA,,P00001,7891000000001,NUTRICAO,CEREAIS,NESQUIK,NESTLE,Y,22,165.00,4.400,7.5000,VARIACAO_ACEITAVEL,1.158,False,APROVADO,provider_a_series_2026-39.csv,8c77ac5a45fb010356f1941fd143a15260e348ca1b00a778f40b1f978c1950ed
2026-39,2026-09-21,2026-09-27,2026,9,A,S00001,REDE 02,ATACAREJO,MG,BELO HORIZONTE,T002,DIM_LOJA,,P00002,7891000000002,BEBIDAS,CAFE,NINHO,NESTLE,Y,27,290.25,13.500,10.7500,VARIACAO_ACEITAVEL,1.286,False,APROVADO,provider_a_series_2026-39.csv,ee29d8c670046c7be78d2de7b078b2c09821842bfa029636f797f5c6424d2c8d
2026-39,2026-09-21,2026-09-27,2026,9,A,S00001,REDE 02,ATACAREJO,MG,BELO HORIZONTE,T002,DIM_LOJA,,P00003,7891000000003,BEBIDAS,CAFE,NESCAFE,NESTLE,Y,29,406.00,14.500,14.0000,VARIACAO_ACEITAVEL,1.16,False,APROVADO,provider_a_series_2026-39.csv,107dfcee4dbae6fa59f741a6fc745175954d493bd0e234f87569130ede735fa1
2026-39,2026-09-21,2026-09-27,2026,9,B,S00002,REDE 03,SUPERMERCADO,MG,UBERLANDIA,T003,DIM_LOJA,,P00001,7891000000001,NUTRICAO,CEREAIS,NESQUIK,NESTLE,Y,21,182.70,10.500,8.7000,VARIACAO_ACEITAVEL,0.875,False,APROVADO,provider_b_series_2026-39.csv,ffde771c6c38441a8f3e085d99ea9fd236ddb679f64e9218de9de8f57f07f5e8
2026-39,2026-09-21,2026-09-27,2026,9,B,S00002,REDE 03,SUPERMERCADO,MG,UBERLANDIA,T003,DIM_LOJA,,P00002,7891000000002,BEBIDAS,CAFE,NINHO,NESTLE,Y,32,382.40,16.000,11.9500,VARIACAO_ACEITAVEL,1.231,False,APROVADO,provider_b_series_2026-39.csv,e2216db3698d8dc72aebc84a9c4e512057484273cd390218381b5b3730a3916e
2026-39,2026-09-21,2026-09-27,2026,9,B,S00002,REDE 03,SUPERMERCADO,MG,UBERLANDIA,T003,DIM_LOJA,,P00003,7891000000003,BEBIDAS,CAFE,NESCAFE,NESTLE,Y,31,471.20,15.500,15.2000,VARIACAO_ACEITAVEL,1.033,False,APROVADO,provider_b_series_2026-39.csv,046da5c7c0b79fc14d8ded18cb567bf3e25d276f2be0a32c751210cfe6c9f2ee
2026-39,2026-09-21,2026-09-27,2026,9,A,S00003,REDE 04,ATACAREJO,RS,CAXIAS DO SUL,T004,HISTORICO,V0004,P00001,7891000000001,NUTRICAO,CEREAIS,NESQUIK,NESTLE,Y,23,227.70,4.600,9.9000,VARIACAO_ACEITAVEL,0.852,False,APROVADO,provider_a_series_2026-39.csv,1063a7d93d33303169699087e79ee07e9a9b8252f4cbf40e101b2fc2978f4916
2026-39,2026-09-21,2026-09-27,2026,9,A,S00003,REDE 04,ATACAREJO,RS,CAXIAS DO SUL,T004,HISTORICO,V0004,P00002,7891000000002,BEBIDAS,CAFE,NINHO,NESTLE,Y,33,433.95,6.600,13.1500,VARIACAO_ACEITAVEL,1.1,False,APROVADO,provider_a_series_2026-39.csv,fddaf9570c25749ec3c2e27b6d4275a2c92e7825a17236f1f00ddb717d81a4e8
2026-39,2026-09-21,2026-09-27,2026,9,A,S00003,REDE 04,ATACAREJO,RS,CAXIAS DO SUL,T004,HISTORICO,V0004,P00003,7891000000003,BEBIDAS,CAFE,NESCAFE,NESTLE,Y,41,672.40,8.200,16.4000,VARIACAO_ACEITAVEL,1.206,False,APROVADO,provider_a_series_2026-39.csv,db4e78e32ebe1db327292ef5b31e82cf44556ec3eb44af606f510a28804170c8
2026-39,2026-09-21,2026-09-27,2026,9,B,S00004,REDE 05,CONVENIENCIA,RJ,NITEROI,T005,HISTORICO,V0005,P00001,7891000000001,NUTRICAO,CEREAIS,NESQUIK,NESTLE,Y,31,344.10,15.500,11.1000,VARIACAO_ACEITAVEL,1.0,False,APROVADO,provider_b_series_2026-39.csv,d8386399e81df5170b46da60b8fb1ea3a21c4b83ce288f10c70e4befb303068a
2026-39,2026-09-21,2026-09-27,2026,9,B,S00004,REDE 05,CONVENIENCIA,RJ,NITEROI,T005,DIM_LOJA,,P00002,7891000000002,BEBIDAS,CAFE,NINHO,NESTLE,Y,42,602.70,8.400,14.3500,VARIACAO_ACEITAVEL,1.167,False,APROVADO,provider_b_series_2026-39.csv,163c58e1b0d328b121533c786e856c1fbfd2c97f61ff1facefc0d0e54ce053b3
2026-39,2026-09-21,2026-09-27,2026,9,B,S00004,REDE 05,CONVENIENCIA,RJ,NITEROI,T005,DIM_LOJA,,P00003,7891000000003,BEBIDAS,CAFE,NESCAFE,NESTLE,Y,35,616.00,7.000,17.6000,VARIACAO_ACEITAVEL,0.921,False,APROVADO,provider_b_series_2026-39.csv,ffdda9249425305c4515a8bea317d1691c0748c43c2bef6515c96cd06bb220fd
2026-39,2026-09-21,2026-09-27,2026,9,A,S00005,REDE 06,ATACAREJO,RJ,RIO DE JANEIRO,T006,HISTORICO,V0006,P00001,7891000000001,NUTRICAO,CEREAIS,NESQUIK,NESTLE,Y,33,247.50,6.600,7.5000,VARIACAO_ACEITAVEL,0.943,False,APROVADO,provider_a_series_2026-39.csv,3df567f485adc8a8bb188c193d1225048118b2fdfe8d8b2975276fc4b0e0dc9d
2026-39,2026-09-21,2026-09-27,2026,9,A,S00005,REDE 06,ATACAREJO,RJ,RIO DE JANEIRO,T006,DIM_LOJA,,P00002,7891000000002,BEBIDAS,CAFE,NINHO,NESTLE,Y,42,451.50,8.400,10.7500,VARIACAO_ACEITAVEL,1.105,False,APROVADO,provider_a_series_2026-39.csv,e4970c9c1d6d936cb62e95e603402ffcff12c3845fb163122b5acc679e74cf15
2026-39,2026-09-21,2026-09-27,2026,9,A,S00005,REDE 06,ATACAREJO,RJ,RIO DE JANEIRO,T006,DIM_LOJA,,P00003,7891000000003,BEBIDAS,CAFE,NESCAFE,NESTLE,Y,38,532.00,7.600,14.0000,VARIACAO_ACEITAVEL,0.884,False,APROVADO,provider_a_series_2026-39.csv,38813e05db8db76688f368c05718973e092e17a2cd133d28505a8422ba468657
2026-39,2026-09-21,2026-09-27,2026,9,B,S00006,REDE 07,CONVENIENCIA,SP,SAO PAULO,T007,DIM_LOJA,,P00001,7891000000001,NUTRICAO,CEREAIS,NESQUIK,NESTLE,Y,18,156.60,3.600,8.7000,VARIACAO_ACEITAVEL,1.0,False,APROVADO,provider_b_series_2026-39.csv,07448c2f8281fdcf780eac5b1f1dfa7fd93a8f29f297e1c2401142496a35b2c7
2026-39,2026-09-21,2026-09-27,2026,9,B,S00006,REDE 07,CONVENIENCIA,SP,SAO PAULO,T007,HISTORICO,V0007,P00002,7891000000002,BEBIDAS,CAFE,NINHO,NESTLE,Y,24,286.80,12.000,11.9500,VARIACAO_ACEITAVEL,1.091,False,APROVADO,provider_b_series_2026-39.csv,ceb72ea44005f8d904d6bfc4aa06e98293d7cb87dc874ef96d551b2194f909a4
2026-39,2026-09-21,2026-09-27,2026,9,B,S00006,REDE 07,CONVENIENCIA,SP,SAO PAULO,T007,HISTORICO,V0007,P00003,7891000000003,BEBIDAS,CAFE,NESCAFE,NESTLE,Y,30,456.00,15.000,15.2000,VARIACAO_ACEITAVEL,1.2,False,APROVADO,provider_b_series_2026-39.csv,9e46c1a3e73027a628f19661f8531b8e3c67fa328feb0e6c9a6b909dd0bc267c
2026-39,2026-09-21,2026-09-27,2026,9,B,S00006,REDE 07,CONVENIENCIA,SP,SAO PAULO,T007,DIM_LOJA,,P00368,7891000000368,CULINARIOS,TEMPEROS,KITKAT,NESTLE,Y,6,199.08,1.200,33.1800,,,False,APROVADO,provider_b_2026-39.csv,88faf5593f01b5981ec8b13b6d626403eb8ca1ade6d8500b08a29309feb7888e
2026-39,2026-09-21,2026-09-27,2026,9,A,S00006,REDE 07,CONVENIENCIA,SP,SAO PAULO,T007,DIM_LOJA,,P00712,7891000000712,LACTEOS,LEITE EM PO,DELTA,FAB_DELTA,N,7,45.29,7.000,6.4700,,,False,APROVADO,provider_a_2026-39.csv,0918c3b2d5fc8e07ab9dc979e19c02be26ca8c9bd0c1c831fc6e470e429dd2e4
2026-39,2026-09-21,2026-09-27,2026,9,A,S00007,REDE 08,CONVENIENCIA,MG,BELO HORIZONTE,T008,DIM_LOJA,,P00001,7891000000001,NUTRICAO,CEREAIS,NESQUIK,NESTLE,Y,27,267.30,13.500,9.9000,VARIACAO_ACEITAVEL,1.174,False,APROVADO,provider_a_series_2026-39.csv,395e1bdb1a7b5e93e480eac99a1f21da75368a649678ac84189c80acb9ad2395
2026-39,2026-09-21,2026-09-27,2026,9,A,S00007,REDE 08,CONVENIENCIA,MG,BELO HORIZONTE,T008,DIM_LOJA,,P00002,7891000000002,BEBIDAS,CAFE,NINHO,NESTLE,Y,23,302.45,11.500,13.1500,VARIACAO_ACEITAVEL,0.852,False,APROVADO,provider_a_series_2026-39.csv,043167ec09a620f83e6aa973e41d3b865c697beb9679f8f31b0cfbe866f24a42
2026-39,2026-09-21,2026-09-27,2026,9,A,S00007,REDE 08,CONVENIENCIA,MG,BELO HORIZONTE,T008,DIM_LOJA,,P00003,7891000000003,BEBIDAS,CAFE,NESCAFE,NESTLE,Y,32,524.80,6.400,16.4000,VARIACAO_ACEITAVEL,1.067,False,APROVADO,provider_a_series_2026-39.csv,537d4119ff9a5d32eeb14d87c8fc78e632621fd4b1cf82d1b6ae449a99f52549
2026-39,2026-09-21,2026-09-27,2026,9,B,S00008,REDE 09,SUPERMERCADO,PR,LONDRINA,T009,DIM_LOJA,,P00001,7891000000001,NUTRICAO,CEREAIS,NESQUIK,NESTLE,Y,33,366.30,16.500,11.1000,VARIACAO_ACEITAVEL,1.179,False,APROVADO,provider_b_series_2026-39.csv,5396027a6dec52d612ea7d08640a27b9747f0e957cc39398e0f80dba7a2474ea
2026-39,2026-09-21,2026-09-27,2026,9,B,S00008,REDE 09,SUPERMERCADO,PR,LONDRINA,T009,HISTORICO,V0009,P00002,7891000000002,BEBIDAS,CAFE,NINHO,NESTLE,Y,33,473.55,16.500,14.3500,VARIACAO_ACEITAVEL,1.1,False,APROVADO,provider_b_series_2026-39.csv,4e4357bce15f03eb076896c951368cb63ea5c59c2a5b8a6e41a1fb3f88475dd9
2026-39,2026-09-21,2026-09-27,2026,9,B,S00008,REDE 09,SUPERMERCADO,PR,LONDRINA,T009,HISTORICO,V0009,P00003,7891000000003,BEBIDAS,CAFE,NESCAFE,NESTLE,Y,38,668.80,19.000,17.6000,VARIACAO_ACEITAVEL,1.152,False,APROVADO,provider_b_series_2026-39.csv,04d4109ea8994e071a28565cfdc3b213cc36e00ce362d33bfb4d71c72e130906
2026-39,2026-09-21,2026-09-27,2026,9,B,S00008,REDE 09,SUPERMERCADO,PR,LONDRINA,T009,HISTORICO,V0009,P01200,7891000001200,LACTEOS,LEITE EM PO,PRIME,FAB_PRIME,N,7,109.48,0.700,15.6400,,,False,APROVADO,provider_b_2026-39.csv,01ad51f2cfd65f68bcf367afc70479e04cd7ae6ee5dff3539c076e0660e1b388
2026-39,2026-09-21,2026-09-27,2026,9,A,S00009,REDE 10,ATACAREJO,MG,UBERLANDIA,T022,HISTORICO,V0072,P00001,7891000000001,NUTRICAO,CEREAIS,NESQUIK,NESTLE,Y,28,210.00,5.600,7.5000,VARIACAO_ACEITAVEL,0.903,False,APROVADO,provider_a_series_2026-39.csv,b02f557d0d29486919da643f8b315ee1db60c7694c87b5fad1945b26836bbe82
2026-39,2026-09-21,2026-09-27,2026,9,A,S00009,REDE 10,ATACAREJO,MG,UBERLANDIA,T010,DIM_LOJA,,P00002,7891000000002,BEBIDAS,CAFE,NINHO,NESTLE,Y,32,344.00,6.400,10.7500,VARIACAO_ACEITAVEL,0.97,False,APROVADO,provider_a_series_2026-39.csv,8eb29a3337ea608bccff55b85a0d8be036b2dfbec96c3cbf80d860d350c9f465
2026-39,2026-09-21,2026-09-27,2026,9,A,S00009,REDE 10,ATACAREJO,MG,UBERLANDIA,T010,DIM_LOJA,,P00003,7891000000003,BEBIDAS,CAFE,NESCAFE,NESTLE,Y,44,616.00,8.800,14.0000,VARIACAO_ACEITAVEL,1.158,False,APROVADO,provider_a_series_2026-39.csv,77e0d25d9b2a5aa0e21782fe288ab708418f00d8c09c7a5d1274846e50dd4ed2
2026-39,2026-09-21,2026-09-27,2026,9,B,S00009,REDE 10,ATACAREJO,MG,UBERLANDIA,T022,HISTORICO,V0072,P00330,7891000000330,NUTRICAO,CEREAIS,KITKAT,NESTLE,Y,8,358.24,0.800,44.7800,,,False,APROVADO,provider_b_2026-39.csv,680b9e83f3cd01ea668fa150fa86b47b075970cf5d20f5e625c31b0a391332f0
2026-39,2026-09-21,2026-09-27,2026,9,B,S00010,REDE 11,ATACAREJO,RS,PORTO ALEGRE,T011,DIM_LOJA,,P00001,7891000000001,NUTRICAO,CEREAIS,NESQUIK,NESTLE,Y,41,356.70,8.200,8.7000,VARIACAO_ACEITAVEL,1.139,False,APROVADO,provider_b_series_2026-39.csv,01c082f7547a1c176bafd25c1cb10e945c4d934f241e79fb352996910e73292e
2026-39,2026-09-21,2026-09-27,2026,9,B,S00010,REDE 11,ATACAREJO,RS,PORTO ALEGRE,T011,DIM_LOJA,,P00002,7891000000002,BEBIDAS,CAFE,NINHO,NESTLE,Y,35,418.25,17.500,11.9500,VARIACAO_ACEITAVEL,0.946,False,APROVADO,provider_b_series_2026-39.csv,128d4be9b4b79f9e34af4075b5b0ccf01652b394800afa042d81e46739c6285f
2026-39,2026-09-21,2026-09-27,2026,9,B,S00010,REDE 11,ATACAREJO,RS,PORTO ALEGRE,T011,DIM_LOJA,,P00003,7891000000003,BEBIDAS,CAFE,NESCAFE,NESTLE,Y,47,714.40,9.400,15.2000,VARIACAO_ACEITAVEL,1.119,False,APROVADO,provider_b_series_2026-39.csv,c3c8d922e2839d5e48842824dd922f4a1b11d81da5d4b7be83a90137108ed158
2026-39,2026-09-21,2026-09-27,2026,9,A,S00011,REDE 12,SUPERMERCADO,SP,SAO PAULO,T012,DIM_LOJA,,P00001,7891000000001,NUTRICAO,CEREAIS,NESQUIK,NESTLE,Y,20,198.00,4.000,9.9000,VARIACAO_ACEITAVEL,1.053,False,APROVADO,provider_a_series_2026-39.csv,51ca15830114b2432e7366e1287ca6bbffd76779fef08cd06e78e19d43724079
2026-39,2026-09-21,2026-09-27,2026,9,A,S00011,REDE 12,SUPERMERCADO,SP,SAO PAULO,T012,DIM_LOJA,,P00002,7891000000002,BEBIDAS,CAFE,NINHO,NESTLE,Y,25,328.75,12.500,13.1500,VARIACAO_ACEITAVEL,1.136,False,APROVADO,provider_a_series_2026-39.csv,5de941e7ff4d3afe6c2603893b7ca0ca22637a42b71ad01772910d2de5cbd77f
2026-39,2026-09-21,2026-09-27,2026,9,A,S00011,REDE 12,SUPERMERCADO,SP,SAO PAULO,T012,DIM_LOJA,,P00003,7891000000003,BEBIDAS,CAFE,NESCAFE,NESTLE,Y,26,426.40,5.200,16.4000,VARIACAO_ACEITAVEL,1.04,False,APROVADO,provider_a_series_2026-39.csv,a723aec225368864c2176da06bfe04b9b982c3a3c7b50c8ee54620a7314552ca
2026-39,2026-09-21,2026-09-27,2026,9,B,S00012,REDE 13,SUPERMERCADO,RS,CAXIAS DO SUL,T013,DIM_LOJA,,P00001,7891000000001,NUTRICAO,CEREAIS,NESQUIK,NESTLE,Y,28,310.80,5.600,11.1000,VARIACAO_ACEITAVEL,1.167,False,APROVADO,provider_b_series_2026-39.csv,903deb50fb6e8c19e8d3479c06af5caa762a44d52c0db25d4b0eeec47c3d61da
2026-39,2026-09-21,2026-09-27,2026,9,B,S00012,REDE 13,SUPERMERCADO,RS,CAXIAS DO SUL,T013,DIM_LOJA,,P00002,7891000000002,BEBIDAS,CAFE,NINHO,NESTLE,Y,29,416.15,14.500,14.3500,VARIACAO_ACEITAVEL,1.115,False,APROVADO,provider_b_series_2026-39.csv,942e025ac047c5784bafa0123aa139a45cfe7a4436f91dcafdb244a0eb0442ef
2026-39,2026-09-21,2026-09-27,2026,9,B,S00012,REDE 13,SUPERMERCADO,RS,CAXIAS DO SUL,T013,DIM_LOJA,,P00003,7891000000003,BEBIDAS,CAFE,NESCAFE,NESTLE,Y,28,492.80,14.000,17.6000,VARIACAO_ACEITAVEL,0.966,False,APROVADO,provider_b_series_2026-39.csv,d7020f4fa24042c0062f0b1e67a3096d49edcce7fb3b3b7a219352f68f41c9a2
2026-39,2026-09-21,2026-09-27,2026,9,A,S00013,REDE 14,SUPERMERCADO,PR,LONDRINA,T014,DIM_LOJA,,P00001,7891000000001,NUTRICAO,CEREAIS,NESQUIK,NESTLE,Y,26,195.00,5.200,7.5000,VARIACAO_ACEITAVEL,0.963,False,APROVADO,provider_a_series_2026-39.csv,52955848beea1d69c87758e4fef126733ebe3ff9063e800edd969e54606c4b2c
2026-39,2026-09-21,2026-09-27,2026,9,A,S00013,REDE 14,SUPERMERCADO,PR,LONDRINA,T014,HISTORICO,V0014,P00002,7891000000002,BEBIDAS,CAFE,NINHO,NESTLE,Y,32,344.00,6.400,10.7500,VARIACAO_ACEITAVEL,1.032,False,APROVADO,provider_a_series_2026-39.csv,d9fd53a889264e141388de3f20b11ca436fb7f25afc68f787155bac75f378c18
2026-39,2026-09-21,2026-09-27,2026,9,A,S00013,REDE 14,SUPERMERCADO,PR,LONDRINA,T014,HISTORICO,V0014,P00003,7891000000003,BEBIDAS,CAFE,NESCAFE,NESTLE,Y,32,448.00,6.400,14.0000,VARIACAO_ACEITAVEL,0.97,False,APROVADO,provider_a_series_2026-39.csv,3a97ff198a8b02aee3e7b9729b10f8234a9642ed486e074c28ad9617d4b5f558
2026-39,2026-09-21,2026-09-27,2026,9,B,S00014,REDE 15,ATACAREJO,RS,CAXIAS DO SUL,T015,DIM_LOJA,,P00001,7891000000001,NUTRICAO,CEREAIS,NESQUIK,NESTLE,Y,29,252.30,14.500,8.7000,VARIACAO_ACEITAVEL,0.935,False,APROVADO,provider_b_series_2026-39.csv,2f48f57818e15dc26e845c8fdace7bda485e441ca433eaab69d3ccd29ed4ecce
2026-39,2026-09-21,2026-09-27,2026,9,B,S00014,REDE 15,ATACAREJO,RS,CAXIAS DO SUL,T015,DIM_LOJA,,P00002,7891000000002,BEBIDAS,CAFE,NINHO,NESTLE,Y,35,418.25,17.500,11.9500,VARIACAO_ACEITAVEL,1.029,False,APROVADO,provider_b_series_2026-39.csv,054427b2fe0ff2e439cdb68490d489be3cfbc100eba421f3709f82ce30dc004c
2026-39,2026-09-21,2026-09-27,2026,9,B,S00014,REDE 15,ATACAREJO,RS,CAXIAS DO SUL,T015,DIM_LOJA,,P00003,7891000000003,BEBIDAS,CAFE,NESCAFE,NESTLE,Y,39,592.80,7.800,15.2000,VARIACAO_ACEITAVEL,1.026,False,APROVADO,provider_b_series_2026-39.csv,9766351557f1c92901f9580b47e2907fa756fb79d7b54486a248268bb42b17f3
2026-39,2026-09-21,2026-09-27,2026,9,A,S00015,REDE 16,SUPERMERCADO,SP,SANTOS,T016,HISTORICO,V0016,P00001,7891000000001,NUTRICAO,CEREAIS,NESQUIK,NESTLE,Y,40,396.00,20.000,9.9000,VARIACAO_ACEITAVEL,1.176,False,APROVADO,provider_a_series_2026-39.csv,b480ce1e08133d0f396d3f49c338641ea2cfc16b2e6963443bd22b96f936ed36
2026-39,2026-09-21,2026-09-27,2026,9,A,S00015,REDE 16,SUPERMERCADO,SP,SANTOS,T016,HISTORICO,V0016,P00002,7891000000002,BEBIDAS,CAFE,NINHO,NESTLE,Y,38,499.70,19.000,13.1500,VARIACAO_ACEITAVEL,1.0,False,APROVADO,provider_a_series_2026-39.csv,179efa5d51a4cbcdaa8d32f6c659dbf7a52714729ec9439259eb28c874f24641
2026-39,2026-09-21,2026-09-27,2026,9,A,S00015,REDE 16,SUPERMERCADO,SP,SANTOS,T016,HISTORICO,V0016,P00003,7891000000003,BEBIDAS,CAFE,NESCAFE,NESTLE,Y,46,754.40,23.000,16.4000,VARIACAO_ACEITAVEL,1.15,False,APROVADO,provider_a_series_2026-39.csv,fbe5faab1bbcbd906acc65058cd077c909e525d40f31c116cfc2b11d3b685973
2026-39,2026-09-21,2026-09-27,2026,9,B,S00016,REDE 17,CONVENIENCIA,RJ,RIO DE JANEIRO,T017,DIM_LOJA,,P00001,7891000000001,NUTRICAO,CEREAIS,NESQUIK,NESTLE,Y,21,233.10,4.200,11.1000,VARIACAO_ACEITAVEL,1.105,False,APROVADO,provider_b_series_2026-39.csv,02e3f4c87be7a691b3f0550d3534738380dd5b48865f31da1d7694afd4457dc0
2026-39,2026-09-21,2026-09-27,2026,9,B,S00016,REDE 17,CONVENIENCIA,RJ,RIO DE JANEIRO,T017,DIM_LOJA,,P00002,7891000000002,BEBIDAS,CAFE,NINHO,NESTLE,Y,23,330.05,4.600,14.3500,VARIACAO_ACEITAVEL,1.045,False,APROVADO,provider_b_series_2026-39.csv,218c2f7e3b7bc4558fbc3c242ebee4efbc04eae23f713a1fd8f04b58bc712d36
2026-39,2026-09-21,2026-09-27,2026,9,B,S00016,REDE 17,CONVENIENCIA,RJ,RIO DE JANEIRO,T017,DIM_LOJA,,P00003,7891000000003,BEBIDAS,CAFE,NESCAFE,NESTLE,Y,23,404.80,11.500,17.6000,VARIACAO_ACEITAVEL,0.92,False,APROVADO,provider_b_series_2026-39.csv,9cb511eb00bbcada1b618fd8f2a95c00f2423e99dcd70dc03a76e15a309f9d53
2026-39,2026-09-21,2026-09-27,2026,9,A,S00017,REDE 18,ATACAREJO,RJ,NITEROI,T018,DIM_LOJA,,P00001,7891000000001,NUTRICAO,CEREAIS,NESQUIK,NESTLE,Y,26,195.00,13.000,7.5000,VARIACAO_ACEITAVEL,1.13,False,APROVADO,provider_a_series_2026-39.csv,34e5bf93937797086d3d6dee6e41879ad20280db8e39cba070f9de8a3d87df2c
2026-39,2026-09-21,2026-09-27,2026,9,A,S00017,REDE 18,ATACAREJO,RJ,NITEROI,T018,HISTORICO,V0018,P00002,7891000000002,BEBIDAS,CAFE,NINHO,NESTLE,Y,27,290.25,13.500,10.7500,VARIACAO_ACEITAVEL,1.0,False,APROVADO,provider_a_series_2026-39.csv,78db32855145191a4e4cf01a1d58a4a8405a8a6f84862e96e4f73e3acf22ff25
2026-39,2026-09-21,2026-09-27,2026,9,A,S00017,REDE 18,ATACAREJO,RJ,NITEROI,T018,HISTORICO,V0018,P00003,7891000000003,BEBIDAS,CAFE,NESCAFE,NESTLE,Y,28,392.00,5.600,14.0000,VARIACAO_ACEITAVEL,0.966,False,APROVADO,provider_a_series_2026-39.csv,9d62fcf874cfc2145c36cb0466bf50a9ad480765bd319f138a772248297f165b
2026-39,2026-09-21,2026-09-27,2026,9,A,S00017,REDE 18,ATACAREJO,RJ,NITEROI,T018,HISTORICO,V0018,P00214,7891000000214,CULINARIOS,TEMPEROS,NINHO,NESTLE,Y,27,1045.71,13.500,38.7300,,,False,APROVADO,provider_a_2026-39.csv,f62c5459028f93829a3038158472383af5ad932a456193cdc9a5c83926ecab7b
2026-39,2026-09-21,2026-09-27,2026,9,B,S00018,REDE 19,CONVENIENCIA,RS,PORTO ALEGRE,T019,DIM_LOJA,,P00001,7891000000001,NUTRICAO,CEREAIS,NESQUIK,NESTLE,Y,24,208.80,12.000,8.7000,VARIACAO_ACEITAVEL,0.889,False,APROVADO,provider_b_series_2026-39.csv,9a97ffe7fb5355866efa74bb6f37d6e246bb01f6e91efd454cc83638311ee6ce
2026-39,2026-09-21,2026-09-27,2026,9,B,S00018,REDE 19,CONVENIENCIA,RS,PORTO ALEGRE,T019,DIM_LOJA,,P00002,7891000000002,BEBIDAS,CAFE,NINHO,NESTLE,Y,35,418.25,7.000,11.9500,VARIACAO_ACEITAVEL,1.167,False,APROVADO,provider_b_series_2026-39.csv,cad7599392c5115b2e884f60856af7015d1f6e2449f3dd3d3f2d30850c27a0d1
2026-39,2026-09-21,2026-09-27,2026,9,B,S00018,REDE 19,CONVENIENCIA,RS,PORTO ALEGRE,T019,DIM_LOJA,,P00003,7891000000003,BEBIDAS,CAFE,NESCAFE,NESTLE,Y,40,608.00,20.000,15.2000,VARIACAO_ACEITAVEL,1.212,False,APROVADO,provider_b_series_2026-39.csv,87cf83133d4e810efc33ee7df78cf9fa171c0077f41e0753d03ac20609643c42
2026-39,2026-09-21,2026-09-27,2026,9,A,S00019,REDE 20,CONVENIENCIA,SP,SANTOS,T020,DIM_LOJA,,P00001,7891000000001,NUTRICAO,CEREAIS,NESQUIK,NESTLE,Y,28,277.20,5.600,9.9000,VARIACAO_ACEITAVEL,0.933,False,APROVADO,provider_a_series_2026-39.csv,df0405314eda160af59a617d282d9b6bf845a1ab7d31aab1fe445c56bb89f3e3
2026-39,2026-09-21,2026-09-27,2026,9,A,S00019,REDE 20,CONVENIENCIA,SP,SANTOS,T020,DIM_LOJA,,P00002,7891000000002,BEBIDAS,CAFE,NINHO,NESTLE,Y,32,420.80,6.400,13.1500,VARIACAO_ACEITAVEL,0.97,False,APROVADO,provider_a_series_2026-39.csv,9dcfbf3c8a8741f7d213ca7e036fc1ed11b4cd9197324543f49046fff7343890
2026-39,2026-09-21,2026-09-27,2026,9,A,S00019,REDE 20,CONVENIENCIA,SP,SANTOS,T020,DIM_LOJA,,P00003,7891000000003,BEBIDAS,CAFE,NESCAFE,NESTLE,Y,42,688.80,8.400,16.4000,VARIACAO_ACEITAVEL,1.105,False,APROVADO,provider_a_series_2026-39.csv,0e36102787edb33a12d6716bf6f7bbb780fd22df26225e1dacc46bcb45be8012
2026-39,2026-09-21,2026-09-27,2026,9,B,S00020,REDE 21,CONVENIENCIA,MG,UBERLANDIA,T021,DIM_LOJA,,P00001,7891000000001,NUTRICAO,CEREAIS,NESQUIK,NESTLE,Y,31,344.10,6.200,11.1000,VARIACAO_ACEITAVEL,0.861,False,APROVADO,provider_b_series_2026-39.csv,07129d4dbe0abe27a19b9614d030306a0599b98eea8a10bd2820be6aa8f5fd69
2026-39,2026-09-21,2026-09-27,2026,9,B,S00020,REDE 21,CONVENIENCIA,MG,UBERLANDIA,T021,DIM_LOJA,,P00002,7891000000002,BEBIDAS,CAFE,NINHO,NESTLE,Y,33,473.55,6.600,14.3500,VARIACAO_ACEITAVEL,0.868,False,APROVADO,provider_b_series_2026-39.csv,1aa34d1e36d3000b28adb2f2d0c08c31ec7353ff70447491be71f38c1a4db76b
2026-39,2026-09-21,2026-09-27,2026,9,B,S00020,REDE 21,CONVENIENCIA,MG,UBERLANDIA,T021,DIM_LOJA,,P00003,7891000000003,BEBIDAS,CAFE,NESCAFE,NESTLE,Y,43,756.80,8.600,17.6000,VARIACAO_ACEITAVEL,1.049,False,APROVADO,provider_b_series_2026-39.csv,776d662fbe2a4d3893b2e0e0d2b46819dbddd43338151f64e6b699e10f86ea9f
2026-39,2026-09-21,2026-09-27,2026,9,A,S00021,REDE 22,CONVENIENCIA,PR,LONDRINA,T022,HISTORICO,V0022,P00001,7891000000001,NUTRICAO,CEREAIS,NESQUIK,NESTLE,Y,22,165.00,11.000,7.5000,VARIACAO_ACEITAVEL,1.158,False,APROVADO,provider_a_series_2026-39.csv,32a9194ca8c86b2909989a5b3823b63cae0a48f93bfa5ccb92f333545597c0fb
2026-39,2026-09-21,2026-09-27,2026,9,A,S00021,REDE 22,CONVENIENCIA,PR,LONDRINA,T022,HISTORICO,V0022,P00002,7891000000002,BEBIDAS,CAFE,NINHO,NESTLE,Y,23,247.25,11.500,10.7500,VARIACAO_ACEITAVEL,1.095,False,APROVADO,provider_a_series_2026-39.csv,a065d3220fb637f12f0269887d47df0db3a3421a3bf3f90c5f16caf18f339f5d
2026-39,2026-09-21,2026-09-27,2026,9,A,S00021,REDE 22,CONVENIENCIA,PR,LONDRINA,T022,HISTORICO,V0022,P00003,7891000000003,BEBIDAS,CAFE,NESCAFE,NESTLE,Y,25,350.00,12.500,14.0000,VARIACAO_ACEITAVEL,1.0,False,APROVADO,provider_a_series_2026-39.csv,2b5390dd6a5f0e1b010849ebed3f75a1a97ee07f16c4f86eb37d2cdf70f421e7
2026-39,2026-09-21,2026-09-27,2026,9,B,S00022,REDE 23,ATACAREJO,RJ,RIO DE JANEIRO,T023,HISTORICO,V0023,P00001,7891000000001,NUTRICAO,CEREAIS,NESQUIK,NESTLE,Y,25,217.50,5.000,8.7000,VARIACAO_ACEITAVEL,1.042,False,APROVADO,provider_b_series_2026-39.csv,fc0b269ca9796c313d3bf7d17d0b85acff18fc25fdfc97308f090d1fcfe299a3
2026-39,2026-09-21,2026-09-27,2026,9,B,S00022,REDE 23,ATACAREJO,RJ,RIO DE JANEIRO,T023,DIM_LOJA,,P00002,7891000000002,BEBIDAS,CAFE,NINHO,NESTLE,Y,31,370.45,6.200,11.9500,VARIACAO_ACEITAVEL,1.24,False,APROVADO,provider_b_series_2026-39.csv,67afe4a5b51418f68a01a77588f6b4f707120ceafd9a04236aaa4985326a3497
2026-39,2026-09-21,2026-09-27,2026,9,B,S00022,REDE 23,ATACAREJO,RJ,RIO DE JANEIRO,T023,DIM_LOJA,,P00003,7891000000003,BEBIDAS,CAFE,NESCAFE,NESTLE,Y,32,486.40,6.400,15.2000,VARIACAO_ACEITAVEL,1.103,False,APROVADO,provider_b_series_2026-39.csv,d55ad9dd5152fed25786b3804fe80515b97e9bd5ee8033a5cab85eca2364e2b0
2026-39,2026-09-21,2026-09-27,2026,9,A,S00022,REDE 23,ATACAREJO,RJ,RIO DE JANEIRO,T023,HISTORICO,V0023,P00138,7891000000138,NUTRICAO,CEREAIS,GAROTO,NESTLE,Y,180,5371.20,180.000,29.8400,,,False,APROVADO,provider_a_2026-39.csv,b19ea15eaadaaa6a08f35918c8ce49832cf620864c72878cdc70a7eba2056bc4
2026-39,2026-09-21,2026-09-27,2026,9,A,S00022,REDE 23,ATACAREJO,RJ,RIO DE JANEIRO,T023,HISTORICO,V0023,P00585,7891000000585,NUTRICAO,CEREAIS,BETA,FAB_BETA,N,6,51.06,6.000,8.5100,,,False,APROVADO,provider_a_2026-39.csv,1bad3543ec05bfe03e57784a8fd99b259ca4f9ff62dd31af87892b07ad2b9a9e
2026-39,2026-09-21,2026-09-27,2026,9,A,S00023,REDE 24,SUPERMERCADO,RJ,NITEROI,T024,HISTORICO,V0024,P00001,7891000000001,NUTRICAO,CEREAIS,NESQUIK,NESTLE,Y,28,277.20,14.000,9.9000,VARIACAO_ACEITAVEL,1.0,False,APROVADO,provider_a_series_2026-39.csv,8cddd8a45679086da455fc20a94296e7210a67ab721a4bac11f8f03361d82dbb
2026-39,2026-09-21,2026-09-27,2026,9,A,S00023,REDE 24,SUPERMERCADO,RJ,NITEROI,T024,DIM_LOJA,,P00002,7891000000002,BEBIDAS,CAFE,NINHO,NESTLE,Y,32,420.80,6.400,13.1500,VARIACAO_ACEITAVEL,1.067,False,APROVADO,provider_a_series_2026-39.csv,a556136d217a192c37a6f6482ece8c84a4fc5c9c05a7ef408667bcecc3a585ea
2026-39,2026-09-21,2026-09-27,2026,9,A,S00023,REDE 24,SUPERMERCADO,RJ,NITEROI,T024,DIM_LOJA,,P00003,7891000000003,BEBIDAS,CAFE,NESCAFE,NESTLE,Y,32,524.80,6.400,16.4000,VARIACAO_ACEITAVEL,0.97,False,APROVADO,provider_a_series_2026-39.csv,4237524104399d0e6dd14f6b753c484f99ddb7a8b2f2dc546be5a22c979ec4bd
2026-39,2026-09-21,2026-09-27,2026,9,A,S00023,REDE 24,SUPERMERCADO,RJ,NITEROI,T024,DIM_LOJA,,P00048,7891000000048,CULINARIOS,TEMPEROS,NESQUIK,NESTLE,Y,40,1431.20,8.000,35.7800,,,False,APROVADO,provider_a_2026-39.csv,3cd178834dbb9c6a0036de956daaa999ffdd7d18b058b96105d5129ad8e1c906
2026-39,2026-09-21,2026-09-27,2026,9,B,S00024,REDE 25,ATACAREJO,RS,PORTO ALEGRE,T025,HISTORICO,V0025,P00001,7891000000001,NUTRICAO,CEREAIS,NESQUIK,NESTLE,Y,34,377.40,6.800,11.1000,VARIACAO_ACEITAVEL,1.097,False,APROVADO,provider_b_series_2026-39.csv,253fecc47840b57f75dbfcde03c143d001f7be102cd7534a4f650815973f365c
2026-39,2026-09-21,2026-09-27,2026,9,B,S00024,REDE 25,ATACAREJO,RS,PORTO ALEGRE,T025,DIM_LOJA,,P00002,7891000000002,BEBIDAS,CAFE,NINHO,NESTLE,Y,42,602.70,8.400,14.3500,VARIACAO_ACEITAVEL,1.235,False,APROVADO,provider_b_series_2026-39.csv,4619e812b96554c3e4715ab2cffc0c6c244fbe1beefde9d9cabb46c9fe838670
2026-39,2026-09-21,2026-09-27,2026,9,B,S00024,REDE 25,ATACAREJO,RS,PORTO ALEGRE,T025,DIM_LOJA,,P00003,7891000000003,BEBIDAS,CAFE,NESCAFE,NESTLE,Y,40,704.00,8.000,17.6000,VARIACAO_ACEITAVEL,1.081,False,APROVADO,provider_b_series_2026-39.csv,77cf656c4509ae7a16e1d383c476973301cee320fc5e6aaaae751e7891241e47
2026-39,2026-09-21,2026-09-27,2026,9,B,S00024,REDE 25,ATACAREJO,RS,PORTO ALEGRE,T025,DIM_LOJA,,P00845,7891000000845,CULINARIOS,TEMPEROS,DELTA,FAB_DELTA,N,32,642.88,16.000,20.0900,,,False,APROVADO,provider_b_2026-39.csv,7422cfaa8abc21922564a57edbe2cfa973a83f15622c6b52c7c52f4547731e66
2026-39,2026-09-21,2026-09-27,2026,9,B,S00024,REDE 25,ATACAREJO,RS,PORTO ALEGRE,T025,DIM_LOJA,,P01061,7891000001061,CHOCOLATES,TABLETES,BETA,FAB_BETA,N,16,867.52,3.200,54.2200,,,False,APROVADO,provider_b_2026-39.csv,3f10ca48418a4360062cdc0016cb4a586ca17987767205c48f4bcca5b8f1365b
2026-39,2026-09-21,2026-09-27,2026,9,A,S00029,REDE 30,ATACAREJO,RJ,NITEROI,T030,HISTORICO,V0030,P00761,7891000000761,CHOCOLATES,TABLETES,SOLAR,FAB_SOLAR,N,10,195.20,1.000,19.5200,,,False,APROVADO,provider_a_2026-39.csv,24a7e712efb8757ed15411860b2933bb6d5518e0f12c9e889d1a63be80b47a1c
2026-39,2026-09-21,2026-09-27,2026,9,A,S00038,REDE 04,SUPERMERCADO,RS,CAXIAS DO SUL,T039,HISTORICO,V0039,P01024,7891000001024,NUTRICAO,CEREAIS,SOLAR,FAB_SOLAR,N,22,1089.88,22.000,49.5400,,,False,APROVADO,provider_a_2026-39.csv,8389197b6937907be8d99e9ab3cde2c27f6450fef3a3447bb69b9283265ae841
2026-39,2026-09-21,2026-09-27,2026,9,A,S00041,REDE 07,SUPERMERCADO,PR,CURITIBA,T042,HISTORICO,V0042,P00282,7891000000282,CHOCOLATES,TABLETES,MOCA,NESTLE,Y,26,1138.80,5.200,43.8000,,,False,CORRIGIDO_AUTOMATICAMENTE,provider_a_2026-39.csv,aa3e9324bbe2d8d9026793b92c8112d7be67bb9f8a6832a0fb22943fe88e3a04
2026-39,2026-09-21,2026-09-27,2026,9,A,S00041,REDE 07,SUPERMERCADO,PR,CURITIBA,T042,DIM_LOJA,,P00485,7891000000485,LACTEOS,LEITE EM PO,VIVA,FAB_VIVA,N,21,1086.54,2.100,51.7400,,,False,APROVADO,provider_a_2026-39.csv,a092e5fcb656885bbdef61523262471fb09a616ebdc4ff393179271b40385bea
2026-39,2026-09-21,2026-09-27,2026,9,A,S00051,REDE 17,SUPERMERCADO,RS,CAXIAS DO SUL,T052,DIM_LOJA,,P01093,891000001093,CHOCOLATES,TABLETES,SOLAR,FAB_SOLAR,N,9,366.03,1.800,40.6700,,,False,APROVADO,provider_a_2026-39.csv,899b920a8ac74bde405045c010489ccdf3fd7faf34d395b3436c63896ee67b3b
2026-39,2026-09-21,2026-09-27,2026,9,B,S00052,REDE 18,ATACAREJO,RS,CAXIAS DO SUL,T053,HISTORICO,V0053,P00967,7891000000967,NUTRICAO,CEREAIS,DELTA,FAB_DELTA,N,15,756.90,15.000,50.4600,,,False,APROVADO,provider_b_2026-39.csv,0bf4d84ddfa85e86f74bc449ba6c8a16e31074fbe290ede6fba4c590eeb564e0
2026-39,2026-09-21,2026-09-27,2026,9,A,S00065,REDE 31,CONVENIENCIA,MG,BELO HORIZONTE,T066,DIM_LOJA,,P00402,7891000000402,LACTEOS,LEITE EM PO,NESQUIK,NESTLE,Y,12,552.84,6.000,46.0700,,,False,APROVADO,provider_a_2026-39.csv,60e1a257802e7e8f3c4c0e3d73af8dc404d56548093fd3bea3db97c558cb5700
2026-39,2026-09-21,2026-09-27,2026,9,A,S00066,REDE 32,SUPERMERCADO,PR,CURITIBA,T067,DIM_LOJA,,P00057,7891000000057,BEBIDAS,CAFE,NINHO,NESTLE,Y,26,524.42,5.200,20.1700,,,False,APROVADO,provider_a_2026-39.csv,4b4c63c5c9ceb93e5e6b2b67faf5b96b95e61e65dc418c651b1673738ffef31b
2026-39,2026-09-21,2026-09-27,2026,9,B,S00069,REDE 35,CONVENIENCIA,PR,CURITIBA,T070,DIM_LOJA,,P00697,7891000000697,LACTEOS,LEITE EM PO,ALPHA,FAB_ALPHA,N,57,1069.89,28.500,18.7700,,,False,APROVADO,provider_b_2026-39.csv,741d59a25e3bda99be633546b041a73c79ee7d299743b5a37cc47d555e12264b
2026-39,2026-09-21,2026-09-27,2026,9,A,S00071,REDE 02,SUPERMERCADO,SP,SANTOS,T072,DIM_LOJA,,P00670,7891000000670,CULINARIOS,TEMPEROS,NOVA,FAB_NOVA,N,13,181.61,6.500,13.9700,,,False,CORRIGIDO_AUTOMATICAMENTE,provider_a_2026-39.csv,c97e74f9c1f508060917ccb6ac38f4ba92ef428f42193368ccb567737657ed73
2026-39,2026-09-21,2026-09-27,2026,9,A,S00074,REDE 05,CONVENIENCIA,RJ,NITEROI,T034,HISTORICO,V0147,P00838,7891000000838,CHOCOLATES,TABLETES,SOLAR,FAB_SOLAR,N,10,158.90,1.000,15.8900,,,False,APROVADO,provider_a_2026-39.csv,1055f0c055abe745c6b6cc34128cd31db403a539aa10dec9fafe204ce4e77ada
2026-39,2026-09-21,2026-09-27,2026,9,A,S00083,REDE 14,SUPERMERCADO,PR,LONDRINA,T004,HISTORICO,V0084,P00876,7891000000876,BEBIDAS,CAFE,SOLAR,FAB_SOLAR,N,63,3313.17,6.300,52.5900,,,False,APROVADO,provider_a_2026-39.csv,60ea64e0dec137b289e1e8685301338af5ac324e7880a2eadb7b688a1792ce92
2026-39,2026-09-21,2026-09-27,2026,9,A,S00084,REDE 15,SUPERMERCADO,RJ,RIO DE JANEIRO,T005,HISTORICO,V0085,P00305,7891000000305,NUTRICAO,CEREAIS,KITKAT,NESTLE,Y,25,115.00,12.500,4.6000,,,False,APROVADO,provider_a_2026-39.csv,4a8135805728a098d76b4d6bc10edc45c2d84933ca400d7938bf6c104c42c4e5
2026-39,2026-09-21,2026-09-27,2026,9,A,S00085,REDE 16,SUPERMERCADO,MG,BELO HORIZONTE,T006,DIM_LOJA,,P00592,7891000000592,CHOCOLATES,TABLETES,SOLAR,FAB_SOLAR,N,19,239.02,19.000,12.5800,,,False,CORRIGIDO_AUTOMATICAMENTE,provider_a_2026-39.csv,e959e547ca31d9ca339a14143953e6adb30861218cbc10fd9e162825751a4e0c
2026-39,2026-09-21,2026-09-27,2026,9,A,S00085,REDE 16,SUPERMERCADO,MG,BELO HORIZONTE,T006,HISTORICO,V0086,P01033,7891000001033,NUTRICAO,CEREAIS,ALPHA,FAB_ALPHA,N,9,375.39,9.000,41.7100,,,False,APROVADO,provider_a_2026-39.csv,e45932932a83b67e4cca44f897cb8c67bbe24994f3ef4f944fedb5268a8f0fd1
2026-39,2026-09-21,2026-09-27,2026,9,B,S00086,REDE 17,SUPERMERCADO,PR,CURITIBA,T007,DIM_LOJA,,P00268,7891000000268,CHOCOLATES,TABLETES,GAROTO,NESTLE,Y,39,921.96,39.000,23.6400,,,False,APROVADO,provider_b_2026-39.csv,73592ba5941e08d819e47a656f6a22a91f6475811a6e74621085d97a36ab834a
2026-39,2026-09-21,2026-09-27,2026,9,A,S00087,REDE 18,ATACAREJO,MG,BELO HORIZONTE,T008,HISTORICO,V0088,P00439,7891000000439,CULINARIOS,TEMPEROS,ALPHA,FAB_ALPHA,N,3,69.75,0.300,23.2500,,,False,APROVADO,provider_a_2026-39.csv,b9a4ddeb3e82e9a726491a555b34fe2901e2a545836b453a76c816bb4aaab8fd
2026-39,2026-09-21,2026-09-27,2026,9,A,S00087,REDE 18,ATACAREJO,MG,BELO HORIZONTE,T008,DIM_LOJA,,P00850,7891000000850,CHOCOLATES,TABLETES,SOLAR,FAB_SOLAR,N,9,119.43,9.000,13.2700,,,False,APROVADO,provider_a_2026-39.csv,9386a753e89ec379162ae40e456c69bd60d16d03306f3e40ebd12e38727062ce
2026-39,2026-09-21,2026-09-27,2026,9,B,S00090,REDE 21,ATACAREJO,MG,UBERLANDIA,T011,DIM_LOJA,,P00779,891000000779,LACTEOS,LEITE EM PO,ALPHA,FAB_ALPHA,N,10,395.40,10.000,39.5400,,,False,APROVADO,provider_b_2026-39.csv,769d17c9c00f6c5f94f41220c9fd9f316b512d10c88573de6c93109aefcf4c3c
2026-39,2026-09-21,2026-09-27,2026,9,A,S00097,REDE 28,CONVENIENCIA,PR,CURITIBA,T018,DIM_LOJA,,P00115,7891000000115,CULINARIOS,TEMPEROS,NESQUIK,NESTLE,Y,16,707.84,8.000,44.2400,,,False,APROVADO,provider_a_2026-39.csv,b9b2e9b7b3d076b5826d4f20669e65fec0bb3810ff4cca38fa4b299b6b456855
2026-39,2026-09-21,2026-09-27,2026,9,B,S00100,REDE 31,SUPERMERCADO,RJ,NITEROI,T021,DIM_LOJA,,P00229,7891000000229,NUTRICAO,CEREAIS,MOCA,NESTLE,Y,19,233.51,19.000,12.2900,,,False,APROVADO,provider_b_2026-39.csv,28679c99226d0cab33c858bb2725e2fec405c688c8d88e833a89959c6618b89c
2026-39,2026-09-21,2026-09-27,2026,9,A,S00101,REDE 32,CONVENIENCIA,RJ,NITEROI,T022,DIM_LOJA,,P00366,7891000000366,BEBIDAS,CAFE,NINHO,NESTLE,Y,65,809.25,6.500,12.4500,,,False,APROVADO,provider_a_2026-39.csv,f4d52c5296cc90d3225428fed484653f98aaf7b5267b5b974b06b60f94843a9d
2026-39,2026-09-21,2026-09-27,2026,9,A,S00103,REDE 34,ATACAREJO,MG,BELO HORIZONTE,T024,DIM_LOJA,,P00443,7891000000443,NUTRICAO,CEREAIS,DELTA,FAB_DELTA,N,17,559.98,8.500,32.9400,,,False,APROVADO,provider_a_2026-39.csv,9e821cb9040e24546adb6256381a3670aede03c96a4112c097cf009919faa3ce
2026-39,2026-09-21,2026-09-27,2026,9,A,S00105,REDE 01,ATACAREJO,RS,CAXIAS DO SUL,T026,HISTORICO,V0106,P00380,7891000000380,CHOCOLATES,TABLETES,NESQUIK,NESTLE,Y,14,605.78,7.000,43.2700,,,False,APROVADO,provider_a_2026-39.csv,3f403260d565d4056395068fb555030565a632fba0e9be3fb47a81a3735f5487
2026-39,2026-09-21,2026-09-27,2026,9,A,S00108,REDE 04,ATACAREJO,MG,UBERLANDIA,T029,DIM_LOJA,,P00203,7891000000203,NUTRICAO,CEREAIS,NESCAFE,NESTLE,Y,5,22.30,0.500,4.4600,,,False,APROVADO,provider_a_2026-39.csv,9b0c7f17ce3349d8b824097ff3060f9f37d175010ce17325138d4bda6d060b79
2026-39,2026-09-21,2026-09-27,2026,9,B,S00110,REDE 06,SUPERMERCADO,PR,LONDRINA,T031,DIM_LOJA,,P00014,7891000000014,LACTEOS,LEITE EM PO,MAGGI,NESTLE,Y,68,3131.40,68.000,46.0500,,,False,APROVADO,provider_b_2026-39.csv,2190fb9f9634b76ad00e682441111b924d1a3553139f0501db3f6d195d4df719
2026-39,2026-09-21,2026-09-27,2026,9,B,S00111,REDE 07,SUPERMERCADO,RJ,RIO DE JANEIRO,T032,HISTORICO,V0112,P01007,7891000001007,LACTEOS,LEITE EM PO,NOVA,FAB_NOVA,N,21,82.32,10.500,3.9200,,,False,APROVADO,provider_b_2026-39.csv,f26ea9be846aefaf1b3a2545b4679e97998f8b37288df34aa1babf68654c05c9
2026-39,2026-09-21,2026-09-27,2026,9,B,S00112,REDE 08,ATACAREJO,RJ,NITEROI,T033,DIM_LOJA,,P00760,7891000000760,NUTRICAO,CEREAIS,BETA,FAB_BETA,N,6,299.40,0.600,49.9000,,,False,APROVADO,provider_b_2026-39.csv,f91d89be1239d232cdae779a3e47944c9c96fc731ff34ddb7b96d40588118cd3
2026-39,2026-09-21,2026-09-27,2026,9,A,S00113,REDE 09,SUPERMERCADO,SP,SAO PAULO,T034,DIM_LOJA,,P00017,7891000000017,BEBIDAS,CAFE,MOCA,NESTLE,Y,37,380.36,3.700,10.2800,,,False,APROVADO,provider_a_2026-39.csv,185989eeb5bbbbbdefc101cc5cda4489e87643a2a0dac94307e4f10b27cb994d
2026-39,2026-09-21,2026-09-27,2026,9,B,S00124,REDE 20,ATACAREJO,SP,CAMPINAS,T045,DIM_LOJA,,P00437,7891000000437,CHOCOLATES,TABLETES,DELTA,FAB_DELTA,N,143,1857.57,14.300,12.9900,,,False,APROVADO,provider_b_2026-39.csv,6c3023af2806a1f8cb6e18b7a2afdbe24148715fdcce202c38bcb61ba9fa4804
2026-39,2026-09-21,2026-09-27,2026,9,A,S00128,REDE 24,CONVENIENCIA,PR,CURITIBA,T049,DIM_LOJA,,P00233,7891000000233,BEBIDAS,CAFE,GAROTO,NESTLE,Y,6,329.52,6.000,54.9200,,,False,APROVADO,provider_a_2026-39.csv,ac6732c110fbcc4b0e1666e1729cc1055a40f6c079bdc29de19bdd75f95ce68f
2026-39,2026-09-21,2026-09-27,2026,9,A,S00128,REDE 24,CONVENIENCIA,PR,CURITIBA,T049,DIM_LOJA,,P00597,891000000597,LACTEOS,LEITE EM PO,ALPHA,FAB_ALPHA,N,12,604.80,12.000,50.4000,,,False,APROVADO,provider_a_2026-39.csv,e961128702f8d85aabff9a679405d66a302944ad3925ba37ed355d1e7acf9fd7
2026-39,2026-09-21,2026-09-27,2026,9,A,S00129,REDE 25,ATACAREJO,RS,CAXIAS DO SUL,T050,DIM_LOJA,,P01138,7891000001138,NUTRICAO,CEREAIS,PRIME,FAB_PRIME,N,17,407.15,17.000,23.9500,,,False,APROVADO,provider_a_2026-39.csv,52460f4148256e9299b2ac9794c1c190bf9f21030c42004555086a0091a6b236
2026-39,2026-09-21,2026-09-27,2026,9,B,S00130,REDE 26,SUPERMERCADO,RJ,NITEROI,T051,HISTORICO,,P00100,7891000000100,CHOCOLATES,TABLETES,KITKAT,NESTLE,Y,19,87.78,9.500,4.6200,,,False,APROVADO,provider_b_2026-39.csv,542914392b2acfb7194dc4c8e6ce949f494c0624cdeb78bb97c7492eb7fda081
2026-39,2026-09-21,2026-09-27,2026,9,B,S00132,REDE 28,CONVENIENCIA,MG,BELO HORIZONTE,T053,DIM_LOJA,,P00365,7891000000365,NUTRICAO,CEREAIS,MOCA,NESTLE,Y,59,1044.30,29.500,17.7000,,,False,APROVADO,provider_b_2026-39.csv,d1b2c1ce07e22b80bd33b3131cbe1d380b5710a4b6ec54695abdf7d309e67000
2026-39,2026-09-21,2026-09-27,2026,9,B,S00134,REDE 30,ATACAREJO,SP,CAMPINAS,T055,DIM_LOJA,,P01060,7891000001060,LACTEOS,LEITE EM PO,SOLAR,FAB_SOLAR,N,62,1789.32,6.200,28.8600,,,False,APROVADO,provider_b_2026-39.csv,bcca44cd159d9a89d796d23e010d67394f2c1e4e45b02865c5873c50418b9f5f
2026-39,2026-09-21,2026-09-27,2026,9,B,S00136,REDE 32,CONVENIENCIA,MG,UBERLANDIA,T057,DIM_LOJA,,P00910,7891000000910,CHOCOLATES,TABLETES,ALPHA,FAB_ALPHA,N,24,439.44,2.400,18.3100,,,False,APROVADO,provider_b_2026-39.csv,6d773b1af34795b2563dee118459f3e33592785a0c676692abb0cc1a58a5e1bc
2026-39,2026-09-21,2026-09-27,2026,9,B,S00137,REDE 33,ATACAREJO,PR,LONDRINA,T058,HISTORICO,V0138,P00701,7891000000701,LACTEOS,LEITE EM PO,NOVA,FAB_NOVA,N,37,437.71,7.400,11.8300,,,False,APROVADO,provider_b_2026-39.csv,b9598b9c637ff58a718ca3d80a8943352075e25bd5c682e4a946305af42b0acd
2026-39,2026-09-21,2026-09-27,2026,9,B,S00138,REDE 34,ATACAREJO,MG,BELO HORIZONTE,T059,HISTORICO,V0139,P01143,7891000001143,LACTEOS,LEITE EM PO,NOVA,FAB_NOVA,N,94,3306.92,47.000,35.1800,,,False,APROVADO,provider_b_2026-39.csv,c881623bc781829863f2dab57ef5afcd5b555d624bd4ed7942e0f0d159a00c1f
2026-39,2026-09-21,2026-09-27,2026,9,B,S00141,REDE 02,ATACAREJO,PR,CURITIBA,T062,DIM_LOJA,,P00600,7891000000600,CULINARIOS,TEMPEROS,DELTA,FAB_DELTA,N,17,71.06,8.500,4.1800,,,False,APROVADO,provider_b_2026-39.csv,45100bfa77b8cd2cb079a2833d6f2cb316e11d14acaf8a3feda8b5d4649dbdb0
2026-39,2026-09-21,2026-09-27,2026,9,B,S00142,REDE 03,ATACAREJO,SP,SANTOS,T063,DIM_LOJA,,P00817,7891000000817,BEBIDAS,CAFE,NOVA,FAB_NOVA,N,34,389.98,17.000,11.4700,,,False,APROVADO,provider_b_2026-39.csv,5c81bc46de5045086a4f66df4629695886674f61bb836948320af9886ad4c3c4
2026-39,2026-09-21,2026-09-27,2026,9,A,S00142,REDE 03,ATACAREJO,SP,SANTOS,T063,DIM_LOJA,,P01100,7891000001100,NUTRICAO,CEREAIS,PRIME,FAB_PRIME,N,37,328.56,37.000,8.8800,,,False,APROVADO,provider_a_2026-39.csv,67e95d7d8e118d4d0cb9be54b51402e1a57e619a94ee18e9f38268ba1a107a57
2026-39,2026-09-21,2026-09-27,2026,9,B,S00142,REDE 03,ATACAREJO,SP,SANTOS,T063,DIM_LOJA,,P01123,7891000001123,BEBIDAS,CAFE,NOVA,FAB_NOVA,N,8,188.48,0.800,23.5600,,,False,APROVADO,provider_b_2026-39.csv,a54ba2aadf24ae40e2725686f1f927c88df4602eb256ba8e09404bf4dd2ca6c5
2026-39,2026-09-21,2026-09-27,2026,9,A,S00143,REDE 04,ATACAREJO,RS,CAXIAS DO SUL,SEM_TERRITORIO,SEM_TERRITORIO,V0144,P00869,7891000000869,CHOCOLATES,TABLETES,DELTA,FAB_DELTA,N,25,153.50,25.000,6.1400,,,False,APROVADO_COM_ALERTA,provider_a_2026-39.csv,3e49ebbc4f44dec6360a7cf606f039ae855552dd5c647ff4808a207a466abdc3
2026-39,2026-09-21,2026-09-27,2026,9,A,S00144,REDE 05,ATACAREJO,SP,CAMPINAS,T065,HISTORICO,V0145,P01124,7891000001124,CULINARIOS,TEMPEROS,BETA,FAB_BETA,N,2,49.50,0.400,24.7500,,,False,APROVADO,provider_a_2026-39.csv,2e3e8f581cd85e47cd67970f354ee0e26830ce1f30a46450bd22f26944cd9306
2026-39,2026-09-21,2026-09-27,2026,9,B,S00145,REDE 06,CONVENIENCIA,RJ,NITEROI,T066,HISTORICO,V0146,P01132,7891000001132,CHOCOLATES,TABLETES,NOVA,FAB_NOVA,N,3,66.27,0.600,22.0900,,,False,APROVADO,provider_b_2026-39.csv,b14a69c39d5a06a60789dd9d1a479761ef4d4467852a7d9e0bcb6f634963fd1f
2026-39,2026-09-21,2026-09-27,2026,9,B,S00149,REDE 10,CONVENIENCIA,SP,SANTOS,T070,HISTORICO,V0150,P00408,7891000000408,NUTRICAO,CEREAIS,NESQUIK,NESTLE,Y,60,580.20,12.000,9.6700,,,False,APROVADO,provider_b_2026-39.csv,7db3eb1ff3c709fa6d2d7601be56febe8cde69410763f9a48bff0917219bb2b3
2026-39,2026-09-21,2026-09-27,2026,9,B,S00150,REDE 11,SUPERMERCADO,RS,PORTO ALEGRE,T071,HISTORICO,V0151,P00297,7891000000297,CULINARIOS,TEMPEROS,MAGGI,NESTLE,Y,6,47.10,0.600,7.8500,,,False,APROVADO,provider_b_2026-39.csv,687ee8d53f9bd5378664539aae362c280c09a1ea2f38dcad7c386bb16bd4e8d8
2026-39,2026-09-21,2026-09-27,2026,9,A,S00152,REDE 13,CONVENIENCIA,RJ,NITEROI,T073,DIM_LOJA,,P00462,7891000000462,NUTRICAO,CEREAIS,VIVA,FAB_VIVA,N,17,492.83,8.500,28.9900,,,False,APROVADO,provider_a_2026-39.csv,1a4445c216af9ef5b2d5bea4390a8a0c9d173d0699d61e3e7b17f1a2019341cf
2026-39,2026-09-21,2026-09-27,2026,9,B,S00152,REDE 13,CONVENIENCIA,RJ,NITEROI,T073,DIM_LOJA,,P00579,7891000000579,LACTEOS,LEITE EM PO,ALPHA,FAB_ALPHA,N,57,2513.70,57.000,44.1000,,,False,APROVADO,provider_b_2026-39.csv,892a7ef53f2529836d20a396015764d346683e857152581756ed03bcabcfc0ac
2026-39,2026-09-21,2026-09-27,2026,9,B,S00153,REDE 14,CONVENIENCIA,RS,CAXIAS DO SUL,T074,HISTORICO,V0154,P00449,7891000000449,CULINARIOS,TEMPEROS,DELTA,FAB_DELTA,N,19,649.42,19.000,34.1800,,,False,APROVADO,provider_b_2026-39.csv,7cdc3cfe3248d4a60d0748d45456108b72707715eb6dfa53d1da11f53c5fa478
2026-39,2026-09-21,2026-09-27,2026,9,B,S00154,REDE 15,SUPERMERCADO,SP,CAMPINAS,T075,DIM_LOJA,,P00956,7891000000956,BEBIDAS,CAFE,ALPHA,FAB_ALPHA,N,23,1151.84,23.000,50.0800,,,False,APROVADO,provider_b_2026-39.csv,d73c5f3ba34b5e9a3a49e67b13038491b05221b0515f4f1fed0a17de36cadb49
2026-39,2026-09-21,2026-09-27,2026,9,A,S00156,REDE 17,SUPERMERCADO,RS,PORTO ALEGRE,SEM_TERRITORIO,SEM_TERRITORIO,V0157,P00031,7891000000031,BEBIDAS,CAFE,MAGGI,NESTLE,Y,11,283.03,5.500,25.7300,,,False,APROVADO_COM_ALERTA,provider_a_2026-39.csv,6a0f7f488a8dfd9475b9f30223c52f37b8fe365b5dd33d3d0372666cd06e0b87
2026-39,2026-09-21,2026-09-27,2026,9,A,S00156,REDE 17,SUPERMERCADO,RS,PORTO ALEGRE,SEM_TERRITORIO,SEM_TERRITORIO,V0157,P01081,7891000001081,BEBIDAS,CAFE,ALPHA,FAB_ALPHA,N,27,275.67,2.700,10.2100,,,False,APROVADO_COM_ALERTA,provider_a_2026-39.csv,ecbfa631c8cad34b4a1e065bb1a1eababee63e96fbac8f38aada4d44d55dd9ec
2026-39,2026-09-21,2026-09-27,2026,9,B,S00167,REDE 28,ATACAREJO,PR,LONDRINA,T008,HISTORICO,V0168,P00787,7891000000787,BEBIDAS,CAFE,SOLAR,FAB_SOLAR,N,95,3393.40,95.000,35.7200,,,False,APROVADO,provider_b_2026-39.csv,31a25daff5ca6cca8b33934768b708f1cbad6a038c87f4a2117808908efeed7d
2026-39,2026-09-21,2026-09-27,2026,9,A,S00168,REDE 29,ATACAREJO,PR,CURITIBA,T009,DIM_LOJA,,P00302,7891000000302,CULINARIOS,TEMPEROS,MAGGI,NESTLE,Y,37,1618.38,3.700,43.7400,,,False,APROVADO,provider_a_2026-39.csv,f2b75f57c58797ac79e024004437d94a75ba8f2f6613b1c84f746dcc167e25f1
2026-39,2026-09-21,2026-09-27,2026,9,B,S00170,REDE 31,SUPERMERCADO,RS,PORTO ALEGRE,T011,DIM_LOJA,,P00816,7891000000816,LACTEOS,LEITE EM PO,BETA,FAB_BETA,N,80,1514.40,16.000,18.9300,,,False,APROVADO,provider_b_2026-39.csv,f3f64b40c8854338906dd7d1fde615c3881ed574036d7adcfe5cb8779dcd1c1e
2026-39,2026-09-21,2026-09-27,2026,9,B,S00173,REDE 34,SUPERMERCADO,RJ,RIO DE JANEIRO,T014,DIM_LOJA,,P00956,7891000000956,BEBIDAS,CAFE,ALPHA,FAB_ALPHA,N,26,213.20,13.000,8.2000,,,False,APROVADO,provider_b_2026-39.csv,6d1ad1fb5cc582dbe6a4f85c397f0491f9c2c8b6613557d955b2f5006d164d64
2026-39,2026-09-21,2026-09-27,2026,9,B,S00174,REDE 35,CONVENIENCIA,PR,LONDRINA,T015,DIM_LOJA,,P00055,7891000000055,CULINARIOS,TEMPEROS,MOCA,NESTLE,Y,13,589.03,2.600,45.3100,,,False,APROVADO,provider_b_2026-39.csv,ae376d2897306fdb74a45a8fa1d46a274ac13688ab807b09f71154a709d543be
2026-39,2026-09-21,2026-09-27,2026,9,B,S00187,REDE 13,SUPERMERCADO,RJ,NITEROI,T028,HISTORICO,V0188,P00721,7891000000721,CHOCOLATES,TABLETES,DELTA,FAB_DELTA,N,106,1626.04,21.200,15.3400,,,False,APROVADO,provider_b_2026-39.csv,e202122d4383c4cb737ae868ea3c7bd2c032fa65ebd0a0f8068eec8aa6717ac9
2026-39,2026-09-21,2026-09-27,2026,9,A,S00189,REDE 15,CONVENIENCIA,RJ,NITEROI,T030,DIM_LOJA,,P00385,7891000000385,CHOCOLATES,TABLETES,NESQUIK,NESTLE,Y,77,805.42,77.000,10.4600,,,False,APROVADO,provider_a_2026-39.csv,946757dfc3aaec75e1512fdbc6c2bcfc4fed4e158933a506a2e15ea267b3e7ef
2026-39,2026-09-21,2026-09-27,2026,9,B,S00191,REDE 17,CONVENIENCIA,MG,UBERLANDIA,T032,HISTORICO,V0192,P00918,7891000000918,LACTEOS,LEITE EM PO,SOLAR,FAB_SOLAR,N,159,4388.40,31.800,27.6000,,,False,APROVADO,provider_b_2026-39.csv,4d1c6b5b6764cafbe10c41a6a4f7910969e870432aeedb985b861266eabfba36
2026-39,2026-09-21,2026-09-27,2026,9,A,S00192,REDE 18,ATACAREJO,RJ,RIO DE JANEIRO,T033,HISTORICO,V0193,P01132,7891000001132,CHOCOLATES,TABLETES,NOVA,FAB_NOVA,N,10,146.20,2.000,14.6200,,,False,APROVADO,provider_a_2026-39.csv,ecf1c020e6b68b049e70364f0ed7e79918f60d0bd344a1336662e01737dd91b8
2026-39,2026-09-21,2026-09-27,2026,9,B,S00194,REDE 20,ATACAREJO,RJ,NITEROI,T035,DIM_LOJA,,P00036,7891000000036,NUTRICAO,CEREAIS,KITKAT,NESTLE,Y,21,803.25,21.000,38.2500,,,False,APROVADO,provider_b_2026-39.csv,b27edf1311785738c27057b9485dc904b9835049941a0a8c7691c09f432da258
2026-39,2026-09-21,2026-09-27,2026,9,B,S00194,REDE 20,ATACAREJO,RJ,NITEROI,T035,HISTORICO,V0195,P00793,7891000000793,CHOCOLATES,TABLETES,DELTA,FAB_DELTA,N,69,990.15,13.800,14.3500,,,False,APROVADO,provider_b_2026-39.csv,a5e907c3cb27622820047a3563fad59da2977a3e74d9bcfbed309e08c1b4d245
2026-39,2026-09-21,2026-09-27,2026,9,B,S00197,REDE 23,CONVENIENCIA,RJ,RIO DE JANEIRO,T038,HISTORICO,V0198,P00757,7891000000757,BEBIDAS,CAFE,DELTA,FAB_DELTA,N,18,767.88,3.600,42.6600,,,False,APROVADO,provider_b_2026-39.csv,432428b25e56262b7441e84841098fe809fb2abed3fa0a920cde29afcd58094a
2026-39,2026-09-21,2026-09-27,2026,9,A,S00202,REDE 28,CONVENIENCIA,SP,SAO PAULO,T043,DIM_LOJA,,P00307,7891000000307,LACTEOS,LEITE EM PO,NINHO,NESTLE,Y,35,1332.10,3.500,38.0600,,,False,APROVADO,provider_a_2026-39.csv,f220da091650b6e357f251952de5e4372d229c0b4d9fe3f144df98fe67d2e65a
2026-39,2026-09-21,2026-09-27,2026,9,B,S00205,REDE 31,SUPERMERCADO,RJ,RIO DE JANEIRO,T046,HISTORICO,V0206,P00499,7891000000499,LACTEOS,LEITE EM PO,PRIME,FAB_PRIME,N,36,639.72,7.200,17.7700,,,False,APROVADO,provider_b_2026-39.csv,8aff5fbe3e12657cbadb90f499b03aeba3d58c77a7880e4c04576a3d0830e101
2026-39,2026-09-21,2026-09-27,2026,9,B,S00206,REDE 32,ATACAREJO,MG,BELO HORIZONTE,T047,DIM_LOJA,,P00516,7891000000516,BEBIDAS,CAFE,SOLAR,FAB_SOLAR,N,32,838.40,3.200,26.2000,,,False,APROVADO,provider_b_2026-39.csv,cc3e3872262b783c68f131ec72ea3703738da4a849c08dacae7680d6ca180a4b
2026-39,2026-09-21,2026-09-27,2026,9,B,S00208,REDE 34,CONVENIENCIA,RJ,NITEROI,T049,HISTORICO,V0209,P00226,7891000000226,NUTRICAO,CEREAIS,NESCAFE,NESTLE,Y,23,531.53,2.300,23.1100,,,False,APROVADO,provider_b_2026-39.csv,d386088861cf99e25dbb6166c1b0320bee177f78f16ef6a667dac778a2aa300d
2026-39,2026-09-21,2026-09-27,2026,9,B,S00212,REDE 03,SUPERMERCADO,RJ,RIO DE JANEIRO,T053,HISTORICO,V0213,P00269,7891000000269,LACTEOS,LEITE EM PO,MAGGI,NESTLE,Y,73,3581.38,14.600,49.0600,,,False,APROVADO,provider_b_2026-39.csv,7dda0d93f19190844d2d69ad016ec21231d741c8979bca40f7b540c62b2b796b
2026-39,2026-09-21,2026-09-27,2026,9,A,S00212,REDE 03,SUPERMERCADO,RJ,RIO DE JANEIRO,T053,DIM_LOJA,,P00894,7891000000894,CULINARIOS,TEMPEROS,PRIME,FAB_PRIME,N,19,871.72,3.800,45.8800,,,False,APROVADO,provider_a_2026-39.csv,132ab18a6d917e23f2bb0ed95c98391214a37a4772ce8e6b119c2ef128988ae8
2026-39,2026-09-21,2026-09-27,2026,9,A,S00214,REDE 05,CONVENIENCIA,MG,BELO HORIZONTE,T055,DIM_LOJA,,P00390,7891000000390,LACTEOS,LEITE EM PO,KITKAT,NESTLE,Y,21,999.39,4.200,47.5900,,,False,APROVADO,provider_a_2026-39.csv,971e1486c9bf4a05eea05092cb70760ca16ca71e522a01eade24bd4b59cc1f82
2026-39,2026-09-21,2026-09-27,2026,9,B,S00214,REDE 05,CONVENIENCIA,MG,BELO HORIZONTE,T055,HISTORICO,V0215,P00980,7891000000980,CULINARIOS,TEMPEROS,SOLAR,FAB_SOLAR,N,38,775.20,38.000,20.4000,,,False,APROVADO,provider_b_2026-39.csv,58d9b3db2127222be0ae9ee9bdcc5300079ce66a7e85fe3b3ce57ea5b2c3f8e1
2026-39,2026-09-21,2026-09-27,2026,9,A,S00216,REDE 07,ATACAREJO,RS,PORTO ALEGRE,T057,DIM_LOJA,,P01083,7891000001083,CHOCOLATES,TABLETES,SOLAR,FAB_SOLAR,N,9,283.14,1.800,31.4600,,,False,APROVADO,provider_a_2026-39.csv,48666e4b69a7766147d8f75963673680ac339d34c89bfd9b635e55b6638a0a8f
2026-39,2026-09-21,2026-09-27,2026,9,A,S00221,REDE 12,ATACAREJO,RS,PORTO ALEGRE,T062,DIM_LOJA,,P00530,7891000000530,LACTEOS,LEITE EM PO,VIVA,FAB_VIVA,N,17,329.46,3.400,19.3800,,,False,APROVADO,provider_a_2026-39.csv,679dfc0a77f0938f4c4fa2fe2dcab1f6d94bb3947446e8df8e14574552143ad9
2026-39,2026-09-21,2026-09-27,2026,9,B,S00225,REDE 16,ATACAREJO,PR,LONDRINA,T066,DIM_LOJA,,P00895,7891000000895,CHOCOLATES,TABLETES,NOVA,FAB_NOVA,N,14,584.92,2.800,41.7800,,,False,APROVADO,provider_b_2026-39.csv,43b8837e6c3e4ea489262dbb2e3479723075889cbd354597f0132a236c331cd5
2026-39,2026-09-21,2026-09-27,2026,9,A,S00225,REDE 16,ATACAREJO,PR,LONDRINA,T066,DIM_LOJA,,P01052,7891000001052,CHOCOLATES,TABLETES,NOVA,FAB_NOVA,N,21,393.33,2.100,18.7300,,,False,APROVADO,provider_a_2026-39.csv,c0f8a84aeccf5a55564654def7d2cc414320d29bb80ac3117385c1bac55f81ec
2026-39,2026-09-21,2026-09-27,2026,9,A,S00228,REDE 19,CONVENIENCIA,RJ,NITEROI,T069,HISTORICO,V0009,P00490,7891000000490,BEBIDAS,CAFE,ALPHA,FAB_ALPHA,N,64,3331.20,64.000,52.0500,,,False,APROVADO,provider_a_2026-39.csv,536224d475fe5c9aa6fe6175d986ddcb7ce9bf19529826e78bfd745fee50f952
2026-39,2026-09-21,2026-09-27,2026,9,A,S00229,REDE 20,ATACAREJO,SP,CAMPINAS,SEM_TERRITORIO,SEM_TERRITORIO,V0010,P00220,7891000000220,CULINARIOS,TEMPEROS,GAROTO,NESTLE,Y,44,1492.92,44.000,33.9300,,,False,APROVADO_COM_ALERTA,provider_a_2026-39.csv,2897bae26a05bb302bd5b9eafa3f9bca1cf4408421521e80d89839f0df9d9dd6
2026-39,2026-09-21,2026-09-27,2026,9,A,S00229,REDE 20,ATACAREJO,SP,CAMPINAS,SEM_TERRITORIO,SEM_TERRITORIO,V0010,P00528,7891000000528,LACTEOS,LEITE EM PO,SOLAR,FAB_SOLAR,N,75,2954.25,7.500,39.3900,,,False,APROVADO_COM_ALERTA,provider_a_2026-39.csv,5f2e947b2ef0857857c76c98a3185e821f42e7413364249ffa6d384d891dcaae
2026-39,2026-09-21,2026-09-27,2026,9,B,S00229,REDE 20,ATACAREJO,SP,CAMPINAS,SEM_TERRITORIO,SEM_TERRITORIO,,P00685,7891000000685,NUTRICAO,CEREAIS,PRIME,FAB_PRIME,N,63,3166.38,63.000,50.2600,,,False,APROVADO_COM_ALERTA,provider_b_2026-39.csv,373e1c47599cd1de8306450137ee43e628d341009cc9f9fae2e80e8a046b22a5
2026-39,2026-09-21,2026-09-27,2026,9,A,S00232,REDE 23,ATACAREJO,MG,BELO HORIZONTE,T073,DIM_LOJA,,P00009,7891000000009,LACTEOS,LEITE EM PO,NESQUIK,NESTLE,Y,25,1152.25,12.500,46.0900,,,False,APROVADO,provider_a_2026-39.csv,dc4e00d2937ae687ffadc7eab3fe609416b3bbb4839777e27e885dfc2d19e6b1
2026-39,2026-09-21,2026-09-27,2026,9,B,S00232,REDE 23,ATACAREJO,MG,BELO HORIZONTE,T073,HISTORICO,,P00546,7891000000546,CHOCOLATES,TABLETES,NOVA,FAB_NOVA,N,1082,27623.46,216.400,25.5300,,,False,APROVADO,provider_b_2026-39.csv,50fd29aecb8c39897ee48b8445a4f9f9e2d906393bc11686add1e8b02c86e796
2026-39,2026-09-21,2026-09-27,2026,9,A,S00234,REDE 25,SUPERMERCADO,MG,UBERLANDIA,T075,DIM_LOJA,,P01034,7891000001034,BEBIDAS,CAFE,NOVA,FAB_NOVA,N,393,7706.73,78.600,19.6100,,,False,APROVADO,provider_a_2026-39.csv,9cc3e5a695945f3aaa3c2b2614a5a8a159cebe2115f4fb60623d785742a5f1dc
2026-39,2026-09-21,2026-09-27,2026,9,A,S00240,REDE 31,ATACAREJO,SP,CAMPINAS,T001,DIM_LOJA,,P01052,7891000001052,CHOCOLATES,TABLETES,NOVA,FAB_NOVA,N,5,48.65,0.500,9.7300,,,False,APROVADO,provider_a_2026-39.csv,0713c49131c41c3ca0c1192df91bd41d89e37b89102545df4232dbfd237d5955
2026-39,2026-09-21,2026-09-27,2026,9,A,S00241,REDE 32,ATACAREJO,SP,SANTOS,T002,DIM_LOJA,,P00248,7891000000248,CHOCOLATES,TABLETES,NINHO,NESTLE,Y,44,1914.44,44.000,43.5100,,,False,APROVADO,provider_a_2026-39.csv,311431ebba37ef774c6642a69d21ef58025bcc62c82360d1d84812007e0c9695
2026-39,2026-09-21,2026-09-27,2026,9,A,S00244,REDE 35,SUPERMERCADO,PR,LONDRINA,T005,DIM_LOJA,,P00089,7891000000089,CULINARIOS,TEMPEROS,KITKAT,NESTLE,Y,17,813.79,1.700,47.8700,,,False,APROVADO,provider_a_2026-39.csv,e009ff618e6c23c0f1c6e0b0b95923eccedbe4d5914f85d8fee6968c62a955d5
2026-39,2026-09-21,2026-09-27,2026,9,A,S00244,REDE 35,SUPERMERCADO,PR,LONDRINA,T005,HISTORICO,V0025,P00145,7891000000145,LACTEOS,LEITE EM PO,GAROTO,NESTLE,Y,6,91.44,1.200,15.2400,,,False,APROVADO,provider_a_2026-39.csv,78df723ac42f7142fdab85adac655f2d69ac5ac03fca89fa288b25fe0bc0abd0
2026-39,2026-09-21,2026-09-27,2026,9,B,S00245,REDE 01,CONVENIENCIA,SP,SAO PAULO,T006,DIM_LOJA,,P00680,7891000000680,CHOCOLATES,TABLETES,VIVA,FAB_VIVA,N,86,3067.62,43.000,35.6700,,,False,APROVADO,provider_b_2026-39.csv,97694d768300efa87a77cb8378beb41879b83506a9f65afdc5fde88610043dff
2026-39,2026-09-21,2026-09-27,2026,9,A,S00246,REDE 02,CONVENIENCIA,MG,BELO HORIZONTE,SEM_TERRITORIO,SEM_TERRITORIO,V0027,P00404,7891000000404,CULINARIOS,TEMPEROS,NINHO,NESTLE,Y,0,1009.00,2.000,,,,False,APROVADO_COM_ALERTA,provider_a_2026-39.csv,a7e80f63a716d8a90224b4e16dc1c3509d80e265d0834f4947fb9136b7f78b88
2026-39,2026-09-21,2026-09-27,2026,9,A,S00251,REDE 07,SUPERMERCADO,PR,LONDRINA,T012,HISTORICO,V0032,P00241,7891000000241,NUTRICAO,CEREAIS,KITKAT,NESTLE,Y,3,82.38,0.600,27.4600,,,False,APROVADO,provider_a_2026-39.csv,ff9e8ae84173a2913da5ba6615eac42017da546b289d72e3cdede811e40a251d
2026-39,2026-09-21,2026-09-27,2026,9,B,S00251,REDE 07,SUPERMERCADO,PR,LONDRINA,T012,DIM_LOJA,,P00336,7891000000336,BEBIDAS,CAFE,GAROTO,NESTLE,Y,119,1625.54,23.800,13.6600,,,False,APROVADO,provider_b_2026-39.csv,bad2faa2c43db92b27df43913db67d2d40c433fa52775f6e152a498464704d69
2026-39,2026-09-21,2026-09-27,2026,9,B,S00252,REDE 08,CONVENIENCIA,PR,LONDRINA,T013,DIM_LOJA,,P00118,7891000000118,NUTRICAO,CEREAIS,GAROTO,NESTLE,Y,20,1078.00,2.000,53.9000,,,False,APROVADO,provider_b_2026-39.csv,d887c611e2e3575786ddd7305792d4c07e0165076394c7e3f437440c5cccb929
2026-39,2026-09-21,2026-09-27,2026,9,B,S00253,REDE 09,CONVENIENCIA,MG,UBERLANDIA,T014,DIM_LOJA,,P00959,7891000000959,LACTEOS,LEITE EM PO,ALPHA,FAB_ALPHA,N,53,2711.48,53.000,51.1600,,,False,APROVADO,provider_b_2026-39.csv,cfc32bd357236baca227e3a3e9279bd3706170824adcf7aea483fc671d5b3cc8
2026-39,2026-09-21,2026-09-27,2026,9,B,S00256,REDE 12,SUPERMERCADO,RJ,RIO DE JANEIRO,T017,HISTORICO,V0037,P01000,7891000001000,CULINARIOS,TEMPEROS,VIVA,FAB_VIVA,N,8,238.72,8.000,29.8400,,,False,APROVADO,provider_b_2026-39.csv,d0a2f126991c75745d149682693cbdc123946ed60d5b657ae6c1e630ea43f8b7
2026-39,2026-09-21,2026-09-27,2026,9,A,S00258,REDE 14,SUPERMERCADO,MG,UBERLANDIA,T019,DIM_LOJA,,P00633,7891000000633,NUTRICAO,CEREAIS,SOLAR,FAB_SOLAR,N,8,188.40,4.000,23.5500,,,False,APROVADO,provider_a_2026-39.csv,b0fe54478c7b363d6ef80abff53dc538a58864fbc0eb30df4ed04a1cb057b4e9
2026-39,2026-09-21,2026-09-27,2026,9,A,S00258,REDE 14,SUPERMERCADO,MG,UBERLANDIA,T019,HISTORICO,V0039,P01079,7891000001079,LACTEOS,LEITE EM PO,PRIME,FAB_PRIME,N,40,2192.00,40.000,54.8000,,,False,APROVADO,provider_a_2026-39.csv,1a2e149c28c35654eea35ef32597db911003b342f61c29e5a53812fa875c7c9c
2026-39,2026-09-21,2026-09-27,2026,9,A,S00259,REDE 15,CONVENIENCIA,SP,CAMPINAS,T020,DIM_LOJA,,P00724,7891000000724,CULINARIOS,TEMPEROS,ALPHA,FAB_ALPHA,N,65,2857.40,32.500,43.9600,,,False,APROVADO,provider_a_2026-39.csv,3a92d721e4e4d95ae2997e27580947ad38d18085e4886fbc81c4f0d4e894491e
2026-39,2026-09-21,2026-09-27,2026,9,A,S00259,REDE 15,CONVENIENCIA,SP,CAMPINAS,T020,HISTORICO,V0040,P00988,7891000000988,LACTEOS,LEITE EM PO,ALPHA,FAB_ALPHA,N,27,761.94,13.500,28.2200,,,False,APROVADO,provider_a_2026-39.csv,5fe565b9cc980abf6bab3e538b4de065e99a31964ab6bd7b5704c1d801afe882
2026-39,2026-09-21,2026-09-27,2026,9,A,S00259,REDE 15,CONVENIENCIA,SP,CAMPINAS,T020,HISTORICO,V0040,P01166,7891000001166,BEBIDAS,CAFE,BETA,FAB_BETA,N,76,3384.28,76.000,44.5300,,,False,APROVADO,provider_a_2026-39.csv,01beaa1291f8902d4119dddca905ddf9cb0792ee4ef20fc8b3d076529bac07a6
2026-39,2026-09-21,2026-09-27,2026,9,B,S00261,REDE 17,CONVENIENCIA,PR,LONDRINA,T022,HISTORICO,V0042,P00857,7891000000857,BEBIDAS,CAFE,SOLAR,FAB_SOLAR,N,37,911.68,3.700,24.6400,,,False,APROVADO,provider_b_2026-39.csv,5709dc4a8f166a6616ebc48dec919a0af07b1d82b8729f340daafdb9d9e7da3a
2026-39,2026-09-21,2026-09-27,2026,9,A,S00264,REDE 20,ATACAREJO,PR,CURITIBA,T025,DIM_LOJA,,P00837,7891000000837,NUTRICAO,CEREAIS,PRIME,FAB_PRIME,N,24,462.72,24.000,19.2800,,,False,APROVADO,provider_a_2026-39.csv,5a6a68e95e1b3126c456c9e8a5a5a7ab06e36c546303c047d5fd105c2b080b82
2026-39,2026-09-21,2026-09-27,2026,9,B,S00265,REDE 21,SUPERMERCADO,SP,SANTOS,T026,HISTORICO,V0046,P00109,7891000000109,CULINARIOS,TEMPEROS,NINHO,NESTLE,Y,9,55.89,0.900,6.2100,,,False,APROVADO,provider_b_2026-39.csv,b93ad1e39daa0886754702fef898cf5efbd2f71cbfde4b0282278aa6ccc3aab1
2026-39,2026-09-21,2026-09-27,2026,9,B,S00265,REDE 21,SUPERMERCADO,SP,SANTOS,T026,HISTORICO,V0046,P01021,7891000001021,CHOCOLATES,TABLETES,PRIME,FAB_PRIME,N,9,490.68,1.800,54.5200,,,False,APROVADO,provider_b_2026-39.csv,d9fd10ce4dad38ea56af551676b3fd21031d82c153c2dbc120357331dffc0efc
2026-39,2026-09-21,2026-09-27,2026,9,A,S00266,REDE 22,CONVENIENCIA,RS,PORTO ALEGRE,T027,DIM_LOJA,,P01020,7891000001020,CHOCOLATES,TABLETES,NOVA,FAB_NOVA,N,19,223.82,1.900,11.7800,,,False,APROVADO,provider_a_2026-39.csv,bb41887a961822d9d0f7ed25b2a866f0a9b38d535352e450ee5f054ee9279e81
2026-39,2026-09-21,2026-09-27,2026,9,A,S00267,REDE 23,CONVENIENCIA,PR,LONDRINA,T028,DIM_LOJA,,P00215,7891000000215,LACTEOS,LEITE EM PO,NESQUIK,NESTLE,Y,14,386.82,14.000,27.6300,,,False,APROVADO,provider_a_2026-39.csv,a8299a4af89f3a8fb4928aa1a544b19ca1b2790f5eaa7c4bcad50b7c579e5cbf
2026-39,2026-09-21,2026-09-27,2026,9,A,S00268,REDE 24,SUPERMERCADO,MG,BELO HORIZONTE,T029,HISTORICO,V0049,P00776,7891000000776,CHOCOLATES,TABLETES,BETA,FAB_BETA,N,75,1723.50,37.500,22.9800,,,False,APROVADO,provider_a_2026-39.csv,fc559b8c3befea9b992d783cc70c63633e6c67f5d5f453f75167bf5954598b21
2026-39,2026-09-21,2026-09-27,2026,9,A,S00269,REDE 25,SUPERMERCADO,RJ,NITEROI,T030,DIM_LOJA,,P00325,7891000000325,CHOCOLATES,TABLETES,NINHO,NESTLE,Y,36,741.96,7.200,20.6100,,,False,APROVADO,provider_a_2026-39.csv,8fbe50d4be26272c7b8a115e10ee434cc3c039eff1e2f896c5b0e9e92b06d564
2026-39,2026-09-21,2026-09-27,2026,9,A,S00277,REDE 33,ATACAREJO,PR,LONDRINA,T038,DIM_LOJA,,P00144,7891000000144,CHOCOLATES,TABLETES,NESCAFE,NESTLE,Y,21,877.17,21.000,41.7700,,,False,APROVADO,provider_a_2026-39.csv,44575f77253f2161be64ba1846da8c29b4143fe0b17afccf6c05cf71bdc8f233
2026-39,2026-09-21,2026-09-27,2026,9,A,S00277,REDE 33,ATACAREJO,PR,LONDRINA,T038,HISTORICO,V0058,P00153,7891000000153,CULINARIOS,TEMPEROS,NESQUIK,NESTLE,Y,18,698.22,3.600,38.7900,,,False,APROVADO,provider_a_2026-39.csv,88b3b96f0999c56340eafc13353e144b28bca43cad36232b74f13ee81bb49b86
2026-39,2026-09-21,2026-09-27,2026,9,B,S00278,REDE 34,ATACAREJO,RJ,RIO DE JANEIRO,SEM_TERRITORIO,SEM_TERRITORIO,,P01041,7891000001041,CULINARIOS,TEMPEROS,NOVA,FAB_NOVA,N,4,51.60,2.000,12.9000,,,False,APROVADO_COM_ALERTA,provider_b_2026-39.csv,3daf15f5a4af3d948704dbcc80309eca8b20c02983eef7bec7547c33ddb187d2
2026-39,2026-09-21,2026-09-27,2026,9,A,S00280,REDE 01,SUPERMERCADO,RS,CAXIAS DO SUL,T041,HISTORICO,V0061,P00698,7891000000698,BEBIDAS,CAFE,DELTA,FAB_DELTA,N,71,2844.26,14.200,40.0600,,,False,APROVADO,provider_a_2026-39.csv,d9d0eefe2c91f2baf911f43fe591a1bd9ae516ca725ea560937de85def533e1c
2026-39,2026-09-21,2026-09-27,2026,9,B,S00281,REDE 02,ATACAREJO,RS,CAXIAS DO SUL,T042,DIM_LOJA,,P00771,7891000000771,NUTRICAO,CEREAIS,SOLAR,FAB_SOLAR,N,20,1019.20,4.000,50.9600,,,False,APROVADO,provider_b_2026-39.csv,80a987c7b727a8ee77ce121375f7e3420324b2fbb814ab521f7adf35a2e798f2
2026-39,2026-09-21,2026-09-27,2026,9,B,S00283,REDE 04,CONVENIENCIA,MG,UBERLANDIA,T044,DIM_LOJA,,P01053,7891000001053,CHOCOLATES,TABLETES,VIVA,FAB_VIVA,N,74,1784.88,7.400,24.1200,,,False,APROVADO,provider_b_2026-39.csv,c5230a53f739237fa7eeeb69fb45ba20c09111d1c269ddc1b0d9d19c12da1e5f
2026-39,2026-09-21,2026-09-27,2026,9,A,S00290,REDE 11,SUPERMERCADO,RJ,NITEROI,T051,HISTORICO,V0071,P00929,7891000000929,CHOCOLATES,TABLETES,NOVA,FAB_NOVA,N,32,1334.08,16.000,41.6900,,,False,APROVADO,provider_a_2026-39.csv,d037c536739c001c0048b722444058c543aae8387f38108c34e03357f692ac69
2026-39,2026-09-21,2026-09-27,2026,9,A,S00293,REDE 14,SUPERMERCADO,RS,PORTO ALEGRE,SEM_TERRITORIO,SEM_TERRITORIO,,P00908,7891000000908,NUTRICAO,CEREAIS,PRIME,FAB_PRIME,N,7,40.18,0.700,5.7400,,,False,APROVADO_COM_ALERTA,provider_a_2026-39.csv,8f20cabfa77c354adf5ea900822b1be212293bba583978d3be3985ed695dc60a
2026-39,2026-09-21,2026-09-27,2026,9,A,S00295,REDE 16,ATACAREJO,PR,LONDRINA,T056,DIM_LOJA,,P00473,7891000000473,BEBIDAS,CAFE,ALPHA,FAB_ALPHA,N,11,187.00,5.500,17.0000,,,False,APROVADO,provider_a_2026-39.csv,8d4dcac47ee98f15d9e6f9d5ad062f21e5fef8b419849d042947afc3c87e712a
2026-39,2026-09-21,2026-09-27,2026,9,B,S00296,REDE 17,ATACAREJO,MG,BELO HORIZONTE,T057,HISTORICO,V0077,P01025,7891000001025,CHOCOLATES,TABLETES,VIVA,FAB_VIVA,N,28,876.96,5.600,31.3200,,,False,APROVADO,provider_b_2026-39.csv,c08d80bfe416e696689e5f44e6649ce4c3ae9a61ddd6a9b776331fcf49f97288
2026-39,2026-09-21,2026-09-27,2026,9,A,S00298,REDE 19,ATACAREJO,MG,BELO HORIZONTE,T059,DIM_LOJA,,P00847,7891000000847,NUTRICAO,CEREAIS,DELTA,FAB_DELTA,N,12,284.04,1.200,23.6700,,,False,APROVADO,provider_a_2026-39.csv,f8d990d8dd13cf12288123a098e53bd595c14679ad3f0e815fc4499bb953ba6c
2026-39,2026-09-21,2026-09-27,2026,9,A,S00301,REDE 22,ATACAREJO,RJ,RIO DE JANEIRO,T062,HISTORICO,V0082,P00075,7891000000075,NUTRICAO,CEREAIS,NESCAFE,NESTLE,Y,18,227.70,0.000,12.6500,,,False,APROVADO_COM_ALERTA,provider_a_2026-39.csv,faea784aaebe9bae7459fe8a79c2ee2225b24f130eef1ecd7e4548978ef72597
2026-39,2026-09-21,2026-09-27,2026,9,A,S00302,REDE 23,ATACAREJO,RS,CAXIAS DO SUL,T063,HISTORICO,V0083,P01008,7891000001008,CHOCOLATES,TABLETES,NOVA,FAB_NOVA,N,11,64.46,11.000,5.8600,,,False,APROVADO,provider_a_2026-39.csv,6cc5a965e069eaead1e5b2af490dc20adb04ea3227d273079f264ea92569cb38
2026-39,2026-09-21,2026-09-27,2026,9,B,S00305,REDE 26,SUPERMERCADO,RJ,NITEROI,T066,HISTORICO,V0086,P00077,7891000000077,CHOCOLATES,TABLETES,NESCAFE,NESTLE,Y,4,142.76,2.000,35.6900,,,False,APROVADO,provider_b_2026-39.csv,685a5724169735baa651bc469c8574c69911386625d6eb96b53c1d8ba236d423
2026-39,2026-09-21,2026-09-27,2026,9,B,S00306,REDE 27,SUPERMERCADO,RS,CAXIAS DO SUL,T067,DIM_LOJA,,P00956,7891000000956,BEBIDAS,CAFE,ALPHA,FAB_ALPHA,N,68,1684.36,6.800,24.7700,,,False,APROVADO,provider_b_2026-39.csv,a3edc48cbc7308969a227c67a4aa8e4b3e2d2783d42330884aabd34b6661cefb
2026-39,2026-09-21,2026-09-27,2026,9,A,S00307,REDE 28,CONVENIENCIA,SP,SAO PAULO,T068,DIM_LOJA,,P00065,7891000000065,CULINARIOS,TEMPEROS,MAGGI,NESTLE,Y,46,764.52,9.200,16.6200,,,False,APROVADO,provider_a_2026-39.csv,cff77a4c945848d83e3517e579df35bf05d320dfe6d33aad3477124b4dc51893
2026-39,2026-09-21,2026-09-27,2026,9,A,S00308,REDE 29,ATACAREJO,SP,CAMPINAS,T069,DIM_LOJA,,P01164,7891000001164,NUTRICAO,CEREAIS,PRIME,FAB_PRIME,N,21,976.92,4.200,46.5200,,,False,APROVADO,provider_a_2026-39.csv,d891966b83936a023db7482dee1b09288ba37d6a015745ec1f03c95290c94a05
2026-39,2026-09-21,2026-09-27,2026,9,B,S00309,REDE 30,CONVENIENCIA,RS,CAXIAS DO SUL,T070,DIM_LOJA,,P01082,7891000001082,LACTEOS,LEITE EM PO,VIVA,FAB_VIVA,N,3,106.05,3.000,35.3500,,,False,APROVADO,provider_b_2026-39.csv,e44e17dcd31032c6df201b76b48c216a96fe5daf5527df41c529362fe7fe0c5f
2026-39,2026-09-21,2026-09-27,2026,9,A,S00309,REDE 30,CONVENIENCIA,RS,CAXIAS DO SUL,T070,DIM_LOJA,,P01193,7891000001193,NUTRICAO,CEREAIS,DELTA,FAB_DELTA,N,28,1514.80,14.000,54.1000,,,False,APROVADO,provider_a_2026-39.csv,60ba02d00ccf5d354b9d3fa7e1558d28687a498ebdb114795d73e0b364445ddc
2026-39,2026-09-21,2026-09-27,2026,9,B,S00311,REDE 32,SUPERMERCADO,SP,CAMPINAS,T072,DIM_LOJA,,P00422,7891000000422,BEBIDAS,CAFE,NOVA,FAB_NOVA,N,15,193.95,7.500,12.9300,,,False,APROVADO,provider_b_2026-39.csv,9eaa45dc774ce620629efef444c7764f5bcd4777c52e341c41b737fd978ff620
2026-39,2026-09-21,2026-09-27,2026,9,A,S00312,REDE 33,ATACAREJO,MG,UBERLANDIA,T073,HISTORICO,V0093,P00670,7891000000670,CULINARIOS,TEMPEROS,NOVA,FAB_NOVA,N,9,69.75,9.000,7.7500,,,False,APROVADO,provider_a_2026-39.csv,b8d3f220a37043fb9c649ad96dfe36e286f487cb4c01e614127556e793a4357b
2026-39,2026-09-21,2026-09-27,2026,9,B,S00314,REDE 35,ATACAREJO,RS,PORTO ALEGRE,T075,DIM_LOJA,,P00387,7891000000387,CHOCOLATES,TABLETES,GAROTO,NESTLE,Y,4,161.12,2.000,40.2800,,,False,APROVADO,provider_b_2026-39.csv,eb0021165e1e028d28023e63030654648fbaedf8cc150a22bb1e6a38a3e8b7f8
2026-39,2026-09-21,2026-09-27,2026,9,A,S00314,REDE 35,ATACAREJO,RS,PORTO ALEGRE,T075,DIM_LOJA,,P01083,7891000001083,CHOCOLATES,TABLETES,SOLAR,FAB_SOLAR,N,30,1470.60,3.000,49.0200,,,False,APROVADO,provider_a_2026-39.csv,58af136168ba0d72c031fef5ba3e1f1c65867cfa11d79d974e128d53139789a1
2026-39,2026-09-21,2026-09-27,2026,9,A,S00318,REDE 04,SUPERMERCADO,SP,SANTOS,T079,DIM_LOJA,,P00502,7891000000502,LACTEOS,LEITE EM PO,PRIME,FAB_PRIME,N,10,500.40,5.000,50.0400,,,False,APROVADO,provider_a_2026-39.csv,2da31ada6ce186b53320a6093dd4e7d9379bf83547859473a14ff2a19c91933a
2026-39,2026-09-21,2026-09-27,2026,9,A,S00319,REDE 05,ATACAREJO,MG,BELO HORIZONTE,T080,HISTORICO,V0100,P00440,7891000000440,NUTRICAO,CEREAIS,NOVA,FAB_NOVA,N,43,336.69,8.600,7.8300,,,False,APROVADO,provider_a_2026-39.csv,7b422dcccc4b9691519a2c872c8cbdbce7d7187f60f44694b1811508328a3871
2026-39,2026-09-21,2026-09-27,2026,9,B,S00322,REDE 08,CONVENIENCIA,MG,UBERLANDIA,T003,HISTORICO,V0103,P00895,7891000000895,CHOCOLATES,TABLETES,NOVA,FAB_NOVA,N,29,597.69,14.500,20.6100,,,False,APROVADO,provider_b_2026-39.csv,d38d2bfdad4258c1da12f42ec7b4a8d22f49a26928e0ab6d98170467d86d1039
2026-39,2026-09-21,2026-09-27,2026,9,A,S00325,REDE 11,CONVENIENCIA,RJ,RIO DE JANEIRO,T006,HISTORICO,V0106,P01030,7891000001030,BEBIDAS,CAFE,VIVA,FAB_VIVA,N,4,85.20,2.000,21.3000,,,False,APROVADO,provider_a_2026-39.csv,c4e38b1525bd1c93f24663102959cd61109b53e929bd96fef75a98822e0a2021
2026-39,2026-09-21,2026-09-27,2026,9,B,S00329,REDE 15,CONVENIENCIA,SP,CAMPINAS,T010,HISTORICO,V0110,P00127,7891000000127,NUTRICAO,CEREAIS,KITKAT,NESTLE,Y,24,1033.68,2.400,43.0700,,,False,APROVADO,provider_b_2026-39.csv,f2d847d73913fc30b8aa6c02a5c86a12894a55b61c705d08bb0613b5c940e3d3
2026-39,2026-09-21,2026-09-27,2026,9,B,S00332,REDE 18,CONVENIENCIA,MG,UBERLANDIA,T013,HISTORICO,V0113,P01126,7891000001126,NUTRICAO,CEREAIS,BETA,FAB_BETA,N,24,366.96,12.000,15.2900,,,False,APROVADO,provider_b_2026-39.csv,bd5e728c4f2ec6d5b7f38eea34ccb5ae39f058f3ed1413ac574a3f000db0e7ee
2026-39,2026-09-21,2026-09-27,2026,9,B,S00333,REDE 19,ATACAREJO,MG,UBERLANDIA,T014,DIM_LOJA,,P00710,7891000000710,CHOCOLATES,TABLETES,BETA,FAB_BETA,N,22,451.22,2.200,20.5100,,,False,APROVADO,provider_b_2026-39.csv,d4554da7782d47f21e818ee692ad1958b4db6910b0bb64f1d9140468f992ab1b
2026-39,2026-09-21,2026-09-27,2026,9,A,S00335,REDE 21,SUPERMERCADO,SP,SAO PAULO,T016,DIM_LOJA,,P00144,7891000000144,CHOCOLATES,TABLETES,NESCAFE,NESTLE,Y,31,1341.99,31.000,43.2900,,,False,APROVADO,provider_a_2026-39.csv,96731a09e19cf556dde390eec6d44f4d2c68f3a3426767ce36f5b4875758b3eb
2026-39,2026-09-21,2026-09-27,2026,9,A,S00336,REDE 22,ATACAREJO,PR,CURITIBA,T017,HISTORICO,V0117,P00547,7891000000547,NUTRICAO,CEREAIS,VIVA,FAB_VIVA,N,29,898.42,5.800,30.9800,,,False,APROVADO,provider_a_2026-39.csv,d9b11320d0ef0e907246735ad1b6fb7594c4654054698ad6c5a449b2f720b68e
2026-39,2026-09-21,2026-09-27,2026,9,A,S00336,REDE 22,ATACAREJO,PR,CURITIBA,T017,HISTORICO,V0117,P01186,7891000001186,BEBIDAS,CAFE,VIVA,FAB_VIVA,N,18,662.58,9.000,36.8100,,,False,APROVADO,provider_a_2026-39.csv,452a67f9306833904efc5838fe016e39bbe3769546f99291647a6d1a707df7ba
2026-39,2026-09-21,2026-09-27,2026,9,A,S00337,REDE 23,ATACAREJO,RJ,RIO DE JANEIRO,T018,DIM_LOJA,,P01099,7891000001099,CULINARIOS,TEMPEROS,DELTA,FAB_DELTA,N,11,106.37,1.100,9.6700,,,False,APROVADO,provider_a_2026-39.csv,407346f52d38f86af819a45664dc652d28a99cbc9e6426a54a2ccf74787622b8
2026-39,2026-09-21,2026-09-27,2026,9,A,S00339,REDE 25,SUPERMERCADO,SP,CAMPINAS,T020,HISTORICO,V0120,P00873,7891000000873,BEBIDAS,CAFE,PRIME,FAB_PRIME,N,50,2551.00,10.000,51.0200,,,False,APROVADO,provider_a_2026-39.csv,961f4a2a843ab80031cb3a38a2a3246aa6e3b371602939bf99147761e414ceb6
2026-39,2026-09-21,2026-09-27,2026,9,A,S00341,REDE 27,ATACAREJO,RJ,RIO DE JANEIRO,T022,HISTORICO,V0122,P00642,7891000000642,CHOCOLATES,TABLETES,VIVA,FAB_VIVA,N,6,242.22,0.600,40.3700,,,False,APROVADO,provider_a_2026-39.csv,def0826982482f3785b8b5d48a49d0df76c342c7223b685239dcbc67dca9ac07
2026-39,2026-09-21,2026-09-27,2026,9,A,S00343,REDE 29,ATACAREJO,MG,UBERLANDIA,T024,DIM_LOJA,,P00296,7891000000296,BEBIDAS,CAFE,NESQUIK,NESTLE,Y,30,259.80,30.000,8.6600,,,False,APROVADO,provider_a_2026-39.csv,4c04ca9ae5e78a5811f96130b58b23955cce89223382e37c08408d5cb7477cc0
2026-39,2026-09-21,2026-09-27,2026,9,B,S00344,REDE 30,CONVENIENCIA,RS,CAXIAS DO SUL,T025,DIM_LOJA,,P00324,7891000000324,CHOCOLATES,TABLETES,KITKAT,NESTLE,Y,16,743.84,16.000,46.4900,,,False,APROVADO,provider_b_2026-39.csv,415fc219678921738c69d8d2b10ea68917b9dcdb3a58cfcca1bb9b589a5f8d6b
2026-39,2026-09-21,2026-09-27,2026,9,B,S00345,REDE 31,ATACAREJO,SP,CAMPINAS,T026,HISTORICO,V0126,P00085,7891000000085,BEBIDAS,CAFE,NESQUIK,NESTLE,Y,32,1474.56,6.400,46.0800,,,False,APROVADO,provider_b_2026-39.csv,26c266ba0778b1f9d40cbdb0d8a4a98f6cac3b976651a94f60847e2329da10f3
2026-39,2026-09-21,2026-09-27,2026,9,A,S00350,REDE 01,CONVENIENCIA,MG,BELO HORIZONTE,T032,HISTORICO,V0059,P01007,7891000001007,LACTEOS,LEITE EM PO,NOVA,FAB_NOVA,N,61,2752.93,30.500,45.1300,,,False,APROVADO,provider_a_2026-39.csv,6fe718d100dbfa970363c9a66d09048f00ba63f18f85a10fb8a8934618be48c3
2026-39,2026-09-21,2026-09-27,2026,9,B,S00353,REDE 04,SUPERMERCADO,RS,CAXIAS DO SUL,T034,DIM_LOJA,,P00329,7891000000329,LACTEOS,LEITE EM PO,NESQUIK,NESTLE,Y,17,194.31,17.000,11.4300,,,False,APROVADO,provider_b_2026-39.csv,2981e302900f4ec551a54dc67c9efc6aaf2b9587680297a5afaeb34a0ec530a5
2026-39,2026-09-21,2026-09-27,2026,9,A,S00353,REDE 04,SUPERMERCADO,RS,CAXIAS DO SUL,T034,HISTORICO,V0134,P00415,7891000000415,CHOCOLATES,TABLETES,MOCA,NESTLE,Y,15,120.00,15.000,8.0000,,,False,APROVADO,provider_a_2026-39.csv,c73891fa2ecae826b4e0836b888b950910e25bc0de104e8b0224f3ffcbeb8a03
2026-39,2026-09-21,2026-09-27,2026,9,A,S00355,REDE 06,ATACAREJO,RJ,NITEROI,T036,DIM_LOJA,,P00434,7891000000434,LACTEOS,LEITE EM PO,ALPHA,FAB_ALPHA,N,96,5016.00,9.600,52.2500,,,False,APROVADO,provider_a_2026-39.csv,b85f53cabb82427f447a76025f76e670ce93e54293a436131ede1dcc3bce5cb8
2026-39,2026-09-21,2026-09-27,2026,9,B,S00355,REDE 06,ATACAREJO,RJ,NITEROI,T036,DIM_LOJA,,P00883,7891000000883,CHOCOLATES,TABLETES,SOLAR,FAB_SOLAR,N,5,28.95,2.500,5.7900,,,False,APROVADO,provider_b_2026-39.csv,41e33d11ee622bda616dc27ba023e63d62c82774687d8f19599d47bd5c121c3a
2026-39,2026-09-21,2026-09-27,2026,9,B,S00357,REDE 08,ATACAREJO,RS,CAXIAS DO SUL,T038,DIM_LOJA,,P00824,7891000000824,CHOCOLATES,TABLETES,BETA,FAB_BETA,N,20,692.00,4.000,34.6000,,,False,APROVADO,provider_b_2026-39.csv,c832cb511714f856e2d5813ca314629d3d49664eb1eec35206087be3c769f98c
2026-39,2026-09-21,2026-09-27,2026,9,A,S00359,REDE 10,ATACAREJO,RS,PORTO ALEGRE,T040,DIM_LOJA,,P00218,7891000000218,BEBIDAS,CAFE,NINHO,NESTLE,Y,12,409.20,6.000,34.1000,,,False,APROVADO,provider_a_2026-39.csv,5c0e55850ed683417376a9c849af808d7671ec386a15486ead76bcb60b6a90e2
2026-39,2026-09-21,2026-09-27,2026,9,B,S00359,REDE 10,ATACAREJO,RS,PORTO ALEGRE,T040,HISTORICO,V0140,P01021,7891000001021,CHOCOLATES,TABLETES,PRIME,FAB_PRIME,N,10,141.00,5.000,14.1000,,,False,APROVADO,provider_b_2026-39.csv,de02631c149a1142fd448e4fd242330e0946b98db2bcee82e1c9ee330130bf4d
2026-39,2026-09-21,2026-09-27,2026,9,A,S00360,REDE 11,CONVENIENCIA,RS,CAXIAS DO SUL,T041,DIM_LOJA,,P00096,7891000000096,NUTRICAO,CEREAIS,MOCA,NESTLE,Y,45,1894.95,9.000,42.1100,,,False,APROVADO,provider_a_2026-39.csv,1e95c548a4d9efc0d35d6ba465928367e9168c45b5070d24d2a16bf35d54b800
2026-39,2026-09-21,2026-09-27,2026,9,A,S00361,REDE 12,SUPERMERCADO,SP,CAMPINAS,T042,HISTORICO,V0142,P00742,7891000000742,CULINARIOS,TEMPEROS,BETA,FAB_BETA,N,19,907.25,19.000,47.7500,,,False,APROVADO,provider_a_2026-39.csv,ac0e7ccc3cf14c15f1d5bcc1530df5ba0ee16e8c21b58e532e61c29734893818
2026-39,2026-09-21,2026-09-27,2026,9,B,S00364,REDE 15,CONVENIENCIA,RS,PORTO ALEGRE,T045,DIM_LOJA,,P01064,7891000001064,CHOCOLATES,TABLETES,ALPHA,FAB_ALPHA,N,1,6.02,0.100,6.0200,,,False,APROVADO,provider_b_2026-39.csv,11798bfe9b18fada2fcb169d6e357c0d407ce93b27a2c2e9e782bcf3f4218570
2026-39,2026-09-21,2026-09-27,2026,9,B,S00365,REDE 16,ATACAREJO,PR,CURITIBA,T046,HISTORICO,V0146,P00443,7891000000443,NUTRICAO,CEREAIS,DELTA,FAB_DELTA,N,54,1749.06,5.400,32.3900,,,False,APROVADO,provider_b_2026-39.csv,0625d1b5c18e7c70f07947f720081a99db937268f13d686cc2b03d6cee74137a
2026-39,2026-09-21,2026-09-27,2026,9,A,S00366,REDE 17,CONVENIENCIA,RS,CAXIAS DO SUL,T047,DIM_LOJA,,P00867,7891000000867,LACTEOS,LEITE EM PO,BETA,FAB_BETA,N,78,2942.16,15.600,37.7200,,,False,APROVADO,provider_a_2026-39.csv,1d2f67d5f1f932dbbd6f4d2be5525ba25e751a2d8774666f2004d831797b6f96
2026-39,2026-09-21,2026-09-27,2026,9,A,S00368,REDE 19,SUPERMERCADO,RJ,RIO DE JANEIRO,T049,HISTORICO,V0149,P00111,7891000000111,BEBIDAS,CAFE,MAGGI,NESTLE,Y,8,292.72,8.000,36.5900,,,False,APROVADO,provider_a_2026-39.csv,f8712bcd10a256592b986c2f2e435c28bfbcb319b81ef6d86828038331250449
2026-39,2026-09-21,2026-09-27,2026,9,A,S00368,REDE 19,SUPERMERCADO,RJ,RIO DE JANEIRO,T049,HISTORICO,V0149,P00885,7891000000885,NUTRICAO,CEREAIS,PRIME,FAB_PRIME,N,0,2091.88,12.400,,,,False,APROVADO_COM_ALERTA,provider_a_2026-39.csv,5c6a30efa91d5f42a748eda3976535de4f41446ab15202995717ee1b0055a048
2026-39,2026-09-21,2026-09-27,2026,9,A,S00369,REDE 20,SUPERMERCADO,SP,SAO PAULO,T050,HISTORICO,V0150,P00271,7891000000271,CHOCOLATES,TABLETES,KITKAT,NESTLE,Y,24,379.44,24.000,15.8100,,,False,APROVADO,provider_a_2026-39.csv,7016799c4d8314d3e49c35f55b556be23d8ca4d35160c020c2f7f82d349f2658
2026-39,2026-09-21,2026-09-27,2026,9,B,S00371,REDE 22,SUPERMERCADO,RS,PORTO ALEGRE,T052,DIM_LOJA,,P01032,7891000001032,CHOCOLATES,TABLETES,NOVA,FAB_NOVA,N,10,85.60,10.000,8.5600,,,False,APROVADO,provider_b_2026-39.csv,bb277e113cc92f08ae0dc38030686a1fce96e067f31dedabcb36b42a2dc5bcf9
2026-39,2026-09-21,2026-09-27,2026,9,B,S00374,REDE 25,ATACAREJO,RJ,RIO DE JANEIRO,T055,DIM_LOJA,,P00346,7891000000346,NUTRICAO,CEREAIS,MAGGI,NESTLE,Y,27,1404.81,13.500,52.0300,,,False,APROVADO,provider_b_2026-39.csv,d7151524f05679723f2dc9bb0adc36a4e54b7e3a552269f1a3cd5c8e38572ba4
2026-39,2026-09-21,2026-09-27,2026,9,B,S00375,REDE 26,SUPERMERCADO,RJ,RIO DE JANEIRO,T056,DIM_LOJA,,P00478,7891000000478,LACTEOS,LEITE EM PO,VIVA,FAB_VIVA,N,6,39.12,6.000,6.5200,,,False,APROVADO,provider_b_2026-39.csv,014a086aae6f7ff925d70c32a700f8d21a0dbf218d367c7e9dd2932dd2c8ca04
2026-39,2026-09-21,2026-09-27,2026,9,B,S00376,REDE 27,SUPERMERCADO,PR,CURITIBA,T057,DIM_LOJA,,P00519,7891000000519,CULINARIOS,TEMPEROS,VIVA,FAB_VIVA,N,24,413.52,2.400,17.2300,,,False,APROVADO,provider_b_2026-39.csv,d6defed40bfe9cfa4b74df1bbfe42e07ec3e5a60e24625fb503ca0bb6d4d7d3e
2026-39,2026-09-21,2026-09-27,2026,9,A,S00376,REDE 27,SUPERMERCADO,PR,CURITIBA,T057,DIM_LOJA,,P00947,7891000000947,CULINARIOS,TEMPEROS,NOVA,FAB_NOVA,N,117,782.73,58.500,6.6900,,,False,APROVADO,provider_a_2026-39.csv,beef72e8eb260e8d19139240b1b10d3e110737f9adeb2521b6a2a32c42bf1817
2026-39,2026-09-21,2026-09-27,2026,9,B,S00379,REDE 30,ATACAREJO,RJ,NITEROI,T060,HISTORICO,V0160,P00092,7891000000092,BEBIDAS,CAFE,GAROTO,NESTLE,Y,11,476.30,5.500,43.3000,,,False,APROVADO,provider_b_2026-39.csv,c71973df46c2e25273602249ac2c3a7196ec7ace3f306f9eeb3d5738af752207
2026-39,2026-09-21,2026-09-27,2026,9,A,S00384,REDE 35,SUPERMERCADO,PR,LONDRINA,T065,DIM_LOJA,,P00958,7891000000958,LACTEOS,LEITE EM PO,ALPHA,FAB_ALPHA,N,6,193.80,3.000,32.3000,,,False,APROVADO,provider_a_2026-39.csv,c28eceee10e3ffeef2144274b1e692a4c33f72a5e04d75e13b6c7f5e770dbaae
2026-39,2026-09-21,2026-09-27,2026,9,A,S00388,REDE 04,ATACAREJO,RJ,RIO DE JANEIRO,T069,HISTORICO,V0169,P00762,7891000000762,BEBIDAS,CAFE,NOVA,FAB_NOVA,N,9,339.75,9.000,37.7500,,,False,APROVADO,provider_a_2026-39.csv,9b1f3b1ca73544ea8656957cb44d00cb6576e65ea28872f2539118c04833ebb4
2026-39,2026-09-21,2026-09-27,2026,9,A,S00388,REDE 04,ATACAREJO,RJ,RIO DE JANEIRO,T069,DIM_LOJA,,P00894,7891000000894,CULINARIOS,TEMPEROS,PRIME,FAB_PRIME,N,9,227.88,9.000,25.3200,,,False,APROVADO,provider_a_2026-39.csv,80c23c02528c952dd2421f83d298e839acd6c6b5b99b8047771b6ca06e1d9351
2026-39,2026-09-21,2026-09-27,2026,9,A,S00390,REDE 06,CONVENIENCIA,SP,SAO PAULO,T071,HISTORICO,V0171,P01013,7891000001013,NUTRICAO,CEREAIS,VIVA,FAB_VIVA,N,92,1651.40,18.400,17.9500,,,False,APROVADO,provider_a_2026-39.csv,df8234c3614b979256a1208fe4ef73e7ed3f1b5c349df7f0178020391d01ae90
2026-39,2026-09-21,2026-09-27,2026,9,A,S00393,REDE 09,ATACAREJO,SP,SANTOS,T074,HISTORICO,V0174,P00778,7891000000778,BEBIDAS,CAFE,DELTA,FAB_DELTA,N,24,242.40,2.400,10.1000,,,False,APROVADO,provider_a_2026-39.csv,a41ac99107df1284ad7fb6797e5a6d3a13befefc73bdd7c5882b70e647010f8f
2026-39,2026-09-21,2026-09-27,2026,9,B,S00395,REDE 11,CONVENIENCIA,RJ,NITEROI,T076,HISTORICO,,P00397,7891000000397,NUTRICAO,CEREAIS,NESQUIK,NESTLE,Y,50,2341.00,10.000,46.8200,,,False,APROVADO,provider_b_2026-39.csv,9cef8e04e9c9af7bc6f6894c3a4c2cdfad48fafbced6976247b38f1e6e842cee
2026-39,2026-09-21,2026-09-27,2026,9,B,S00396,REDE 12,CONVENIENCIA,PR,LONDRINA,T077,HISTORICO,V0177,P00643,7891000000643,LACTEOS,LEITE EM PO,NOVA,FAB_NOVA,N,124,3441.00,62.000,27.7500,,,False,APROVADO,provider_b_2026-39.csv,336be82646db9adb2cad33fb6835c54b0cf59a7e2508c9b79a8020cdec601f50
2026-39,2026-09-21,2026-09-27,2026,9,A,S00400,REDE 16,ATACAREJO,RJ,NITEROI,T001,DIM_LOJA,,P00799,7891000000799,CHOCOLATES,TABLETES,SOLAR,FAB_SOLAR,N,5,236.00,5.000,47.2000,,,False,APROVADO,provider_a_2026-39.csv,90928c52f96cf7a50a22101824707baa4fcc75e14600edd969f59d468a27b40f
2026-39,2026-09-21,2026-09-27,2026,9,B,S00402,REDE 18,CONVENIENCIA,RS,PORTO ALEGRE,T003,DIM_LOJA,,P00879,7891000000879,CULINARIOS,TEMPEROS,DELTA,FAB_DELTA,N,26,222.82,26.000,8.5700,,,False,APROVADO,provider_b_2026-39.csv,df30385f4be543b4c70680b6842def4c8a3d4be0beafd9eedc78eb9dbb4d9faa
2026-39,2026-09-21,2026-09-27,2026,9,B,S00403,REDE 19,CONVENIENCIA,RJ,NITEROI,T004,DIM_LOJA,,P00565,EAN-00000565,NUTRICAO,CEREAIS,BETA,FAB_BETA,N,21,763.77,4.200,36.3700,,,False,APROVADO,provider_b_2026-39.csv,6164107c5c07e51fe4381052b8dd80dac1f3d059a28fb01bb6f3cd4ed671f5c4
2026-39,2026-09-21,2026-09-27,2026,9,B,S00404,REDE 20,ATACAREJO,RJ,NITEROI,T005,DIM_LOJA,,P00007,7891000000007,LACTEOS,LEITE EM PO,NESCAFE,NESTLE,Y,44,923.56,44.000,20.9900,,,False,APROVADO,provider_b_2026-39.csv,633af12e8f8d7e3870c32fede83e76a4988853139d7e41caba9f8ea042559239
2026-39,2026-09-21,2026-09-27,2026,9,B,S00405,REDE 21,SUPERMERCADO,RJ,NITEROI,T006,HISTORICO,V0186,P00312,7891000000312,CHOCOLATES,TABLETES,NESQUIK,NESTLE,Y,15,362.70,15.000,24.1800,,,False,APROVADO,provider_b_2026-39.csv,c43f42245a62f1aa1d0b8518f80907d74c199ffa980741edc1aef42fe91a9228
2026-39,2026-09-21,2026-09-27,2026,9,A,S00405,REDE 21,SUPERMERCADO,RJ,NITEROI,T006,DIM_LOJA,,P00591,7891000000591,CULINARIOS,TEMPEROS,SOLAR,FAB_SOLAR,N,15,560.55,3.000,37.3700,,,False,APROVADO,provider_a_2026-39.csv,0c90256d769fe071031ed16dfaa69a2e144c8a4c012c36ca51de892b5d7325df
2026-39,2026-09-21,2026-09-27,2026,9,A,S00408,REDE 24,CONVENIENCIA,SP,SANTOS,T009,DIM_LOJA,,P00529,7891000000529,NUTRICAO,CEREAIS,ALPHA,FAB_ALPHA,N,87,1408.53,87.000,16.1900,,,False,APROVADO,provider_a_2026-39.csv,068995132b54646a1f1ef4033460339c640fcbe6b3a3d163142d1864d2f3f78d
2026-39,2026-09-21,2026-09-27,2026,9,A,S00409,REDE 25,ATACAREJO,SP,SAO PAULO,T010,DIM_LOJA,,P00228,7891000000228,CHOCOLATES,TABLETES,NINHO,NESTLE,Y,166,5959.40,83.000,35.9000,,,False,APROVADO,provider_a_2026-39.csv,d943651cdb7cc2c01f46cb4aaaa7dc15196b1863abe0475538c3cf951d6e78e0
2026-39,2026-09-21,2026-09-27,2026,9,B,S00412,REDE 28,ATACAREJO,MG,UBERLANDIA,T013,DIM_LOJA,,P00826,7891000000826,CHOCOLATES,TABLETES,VIVA,FAB_VIVA,N,17,351.05,3.400,20.6500,,,False,APROVADO,provider_b_2026-39.csv,71fda18cd3cb0f08f58a4d9319cb8bcc3b2916039e2478b2986dbc8238f86661
2026-39,2026-09-21,2026-09-27,2026,9,B,S00412,REDE 28,ATACAREJO,MG,UBERLANDIA,T071,HISTORICO,V0043,P01151,7891000001151,NUTRICAO,CEREAIS,VIVA,FAB_VIVA,N,28,491.68,5.600,17.5600,,,False,APROVADO,provider_b_2026-39.csv,be6c734225189d7936fc465a9e82d8c8ab92a6f830183bd89838e225fb7e5bf1
2026-39,2026-09-21,2026-09-27,2026,9,B,S00413,REDE 29,ATACAREJO,PR,LONDRINA,T014,DIM_LOJA,,P00199,7891000000199,NUTRICAO,CEREAIS,KITKAT,NESTLE,Y,91,4942.21,91.000,54.3100,,,False,APROVADO,provider_b_2026-39.csv,e531a1502febcfb9cacc2ebdbaddff1437fae41da6fb0333f3a0392b5c99b134
2026-39,2026-09-21,2026-09-27,2026,9,B,S00415,REDE 31,CONVENIENCIA,RJ,RIO DE JANEIRO,T016,DIM_LOJA,,P00793,7891000000793,CHOCOLATES,TABLETES,DELTA,FAB_DELTA,N,106,2559.90,21.200,24.1500,,,False,APROVADO,provider_b_2026-39.csv,874e5c80bae42f90bdbdd42a6b8e26b61a4d04b7a5f6cf4fa72b046a8df59ead
2026-39,2026-09-21,2026-09-27,2026,9,B,S00419,REDE 35,SUPERMERCADO,RJ,RIO DE JANEIRO,T020,DIM_LOJA,,P00210,7891000000210,CULINARIOS,TEMPEROS,GAROTO,NESTLE,Y,61,323.91,30.500,5.3100,,,False,APROVADO,provider_b_2026-39.csv,41dd2139e4d51d9126734922917df8940ab31b67bb96286fbae0565793688a58
2026-39,2026-09-21,2026-09-27,2026,9,B,S00421,REDE 02,CONVENIENCIA,SP,SAO PAULO,T022,DIM_LOJA,,P00656,7891000000656,NUTRICAO,CEREAIS,DELTA,FAB_DELTA,N,8,323.04,4.000,40.3800,,,False,APROVADO,provider_b_2026-39.csv,a78670ba2d2d43845c683be5b800396238a1c198e820a548638585931bb0b700
2026-39,2026-09-21,2026-09-27,2026,9,A,S00425,REDE 06,ATACAREJO,PR,LONDRINA,T026,DIM_LOJA,,P00567,7891000000567,BEBIDAS,CAFE,NOVA,FAB_NOVA,N,9,485.73,0.900,53.9700,,,False,APROVADO,provider_a_2026-39.csv,73b3a800fa8f71e5a637b1549dd7373c44fd38a84ae631aa48abe2969117029a
2026-39,2026-09-21,2026-09-27,2026,9,B,S00428,REDE 09,SUPERMERCADO,MG,UBERLANDIA,T029,HISTORICO,V0209,P00716,7891000000716,BEBIDAS,CAFE,BETA,FAB_BETA,N,17,211.31,3.400,12.4300,,,False,APROVADO,provider_b_2026-39.csv,44e34a3fbd166cc799e8e3d55d0ed0062e7ce68916c5bdea25e5c4b081e5915b
2026-39,2026-09-21,2026-09-27,2026,9,A,S00428,REDE 09,SUPERMERCADO,MG,UBERLANDIA,T029,HISTORICO,V0209,P01175,7891000001175,BEBIDAS,CAFE,PRIME,FAB_PRIME,N,25,375.00,5.000,15.0000,,,False,APROVADO,provider_a_2026-39.csv,ec33d39258d92deb0187c2e675ee35b4c389a880899c69bbca862131de6c5ed7
2026-39,2026-09-21,2026-09-27,2026,9,B,S00431,REDE 12,CONVENIENCIA,SP,SAO PAULO,T032,DIM_LOJA,,P00355,7891000000355,BEBIDAS,CAFE,MAGGI,NESTLE,Y,1,11.58,1.000,11.5800,,,False,APROVADO,provider_b_2026-39.csv,00507d8222bfd25d5d2ffd9c6aea3a27676bffb1b65e3d21df1edec492433c94
2026-39,2026-09-21,2026-09-27,2026,9,B,S00431,REDE 12,CONVENIENCIA,SP,SAO PAULO,T032,HISTORICO,V0212,P00436,7891000000436,NUTRICAO,CEREAIS,DELTA,FAB_DELTA,N,56,1642.48,5.600,29.3300,,,False,APROVADO,provider_b_2026-39.csv,f5c7cc40f7241597d9e7a8dbd4ed31f3fcf434e1465ec0de003007310b987b7a
2026-39,2026-09-21,2026-09-27,2026,9,A,S00433,REDE 14,SUPERMERCADO,SP,SAO PAULO,T034,DIM_LOJA,,P00647,7891000000647,CULINARIOS,TEMPEROS,SOLAR,FAB_SOLAR,N,22,474.76,11.000,21.5800,,,False,APROVADO,provider_a_2026-39.csv,31039dd1ad4dc70560ff1782d877b0ec06a56bcb3fe9ca4617f09fba6facc2d6
2026-39,2026-09-21,2026-09-27,2026,9,B,S00435,REDE 16,SUPERMERCADO,RS,CAXIAS DO SUL,T036,HISTORICO,V0216,P00152,7891000000152,CHOCOLATES,TABLETES,GAROTO,NESTLE,Y,261,9985.86,52.200,38.2600,,,False,APROVADO,provider_b_2026-39.csv,22d05882ad422cba895db3ac27f3e855f299595e1afa54cfa865fd83887fc486
2026-39,2026-09-21,2026-09-27,2026,9,B,S00435,REDE 16,SUPERMERCADO,RS,CAXIAS DO SUL,T036,HISTORICO,V0216,P00230,7891000000230,CHOCOLATES,TABLETES,MAGGI,NESTLE,Y,77,445.06,15.400,5.7800,,,False,APROVADO,provider_b_2026-39.csv,3e9e4ad9b1a34187a55cf171a127d68e6944cb7ecd5e306f2844145d917a45b5
2026-39,2026-09-21,2026-09-27,2026,9,A,S00440,REDE 21,CONVENIENCIA,RJ,NITEROI,T041,HISTORICO,V0001,P00053,7891000000053,CULINARIOS,TEMPEROS,KITKAT,NESTLE,Y,52,780.52,10.400,15.0100,,,False,APROVADO,provider_a_2026-39.csv,440e6816d3663937760e2fae243d7cdae9c114123c2812e62970427b7b255469
2026-39,2026-09-21,2026-09-27,2026,9,B,S00441,REDE 22,ATACAREJO,RS,PORTO ALEGRE,T042,HISTORICO,V0002,P00629,7891000000629,CULINARIOS,TEMPEROS,BETA,FAB_BETA,N,23,1060.76,23.000,46.1200,,,False,APROVADO,provider_b_2026-39.csv,8c8ce70be9a0168771081dcf005bc0c89953ce0e30f00dc6d819a1850f3a2913
2026-39,2026-09-21,2026-09-27,2026,9,B,S00443,REDE 24,SUPERMERCADO,PR,CURITIBA,SEM_TERRITORIO,SEM_TERRITORIO,V0004,P00197,7891000000197,LACTEOS,LEITE EM PO,GAROTO,NESTLE,Y,14,150.36,7.000,10.7400,,,False,APROVADO_COM_ALERTA,provider_b_2026-39.csv,fddf2502ebf16ddd690b34494bea20619d2916278132f9bcec887bebe3712186
2026-39,2026-09-21,2026-09-27,2026,9,A,S00447,REDE 28,SUPERMERCADO,RJ,RIO DE JANEIRO,T048,HISTORICO,V0008,P00199,7891000000199,NUTRICAO,CEREAIS,KITKAT,NESTLE,Y,16,296.80,8.000,18.5500,,,False,APROVADO,provider_a_2026-39.csv,d5c6d69d4b24bd4de84d3e6460b6e60327c14578905493c62c34fca7a8058770
2026-39,2026-09-21,2026-09-27,2026,9,A,S00448,REDE 29,ATACAREJO,MG,UBERLANDIA,SEM_TERRITORIO,SEM_TERRITORIO,,P00649,EAN-00000649,BEBIDAS,CAFE,SOLAR,FAB_SOLAR,N,2,79.92,2.000,39.9600,,,False,APROVADO_COM_ALERTA,provider_a_2026-39.csv,c963a64d2ee2fc56f6daad6b0a6d3bd022cc27037eddf0be709b121d2824df25
2026-39,2026-09-21,2026-09-27,2026,9,B,S00449,REDE 30,CONVENIENCIA,SP,SAO PAULO,T050,DIM_LOJA,,P00231,7891000000231,CULINARIOS,TEMPEROS,GAROTO,NESTLE,Y,77,2209.13,38.500,28.6900,,,False,APROVADO,provider_b_2026-39.csv,c756304833cdf3b89b5b9e030876d350a701fbd1ddd3a58a5359bdae0e8a204f
2026-39,2026-09-21,2026-09-27,2026,9,A,S00450,REDE 31,CONVENIENCIA,PR,CURITIBA,T051,HISTORICO,V0011,P01068,7891000001068,LACTEOS,LEITE EM PO,DELTA,FAB_DELTA,N,14,582.82,14.000,41.6300,,,False,APROVADO,provider_a_2026-39.csv,478cc47a6d69cf9f427849182cfac621d3e0a72f2c0896d18670840f68cf812e
2026-39,2026-09-21,2026-09-27,2026,9,A,S00451,REDE 32,ATACAREJO,SP,SANTOS,T052,DIM_LOJA,,P01184,7891000001184,BEBIDAS,CAFE,BETA,FAB_BETA,N,5,173.65,2.500,34.7300,,,False,APROVADO,provider_a_2026-39.csv,67ae1af45012363be39d6be438e09714a1752d5267a78fd26517cfd4665ace60
2026-39,2026-09-21,2026-09-27,2026,9,A,S00453,REDE 34,CONVENIENCIA,PR,CURITIBA,T054,DIM_LOJA,,P00018,7891000000018,CULINARIOS,TEMPEROS,NESCAFE,NESTLE,Y,40,1395.60,8.000,34.8900,,,False,APROVADO,provider_a_2026-39.csv,1462926d962124785344b7ce9132c092a5da4d0e63ac91269655e295f184f89c
2026-39,2026-09-21,2026-09-27,2026,9,B,S00455,REDE 01,SUPERMERCADO,RS,CAXIAS DO SUL,T056,DIM_LOJA,,P00804,7891000000804,NUTRICAO,CEREAIS,ALPHA,FAB_ALPHA,N,75,1128.75,15.000,15.0500,,,False,APROVADO,provider_b_2026-39.csv,07532dabb55d322da7f0f621e254d51180a973791d69980f94af5889982129cb
2026-39,2026-09-21,2026-09-27,2026,9,B,S00456,REDE 02,ATACAREJO,RJ,NITEROI,T057,DIM_LOJA,,P00578,7891000000578,NUTRICAO,CEREAIS,BETA,FAB_BETA,N,33,395.01,33.000,11.9700,,,False,APROVADO,provider_b_2026-39.csv,a5956e79633ec3726fcb34549ca8e30082f79f126d41ce25cf6ae328369ec78d
2026-39,2026-09-21,2026-09-27,2026,9,B,S00456,REDE 02,ATACAREJO,RJ,NITEROI,T057,HISTORICO,V0017,P01145,7891000001145,LACTEOS,LEITE EM PO,NOVA,FAB_NOVA,N,10,196.50,1.000,19.6500,,,False,APROVADO,provider_b_2026-39.csv,89aba7e0ab61f57829c662c64611403f4e4ac94ff84e6d3fbc6ab5bd5a3fa5d3
2026-39,2026-09-21,2026-09-27,2026,9,A,S00457,REDE 03,ATACAREJO,PR,LONDRINA,T058,HISTORICO,V0018,P00043,7891000000043,CHOCOLATES,TABLETES,NINHO,NESTLE,Y,6,149.94,6.000,24.9900,,,False,APROVADO,provider_a_2026-39.csv,409dc1b7703921f01b2e109e0999885272aa5d907ea9dfb268e77b468a1d5d9d
2026-39,2026-09-21,2026-09-27,2026,9,B,S00458,REDE 04,CONVENIENCIA,RJ,NITEROI,T059,HISTORICO,V0019,P00462,7891000000462,NUTRICAO,CEREAIS,VIVA,FAB_VIVA,N,10,273.80,5.000,27.3800,,,False,APROVADO,provider_b_2026-39.csv,031d6bd982359e312eabb550ae5d4fd999f6f0f9fd8d8d7323946a46281ef090
2026-39,2026-09-21,2026-09-27,2026,9,B,S00458,REDE 04,CONVENIENCIA,RJ,NITEROI,T059,DIM_LOJA,,P01143,7891000001143,LACTEOS,LEITE EM PO,NOVA,FAB_NOVA,N,4,175.84,0.800,43.9600,,,False,APROVADO,provider_b_2026-39.csv,05f8aad75818f4da55e32e57e8488b729d6b64b8939d525323b858bb4f867499
2026-39,2026-09-21,2026-09-27,2026,9,A,S00460,REDE 06,ATACAREJO,PR,CURITIBA,T061,HISTORICO,V0021,P00303,7891000000303,CULINARIOS,TEMPEROS,GAROTO,NESTLE,Y,19,164.35,9.500,8.6500,,,False,APROVADO,provider_a_2026-39.csv,7d7d658efbe1592425d44f8537ffcf1b1cb2f1f34c8f55e4710283a63fa9e118
2026-39,2026-09-21,2026-09-27,2026,9,A,S00462,REDE 08,CONVENIENCIA,PR,CURITIBA,T063,DIM_LOJA,,P01029,7891000001029,LACTEOS,LEITE EM PO,DELTA,FAB_DELTA,N,30,833.10,15.000,27.7700,,,False,APROVADO,provider_a_2026-39.csv,2daa43a3539a96c44347909b1892ab6f2e7a1b47c8a190f1fd1acb6866d5857e
2026-39,2026-09-21,2026-09-27,2026,9,A,S00464,REDE 10,SUPERMERCADO,MG,UBERLANDIA,T065,DIM_LOJA,,P00701,7891000000701,LACTEOS,LEITE EM PO,NOVA,FAB_NOVA,N,20,697.40,10.000,34.8700,,,False,APROVADO,provider_a_2026-39.csv,3527d7c4c621de7c8494b814a2174bed89c491b61c2f2d1b12006bc0085f0a5d
2026-39,2026-09-21,2026-09-27,2026,9,A,S00464,REDE 10,SUPERMERCADO,MG,UBERLANDIA,T065,DIM_LOJA,,P00926,7891000000926,LACTEOS,LEITE EM PO,VIVA,FAB_VIVA,N,14,291.62,7.000,20.8300,,,False,APROVADO,provider_a_2026-39.csv,1d9229f68eafa8fc4797d5ed7a256833b2ed50917631ac738f2f9dad4cbad2d4
2026-39,2026-09-21,2026-09-27,2026,9,A,S00466,REDE 12,ATACAREJO,RS,CAXIAS DO SUL,T067,HISTORICO,V0027,P00252,7891000000252,CULINARIOS,TEMPEROS,MOCA,NESTLE,Y,62,3153.94,31.000,50.8700,,,False,APROVADO,provider_a_2026-39.csv,ffe2e28cf5046636ad6f0847e820e4d4a7486a3be8a0e9a21ca84aabf016b2b8
2026-39,2026-09-21,2026-09-27,2026,9,B,S00470,REDE 16,ATACAREJO,MG,BELO HORIZONTE,T071,DIM_LOJA,,P00773,7891000000773,CULINARIOS,TEMPEROS,VIVA,FAB_VIVA,N,25,402.25,25.000,16.0900,,,False,APROVADO,provider_b_2026-39.csv,4f6e0dcb3328bf837ecd760845f2747c7a2b7cd0d0d32e2680140766f065bd0f
2026-39,2026-09-21,2026-09-27,2026,9,B,S00473,REDE 19,CONVENIENCIA,MG,BELO HORIZONTE,T074,HISTORICO,V0034,P00627,7891000000627,LACTEOS,LEITE EM PO,NOVA,FAB_NOVA,N,27,1086.48,2.700,40.2400,,,False,APROVADO,provider_b_2026-39.csv,43737b9edecec0a1c0a6e73cf68580a168512098957ed6faa6e95f7dbed16d49
2026-39,2026-09-21,2026-09-27,2026,9,B,S00474,REDE 20,SUPERMERCADO,SP,CAMPINAS,T075,HISTORICO,V0035,P01113,7891000001113,LACTEOS,LEITE EM PO,DELTA,FAB_DELTA,N,23,619.16,0.000,26.9200,,,False,APROVADO_COM_ALERTA,provider_b_2026-39.csv,bea0192f5588d111b5d5b04e5e48074fd8863d52fd6deac560f0defa1ffe1197
2026-39,2026-09-21,2026-09-27,2026,9,B,S00476,REDE 22,CONVENIENCIA,MG,UBERLANDIA,T077,HISTORICO,V0037,P00215,7891000000215,LACTEOS,LEITE EM PO,NESQUIK,NESTLE,Y,20,885.20,20.000,44.2600,,,False,APROVADO,provider_b_2026-39.csv,bc8fc596cf45883669e8a2582f3b13d6844ded9c118a0871fa01e21ec486e1cf
2026-39,2026-09-21,2026-09-27,2026,9,B,S00476,REDE 22,CONVENIENCIA,MG,UBERLANDIA,T077,DIM_LOJA,,P00737,7891000000737,CULINARIOS,TEMPEROS,NOVA,FAB_NOVA,N,15,578.25,3.000,38.5500,,,False,APROVADO,provider_b_2026-39.csv,c63b6f5f75d98f9bf49ec301c4b5170b98e9ed6854f612cfe0b5861460606a6c
2026-39,2026-09-21,2026-09-27,2026,9,A,S00477,REDE 23,ATACAREJO,PR,CURITIBA,T078,HISTORICO,V0038,P00048,7891000000048,CULINARIOS,TEMPEROS,NESQUIK,NESTLE,Y,12,264.24,2.400,22.0200,,,False,APROVADO,provider_a_2026-39.csv,c297d35d1c2c3f2f8e6ee7b374885d25638efde30745edea8f9c8f9960bd9cea
2026-39,2026-09-21,2026-09-27,2026,9,B,S00481,REDE 27,CONVENIENCIA,RJ,RIO DE JANEIRO,T002,DIM_LOJA,,P00083,7891000000083,CHOCOLATES,TABLETES,NESQUIK,NESTLE,Y,53,1566.15,5.300,29.5500,,,False,APROVADO,provider_b_2026-39.csv,13b7f1f4bbb4e186c5441d691cd6e72710a52f7598bb26edd3fa877c9ea44ca7
2026-39,2026-09-21,2026-09-27,2026,9,A,S00481,REDE 27,CONVENIENCIA,RJ,RIO DE JANEIRO,T002,DIM_LOJA,,P01084,7891000001084,LACTEOS,LEITE EM PO,VIVA,FAB_VIVA,N,8,176.96,0.800,22.1200,,,False,APROVADO,provider_a_2026-39.csv,ca6cfbb8d355e7e14a0f940ebb03e882a624173bc71aac1f234b156869878bea
2026-39,2026-09-21,2026-09-27,2026,9,A,S00487,REDE 33,ATACAREJO,SP,SANTOS,T008,DIM_LOJA,,P00014,7891000000014,LACTEOS,LEITE EM PO,MAGGI,NESTLE,Y,107,5553.30,53.500,51.9000,,,False,APROVADO,provider_a_2026-39.csv,34caf38221c612f674386aa74c9979575d4f0d5e4fb2dcf644d7a1ff8a7c50b1
2026-39,2026-09-21,2026-09-27,2026,9,A,S00487,REDE 33,ATACAREJO,SP,SANTOS,T008,HISTORICO,V0048,P00094,7891000000094,BEBIDAS,CAFE,KITKAT,NESTLE,Y,3,164.31,0.300,54.7700,,,False,APROVADO,provider_a_2026-39.csv,61ff48e3a3f5d4a4b35e4f230bb0684aefe44c47d6500615bf9910d90ad68453
2026-39,2026-09-21,2026-09-27,2026,9,A,S00490,REDE 01,SUPERMERCADO,RS,CAXIAS DO SUL,T011,DIM_LOJA,,P00007,7891000000007,LACTEOS,LEITE EM PO,NESCAFE,NESTLE,Y,28,1502.76,5.600,53.6700,,,False,APROVADO,provider_a_2026-39.csv,c5b01251333e71915405c5e9edd38ff8cb82f70b3a2e33b29a777705f73246b2
2026-39,2026-09-21,2026-09-27,2026,9,A,S00490,REDE 01,SUPERMERCADO,RS,CAXIAS DO SUL,T011,HISTORICO,V0051,P00872,7891000000872,NUTRICAO,CEREAIS,ALPHA,FAB_ALPHA,N,14,428.40,14.000,30.6000,,,False,APROVADO,provider_a_2026-39.csv,043a97ddcada573d6d00f80bb0bf4f875a94ee785931d7f532bf4dd1561dd61b
2026-39,2026-09-21,2026-09-27,2026,9,B,S00492,REDE 03,CONVENIENCIA,RJ,NITEROI,T013,DIM_LOJA,,P00608,7891000000608,NUTRICAO,CEREAIS,ALPHA,FAB_ALPHA,N,54,170.64,10.800,3.1600,,,False,APROVADO,provider_b_2026-39.csv,4321bbbc79b6036280477636cac28c861d2243c3e16eba392862fe769c578d83
2026-39,2026-09-21,2026-09-27,2026,9,B,S00494,REDE 05,SUPERMERCADO,PR,CURITIBA,T015,HISTORICO,V0055,P00816,7891000000816,LACTEOS,LEITE EM PO,BETA,FAB_BETA,N,213,8498.70,106.500,39.9000,,,False,APROVADO,provider_b_2026-39.csv,8359133b96427f44f1e8f98250bd79f9398a4bd9bc7b42db48a9d5a65f767afb
2026-39,2026-09-21,2026-09-27,2026,9,A,S00498,REDE 09,CONVENIENCIA,SP,SANTOS,T019,DIM_LOJA,,P00032,7891000000032,CULINARIOS,TEMPEROS,MOCA,NESTLE,Y,25,1161.50,25.000,46.4600,,,False,APROVADO,provider_a_2026-39.csv,87023ae08a8ef331b77639ffc60418e9636e4daaf580388033890e4c7e65f0eb
2026-39,2026-09-21,2026-09-27,2026,9,A,S00498,REDE 09,CONVENIENCIA,SP,SANTOS,T019,HISTORICO,V0059,P00406,7891000000406,CHOCOLATES,TABLETES,NESCAFE,NESTLE,Y,41,204.18,8.200,4.9800,,,False,APROVADO,provider_a_2026-39.csv,092b3adf99fa329ef68a3d0f2e812b8d11a2bc1da07e3d4425b52b8a84aed826
2026-39,2026-09-21,2026-09-27,2026,9,B,S00498,REDE 09,CONVENIENCIA,SP,SANTOS,T019,HISTORICO,V0059,P00824,7891000000824,CHOCOLATES,TABLETES,BETA,FAB_BETA,N,54,2880.36,5.400,53.3400,,,False,APROVADO,provider_b_2026-39.csv,4935e8743ab05b6a4de169a8fa524145f9e37b7fbc46eecd6419cf5556d155f3
2026-39,2026-09-21,2026-09-27,2026,9,A,S00502,REDE 13,SUPERMERCADO,MG,UBERLANDIA,T023,DIM_LOJA,,P00084,7891000000084,LACTEOS,LEITE EM PO,GAROTO,NESTLE,Y,16,182.88,8.000,11.4300,,,False,APROVADO,provider_a_2026-39.csv,5df61ec62b9c11b3e02f825074733749da5bd8fc8f7be9b658744a0067edafc3
2026-39,2026-09-21,2026-09-27,2026,9,A,S00505,REDE 16,ATACAREJO,MG,BELO HORIZONTE,T026,HISTORICO,V0066,P00739,7891000000739,LACTEOS,LEITE EM PO,BETA,FAB_BETA,N,44,1804.00,44.000,41.0000,,,False,APROVADO,provider_a_2026-39.csv,d8ddd97206e2c8230b1fa6aba021dd1d46294c78ca41f406c31bc1723109a7ad
2026-39,2026-09-21,2026-09-27,2026,9,B,S00508,REDE 19,ATACAREJO,RS,CAXIAS DO SUL,T029,DIM_LOJA,,P00161,7891000000161,CULINARIOS,TEMPEROS,NINHO,NESTLE,Y,70,3199.70,35.000,45.7100,,,False,APROVADO,provider_b_2026-39.csv,6c25a6a4ea93efd0c59ab40c57e6bfe74fae024420ce8ab3bd6865789c96a0aa
2026-39,2026-09-21,2026-09-27,2026,9,B,S00510,REDE 21,ATACAREJO,RJ,NITEROI,T031,HISTORICO,V0071,P00652,7891000000652,CHOCOLATES,TABLETES,BETA,FAB_BETA,N,12,416.52,2.400,34.7100,,,False,APROVADO,provider_b_2026-39.csv,6abedaee7909b99558744e50f256543ab47e88e7ebb7e66ec7474c7d167fd5da
2026-39,2026-09-21,2026-09-27,2026,9,A,S00510,REDE 21,ATACAREJO,RJ,NITEROI,T031,HISTORICO,V0071,P01001,7891000001001,CHOCOLATES,TABLETES,ALPHA,FAB_ALPHA,N,28,920.08,28.000,32.8600,,,False,APROVADO,provider_a_2026-39.csv,4d649a543a0e6005b25049b1dbdf210db4a90e216a5775aab6f878071294a52d
2026-39,2026-09-21,2026-09-27,2026,9,A,S00511,REDE 22,SUPERMERCADO,MG,BELO HORIZONTE,T032,DIM_LOJA,,P00422,7891000000422,BEBIDAS,CAFE,NOVA,FAB_NOVA,N,101,5532.78,101.000,54.7800,,,False,APROVADO,provider_a_2026-39.csv,7463338e4d0c16a17d879fd05993fd5ce5413fa661016ac7c1997f1dc7c0aacb
2026-39,2026-09-21,2026-09-27,2026,9,B,S00511,REDE 22,SUPERMERCADO,MG,BELO HORIZONTE,T032,HISTORICO,V0072,P00442,7891000000442,CHOCOLATES,TABLETES,VIVA,FAB_VIVA,N,19,1012.89,1.900,53.3100,,,False,APROVADO,provider_b_2026-39.csv,8bb444fc6e877efc72ce275efbedb83ae93ab371d0c5acb414a81d7e9349a447
2026-39,2026-09-21,2026-09-27,2026,9,B,S00512,REDE 23,ATACAREJO,MG,BELO HORIZONTE,T033,DIM_LOJA,,P00751,7891000000751,CULINARIOS,TEMPEROS,NOVA,FAB_NOVA,N,32,1180.80,16.000,36.9000,,,False,APROVADO,provider_b_2026-39.csv,a792b89a54cff6e15e39a3fbff16a660785af0b4c30c450ec86400bdd37d7bcd
2026-39,2026-09-21,2026-09-27,2026,9,A,S00514,REDE 25,ATACAREJO,MG,UBERLANDIA,T035,HISTORICO,V0075,P00833,7891000000833,LACTEOS,LEITE EM PO,BETA,FAB_BETA,N,39,552.63,7.800,14.1700,,,False,APROVADO,provider_a_2026-39.csv,ea3ba8d10bffe3f3f2dcae73d7caec0fdd57659ed7e6283d77956d83c9225292
2026-39,2026-09-21,2026-09-27,2026,9,A,S00516,REDE 27,CONVENIENCIA,RS,PORTO ALEGRE,T037,DIM_LOJA,,P00195,7891000000195,LACTEOS,LEITE EM PO,NESCAFE,NESTLE,Y,45,1538.55,9.000,34.1900,,,False,APROVADO,provider_a_2026-39.csv,fb999ad84fbb3ebc9fbb27cc462a93b388d6949d9acc96283ae9dd12659d19e6
2026-39,2026-09-21,2026-09-27,2026,9,B,S00525,REDE 01,ATACAREJO,RS,CAXIAS DO SUL,T046,DIM_LOJA,,P00276,7891000000276,NUTRICAO,CEREAIS,KITKAT,NESTLE,Y,36,192.24,7.200,5.3400,,,False,APROVADO,provider_b_2026-39.csv,5b2a5eb82d2eda2df45c455410a58e4562c58181995306f599832618cb3df093
2026-39,2026-09-21,2026-09-27,2026,9,A,S00526,REDE 02,SUPERMERCADO,PR,LONDRINA,SEM_TERRITORIO,SEM_TERRITORIO,,P00408,7891000000408,NUTRICAO,CEREAIS,NESQUIK,NESTLE,Y,45,2164.95,45.000,48.1100,,,False,APROVADO_COM_ALERTA,provider_a_2026-39.csv,63c6d1165a49edb807214b8274d9a34a2a86f8657f952a60917e1666dd5d4bfd
2026-39,2026-09-21,2026-09-27,2026,9,A,S00528,REDE 04,ATACAREJO,PR,CURITIBA,T049,HISTORICO,V0089,P00215,7891000000215,LACTEOS,LEITE EM PO,NESQUIK,NESTLE,Y,26,252.98,26.000,9.7300,,,False,APROVADO,provider_a_2026-39.csv,a6280d424ca910b69aa1082530fc38b8663c5d412269b2ebdcb1e21ac34c0f41
2026-39,2026-09-21,2026-09-27,2026,9,A,S00530,REDE 06,CONVENIENCIA,PR,LONDRINA,T051,DIM_LOJA,,P00674,7891000000674,CHOCOLATES,TABLETES,NOVA,FAB_NOVA,N,28,664.72,28.000,23.7400,,,False,APROVADO,provider_a_2026-39.csv,e5aeab0b1c4fd4f8c1865b3d6230ec500fd2dfc608c14511338b1d3f0d84ce84
2026-39,2026-09-21,2026-09-27,2026,9,B,S00533,REDE 09,CONVENIENCIA,RJ,RIO DE JANEIRO,SEM_TERRITORIO,SEM_TERRITORIO,,P00861,7891000000861,CHOCOLATES,TABLETES,ALPHA,FAB_ALPHA,N,45,2434.50,45.000,54.1000,,,False,APROVADO_COM_ALERTA,provider_b_2026-39.csv,5d5052f92572d439e41e0632b7efb478c74708722f83a12170e8d71217ad4c5a
2026-39,2026-09-21,2026-09-27,2026,9,A,S00534,REDE 10,SUPERMERCADO,RS,CAXIAS DO SUL,T055,DIM_LOJA,,P00841,7891000000841,CHOCOLATES,TABLETES,PRIME,FAB_PRIME,N,21,347.97,4.200,16.5700,,,False,APROVADO,provider_a_2026-39.csv,b15348e0a36eab621371425c18302ce212d638e3b97ed8d78092eb6edfb65451
2026-39,2026-09-21,2026-09-27,2026,9,A,S00535,REDE 11,ATACAREJO,PR,LONDRINA,T056,DIM_LOJA,,P00262,7891000000262,CULINARIOS,TEMPEROS,NINHO,NESTLE,Y,27,608.58,2.700,22.5400,,,False,CORRIGIDO_AUTOMATICAMENTE,provider_a_2026-39.csv,1365b5cc38d09ad382364464400ac6fbcaea98219d5c5a58f8be0c7a319e6a71
2026-39,2026-09-21,2026-09-27,2026,9,A,S00536,REDE 12,CONVENIENCIA,MG,BELO HORIZONTE,T057,HISTORICO,V0097,P00585,7891000000585,NUTRICAO,CEREAIS,BETA,FAB_BETA,N,58,1801.48,58.000,31.0600,,,False,APROVADO,provider_a_2026-39.csv,3e96510561b14fae279605d43395e9e78280d7cefb6c4ff5e5807f51990e5422
2026-39,2026-09-21,2026-09-27,2026,9,A,S00539,REDE 15,CONVENIENCIA,RS,CAXIAS DO SUL,T060,DIM_LOJA,,P00001,7891000000001,NUTRICAO,CEREAIS,NESQUIK,NESTLE,Y,55,694.10,11.000,12.6200,,,False,APROVADO,provider_a_2026-39.csv,101c68febf01111c0ea3506933db24e9506357735531da46f9f0fd10b58f6e4e
2026-39,2026-09-21,2026-09-27,2026,9,B,S00539,REDE 15,CONVENIENCIA,RS,CAXIAS DO SUL,T060,HISTORICO,V0100,P00334,7891000000334,CULINARIOS,TEMPEROS,MAGGI,NESTLE,Y,59,493.83,29.500,8.3700,,,False,APROVADO,provider_b_2026-39.csv,9b7e1c13a4f3fa63fb916735ab03e845f272f23f4e0729802e972fd69d16569a
2026-39,2026-09-21,2026-09-27,2026,9,A,S00539,REDE 15,CONVENIENCIA,RS,CAXIAS DO SUL,T060,DIM_LOJA,,P01140,7891000001140,CHOCOLATES,TABLETES,PRIME,FAB_PRIME,N,46,2048.84,4.600,44.5400,,,False,APROVADO,provider_a_2026-39.csv,2ce76809fee9bbd22de7790066b18e3cb876c880c966939b7740bf80ffd91217
2026-39,2026-09-21,2026-09-27,2026,9,A,S00540,REDE 16,SUPERMERCADO,MG,BELO HORIZONTE,T061,HISTORICO,V0101,P00094,7891000000094,BEBIDAS,CAFE,KITKAT,NESTLE,Y,29,1361.26,29.000,46.9400,,,False,APROVADO,provider_a_2026-39.csv,3fbc7dfe2f43150e77e06198b6b446097da5a68537e5f2b8038593b81717189d
2026-39,2026-09-21,2026-09-27,2026,9,A,S00544,REDE 20,SUPERMERCADO,PR,LONDRINA,T065,DIM_LOJA,,P00283,7891000000283,LACTEOS,LEITE EM PO,NINHO,NESTLE,Y,79,870.58,39.500,11.0200,,,False,APROVADO,provider_a_2026-39.csv,9407cae8b358bb21cf4ff6502e0ffd38dd679a85a5a4fd5f75e9451808b40f73
2026-39,2026-09-21,2026-09-27,2026,9,A,S00544,REDE 20,SUPERMERCADO,PR,LONDRINA,T065,HISTORICO,V0105,P00436,7891000000436,NUTRICAO,CEREAIS,DELTA,FAB_DELTA,N,35,1117.90,17.500,31.9400,,,False,APROVADO,provider_a_2026-39.csv,bf272a0821b5e31f11f8c9adc1c858cce87b3131d5d69376a0d906ad2e1686a0
2026-39,2026-09-21,2026-09-27,2026,9,A,S00547,REDE 23,CONVENIENCIA,SP,SAO PAULO,T017,HISTORICO,V0027,P00467,7891000000467,LACTEOS,LEITE EM PO,PRIME,FAB_PRIME,N,37,498.02,3.700,13.4600,,,False,APROVADO,provider_a_2026-39.csv,bbcb2a32693a833534bfb5e2494c21d1cc84bc5be45ebee31db2002529b1d576
2026-39,2026-09-21,2026-09-27,2026,9,A,S00547,REDE 23,CONVENIENCIA,SP,SAO PAULO,T017,HISTORICO,V0027,P00720,7891000000720,LACTEOS,LEITE EM PO,BETA,FAB_BETA,N,29,756.03,14.500,26.0700,,,False,APROVADO,provider_a_2026-39.csv,dc01f24e8e9c4344bebd43893ffcc2fd6538c41417f0061b4d6bf31ccc85723d
2026-39,2026-09-21,2026-09-27,2026,9,B,S00547,REDE 23,CONVENIENCIA,SP,SAO PAULO,T068,DIM_LOJA,,P01058,7891000001058,NUTRICAO,CEREAIS,PRIME,FAB_PRIME,N,8,30.40,4.000,3.8000,,,False,APROVADO,provider_b_2026-39.csv,387f829df6223ba8f33c8bc6709fc40a9b819c7caa13d8de8c3a0260f7ea705e
2026-39,2026-09-21,2026-09-27,2026,9,A,S00550,REDE 26,ATACAREJO,SP,SANTOS,T071,DIM_LOJA,,P00289,7891000000289,LACTEOS,LEITE EM PO,MOCA,NESTLE,Y,6,184.50,6.000,30.7500,,,False,APROVADO,provider_a_2026-39.csv,d6cfc61a54f79501aa70cdf122fbdff8531b4d9bd5aa70f2924c9d0e4fbe7686
2026-39,2026-09-21,2026-09-27,2026,9,B,S00551,REDE 27,ATACAREJO,SP,SAO PAULO,T072,DIM_LOJA,,P00137,7891000000137,NUTRICAO,CEREAIS,NINHO,NESTLE,Y,18,62.64,18.000,3.4800,,,False,APROVADO,provider_b_2026-39.csv,2a03e8ae0d5cd7306fd743be4f90a5b88b12058e931d0ae055a40fa10142b4eb
2026-39,2026-09-21,2026-09-27,2026,9,B,S00551,REDE 27,ATACAREJO,SP,SAO PAULO,T072,HISTORICO,V0112,P00812,7891000000812,LACTEOS,LEITE EM PO,PRIME,FAB_PRIME,N,12,528.96,6.000,44.0800,,,False,APROVADO,provider_b_2026-39.csv,bc16fb9e75093f72c7f0a99d92ce48d805d542ce6f2a8b0bd7e6e1d3423013c4
2026-39,2026-09-21,2026-09-27,2026,9,A,S00552,REDE 28,CONVENIENCIA,MG,BELO HORIZONTE,T073,HISTORICO,V0113,P00462,7891000000462,NUTRICAO,CEREAIS,VIVA,FAB_VIVA,N,14,591.22,1.400,42.2300,,,False,APROVADO,provider_a_2026-39.csv,17f0d792445056777702d06a7a325cbd34e6768d99ec41faed98689a3a90534a
2026-39,2026-09-21,2026-09-27,2026,9,B,S00553,REDE 29,CONVENIENCIA,MG,UBERLANDIA,T074,DIM_LOJA,,P00427,7891000000427,LACTEOS,LEITE EM PO,VIVA,FAB_VIVA,N,82,1278.38,82.000,15.5900,,,False,APROVADO,provider_b_2026-39.csv,16597c18ff1fa0de2991f8d735177f5d9dd90e70285d3920364fe837f58b748f
2026-39,2026-09-21,2026-09-27,2026,9,A,S00556,REDE 32,CONVENIENCIA,PR,LONDRINA,T077,HISTORICO,V0117,P00267,7891000000267,BEBIDAS,CAFE,NESCAFE,NESTLE,Y,49,1305.85,24.500,26.6500,,,False,APROVADO,provider_a_2026-39.csv,84cd7d6fcf709d82e3e4040e794e2cc0476b441cde7b231584db34ceba13a2cc
2026-39,2026-09-21,2026-09-27,2026,9,A,S00557,REDE 33,CONVENIENCIA,PR,CURITIBA,T078,DIM_LOJA,,P00407,7891000000407,BEBIDAS,CAFE,NESCAFE,NESTLE,Y,66,875.16,13.200,13.2600,,,False,APROVADO,provider_a_2026-39.csv,2f3afd091f7e2ad0f880f24ba22d88b018aa8bc4c7d32a334a9c8a4f3e07f895
2026-39,2026-09-21,2026-09-27,2026,9,B,S00560,REDE 01,SUPERMERCADO,PR,LONDRINA,T001,HISTORICO,V0121,P00849,7891000000849,CHOCOLATES,TABLETES,ALPHA,FAB_ALPHA,N,13,401.44,2.600,30.8800,,,False,APROVADO,provider_b_2026-39.csv,a727da5c4bc480565c06de13e03edc824edc1fa4b92457b295f0db2e71a45229
2026-39,2026-09-21,2026-09-27,2026,9,B,S00563,REDE 04,CONVENIENCIA,SP,SAO PAULO,T004,HISTORICO,V0124,P00645,7891000000645,BEBIDAS,CAFE,ALPHA,FAB_ALPHA,N,5,245.60,5.000,49.1200,,,False,APROVADO,provider_b_2026-39.csv,3f87fb1a617cab184e78924d0794fd700a4d63e0f8a8b49f8809cd864d283252
2026-39,2026-09-21,2026-09-27,2026,9,A,S00569,REDE 10,CONVENIENCIA,PR,LONDRINA,T010,DIM_LOJA,,P00050,7891000000050,CULINARIOS,TEMPEROS,NESQUIK,NESTLE,Y,4,177.04,4.000,44.2600,,,False,APROVADO,provider_a_2026-39.csv,8ea9762eff367351eb5e4864a9fc82a6f67729679dc32127f976bf5d44823489
2026-39,2026-09-21,2026-09-27,2026,9,A,S00572,REDE 13,SUPERMERCADO,RS,CAXIAS DO SUL,T013,HISTORICO,V0133,P00400,7891000000400,LACTEOS,LEITE EM PO,NINHO,NESTLE,Y,7,65.59,0.700,9.3700,,,False,APROVADO,provider_a_2026-39.csv,14eb8cbe28c3c27b71f28452544a8f3169f2e10868e69e9bcec7e5c984a70c45
2026-39,2026-09-21,2026-09-27,2026,9,B,S00573,REDE 14,ATACAREJO,RS,PORTO ALEGRE,T014,DIM_LOJA,,P00169,7891000000169,CULINARIOS,TEMPEROS,MAGGI,NESTLE,Y,25,349.00,25.000,13.9600,,,False,APROVADO,provider_b_2026-39.csv,c517fadcc1cd6e93fb3752489b19b691db1913fb3060822544ea3dcc909ad32c
2026-39,2026-09-21,2026-09-27,2026,9,A,S00583,REDE 24,CONVENIENCIA,MG,BELO HORIZONTE,T024,DIM_LOJA,,P00618,7891000000618,CHOCOLATES,TABLETES,VIVA,FAB_VIVA,N,56,2344.16,28.000,41.8600,,,False,APROVADO,provider_a_2026-39.csv,bfe19548b4431538bd85dfeb3cbd3fecb35a450a28446b3d29db9923af9ad875
2026-39,2026-09-21,2026-09-27,2026,9,B,S00585,REDE 26,CONVENIENCIA,MG,UBERLANDIA,T026,HISTORICO,V0146,P00637,7891000000637,CHOCOLATES,TABLETES,VIVA,FAB_VIVA,N,20,508.60,4.000,25.4300,,,False,APROVADO,provider_b_2026-39.csv,14301ed6d084b7308bd9c7856995b63e15fb6286d1d667e1efe1ee107995e4f1
2026-39,2026-09-21,2026-09-27,2026,9,A,S00588,REDE 29,ATACAREJO,PR,LONDRINA,T029,DIM_LOJA,,P00692,7891000000692,BEBIDAS,CAFE,SOLAR,FAB_SOLAR,N,30,287.70,3.000,9.5900,,,False,APROVADO,provider_a_2026-39.csv,aed8c8b738d5fd6badd66c226c183feeef3c9c961fb7c86c8b47d80a6db018b2
2026-39,2026-09-21,2026-09-27,2026,9,A,S00589,REDE 30,SUPERMERCADO,MG,BELO HORIZONTE,T030,HISTORICO,V0150,P00809,7891000000809,CULINARIOS,TEMPEROS,PRIME,FAB_PRIME,N,158,2194.62,31.600,13.8900,,,False,APROVADO,provider_a_2026-39.csv,606a84d77f621947559af270983f49073343954d4f010c7370a5871a27e67522
2026-39,2026-09-21,2026-09-27,2026,9,A,S00593,REDE 34,CONVENIENCIA,MG,UBERLANDIA,T034,HISTORICO,V0154,P00267,7891000000267,BEBIDAS,CAFE,NESCAFE,NESTLE,Y,14,467.46,14.000,33.3900,,,False,APROVADO,provider_a_2026-39.csv,ad8e06d064f7a3a4e7c1ccc483393a1b09cf8a08ea405ad28b36bd2b927ae87e
2026-39,2026-09-21,2026-09-27,2026,9,B,S00595,REDE 01,ATACAREJO,RS,PORTO ALEGRE,T036,HISTORICO,V0156,P00543,7891000000543,BEBIDAS,CAFE,DELTA,FAB_DELTA,N,39,905.19,39.000,23.2100,,,False,APROVADO,provider_b_2026-39.csv,b3d86e1eb77c960ee9f8a706019df4ca7b3c9e28ca7ebb1c84e322dabd30302d
2026-39,2026-09-21,2026-09-27,2026,9,B,S00598,REDE 04,ATACAREJO,RJ,RIO DE JANEIRO,T039,HISTORICO,V0159,P00459,7891000000459,NUTRICAO,CEREAIS,SOLAR,FAB_SOLAR,N,16,191.20,8.000,11.9500,,,False,APROVADO,provider_b_2026-39.csv,dfa07f7f93e4ed2a25912fe076e69588842e8b437d2eb3d05a2876137f2be3b3
2026-39,2026-09-21,2026-09-27,2026,9,B,S00599,REDE 05,CONVENIENCIA,RJ,RIO DE JANEIRO,T040,DIM_LOJA,,P00330,7891000000330,NUTRICAO,CEREAIS,KITKAT,NESTLE,Y,11,283.25,1.100,25.7500,,,False,APROVADO,provider_b_2026-39.csv,b071e89973a9612a996cf37c221d2a036ac3e8f7c6415bcdf71ea7636c69005c
2026-39,2026-09-21,2026-09-27,2026,9,A,S00600,REDE 06,SUPERMERCADO,SP,SAO PAULO,T041,DIM_LOJA,,P00303,7891000000303,CULINARIOS,TEMPEROS,GAROTO,NESTLE,Y,153,566.10,30.600,3.7000,,,False,APROVADO,provider_a_2026-39.csv,229d89dc88e323f02c89ed4fc58f81f656c2ec08012fc76744268329a7f93cd4
2026-39,2026-09-21,2026-09-27,2026,9,A,S00601,REDE 07,ATACAREJO,MG,UBERLANDIA,T042,DIM_LOJA,,P00065,7891000000065,CULINARIOS,TEMPEROS,MAGGI,NESTLE,Y,17,581.40,8.500,34.2000,,,False,APROVADO,provider_a_2026-39.csv,c0efa2a809f58ce9d7da3a44dab169eb6dae62a20af5c5a2b05cffb16a1ec529
2026-39,2026-09-21,2026-09-27,2026,9,B,S00602,REDE 08,ATACAREJO,RJ,RIO DE JANEIRO,T043,HISTORICO,V0163,P00896,7891000000896,CULINARIOS,TEMPEROS,PRIME,FAB_PRIME,N,97,593.64,9.700,6.1200,,,False,APROVADO,provider_b_2026-39.csv,72569fb45a0116b301ed281204217037f81d98eafc797d1dccc1249b1175cac6
2026-39,2026-09-21,2026-09-27,2026,9,B,S00606,REDE 12,SUPERMERCADO,RJ,RIO DE JANEIRO,T047,DIM_LOJA,,P01190,7891000001190,CULINARIOS,TEMPEROS,ALPHA,FAB_ALPHA,N,69,3618.36,13.800,52.4400,,,False,APROVADO,provider_b_2026-39.csv,b66f797ae82dbb0508ec97c636595ab3ff746cb7b04c9179f6b9d5279d69c348
2026-39,2026-09-21,2026-09-27,2026,9,A,S00609,REDE 15,CONVENIENCIA,PR,LONDRINA,T050,DIM_LOJA,,P01081,7891000001081,BEBIDAS,CAFE,ALPHA,FAB_ALPHA,N,34,1799.62,34.000,52.9300,,,False,APROVADO,provider_a_2026-39.csv,6d6e8240fc658e992ed6059dec999cf8b7c1892f711b33d175d73f6864260dd6
2026-39,2026-09-21,2026-09-27,2026,9,A,S00617,REDE 23,ATACAREJO,SP,SAO PAULO,T058,DIM_LOJA,,P00223,7891000000223,BEBIDAS,CAFE,NINHO,NESTLE,Y,29,1371.99,2.900,47.3100,,,False,APROVADO,provider_a_2026-39.csv,6ab4a40787e0f0e149ce0376fe29db6215fc6f2de5300cd26b3b32520ce69928
2026-39,2026-09-21,2026-09-27,2026,9,A,S00618,REDE 24,ATACAREJO,SP,SANTOS,T059,DIM_LOJA,,P00685,7891000000685,NUTRICAO,CEREAIS,PRIME,FAB_PRIME,N,7,142.24,1.400,20.3200,,,False,APROVADO,provider_a_2026-39.csv,78ebaffa8635503908a30575de60140b5a5c81cd9821029a004244fd2eb422eb
2026-39,2026-09-21,2026-09-27,2026,9,A,S00618,REDE 24,ATACAREJO,SP,SANTOS,T059,DIM_LOJA,,P00886,7891000000886,BEBIDAS,CAFE,VIVA,FAB_VIVA,N,16,609.60,16.000,38.1000,,,False,APROVADO,provider_a_2026-39.csv,0c094ef49fdeef85d31a209bc7b75b4da8f6feefd609a3390a41c40ac69caaa3
2026-39,2026-09-21,2026-09-27,2026,9,A,S00619,REDE 25,SUPERMERCADO,SP,SANTOS,T060,DIM_LOJA,,P00853,7891000000853,BEBIDAS,CAFE,BETA,FAB_BETA,N,34,227.46,17.000,6.6900,,,False,APROVADO,provider_a_2026-39.csv,42d5b35cef1e529853b3ded66fb3affb2a94d5de86f667f0d5395c73c955da1c
2026-39,2026-09-21,2026-09-27,2026,9,B,S00620,REDE 26,ATACAREJO,RS,PORTO ALEGRE,T061,HISTORICO,V0181,P00151,7891000000151,LACTEOS,LEITE EM PO,NESQUIK,NESTLE,Y,140,2601.20,70.000,18.5800,,,False,APROVADO,provider_b_2026-39.csv,03334a2159eacdc054a90972263d627164844fe5a788d3daeacf099fe6e39f44
2026-39,2026-09-21,2026-09-27,2026,9,A,S00620,REDE 26,ATACAREJO,RS,PORTO ALEGRE,T061,DIM_LOJA,,P00653,7891000000653,CULINARIOS,TEMPEROS,NOVA,FAB_NOVA,N,24,628.56,2.400,26.1900,,,False,APROVADO,provider_a_2026-39.csv,fcda52627e8f3d79433693cf5db6cf0007d2f4f53fdf1fbf8ab230e2d09cfc61
2026-39,2026-09-21,2026-09-27,2026,9,A,S00623,REDE 29,SUPERMERCADO,RS,CAXIAS DO SUL,T064,HISTORICO,V0184,P00034,7891000000034,LACTEOS,LEITE EM PO,NINHO,NESTLE,Y,160,3336.00,16.000,20.8500,,,False,APROVADO,provider_a_2026-39.csv,950d7d09274ed63edd3caac753a7dcdfba3eec1d3961a39f2183a80e03935d70
2026-39,2026-09-21,2026-09-27,2026,9,B,S00624,REDE 30,CONVENIENCIA,RJ,RIO DE JANEIRO,T065,DIM_LOJA,,P00509,7891000000509,BEBIDAS,CAFE,BETA,FAB_BETA,N,20,599.80,10.000,29.9900,,,False,APROVADO,provider_b_2026-39.csv,5a0d16be12addc5f751cfdb31ac6bae18cde79d673acd4dd8e963dad6a3e01e8
2026-39,2026-09-21,2026-09-27,2026,9,B,S00625,REDE 31,ATACAREJO,SP,SANTOS,T066,DIM_LOJA,,P00986,7891000000986,CHOCOLATES,TABLETES,VIVA,FAB_VIVA,N,6,163.32,6.000,27.2200,,,False,APROVADO,provider_b_2026-39.csv,2d393483b176bf4012a733bd9fbd1ba7d8bed16c3a31b9f64e122de8733378c3
2026-39,2026-09-21,2026-09-27,2026,9,B,S00626,REDE 32,ATACAREJO,MG,BELO HORIZONTE,T067,DIM_LOJA,,P00729,7891000000729,NUTRICAO,CEREAIS,VIVA,FAB_VIVA,N,3,28.53,3.000,9.5100,,,False,APROVADO,provider_b_2026-39.csv,b16d3ec15d560d7aba0e2a9fcbefa9b9b8424d957cd517e699fed66f269ee7e7
2026-39,2026-09-21,2026-09-27,2026,9,B,S00627,REDE 33,CONVENIENCIA,PR,CURITIBA,T068,DIM_LOJA,,P00617,7891000000617,CULINARIOS,TEMPEROS,PRIME,FAB_PRIME,N,50,1142.50,5.000,22.8500,,,False,APROVADO,provider_b_2026-39.csv,f1a8b1cb988b48638772cdee76d2054aa98b8ab0d8cad025db504b1295780bb8
2026-39,2026-09-21,2026-09-27,2026,9,B,S00628,REDE 34,SUPERMERCADO,MG,BELO HORIZONTE,T069,DIM_LOJA,,P00001,7891000000001,NUTRICAO,CEREAIS,NESQUIK,NESTLE,Y,61,2101.45,12.200,34.4500,,,False,APROVADO,provider_b_2026-39.csv,5cc0389280bbc8760067bf2fb25fb0d89d33f903ca852427e4d60f8f7ce9e2fc
2026-39,2026-09-21,2026-09-27,2026,9,A,S00630,REDE 01,SUPERMERCADO,PR,CURITIBA,T071,DIM_LOJA,,P00396,7891000000396,CULINARIOS,TEMPEROS,MAGGI,NESTLE,Y,39,893.88,39.000,22.9200,,,False,APROVADO,provider_a_2026-39.csv,93970335398dee3cb53c089e356d6f452929e1833ea6a2129448a158945c6099
2026-39,2026-09-21,2026-09-27,2026,9,B,S00630,REDE 01,SUPERMERCADO,PR,CURITIBA,T071,DIM_LOJA,,P00976,7891000000976,CULINARIOS,TEMPEROS,NOVA,FAB_NOVA,N,27,587.79,2.700,21.7700,,,False,APROVADO,provider_b_2026-39.csv,9030c5aca81a24c1342e6560a2599ee3a65828e67e74e9dccece678a035ab385
2026-39,2026-09-21,2026-09-27,2026,9,B,S00634,REDE 05,CONVENIENCIA,RS,PORTO ALEGRE,T075,HISTORICO,V0195,P00026,7891000000026,BEBIDAS,CAFE,NESQUIK,NESTLE,Y,6,305.88,6.000,50.9800,,,False,APROVADO,provider_b_2026-39.csv,fa0a32ce2253582ac55ea387bdd0c958aba75d2126e7919f717ede4b2f8842f8
2026-39,2026-09-21,2026-09-27,2026,9,B,S00636,REDE 07,SUPERMERCADO,SP,SAO PAULO,T077,DIM_LOJA,,P00029,7891000000029,NUTRICAO,CEREAIS,GAROTO,NESTLE,Y,276,12552.48,27.600,45.4800,,,False,APROVADO,provider_b_2026-39.csv,594b2cf49f79852f68b1aecaae87759820f596819312f323741b7bf5cefe1e15
2026-39,2026-09-21,2026-09-27,2026,9,A,S00637,REDE 08,SUPERMERCADO,SP,SAO PAULO,T078,HISTORICO,V0198,P00345,7891000000345,BEBIDAS,CAFE,KITKAT,NESTLE,Y,6,293.82,3.000,48.9700,,,False,APROVADO,provider_a_2026-39.csv,da90231cc394887705b92f34c88d5b67dbf73973fce468e9ee5effce98fa996c
2026-39,2026-09-21,2026-09-27,2026,9,A,S00641,REDE 12,SUPERMERCADO,RJ,RIO DE JANEIRO,T002,HISTORICO,V0202,P00847,7891000000847,NUTRICAO,CEREAIS,DELTA,FAB_DELTA,N,20,911.60,2.000,45.5800,,,False,APROVADO,provider_a_2026-39.csv,008d41e1bcf1d81fadb94ad5368c2e234ddfdf029e26c9f71d449e2289110436
2026-39,2026-09-21,2026-09-27,2026,9,A,S00641,REDE 12,SUPERMERCADO,RJ,RIO DE JANEIRO,T002,HISTORICO,V0202,P01156,7891000001156,LACTEOS,LEITE EM PO,NOVA,FAB_NOVA,N,40,1540.00,8.000,38.5000,,,False,APROVADO,provider_a_2026-39.csv,603db11b8f985b15e6226f2146e971797b17e901aa8a44b13d6f7329e59ce939
2026-39,2026-09-21,2026-09-27,2026,9,A,S00645,REDE 16,CONVENIENCIA,RJ,NITEROI,T006,HISTORICO,V0206,P00706,7891000000706,CULINARIOS,TEMPEROS,BETA,FAB_BETA,N,114,1257.42,22.800,11.0300,,,False,APROVADO,provider_a_2026-39.csv,3071ae1f16929d2c79f8e15f383288906bd18b61761cbb3567545bd521cfc58e
2026-39,2026-09-21,2026-09-27,2026,9,B,S00648,REDE 19,SUPERMERCADO,RJ,NITEROI,T009,HISTORICO,V0209,P00456,7891000000456,BEBIDAS,CAFE,ALPHA,FAB_ALPHA,N,50,712.50,50.000,14.2500,,,False,APROVADO,provider_b_2026-39.csv,8d009cd680ed631282ec43d53360cf0c54c3635b90636752e5e3e721d1d3a313
2026-39,2026-09-21,2026-09-27,2026,9,B,S00648,REDE 19,SUPERMERCADO,RJ,NITEROI,T009,HISTORICO,V0209,P00631,7891000000631,BEBIDAS,CAFE,ALPHA,FAB_ALPHA,N,52,1719.64,26.000,33.0700,,,False,APROVADO,provider_b_2026-39.csv,da4237f75c4f5e05eb41ffeea17843eeb66fbbc7cbbe0012a47d1d6c90f91eda
2026-39,2026-09-21,2026-09-27,2026,9,A,S00652,REDE 23,SUPERMERCADO,MG,BELO HORIZONTE,T013,DIM_LOJA,,P00207,7891000000207,CULINARIOS,TEMPEROS,NESQUIK,NESTLE,Y,10,254.90,1.000,25.4900,,,False,APROVADO,provider_a_2026-39.csv,be584cc092f465b4accb9d01b44c14c88f1eaba618b6023252777c556e08b595
2026-39,2026-09-21,2026-09-27,2026,9,A,S00653,REDE 24,SUPERMERCADO,RS,PORTO ALEGRE,T014,DIM_LOJA,,P01181,7891000001181,CHOCOLATES,TABLETES,BETA,FAB_BETA,N,16,323.52,0.000,20.2200,,,False,APROVADO_COM_ALERTA,provider_a_2026-39.csv,b22e89d94d8744367d69f0896b1ea300f9d7dfefef02edfc314d4b2437857190
2026-39,2026-09-21,2026-09-27,2026,9,A,S00655,REDE 26,CONVENIENCIA,RJ,NITEROI,T016,DIM_LOJA,,P01035,7891000001035,CHOCOLATES,TABLETES,BETA,FAB_BETA,N,7,356.65,7.000,50.9500,,,False,APROVADO,provider_a_2026-39.csv,426a74a625a7a5221a4eaab74cc58b0663bcfd7c2f8fb5e9262c08c3339b4723
2026-39,2026-09-21,2026-09-27,2026,9,A,S00659,REDE 30,CONVENIENCIA,RS,CAXIAS DO SUL,T020,DIM_LOJA,,P01045,7891000001045,CULINARIOS,TEMPEROS,BETA,FAB_BETA,N,8,195.04,0.800,24.3800,,,False,APROVADO,provider_a_2026-39.csv,7ecf8e8e9c44f48aea5ed3b49c24e1dcba6fd3f1a548a4a379d53e0d95fdd47d
2026-39,2026-09-21,2026-09-27,2026,9,B,S00664,REDE 35,CONVENIENCIA,MG,BELO HORIZONTE,T025,HISTORICO,V0005,P00049,7891000000049,BEBIDAS,CAFE,KITKAT,NESTLE,Y,62,3274.22,12.400,52.8100,,,False,APROVADO,provider_b_2026-39.csv,25ed2407ebe28d438f9883c854a075e00e96011c5a4e7d1bcfd86b3a5f0ef41d
2026-39,2026-09-21,2026-09-27,2026,9,B,S00666,REDE 02,SUPERMERCADO,SP,SANTOS,T027,DIM_LOJA,,P00988,7891000000988,LACTEOS,LEITE EM PO,ALPHA,FAB_ALPHA,N,77,4205.74,38.500,54.6200,,,False,APROVADO,provider_b_2026-39.csv,dd8724710d125b2886a33ec4035bf79c5ee8c67d7114b90950eee6f1b051adec
2026-39,2026-09-21,2026-09-27,2026,9,B,S00667,REDE 03,CONVENIENCIA,MG,BELO HORIZONTE,T028,DIM_LOJA,,P00684,7891000000684,CULINARIOS,TEMPEROS,NOVA,FAB_NOVA,N,21,394.38,2.100,18.7800,,,False,APROVADO,provider_b_2026-39.csv,1fc9961c4283473ec318090eda6d286ba4735460ee8459c7e8f700669530da1b
2026-39,2026-09-21,2026-09-27,2026,9,A,S00668,REDE 04,ATACAREJO,RS,CAXIAS DO SUL,T029,DIM_LOJA,,P00637,7891000000637,CHOCOLATES,TABLETES,VIVA,FAB_VIVA,N,7,185.99,1.400,26.5700,,,False,APROVADO,provider_a_2026-39.csv,6fb0e5aa89da2ccd52a00b710c6660ca7d5ebec957dd627a6f53b712f1dbd95c
2026-39,2026-09-21,2026-09-27,2026,9,A,S00669,REDE 05,SUPERMERCADO,MG,BELO HORIZONTE,T030,HISTORICO,V0010,P00039,7891000000039,CULINARIOS,TEMPEROS,KITKAT,NESTLE,Y,38,443.08,38.000,11.6600,,,False,APROVADO,provider_a_2026-39.csv,bcbab7bf9c8b390c2e36df6179e7c87d7b33bbfb4e7bd4bb9a0c4d6b85c16897
2026-39,2026-09-21,2026-09-27,2026,9,A,S00669,REDE 05,SUPERMERCADO,MG,BELO HORIZONTE,T030,HISTORICO,V0010,P00297,7891000000297,CULINARIOS,TEMPEROS,MAGGI,NESTLE,Y,27,152.55,27.000,5.6500,,,False,APROVADO,provider_a_2026-39.csv,5db9ce8b8dede0a7df3528d6061f7ffeaa35f9eb5c56793631cfb419e856e4b3
2026-39,2026-09-21,2026-09-27,2026,9,A,S00670,REDE 06,CONVENIENCIA,SP,CAMPINAS,T031,DIM_LOJA,,P00142,7891000000142,CHOCOLATES,TABLETES,KITKAT,NESTLE,Y,75,3920.25,7.500,52.2700,,,False,APROVADO,provider_a_2026-39.csv,2c14f7a1cb0b7f2be8782166931984a70728ef31394b26fd24a92e86aee1695a
2026-39,2026-09-21,2026-09-27,2026,9,B,S00672,REDE 08,SUPERMERCADO,SP,CAMPINAS,SEM_TERRITORIO,SEM_TERRITORIO,V0013,P00779,891000000779,LACTEOS,LEITE EM PO,ALPHA,FAB_ALPHA,N,58,1448.26,11.600,24.9700,,,False,APROVADO_COM_ALERTA,provider_b_2026-39.csv,6de51cacacf7340ac6ea08d2ab83dce97a080408c6e3023c2b89d102469af935
2026-39,2026-09-21,2026-09-27,2026,9,B,S00674,REDE 10,ATACAREJO,SP,SAO PAULO,T035,HISTORICO,V0015,P00134,7891000000134,CHOCOLATES,TABLETES,GAROTO,NESTLE,Y,17,237.49,8.500,13.9700,,,False,APROVADO,provider_b_2026-39.csv,855db2bcf242d646d7759f9002352a382c0410bd95282c7e944daf47c17be5cd
2026-39,2026-09-21,2026-09-27,2026,9,A,S00675,REDE 11,SUPERMERCADO,MG,BELO HORIZONTE,T036,DIM_LOJA,,P00454,7891000000454,LACTEOS,LEITE EM PO,PRIME,FAB_PRIME,N,48,1402.08,24.000,29.2100,,,False,APROVADO,provider_a_2026-39.csv,9dcd1e7e901e2c37741b7b37db8e78524ff071f2355b3c5388f1587349345972
2026-39,2026-09-21,2026-09-27,2026,9,B,S00675,REDE 11,SUPERMERCADO,MG,BELO HORIZONTE,T036,HISTORICO,V0016,P00853,7891000000853,BEBIDAS,CAFE,BETA,FAB_BETA,N,35,1094.10,35.000,31.2600,,,False,APROVADO,provider_b_2026-39.csv,3c8137e5a3d0c5d918cab53ac3ab1e25acf5e26bda76680789a058fe97d352ad
2026-39,2026-09-21,2026-09-27,2026,9,A,S00676,REDE 12,SUPERMERCADO,RJ,RIO DE JANEIRO,T037,HISTORICO,V0017,P00764,7891000000764,NUTRICAO,CEREAIS,VIVA,FAB_VIVA,N,83,2299.10,41.500,27.7000,,,False,APROVADO,provider_a_2026-39.csv,55e6df6bf5af0ba7e3a4370138c1eb315a78daf95c73b07b272cd0ffaa6de597
2026-39,2026-09-21,2026-09-27,2026,9,A,S00678,REDE 14,SUPERMERCADO,RS,PORTO ALEGRE,T039,DIM_LOJA,,P01100,7891000001100,NUTRICAO,CEREAIS,PRIME,FAB_PRIME,N,24,807.84,24.000,33.6600,,,False,APROVADO,provider_a_2026-39.csv,3ac3e36ffc414fd5bddc0109b84b8baf2e19cb5f428a8e559b616e10664918aa
2026-39,2026-09-21,2026-09-27,2026,9,A,S00679,REDE 15,SUPERMERCADO,SP,SAO PAULO,T040,DIM_LOJA,,P00443,7891000000443,NUTRICAO,CEREAIS,DELTA,FAB_DELTA,N,42,241.92,8.400,5.7600,,,False,APROVADO,provider_a_2026-39.csv,e776653e4f1996e7299fb450ebd8e58ba74c1f6d26f80541a1c8e59c4450dece
2026-39,2026-09-21,2026-09-27,2026,9,A,S00679,REDE 15,SUPERMERCADO,SP,SAO PAULO,T040,DIM_LOJA,,P00206,891000000206,NUTRICAO,CEREAIS,NESCAFE,NESTLE,Y,6,82.92,1.200,13.8200,,,False,APROVADO,provider_a_2026-39.csv,f96841ddb75defb53bf2baa7b4712bef1795a66808892c3b46379d08bfc62820
2026-39,2026-09-21,2026-09-27,2026,9,A,S00683,REDE 19,CONVENIENCIA,RS,PORTO ALEGRE,T044,HISTORICO,V0024,P00138,7891000000138,NUTRICAO,CEREAIS,GAROTO,NESTLE,Y,77,2079.00,77.000,27.0000,,,False,APROVADO,provider_a_2026-39.csv,a740a2b45361792bb8ff7ac4cb3fb9904fa3c1e8f6c2783ff13da8fead1f8412
2026-39,2026-09-21,2026-09-27,2026,9,B,S00687,REDE 23,ATACAREJO,MG,BELO HORIZONTE,T048,HISTORICO,V0028,P01174,7891000001174,BEBIDAS,CAFE,VIVA,FAB_VIVA,N,3,139.38,1.500,46.4600,,,False,APROVADO,provider_b_2026-39.csv,565120c8dda80f9d76c922a3ac49a01fe781bc0f13ce8cc07cebefcdee92e54f
2026-39,2026-09-21,2026-09-27,2026,9,A,S00688,REDE 24,SUPERMERCADO,MG,BELO HORIZONTE,T049,HISTORICO,V0029,P00825,7891000000825,BEBIDAS,CAFE,DELTA,FAB_DELTA,N,52,2516.80,10.400,48.4000,,,False,APROVADO,provider_a_2026-39.csv,23871d0160dd477c0b91a60732a32ee1603490a486dd657f83722fb61cbe5956
2026-39,2026-09-21,2026-09-27,2026,9,A,S00690,REDE 26,SUPERMERCADO,PR,LONDRINA,T051,HISTORICO,V0031,P01100,7891000001100,NUTRICAO,CEREAIS,PRIME,FAB_PRIME,N,58,2780.52,11.600,47.9400,,,False,APROVADO,provider_a_2026-39.csv,3c823f509c01a684bed2ae9f1c7c1580574bd79cf7c5aed8fbd15b9d21bcce89
2026-39,2026-09-21,2026-09-27,2026,9,A,S00691,REDE 27,ATACAREJO,SP,CAMPINAS,T052,HISTORICO,V0032,P01157,7891000001157,LACTEOS,LEITE EM PO,NOVA,FAB_NOVA,N,14,453.32,14.000,32.3800,,,False,APROVADO,provider_a_2026-39.csv,3cc91c0da25f8be00a63953efe4afd03c9b1cc37947320277277186505186530
2026-39,2026-09-21,2026-09-27,2026,9,B,S00692,REDE 28,ATACAREJO,RS,CAXIAS DO SUL,T053,HISTORICO,V0033,P00052,7891000000052,LACTEOS,LEITE EM PO,GAROTO,NESTLE,Y,41,1048.37,4.100,25.5700,,,False,APROVADO,provider_b_2026-39.csv,771ab36ba213ef14406bdb4ec7a213b332f24d57579ce86a3cbb2b0d29b16c55
2026-39,2026-09-21,2026-09-27,2026,9,B,S00694,REDE 30,CONVENIENCIA,SP,SAO PAULO,T055,DIM_LOJA,,P00066,7891000000066,LACTEOS,LEITE EM PO,NESQUIK,NESTLE,Y,38,847.78,19.000,22.3100,,,False,APROVADO,provider_b_2026-39.csv,11d17d1973e0fbbfa749bac1e16e25e17953cf0f75179e2169ccb118beadb43b
2026-39,2026-09-21,2026-09-27,2026,9,A,S00697,REDE 33,ATACAREJO,SP,SANTOS,T058,HISTORICO,,P01013,7891000001013,NUTRICAO,CEREAIS,VIVA,FAB_VIVA,N,66,314.16,13.200,4.7600,,,False,APROVADO,provider_a_2026-39.csv,d09e54b24ef2b632af0ea458077f931acfbf4318e9265e323cbd5361bd683637
2026-39,2026-09-21,2026-09-27,2026,9,A,S00700,REDE 01,ATACAREJO,RJ,NITEROI,T061,HISTORICO,V0041,P00654,7891000000654,CHOCOLATES,TABLETES,SOLAR,FAB_SOLAR,N,8,115.92,0.800,14.4900,,,False,APROVADO,provider_a_2026-39.csv,e1e727f1644cce6f57106b452757c7039396379918b3d184b68f97294a68fd7f
2026-39,2026-09-21,2026-09-27,2026,9,B,S00701,REDE 02,SUPERMERCADO,SP,SANTOS,T062,DIM_LOJA,,P00564,7891000000564,LACTEOS,LEITE EM PO,SOLAR,FAB_SOLAR,N,25,654.25,2.500,26.1700,,,False,APROVADO,provider_b_2026-39.csv,44f37a63b251f2f877e1896dd7297d317d7ae2cf0c3acfd14cdc80977728aaac
2026-39,2026-09-21,2026-09-27,2026,9,A,S00701,REDE 02,SUPERMERCADO,SP,SANTOS,T062,DIM_LOJA,,P00579,7891000000579,LACTEOS,LEITE EM PO,ALPHA,FAB_ALPHA,N,5,245.95,1.000,49.1900,,,False,APROVADO,provider_a_2026-39.csv,1be2943fab17accf28ea113bfa715b979ba28b85b99abc31be90ea6e92a14cb8
2026-39,2026-09-21,2026-09-27,2026,9,A,S00703,REDE 04,CONVENIENCIA,PR,LONDRINA,T064,HISTORICO,V0044,P00608,7891000000608,NUTRICAO,CEREAIS,ALPHA,FAB_ALPHA,N,17,211.82,17.000,12.4600,,,False,APROVADO,provider_a_2026-39.csv,95f8a1e4400e0a77fb9409d4f399d5a31a3c43583d9537ca12d72b54292b5fee
2026-39,2026-09-21,2026-09-27,2026,9,B,S00704,REDE 05,SUPERMERCADO,RJ,NITEROI,T065,DIM_LOJA,,P01127,7891000001127,CHOCOLATES,TABLETES,PRIME,FAB_PRIME,N,15,650.85,15.000,43.3900,,,False,APROVADO,provider_b_2026-39.csv,17758f461f641ccc6b9c9a280393e8939348169b99427dc82910284a538069ae
2026-39,2026-09-21,2026-09-27,2026,9,A,S00708,REDE 09,SUPERMERCADO,RS,PORTO ALEGRE,T069,DIM_LOJA,,P00491,7891000000491,CULINARIOS,TEMPEROS,DELTA,FAB_DELTA,N,25,532.50,5.000,21.3000,,,False,APROVADO,provider_a_2026-39.csv,1e41f98954bba5c0523bc5d25b64902b8ae21857493ea1d17447896b3641f309
2026-39,2026-09-21,2026-09-27,2026,9,B,S00708,REDE 09,SUPERMERCADO,RS,PORTO ALEGRE,T069,DIM_LOJA,,P00926,7891000000926,LACTEOS,LEITE EM PO,VIVA,FAB_VIVA,N,24,750.00,24.000,31.2500,,,False,APROVADO,provider_b_2026-39.csv,c2b8e0921ae9773aa8408a1355f3c25ac8f7c897a9d2c440105b511854f52075
2026-39,2026-09-21,2026-09-27,2026,9,A,S00709,REDE 10,ATACAREJO,RS,CAXIAS DO SUL,T070,DIM_LOJA,,P01200,7891000001200,LACTEOS,LEITE EM PO,PRIME,FAB_PRIME,N,138,1344.12,69.000,9.7400,,,False,APROVADO,provider_a_2026-39.csv,461ac87721f50b956112d56e9798daa4731b97c8523e8e78a8f3416bab19f5dd
2026-39,2026-09-21,2026-09-27,2026,9,B,S00709,REDE 10,ATACAREJO,RS,CAXIAS DO SUL,T070,DIM_LOJA,,P00597,891000000597,LACTEOS,LEITE EM PO,ALPHA,FAB_ALPHA,N,60,336.60,60.000,5.6100,,,False,APROVADO,provider_b_2026-39.csv,1719c4877e320e8faf858bf4ce7e46ccba909cc5e7029229c0242dee5c2e7df0
2026-39,2026-09-21,2026-09-27,2026,9,B,S00711,REDE 12,CONVENIENCIA,RS,PORTO ALEGRE,T072,DIM_LOJA,,P00025,7891000000025,CHOCOLATES,TABLETES,NESCAFE,NESTLE,Y,6,220.56,0.600,36.7600,,,False,APROVADO,provider_b_2026-39.csv,977e402d58639ddc69e9040f777ee4d1c20a3a77c05f571a2f16d176bb28d1ae
2026-39,2026-09-21,2026-09-27,2026,9,A,S00717,REDE 18,SUPERMERCADO,RJ,RIO DE JANEIRO,T078,DIM_LOJA,,P00503,7891000000503,LACTEOS,LEITE EM PO,NOVA,FAB_NOVA,N,5,41.70,5.000,8.3400,,,False,APROVADO,provider_a_2026-39.csv,f0a21f5609654545b8ff0d56db8c477405dc4cc70aa1a965a31152019ba31c44
2026-39,2026-09-21,2026-09-27,2026,9,A,S00718,REDE 19,CONVENIENCIA,MG,UBERLANDIA,T079,DIM_LOJA,,P00135,7891000000135,NUTRICAO,CEREAIS,NINHO,NESTLE,Y,18,453.96,3.600,25.2200,,,False,APROVADO,provider_a_2026-39.csv,4ab211dbf3943f48366961a16e4cb2107df6222c6ec60e13ce2880c6426b5c7a
2026-39,2026-09-21,2026-09-27,2026,9,B,S00720,REDE 21,CONVENIENCIA,PR,LONDRINA,T001,HISTORICO,V0061,P00191,7891000000191,CHOCOLATES,TABLETES,NINHO,NESTLE,Y,2,46.14,0.200,23.0700,,,False,APROVADO,provider_b_2026-39.csv,9aa6d85a2e20cc99bb82bb90f32fddf9ac17b857563a74c34c56998e6587791d
2026-39,2026-09-21,2026-09-27,2026,9,B,S00720,REDE 21,CONVENIENCIA,PR,LONDRINA,T001,DIM_LOJA,,P00261,7891000000261,LACTEOS,LEITE EM PO,MOCA,NESTLE,Y,45,181.35,22.500,4.0300,,,False,APROVADO,provider_b_2026-39.csv,fdee71b045f220dab998ec86e5a2ea2fa6c17a31f8295bbe8d937acc9f830552
2026-39,2026-09-21,2026-09-27,2026,9,B,S00723,REDE 24,SUPERMERCADO,RS,CAXIAS DO SUL,T004,DIM_LOJA,,P00350,7891000000350,NUTRICAO,CEREAIS,MAGGI,NESTLE,Y,7,157.99,3.500,22.5700,,,False,APROVADO,provider_b_2026-39.csv,4ec9aa353798c1d8f419cc2b07712c754c0334488303cb7dee26bd6f4a354ab7
2026-39,2026-09-21,2026-09-27,2026,9,B,S00723,REDE 24,SUPERMERCADO,RS,CAXIAS DO SUL,T004,DIM_LOJA,,P01070,7891000001070,CHOCOLATES,TABLETES,BETA,FAB_BETA,N,56,2586.08,11.200,46.1800,,,False,APROVADO,provider_b_2026-39.csv,e21338fef7497b48341881871a74f8e59484aed6dc5dba089d6a934bd2d5d50e
2026-39,2026-09-21,2026-09-27,2026,9,A,S00725,REDE 26,CONVENIENCIA,SP,SANTOS,T006,DIM_LOJA,,P00737,7891000000737,CULINARIOS,TEMPEROS,NOVA,FAB_NOVA,N,35,1116.50,17.500,31.9000,,,False,APROVADO,provider_a_2026-39.csv,44bdd4d19abe8306cda0e43fe195b7d50243ca0022a09d1f362a1f510873fc1b
2026-39,2026-09-21,2026-09-27,2026,9,A,S00727,REDE 28,CONVENIENCIA,PR,LONDRINA,T008,HISTORICO,V0068,P00575,7891000000575,CHOCOLATES,TABLETES,NOVA,FAB_NOVA,N,12,91.80,12.000,7.6500,,,False,APROVADO,provider_a_2026-39.csv,49383f0d5da79244fe67e17d41b7af0bfc646d754f16d68b912b89446ca558c8
2026-39,2026-09-21,2026-09-27,2026,9,A,S00728,REDE 29,CONVENIENCIA,SP,CAMPINAS,T009,DIM_LOJA,,P00254,7891000000254,NUTRICAO,CEREAIS,GAROTO,NESTLE,Y,5,150.00,1.000,30.0000,,,False,APROVADO,provider_a_2026-39.csv,43abfdd7a2463928590fcb8e1a5688c31b8f9ed80f145de8bacb5b58f7a60f64
2026-39,2026-09-21,2026-09-27,2026,9,A,S00728,REDE 29,CONVENIENCIA,SP,CAMPINAS,T009,HISTORICO,V0069,P00392,7891000000392,CHOCOLATES,TABLETES,NESQUIK,NESTLE,Y,28,825.72,2.800,29.4900,,,False,APROVADO,provider_a_2026-39.csv,590fa34da4426bd9c8648851aa00a26fe8a7fcc9398655177f6932275875983e
2026-39,2026-09-21,2026-09-27,2026,9,A,S00736,REDE 02,ATACAREJO,RS,PORTO ALEGRE,T017,DIM_LOJA,,P00017,7891000000017,BEBIDAS,CAFE,MOCA,NESTLE,Y,37,617.53,3.700,16.6900,,,False,APROVADO,provider_a_2026-39.csv,3f0bffc25d78d19f939f233bdea4df88564f07a4e781f398c6d194250cff42c3
2026-39,2026-09-21,2026-09-27,2026,9,A,S00739,REDE 05,SUPERMERCADO,PR,LONDRINA,T020,HISTORICO,V0080,P00540,7891000000540,NUTRICAO,CEREAIS,VIVA,FAB_VIVA,N,61,3290.95,61.000,53.9500,,,False,APROVADO,provider_a_2026-39.csv,ba709b66c09eee1ab7426658c195072b23216c859f165d32319a79c8935849ea
2026-39,2026-09-21,2026-09-27,2026,9,B,S00739,REDE 05,SUPERMERCADO,PR,LONDRINA,T020,HISTORICO,V0080,P00977,7891000000977,CHOCOLATES,TABLETES,BETA,FAB_BETA,N,48,2484.00,9.600,51.7500,,,False,APROVADO,provider_b_2026-39.csv,31d3628d58e77f112192d1a3d0caaf291b60ea7d0ecf4841a575059a454e34f4
2026-39,2026-09-21,2026-09-27,2026,9,A,S00743,REDE 09,ATACAREJO,RJ,NITEROI,T024,HISTORICO,V0084,P00584,7891000000584,LACTEOS,LEITE EM PO,PRIME,FAB_PRIME,N,5,224.45,5.000,44.8900,,,False,APROVADO,provider_a_2026-39.csv,91a53e5154284d30cc26638ac0951811013067b8db645653416580ecf20347a0
2026-39,2026-09-21,2026-09-27,2026,9,B,S00744,REDE 10,ATACAREJO,PR,CURITIBA,T025,DIM_LOJA,,P00479,7891000000479,CULINARIOS,TEMPEROS,ALPHA,FAB_ALPHA,N,13,200.20,13.000,15.4000,,,False,APROVADO,provider_b_2026-39.csv,a36dbf350c59239de938f628d72295b5001d730953e958415413da032d570bbc
2026-39,2026-09-21,2026-09-27,2026,9,B,S00744,REDE 10,ATACAREJO,PR,CURITIBA,T025,DIM_LOJA,,P00598,7891000000598,NUTRICAO,CEREAIS,BETA,FAB_BETA,N,15,421.80,7.500,28.1200,,,False,APROVADO,provider_b_2026-39.csv,1a584493fe250353c49438bb738ae0d3bcb7987020b43b67b17b8c5443b5822b
2026-39,2026-09-21,2026-09-27,2026,9,B,S00746,REDE 12,ATACAREJO,RJ,RIO DE JANEIRO,T027,DIM_LOJA,,P00591,7891000000591,CULINARIOS,TEMPEROS,SOLAR,FAB_SOLAR,N,8,292.64,8.000,36.5800,,,False,APROVADO,provider_b_2026-39.csv,0208794c34fd637ee3f60a0d6710cb9b6f5f51d8be693917daaa0ea0f8651dda
2026-39,2026-09-21,2026-09-27,2026,9,B,S00748,REDE 14,SUPERMERCADO,MG,BELO HORIZONTE,T029,DIM_LOJA,,P00440,7891000000440,NUTRICAO,CEREAIS,NOVA,FAB_NOVA,N,24,1090.80,4.800,45.4500,,,False,APROVADO,provider_b_2026-39.csv,1489257fc6549d74da7fd9483005274587c069124740b0bb51a6c3570e589518
2026-39,2026-09-21,2026-09-27,2026,9,A,S00749,REDE 15,CONVENIENCIA,SP,SAO PAULO,T030,DIM_LOJA,,P00483,7891000000483,LACTEOS,LEITE EM PO,SOLAR,FAB_SOLAR,N,16,155.20,3.200,9.7000,,,False,APROVADO,provider_a_2026-39.csv,64875c12c0f1ec1060cba74ece571d8376a6ba193df8a3eb362f31f8b2d3e479
2026-39,2026-09-21,2026-09-27,2026,9,B,S00749,REDE 15,CONVENIENCIA,SP,SAO PAULO,T030,DIM_LOJA,,P01003,7891000001003,BEBIDAS,CAFE,NOVA,FAB_NOVA,N,23,315.56,2.300,13.7200,,,False,APROVADO,provider_b_2026-39.csv,a29437dbbba3f6005d3e4db809fa617ad3dd23b274002603405a1ae3d9ee697f
2026-39,2026-09-21,2026-09-27,2026,9,A,S00750,REDE 16,SUPERMERCADO,SP,SAO PAULO,T031,DIM_LOJA,,P00175,7891000000175,BEBIDAS,CAFE,KITKAT,NESTLE,Y,6,325.44,3.000,54.2400,,,False,APROVADO,provider_a_2026-39.csv,5c12139d02d23e649bc0d56ed53495ac8dcf1bc6c91ea660ac0a7ec13dc8532e
2026-39,2026-09-21,2026-09-27,2026,9,A,S00753,REDE 19,CONVENIENCIA,SP,SANTOS,T034,DIM_LOJA,,P00013,7891000000013,LACTEOS,LEITE EM PO,MOCA,NESTLE,Y,34,429.76,6.800,12.6400,,,False,APROVADO,provider_a_2026-39.csv,bd0e935e8c99b9fb3e8760d0b443b052d1fdf404f5bdab1c17b541cd6aa3bfc5
2026-39,2026-09-21,2026-09-27,2026,9,B,S00754,REDE 20,SUPERMERCADO,RS,CAXIAS DO SUL,T035,HISTORICO,V0095,P00973,7891000000973,CULINARIOS,TEMPEROS,ALPHA,FAB_ALPHA,N,48,1162.56,9.600,24.2200,,,False,APROVADO,provider_b_2026-39.csv,cc8632563854297afe94d651b1dcb0a5a4d6261181682a32a59a529912088417
2026-39,2026-09-21,2026-09-27,2026,9,B,S00756,REDE 22,ATACAREJO,RS,PORTO ALEGRE,T037,DIM_LOJA,,P00214,7891000000214,CULINARIOS,TEMPEROS,NINHO,NESTLE,Y,20,351.20,2.000,17.5600,,,False,APROVADO,provider_b_2026-39.csv,4a772eeddf0c43be020bb0fa1a641010fecfd2a65f1ab0aebaa76d1bd915bf0a
2026-39,2026-09-21,2026-09-27,2026,9,B,S00756,REDE 22,ATACAREJO,RS,PORTO ALEGRE,T037,HISTORICO,V0097,P01022,7891000001022,NUTRICAO,CEREAIS,ALPHA,FAB_ALPHA,N,29,431.81,5.800,14.8900,,,False,APROVADO,provider_b_2026-39.csv,da94f1c49613753f9490807eefb02e6d07d3706b38e58447cf5d6cd845d7ed20
2026-39,2026-09-21,2026-09-27,2026,9,A,S00760,REDE 26,ATACAREJO,MG,BELO HORIZONTE,T041,DIM_LOJA,,P00152,7891000000152,CHOCOLATES,TABLETES,GAROTO,NESTLE,Y,17,712.47,1.700,41.9100,,,False,APROVADO,provider_a_2026-39.csv,37833dcda5598242f2fbcf2d2bbba2966f3b8cee6b7192051a972faf12a418ce
2026-39,2026-09-21,2026-09-27,2026,9,B,S00760,REDE 26,ATACAREJO,MG,BELO HORIZONTE,T041,DIM_LOJA,,P00846,891000000846,CULINARIOS,TEMPEROS,PRIME,FAB_PRIME,N,2,44.88,1.000,22.4400,,,False,APROVADO,provider_b_2026-39.csv,7a1d023da4b5e9f71fa6db7130399748384172801247bc7097dbbe80e6b41ad4
2026-39,2026-09-21,2026-09-27,2026,9,A,S00761,REDE 27,ATACAREJO,RJ,NITEROI,SEM_TERRITORIO,SEM_TERRITORIO,,P00081,7891000000081,CULINARIOS,TEMPEROS,MOCA,NESTLE,Y,227,9468.17,45.400,41.7100,,,False,APROVADO_COM_ALERTA,provider_a_2026-39.csv,ee06f4e08bc18de308c2a32e226508c79c7d4b8ce1a4d783b3c4b8c154d20a5b
2026-39,2026-09-21,2026-09-27,2026,9,A,S00762,REDE 28,CONVENIENCIA,RS,PORTO ALEGRE,T043,DIM_LOJA,,P00177,7891000000177,BEBIDAS,CAFE,GAROTO,NESTLE,Y,29,872.90,0.000,30.1000,,,False,APROVADO_COM_ALERTA,provider_a_2026-39.csv,2cfb4c75a684d1aaea8055a4e925c1e7d443246364602e1cdac14dbf1bf91985
2026-39,2026-09-21,2026-09-27,2026,9,A,S00762,REDE 28,CONVENIENCIA,RS,PORTO ALEGRE,T043,HISTORICO,V0103,P00948,7891000000948,NUTRICAO,CEREAIS,ALPHA,FAB_ALPHA,N,13,56.03,2.600,4.3100,,,False,APROVADO,provider_a_2026-39.csv,2d4e5488846a40d6d5269b4d6a47d5a8f4d0559f6dc03cd2acbfb49a3074e85c
2026-39,2026-09-21,2026-09-27,2026,9,B,S00763,REDE 29,SUPERMERCADO,MG,BELO HORIZONTE,T044,HISTORICO,V0104,P00731,7891000000731,LACTEOS,LEITE EM PO,ALPHA,FAB_ALPHA,N,20,380.00,10.000,19.0000,,,False,APROVADO,provider_b_2026-39.csv,aed87b5070fec192b882489c6bf2cb2a5ef9035def5fa667e40e46529aaef107
2026-39,2026-09-21,2026-09-27,2026,9,B,S00765,REDE 31,CONVENIENCIA,RJ,RIO DE JANEIRO,T046,DIM_LOJA,,P00649,EAN-00000649,BEBIDAS,CAFE,SOLAR,FAB_SOLAR,N,88,1024.32,8.800,11.6400,,,False,APROVADO,provider_b_2026-39.csv,5eb506258be4d920616e7f1fbcabd81f5b23334b7443c439bacb33e85fd6cdd4
2026-39,2026-09-21,2026-09-27,2026,9,B,S00777,REDE 08,ATACAREJO,PR,CURITIBA,T058,HISTORICO,V0118,P00582,7891000000582,CULINARIOS,TEMPEROS,BETA,FAB_BETA,N,11,161.70,1.100,14.7000,,,False,APROVADO,provider_b_2026-39.csv,eaec89e012dd1229acd69a9636cc4b9635c65044a12493c7bb5bebffc4041cdf
2026-39,2026-09-21,2026-09-27,2026,9,A,S00778,REDE 09,SUPERMERCADO,MG,BELO HORIZONTE,T059,DIM_LOJA,,P00208,7891000000208,CULINARIOS,TEMPEROS,MAGGI,NESTLE,Y,43,1383.74,8.600,32.1800,,,False,APROVADO,provider_a_2026-39.csv,d6a96ab83ef0f3fca1e05c96d2dfd1bd13e956f84c18124e2c1182b044a0deb6
2026-39,2026-09-21,2026-09-27,2026,9,A,S00781,REDE 12,SUPERMERCADO,RS,PORTO ALEGRE,T062,DIM_LOJA,,P00353,7891000000353,BEBIDAS,CAFE,MOCA,NESTLE,Y,24,1089.60,24.000,45.4000,,,False,APROVADO,provider_a_2026-39.csv,7299c41897d6e32cca92e970250c7dd230a3f1e2955b6fb27ce17d19211f15ba
2026-39,2026-09-21,2026-09-27,2026,9,A,S00784,REDE 15,ATACAREJO,PR,LONDRINA,T065,DIM_LOJA,,P01005,7891000001005,CHOCOLATES,TABLETES,PRIME,FAB_PRIME,N,42,488.04,4.200,11.6200,,,False,APROVADO,provider_a_2026-39.csv,c2d710e31eea02687d30e2cd557ffbae0cc45f8262602cb435df18525683ae60
2026-39,2026-09-21,2026-09-27,2026,9,A,S00784,REDE 15,ATACAREJO,PR,LONDRINA,T065,DIM_LOJA,,P01015,7891000001015,LACTEOS,LEITE EM PO,ALPHA,FAB_ALPHA,N,81,1257.93,81.000,15.5300,,,False,APROVADO,provider_a_2026-39.csv,94709ca51c9f64e8d7d12b7642f26f7dd7abe7c5cc3c86ea054790c85609ce37
2026-39,2026-09-21,2026-09-27,2026,9,A,S00785,REDE 16,ATACAREJO,RS,CAXIAS DO SUL,T066,DIM_LOJA,,P00312,7891000000312,CHOCOLATES,TABLETES,NESQUIK,NESTLE,Y,43,1132.62,43.000,26.3400,,,False,APROVADO,provider_a_2026-39.csv,c670edd80cfad22682e5dd8db0e40f17e9f987a9be6bae6815221a95e071e821
2026-39,2026-09-21,2026-09-27,2026,9,A,S00785,REDE 16,ATACAREJO,RS,CAXIAS DO SUL,T066,DIM_LOJA,,P00340,7891000000340,LACTEOS,LEITE EM PO,NESCAFE,NESTLE,Y,7,333.97,0.000,47.7100,,,False,APROVADO_COM_ALERTA,provider_a_2026-39.csv,d6d0c78041db72125f9206c9abd81e28f3cd7c8829641e6afee09b30481c4b68
2026-39,2026-09-21,2026-09-27,2026,9,B,S00785,REDE 16,ATACAREJO,RS,CAXIAS DO SUL,T066,DIM_LOJA,,P00785,7891000000785,CULINARIOS,TEMPEROS,PRIME,FAB_PRIME,N,58,2243.44,5.800,38.6800,,,False,APROVADO,provider_b_2026-39.csv,beb14aae3d043e95856a48d897602fcf646fb46a28d7379215fa5f428e28dcf1
2026-39,2026-09-21,2026-09-27,2026,9,A,S00787,REDE 18,SUPERMERCADO,PR,LONDRINA,T068,DIM_LOJA,,P00787,7891000000787,BEBIDAS,CAFE,SOLAR,FAB_SOLAR,N,31,1634.63,6.200,52.7300,,,False,APROVADO,provider_a_2026-39.csv,7143bbd3a6f9cb7a05d444fd03ae64da8d2311ee379048c477371329aa1fc597
2026-39,2026-09-21,2026-09-27,2026,9,A,S00788,REDE 19,SUPERMERCADO,SP,SANTOS,T069,DIM_LOJA,,P00426,7891000000426,CULINARIOS,TEMPEROS,PRIME,FAB_PRIME,N,11,549.34,11.000,49.9400,,,False,APROVADO,provider_a_2026-39.csv,4db3f77da18edf7792b3c9fe91d355f6e72c23917d3a432207f93d9922e36805
2026-39,2026-09-21,2026-09-27,2026,9,B,S00798,REDE 29,SUPERMERCADO,RS,PORTO ALEGRE,T079,DIM_LOJA,,P00011,7891000000011,NUTRICAO,CEREAIS,MAGGI,NESTLE,Y,91,3065.79,18.200,33.6900,,,False,APROVADO,provider_b_2026-39.csv,37bdbfafbe6f99b3f8bddd1190eb46b4ea406ca833d7bd47411d69413cb017da
2026-39,2026-09-21,2026-09-27,2026,9,B,S00803,REDE 34,SUPERMERCADO,PR,CURITIBA,T004,HISTORICO,V0144,P00321,7891000000321,CULINARIOS,TEMPEROS,MOCA,NESTLE,Y,62,1088.72,31.000,17.5600,,,False,APROVADO,provider_b_2026-39.csv,d0cd49c1da52530d3b77a7f02b26e487436c4e753c59243a43aec6d1015e8f13
2026-39,2026-09-21,2026-09-27,2026,9,A,S00803,REDE 34,SUPERMERCADO,PR,CURITIBA,T004,DIM_LOJA,,P00362,7891000000362,NUTRICAO,CEREAIS,MOCA,NESTLE,Y,19,248.33,9.500,13.0700,,,False,APROVADO,provider_a_2026-39.csv,b5c2e82e63cfbf5b2853be04fbaa668d659ba89fb94a792d40c59c24f9faa2e5
2026-39,2026-09-21,2026-09-27,2026,9,A,S00805,REDE 01,SUPERMERCADO,MG,BELO HORIZONTE,T006,DIM_LOJA,,P00132,7891000000132,LACTEOS,LEITE EM PO,NESQUIK,NESTLE,Y,44,1701.48,44.000,38.6700,,,False,APROVADO,provider_a_2026-39.csv,4d6ae8718d99337005a3e172ab974546674e65d8ad0544bab436619853d4dc1a
2026-39,2026-09-21,2026-09-27,2026,9,B,S00813,REDE 09,SUPERMERCADO,SP,SANTOS,T014,HISTORICO,V0154,P00238,7891000000238,NUTRICAO,CEREAIS,NESCAFE,NESTLE,Y,17,82.79,8.500,4.8700,,,False,APROVADO,provider_b_2026-39.csv,424d414420fecf2b720876eee31f8dce9348a0930d8e98c887afbcbee0b7f5a6
2026-39,2026-09-21,2026-09-27,2026,9,A,S00814,REDE 10,ATACAREJO,MG,BELO HORIZONTE,T015,HISTORICO,V0155,P00840,7891000000840,BEBIDAS,CAFE,ALPHA,FAB_ALPHA,N,118,2752.94,11.800,23.3300,,,False,APROVADO,provider_a_2026-39.csv,cc620d699710c1110687c0923e6d9c13fff0451b83b4e754e3fcfd30f39f4ef7
2026-39,2026-09-21,2026-09-27,2026,9,A,S00816,REDE 12,CONVENIENCIA,MG,UBERLANDIA,T017,DIM_LOJA,,P00523,7891000000523,BEBIDAS,CAFE,PRIME,FAB_PRIME,N,12,559.44,6.000,46.6200,,,False,APROVADO,provider_a_2026-39.csv,2e1089366b964166ca7e30e15f610aa036d50e3a17ad1c4a967d851f2c33a9ff
2026-39,2026-09-21,2026-09-27,2026,9,A,S00816,REDE 12,CONVENIENCIA,MG,UBERLANDIA,T017,DIM_LOJA,,P00763,7891000000763,LACTEOS,LEITE EM PO,NOVA,FAB_NOVA,N,27,1121.04,5.400,41.5200,,,False,APROVADO,provider_a_2026-39.csv,45ec9e3b2130374b29f1a6213c64658ac07a0a5fd5363ac516499f579bd4452a
2026-39,2026-09-21,2026-09-27,2026,9,A,S00817,REDE 13,ATACAREJO,SP,SANTOS,T018,HISTORICO,V0158,P00151,7891000000151,LACTEOS,LEITE EM PO,NESQUIK,NESTLE,Y,59,2453.22,5.900,41.5800,,,False,APROVADO,provider_a_2026-39.csv,2f6f49ad16518326a3dc7d8cb4e475ae5d7ccb8974569354bee475885a3d93a5
2026-39,2026-09-21,2026-09-27,2026,9,B,S00817,REDE 13,ATACAREJO,SP,SANTOS,T018,HISTORICO,V0158,P00235,7891000000235,LACTEOS,LEITE EM PO,GAROTO,NESTLE,Y,35,336.35,17.500,9.6100,,,False,APROVADO,provider_b_2026-39.csv,060bd114be80fc298266c9b88801edad7cd861fc23da8bdccfd2de537b6296d2
2026-39,2026-09-21,2026-09-27,2026,9,A,S00819,REDE 15,ATACAREJO,PR,LONDRINA,T020,DIM_LOJA,,P00362,7891000000362,NUTRICAO,CEREAIS,MOCA,NESTLE,Y,53,1197.80,5.300,22.6000,,,False,APROVADO,provider_a_2026-39.csv,726fd224179dc7831af05cb849612cf1019009257ce6bbe9b155ab82075f3871
2026-39,2026-09-21,2026-09-27,2026,9,A,S00822,REDE 18,ATACAREJO,RJ,RIO DE JANEIRO,T023,DIM_LOJA,,P00344,7891000000344,CULINARIOS,TEMPEROS,MOCA,NESTLE,Y,4,154.92,0.400,38.7300,,,False,APROVADO,provider_a_2026-39.csv,81cb9f40c592553dbaedf7e748690394d0a78b6e781c3c9f225930647c62f852
2026-39,2026-09-21,2026-09-27,2026,9,A,S00824,REDE 20,SUPERMERCADO,SP,CAMPINAS,T025,DIM_LOJA,,P00860,7891000000860,CHOCOLATES,TABLETES,PRIME,FAB_PRIME,N,85,4211.75,17.000,49.5500,,,False,APROVADO,provider_a_2026-39.csv,dfd39f1dd3622e68767df2ff9d3cd20fbfbc835f2cceb740d403142a712813b9
2026-39,2026-09-21,2026-09-27,2026,9,A,S00828,REDE 24,CONVENIENCIA,RS,PORTO ALEGRE,T029,DIM_LOJA,,P00154,7891000000154,NUTRICAO,CEREAIS,KITKAT,NESTLE,Y,25,1170.50,25.000,46.8200,,,False,APROVADO,provider_a_2026-39.csv,1af5bd90110e865efa31d1e6cf6240d461e85b822028a6dd6108359f406178fe
2026-39,2026-09-21,2026-09-27,2026,9,B,S00831,REDE 27,SUPERMERCADO,RJ,RIO DE JANEIRO,T032,DIM_LOJA,,P00769,7891000000769,NUTRICAO,CEREAIS,BETA,FAB_BETA,N,86,264.88,17.200,3.0800,,,False,APROVADO,provider_b_2026-39.csv,7b9561bd192bbce93bdf00be8f2f52dda8c9a1be66e79d4ab45fb0c7854f4cff
2026-39,2026-09-21,2026-09-27,2026,9,B,S00837,REDE 33,CONVENIENCIA,RS,PORTO ALEGRE,T038,HISTORICO,V0178,P00189,7891000000189,LACTEOS,LEITE EM PO,GAROTO,NESTLE,Y,193,10605.35,96.500,54.9500,,,False,APROVADO,provider_b_2026-39.csv,8f69a38b059d0b4fc5791ab645e727f79d46216bf559ad221ab00ae8a5eeb148
2026-39,2026-09-21,2026-09-27,2026,9,A,S00838,REDE 34,CONVENIENCIA,SP,SAO PAULO,T039,DIM_LOJA,,P00210,7891000000210,CULINARIOS,TEMPEROS,GAROTO,NESTLE,Y,80,3982.40,40.000,49.7800,,,False,APROVADO,provider_a_2026-39.csv,66e4f519fcf70719e62cfb71d999806a00d981dac4011ecea9f2b009cd5408a4
2026-39,2026-09-21,2026-09-27,2026,9,B,S00841,REDE 02,ATACAREJO,RJ,NITEROI,T042,DIM_LOJA,,P00343,7891000000343,BEBIDAS,CAFE,NESQUIK,NESTLE,Y,126,5783.40,126.000,45.9000,,,False,APROVADO,provider_b_2026-39.csv,7b01bd5cfe25e11079c243c09d4266b83fa381d8432a0eb82547d5b87a233751
2026-39,2026-09-21,2026-09-27,2026,9,B,S00842,REDE 03,ATACAREJO,RS,CAXIAS DO SUL,T043,DIM_LOJA,,P00644,7891000000644,BEBIDAS,CAFE,DELTA,FAB_DELTA,N,28,209.72,28.000,7.4900,,,False,APROVADO,provider_b_2026-39.csv,daa780ebdda831c9be3d78134f7c3bd6ea421e352be09e2f0bb0d8c2165a968b
2026-39,2026-09-21,2026-09-27,2026,9,A,S00846,REDE 07,ATACAREJO,RJ,NITEROI,T047,DIM_LOJA,,P00208,7891000000208,CULINARIOS,TEMPEROS,MAGGI,NESTLE,Y,24,538.56,12.000,22.4400,,,False,APROVADO,provider_a_2026-39.csv,25bc834b6a6abda84540b672398b9e67c7da33deeb487baa27d9895aae428a65
2026-39,2026-09-21,2026-09-27,2026,9,A,S00848,REDE 09,SUPERMERCADO,MG,BELO HORIZONTE,T049,DIM_LOJA,,P00472,7891000000472,LACTEOS,LEITE EM PO,PRIME,FAB_PRIME,N,7,126.98,1.400,18.1400,,,False,APROVADO,provider_a_2026-39.csv,42778dfe2f2a3eb95e6e3839c22e8d6c79090d2e20e54f98d60b453cf1a88958
2026-39,2026-09-21,2026-09-27,2026,9,B,S00848,REDE 09,SUPERMERCADO,MG,BELO HORIZONTE,T049,DIM_LOJA,,P00806,7891000000806,BEBIDAS,CAFE,BETA,FAB_BETA,N,15,169.50,7.500,11.3000,,,False,APROVADO,provider_b_2026-39.csv,1b2ec6a1e32db193100a6f719ccd71ac50d52bf0bba2091e9c6f58a5a3454684
2026-39,2026-09-21,2026-09-27,2026,9,A,S00850,REDE 11,CONVENIENCIA,RJ,RIO DE JANEIRO,T051,DIM_LOJA,,P00497,7891000000497,CULINARIOS,TEMPEROS,NOVA,FAB_NOVA,N,5,31.65,5.000,6.3300,,,False,APROVADO,provider_a_2026-39.csv,7c291e6f0ac01d901ae7d17f27d5c93d1a2cf64d5f6fada409841be8b101f382
2026-39,2026-09-21,2026-09-27,2026,9,B,S00852,REDE 13,SUPERMERCADO,RS,CAXIAS DO SUL,T053,HISTORICO,V0193,P00072,7891000000072,LACTEOS,LEITE EM PO,NESCAFE,NESTLE,Y,25,441.50,25.000,17.6600,,,False,APROVADO,provider_b_2026-39.csv,8c9b7a88d4105c42bbc3c37a9d1897d623a7c2efda6217aed276f5fb546e795e
2026-39,2026-09-21,2026-09-27,2026,9,A,S00854,REDE 15,ATACAREJO,SP,SANTOS,T055,HISTORICO,V0195,P00094,7891000000094,BEBIDAS,CAFE,KITKAT,NESTLE,Y,66,2273.70,13.200,34.4500,,,False,APROVADO,provider_a_2026-39.csv,66a514757100d7bf66f42bcf39728bab0a4860a102875cb57827db49d7f41866
2026-39,2026-09-21,2026-09-27,2026,9,B,S00854,REDE 15,ATACAREJO,SP,SANTOS,T055,DIM_LOJA,,P00530,7891000000530,LACTEOS,LEITE EM PO,VIVA,FAB_VIVA,N,20,827.00,2.000,41.3500,,,False,APROVADO,provider_b_2026-39.csv,39abeb18b79dec12c778e27b8870b4c5439d534f55ad1c2236f91fec120f2538
2026-39,2026-09-21,2026-09-27,2026,9,A,S00856,REDE 17,CONVENIENCIA,RS,PORTO ALEGRE,T057,HISTORICO,V0197,P00799,7891000000799,CHOCOLATES,TABLETES,SOLAR,FAB_SOLAR,N,21,1126.65,10.500,53.6500,,,False,APROVADO,provider_a_2026-39.csv,85f66656352a71d26125f868b625232e6bb0ccdaa1bf08f175a87619b335569e
2026-39,2026-09-21,2026-09-27,2026,9,B,S00862,REDE 23,CONVENIENCIA,RS,CAXIAS DO SUL,T063,HISTORICO,V0203,P00084,7891000000084,LACTEOS,LEITE EM PO,GAROTO,NESTLE,Y,45,606.15,9.000,13.4700,,,False,APROVADO,provider_b_2026-39.csv,2ef2dcb84212963557e0b88db1740803e57a6a5b5d73d6ba1b7aa11ec53cd9df
2026-39,2026-09-21,2026-09-27,2026,9,A,S00866,REDE 27,CONVENIENCIA,MG,UBERLANDIA,T067,DIM_LOJA,,P01126,7891000001126,NUTRICAO,CEREAIS,BETA,FAB_BETA,N,16,92.16,16.000,5.7600,,,False,APROVADO,provider_a_2026-39.csv,e93c3775f59b45d42c7362dbc864a3eedaf085b34232705823683538f88bcd32
