level,level_value,year_week,category,brand,manufacturer,is_own_product,brand_value_brl,category_value_brl,ms_value,ms_value_official,brand_volume_kg,category_volume_kg,ms_volume,brand_units,ms_rank,brand_stores,coverage_ratio,quarantine_row_pct,value_alert_pct,ms_status
NACIONAL,BRASIL,2025-02,BEBIDAS,DELTA,FAB_DELTA,N,46623.82,305938.00,0.1523963,,563.200,4424.000,0.12730561,1252,1,27,0.7482,0.0109,0.0826,NAO_OFICIAL_COBERTURA
NACIONAL,BRASIL,2025-02,BEBIDAS,SOLAR,FAB_SOLAR,N,37254.88,305938.00,0.12177265,,689.000,4424.000,0.15574141,1402,2,36,0.7482,0.0109,0.0826,NAO_OFICIAL_COBERTURA
NACIONAL,BRASIL,2025-02,BEBIDAS,BETA,FAB_BETA,N,35588.80,305938.00,0.11632684,,494.700,4424.000,0.11182188,1101,3,24,0.7482,0.0109,0.0826,NAO_OFICIAL_COBERTURA
NACIONAL,BRASIL,2025-02,BEBIDAS,NESCAFE,NESTLE,Y,31066.26,305938.00,0.1015443,,389.100,4424.000,0.08795208,1374,4,34,0.7482,0.0109,0.0826,NAO_OFICIAL_COBERTURA
NACIONAL,BRASIL,2025-02,BEBIDAS,ALPHA,FAB_ALPHA,N,29661.31,305938.00,0.09695203,,330.300,4424.000,0.07466094,765,5,25,0.7482,0.0109,0.0826,NAO_OFICIAL_COBERTURA
NACIONAL,BRASIL,2025-02,BEBIDAS,NESQUIK,NESTLE,Y,20150.82,305938.00,0.0658657,,282.800,4424.000,0.06392405,667,6,21,0.7482,0.0109,0.0826,NAO_OFICIAL_COBERTURA
NACIONAL,BRASIL,2025-02,BEBIDAS,KITKAT,NESTLE,Y,19529.90,305938.00,0.06383614,,155.100,4424.000,0.03505877,676,7,11,0.7482,0.0109,0.0826,NAO_OFICIAL_COBERTURA
NACIONAL,BRASIL,2025-02,BEBIDAS,VIVA,FAB_VIVA,N,19023.00,305938.00,0.06217927,,343.100,4424.000,0.07755425,766,8,16,0.7482,0.0109,0.0826,NAO_OFICIAL_COBERTURA
NACIONAL,BRASIL,2025-02,BEBIDAS,NOVA,FAB_NOVA,N,16592.71,305938.00,0.05423553,,304.000,4424.000,0.06871609,656,9,22,0.7482,0.0109,0.0826,NAO_OFICIAL_COBERTURA
NACIONAL,BRASIL,2025-02,BEBIDAS,PRIME,FAB_PRIME,N,15461.95,305938.00,0.05053949,,247.900,4424.000,0.05603526,456,10,18,0.7482,0.0109,0.0826,NAO_OFICIAL_COBERTURA
NACIONAL,BRASIL,2025-02,BEBIDAS,NINHO,NESTLE,Y,12098.68,305938.00,0.03954618,,267.500,4424.000,0.06046564,813,11,32,0.7482,0.0109,0.0826,NAO_OFICIAL_COBERTURA
NACIONAL,BRASIL,2025-02,BEBIDAS,GAROTO,NESTLE,Y,10293.43,305938.00,0.03364548,,172.700,4424.000,0.03903707,399,12,11,0.7482,0.0109,0.0826,NAO_OFICIAL_COBERTURA
NACIONAL,BRASIL,2025-02,BEBIDAS,MAGGI,NESTLE,Y,8074.03,305938.00,0.02639107,,138.500,4424.000,0.03130651,402,13,12,0.7482,0.0109,0.0826,NAO_OFICIAL_COBERTURA
NACIONAL,BRASIL,2025-02,BEBIDAS,MOCA,NESTLE,Y,4518.41,305938.00,0.01476904,,46.100,4424.000,0.01042043,108,14,7,0.7482,0.0109,0.0826,NAO_OFICIAL_COBERTURA
NACIONAL,BRASIL,2025-02,CHOCOLATES,NOVA,FAB_NOVA,N,32739.36,246162.19,0.13299914,,480.400,3683.500,0.13041944,1172,1,27,0.7482,0.0109,0.0414,NAO_OFICIAL_COBERTURA
NACIONAL,BRASIL,2025-02,CHOCOLATES,BETA,FAB_BETA,N,29262.67,246162.19,0.11887557,,401.200,3683.500,0.10891815,1363,2,37,0.7482,0.0109,0.0414,NAO_OFICIAL_COBERTURA
NACIONAL,BRASIL,2025-02,CHOCOLATES,ALPHA,FAB_ALPHA,N,22291.59,246162.19,0.09055651,,613.400,3683.500,0.1665264,949,3,24,0.7482,0.0109,0.0414,NAO_OFICIAL_COBERTURA
NACIONAL,BRASIL,2025-02,CHOCOLATES,GAROTO,NESTLE,Y,21800.09,246162.19,0.08855986,,63.700,3683.500,0.01729334,439,4,3,0.7482,0.0109,0.0414,NAO_OFICIAL_COBERTURA
NACIONAL,BRASIL,2025-02,CHOCOLATES,NINHO,NESTLE,Y,18454.59,246162.19,0.07496923,,237.100,3683.500,0.06436813,503,5,14,0.7482,0.0109,0.0414,NAO_OFICIAL_COBERTURA
NACIONAL,BRASIL,2025-02,CHOCOLATES,PRIME,FAB_PRIME,N,18313.08,246162.19,0.07439437,,337.600,3683.500,0.09165196,791,6,23,0.7482,0.0109,0.0414,NAO_OFICIAL_COBERTURA
NACIONAL,BRASIL,2025-02,CHOCOLATES,VIVA,FAB_VIVA,N,16750.55,246162.19,0.0680468,,322.500,3683.500,0.0875526,679,7,23,0.7482,0.0109,0.0414,NAO_OFICIAL_COBERTURA
NACIONAL,BRASIL,2025-02,CHOCOLATES,KITKAT,NESTLE,Y,16699.96,246162.19,0.06784129,,164.200,3683.500,0.04457717,574,8,15,0.7482,0.0109,0.0414,NAO_OFICIAL_COBERTURA
NACIONAL,BRASIL,2025-02,CHOCOLATES,DELTA,FAB_DELTA,N,15455.71,246162.19,0.06278669,,244.600,3683.500,0.06640424,631,9,24,0.7482,0.0109,0.0414,NAO_OFICIAL_COBERTURA
NACIONAL,BRASIL,2025-02,CHOCOLATES,NESQUIK,NESTLE,Y,14345.12,246162.19,0.05827507,,100.100,3683.500,0.02717524,337,10,8,0.7482,0.0109,0.0414,NAO_OFICIAL_COBERTURA
NACIONAL,BRASIL,2025-02,CHOCOLATES,SOLAR,FAB_SOLAR,N,13824.15,246162.19,0.05615871,,181.300,3683.500,0.04921949,468,11,25,0.7482,0.0109,0.0414,NAO_OFICIAL_COBERTURA
NACIONAL,BRASIL,2025-02,CHOCOLATES,MAGGI,NESTLE,Y,10777.89,246162.19,0.04378369,,197.900,3683.500,0.05372608,339,12,8,0.7482,0.0109,0.0414,NAO_OFICIAL_COBERTURA
NACIONAL,BRASIL,2025-02,CHOCOLATES,MOCA,NESTLE,Y,8609.06,246162.19,0.03497312,,219.800,3683.500,0.05967151,362,13,11,0.7482,0.0109,0.0414,NAO_OFICIAL_COBERTURA
NACIONAL,BRASIL,2025-02,CHOCOLATES,NESCAFE,NESTLE,Y,6838.37,246162.19,0.02777994,,119.700,3683.500,0.03249627,233,14,11,0.7482,0.0109,0.0414,NAO_OFICIAL_COBERTURA
NACIONAL,BRASIL,2025-02,CULINARIOS,BETA,FAB_BETA,N,41327.95,258837.99,0.15966725,,782.100,4624.900,0.16910636,1148,1,25,0.7482,0.0109,0.1484,NAO_OFICIAL_COBERTURA
NACIONAL,BRASIL,2025-02,CULINARIOS,PRIME,FAB_PRIME,N,31247.78,258837.99,0.12072331,,547.200,4624.900,0.11831607,960,2,28,0.7482,0.0109,0.1484,NAO_OFICIAL_COBERTURA
NACIONAL,BRASIL,2025-02,CULINARIOS,NINHO,NESTLE,Y,28261.91,258837.99,0.10918764,,309.800,4624.900,0.06698523,1009,3,26,0.7482,0.0109,0.1484,NAO_OFICIAL_COBERTURA
NACIONAL,BRASIL,2025-02,CULINARIOS,NOVA,FAB_NOVA,N,26215.16,258837.99,0.10128019,,514.000,4624.900,0.11113754,951,4,32,0.7482,0.0109,0.1484,NAO_OFICIAL_COBERTURA
NACIONAL,BRASIL,2025-02,CULINARIOS,VIVA,FAB_VIVA,N,23022.49,258837.99,0.08894556,,384.500,4624.900,0.08313693,903,5,26,0.7482,0.0109,0.1484,NAO_OFICIAL_COBERTURA
NACIONAL,BRASIL,2025-02,CULINARIOS,ALPHA,FAB_ALPHA,N,22557.41,258837.99,0.08714876,,560.800,4624.900,0.12125668,961,6,18,0.7482,0.0109,0.1484,NAO_OFICIAL_COBERTURA
NACIONAL,BRASIL,2025-02,CULINARIOS,SOLAR,FAB_SOLAR,N,20294.03,258837.99,0.07840437,,332.300,4624.900,0.0718502,697,7,23,0.7482,0.0109,0.1484,NAO_OFICIAL_COBERTURA
NACIONAL,BRASIL,2025-02,CULINARIOS,MOCA,NESTLE,Y,15623.92,258837.99,0.06036177,,408.800,4624.900,0.0883911,511,8,10,0.7482,0.0109,0.1484,NAO_OFICIAL_COBERTURA
NACIONAL,BRASIL,2025-02,CULINARIOS,MAGGI,NESTLE,Y,12269.72,258837.99,0.04740309,,152.400,4624.900,0.03295206,431,9,11,0.7482,0.0109,0.1484,NAO_OFICIAL_COBERTURA
NACIONAL,BRASIL,2025-02,CULINARIOS,DELTA,FAB_DELTA,N,12230.68,258837.99,0.04725226,,130.900,4624.900,0.02830331,714,10,7,0.7482,0.0109,0.1484,NAO_OFICIAL_COBERTURA
NACIONAL,BRASIL,2025-02,CULINARIOS,KITKAT,NESTLE,Y,11933.51,258837.99,0.04610417,,121.300,4624.900,0.02622759,464,11,12,0.7482,0.0109,0.1484,NAO_OFICIAL_COBERTURA
NACIONAL,BRASIL,2025-02,CULINARIOS,NESCAFE,NESTLE,Y,5819.70,258837.99,0.02248395,,101.000,4624.900,0.02183831,258,12,9,0.7482,0.0109,0.1484,NAO_OFICIAL_COBERTURA
NACIONAL,BRASIL,2025-02,CULINARIOS,GAROTO,NESTLE,Y,4679.57,258837.99,0.01807915,,181.300,4624.900,0.03920085,426,13,8,0.7482,0.0109,0.1484,NAO_OFICIAL_COBERTURA
NACIONAL,BRASIL,2025-02,CULINARIOS,NESQUIK,NESTLE,Y,3354.16,258837.99,0.01295853,,98.500,4624.900,0.02129776,178,14,8,0.7482,0.0109,0.1484,NAO_OFICIAL_COBERTURA
NACIONAL,BRASIL,2025-02,LACTEOS,SOLAR,FAB_SOLAR,N,43278.22,300022.14,0.14425009,,465.700,4536.700,0.10265171,1289,1,33,0.7482,0.0109,0.0622,NAO_OFICIAL_COBERTURA
NACIONAL,BRASIL,2025-02,LACTEOS,PRIME,FAB_PRIME,N,38102.86,300022.14,0.12700016,,484.300,4536.700,0.1067516,1242,2,21,0.7482,0.0109,0.0622,NAO_OFICIAL_COBERTURA
NACIONAL,BRASIL,2025-02,LACTEOS,DELTA,FAB_DELTA,N,35278.81,300022.14,0.11758736,,576.400,4536.700,0.1270527,1295,3,39,0.7482,0.0109,0.0622,NAO_OFICIAL_COBERTURA
NACIONAL,BRASIL,2025-02,LACTEOS,ALPHA,FAB_ALPHA,N,32001.46,300022.14,0.10666366,,661.900,4536.700,0.145899,1190,4,28,0.7482,0.0109,0.0622,NAO_OFICIAL_COBERTURA
NACIONAL,BRASIL,2025-02,LACTEOS,NESCAFE,NESTLE,Y,21115.38,300022.14,0.07037941,,177.100,4536.700,0.03903719,520,5,15,0.7482,0.0109,0.0622,NAO_OFICIAL_COBERTURA
NACIONAL,BRASIL,2025-02,LACTEOS,NESQUIK,NESTLE,Y,19438.52,300022.14,0.06479029,,335.000,4536.700,0.07384222,735,6,12,0.7482,0.0109,0.0622,NAO_OFICIAL_COBERTURA
NACIONAL,BRASIL,2025-02,LACTEOS,MOCA,NESTLE,Y,19387.31,300022.14,0.0646196,,397.000,4536.700,0.08750854,540,7,16,0.7482,0.0109,0.0622,NAO_OFICIAL_COBERTURA
NACIONAL,BRASIL,2025-02,LACTEOS,MAGGI,NESTLE,Y,17062.10,300022.14,0.05686947,,285.900,4536.700,0.06301938,440,8,6,0.7482,0.0109,0.0622,NAO_OFICIAL_COBERTURA
NACIONAL,BRASIL,2025-02,LACTEOS,GAROTO,NESTLE,Y,16385.54,300022.14,0.05461444,,243.400,4536.700,0.05365133,594,9,16,0.7482,0.0109,0.0622,NAO_OFICIAL_COBERTURA
NACIONAL,BRASIL,2025-02,LACTEOS,KITKAT,NESTLE,Y,14819.08,300022.14,0.04939329,,211.400,4536.700,0.04659775,467,10,14,0.7482,0.0109,0.0622,NAO_OFICIAL_COBERTURA
NACIONAL,BRASIL,2025-02,LACTEOS,BETA,FAB_BETA,N,14150.13,300022.14,0.04716362,,233.400,4536.700,0.05144709,648,11,29,0.7482,0.0109,0.0622,NAO_OFICIAL_COBERTURA
NACIONAL,BRASIL,2025-02,LACTEOS,VIVA,FAB_VIVA,N,12555.55,300022.14,0.04184874,,142.000,4536.700,0.03130028,620,12,21,0.7482,0.0109,0.0622,NAO_OFICIAL_COBERTURA
NACIONAL,BRASIL,2025-02,LACTEOS,NOVA,FAB_NOVA,N,8243.74,300022.14,0.02747711,,197.600,4536.700,0.04355589,372,13,15,0.7482,0.0109,0.0622,NAO_OFICIAL_COBERTURA
NACIONAL,BRASIL,2025-02,LACTEOS,NINHO,NESTLE,Y,8203.44,300022.14,0.02734278,,125.600,4536.700,0.02768532,302,14,11,0.7482,0.0109,0.0622,NAO_OFICIAL_COBERTURA
NACIONAL,BRASIL,2025-02,NUTRICAO,DELTA,FAB_DELTA,N,53224.53,350867.27,0.1516942,,1207.900,6088.700,0.19838389,2090,1,40,0.7482,0.0109,0.0669,NAO_OFICIAL_COBERTURA
NACIONAL,BRASIL,2025-02,NUTRICAO,NESQUIK,NESTLE,Y,48584.15,350867.27,0.13846874,,1011.300,6088.700,0.16609457,2662,2,43,0.7482,0.0109,0.0669,NAO_OFICIAL_COBERTURA
NACIONAL,BRASIL,2025-02,NUTRICAO,ALPHA,FAB_ALPHA,N,43874.75,350867.27,0.12504657,,618.300,6088.700,0.10154877,1545,3,29,0.7482,0.0109,0.0669,NAO_OFICIAL_COBERTURA
NACIONAL,BRASIL,2025-02,NUTRICAO,PRIME,FAB_PRIME,N,37720.92,350867.27,0.10750766,,578.600,6088.700,0.0950285,1072,4,28,0.7482,0.0109,0.0669,NAO_OFICIAL_COBERTURA
NACIONAL,BRASIL,2025-02,NUTRICAO,SOLAR,FAB_SOLAR,N,30051.45,350867.27,0.08564905,,488.900,6088.700,0.08029629,780,5,20,0.7482,0.0109,0.0669,NAO_OFICIAL_COBERTURA
NACIONAL,BRASIL,2025-02,NUTRICAO,BETA,FAB_BETA,N,27801.68,350867.27,0.07923703,,337.200,6088.700,0.05538128,916,6,27,0.7482,0.0109,0.0669,NAO_OFICIAL_COBERTURA
NACIONAL,BRASIL,2025-02,NUTRICAO,NOVA,FAB_NOVA,N,21182.09,350867.27,0.06037066,,347.900,6088.700,0.05713863,754,7,23,0.7482,0.0109,0.0669,NAO_OFICIAL_COBERTURA
NACIONAL,BRASIL,2025-02,NUTRICAO,KITKAT,NESTLE,Y,20209.89,350867.27,0.05759982,,411.400,6088.700,0.06756779,821,8,16,0.7482,0.0109,0.0669,NAO_OFICIAL_COBERTURA
NACIONAL,BRASIL,2025-02,NUTRICAO,NINHO,NESTLE,Y,19777.87,350867.27,0.05636852,,277.800,6088.700,0.0456255,566,9,12,0.7482,0.0109,0.0669,NAO_OFICIAL_COBERTURA
NACIONAL,BRASIL,2025-02,NUTRICAO,NESCAFE,NESTLE,Y,16344.33,350867.27,0.04658266,,269.000,6088.700,0.0441802,538,10,18,0.7482,0.0109,0.0669,NAO_OFICIAL_COBERTURA
NACIONAL,BRASIL,2025-02,NUTRICAO,GAROTO,NESTLE,Y,9537.30,350867.27,0.02718207,,113.400,6088.700,0.01862467,284,11,12,0.7482,0.0109,0.0669,NAO_OFICIAL_COBERTURA
NACIONAL,BRASIL,2025-02,NUTRICAO,MOCA,NESTLE,Y,8567.42,350867.27,0.02441784,,165.500,6088.700,0.0271815,306,12,9,0.7482,0.0109,0.0669,NAO_OFICIAL_COBERTURA
NACIONAL,BRASIL,2025-02,NUTRICAO,VIVA,FAB_VIVA,N,8234.59,350867.27,0.02346925,,171.000,6088.700,0.02808481,342,13,9,0.7482,0.0109,0.0669,NAO_OFICIAL_COBERTURA
NACIONAL,BRASIL,2025-02,NUTRICAO,MAGGI,NESTLE,Y,5756.30,350867.27,0.01640592,,90.500,6088.700,0.0148636,272,14,8,0.7482,0.0109,0.0669,NAO_OFICIAL_COBERTURA
NACIONAL,BRASIL,2025-03,BEBIDAS,BETA,FAB_BETA,N,43573.94,287923.16,0.15133878,0.15133878,835.900,5455.400,0.15322433,1396,1,24,0.8381,0.0123,0.0788,OFICIAL
NACIONAL,BRASIL,2025-03,BEBIDAS,VIVA,FAB_VIVA,N,35061.42,287923.16,0.12177353,0.12177353,826.500,5455.400,0.15150126,1119,2,24,0.8381,0.0123,0.0788,OFICIAL
NACIONAL,BRASIL,2025-03,BEBIDAS,NINHO,NESTLE,Y,24859.87,287923.16,0.08634203,0.08634203,444.300,5455.400,0.08144224,1046,3,35,0.8381,0.0123,0.0788,OFICIAL
NACIONAL,BRASIL,2025-03,BEBIDAS,MAGGI,NESTLE,Y,24329.38,287923.16,0.08449956,0.08449956,464.300,5455.400,0.08510833,814,4,11,0.8381,0.0123,0.0788,OFICIAL
NACIONAL,BRASIL,2025-03,BEBIDAS,ALPHA,FAB_ALPHA,N,23703.98,287923.16,0.08232745,0.08232745,449.600,5455.400,0.08241376,856,5,22,0.8381,0.0123,0.0788,OFICIAL
NACIONAL,BRASIL,2025-03,BEBIDAS,SOLAR,FAB_SOLAR,N,22225.01,287923.16,0.07719077,0.07719077,389.500,5455.400,0.07139715,894,6,26,0.8381,0.0123,0.0788,OFICIAL
NACIONAL,BRASIL,2025-03,BEBIDAS,PRIME,FAB_PRIME,N,17370.26,287923.16,0.0603295,0.0603295,207.600,5455.400,0.03805404,570,7,18,0.8381,0.0123,0.0788,OFICIAL
NACIONAL,BRASIL,2025-03,BEBIDAS,NOVA,FAB_NOVA,N,17076.46,287923.16,0.05930909,0.05930909,379.800,5455.400,0.06961909,702,8,12,0.8381,0.0123,0.0788,OFICIAL
NACIONAL,BRASIL,2025-03,BEBIDAS,NESCAFE,NESTLE,Y,16291.58,287923.16,0.05658308,0.05658308,366.600,5455.400,0.06719947,958,9,33,0.8381,0.0123,0.0788,OFICIAL
NACIONAL,BRASIL,2025-03,BEBIDAS,GAROTO,NESTLE,Y,14418.55,287923.16,0.05007777,0.05007777,415.700,5455.400,0.07619973,704,10,20,0.8381,0.0123,0.0788,OFICIAL
NACIONAL,BRASIL,2025-03,BEBIDAS,MOCA,NESTLE,Y,14385.47,287923.16,0.04996288,0.04996288,159.300,5455.400,0.02920043,435,11,12,0.8381,0.0123,0.0788,OFICIAL
NACIONAL,BRASIL,2025-03,BEBIDAS,NESQUIK,NESTLE,Y,13497.85,287923.16,0.04688004,0.04688004,176.400,5455.400,0.03233493,523,12,13,0.8381,0.0123,0.0788,OFICIAL
NACIONAL,BRASIL,2025-03,BEBIDAS,DELTA,FAB_DELTA,N,11471.98,287923.16,0.03984389,0.03984389,223.500,5455.400,0.04096858,365,13,17,0.8381,0.0123,0.0788,OFICIAL
NACIONAL,BRASIL,2025-03,BEBIDAS,KITKAT,NESTLE,Y,9657.41,287923.16,0.03354162,0.03354162,116.400,5455.400,0.02133666,372,14,11,0.8381,0.0123,0.0788,OFICIAL
NACIONAL,BRASIL,2025-03,CHOCOLATES,VIVA,FAB_VIVA,N,49369.31,278382.08,0.17734371,0.17734371,439.400,4157.800,0.10568089,1523,1,37,0.8381,0.0123,0.0187,OFICIAL
NACIONAL,BRASIL,2025-03,CHOCOLATES,PRIME,FAB_PRIME,N,40124.14,278382.08,0.14413334,0.14413334,557.200,4157.800,0.13401318,1268,2,27,0.8381,0.0123,0.0187,OFICIAL
NACIONAL,BRASIL,2025-03,CHOCOLATES,DELTA,FAB_DELTA,N,31537.54,278382.08,0.11328869,0.11328869,398.900,4157.800,0.09594016,1039,3,22,0.8381,0.0123,0.0187,OFICIAL
NACIONAL,BRASIL,2025-03,CHOCOLATES,BETA,FAB_BETA,N,23464.13,278382.08,0.0842875,0.0842875,314.300,4157.800,0.07559286,900,4,27,0.8381,0.0123,0.0187,OFICIAL
NACIONAL,BRASIL,2025-03,CHOCOLATES,SOLAR,FAB_SOLAR,N,22111.34,278382.08,0.07942803,0.07942803,477.500,4157.800,0.11484439,741,5,22,0.8381,0.0123,0.0187,OFICIAL
NACIONAL,BRASIL,2025-03,CHOCOLATES,NOVA,FAB_NOVA,N,20481.10,278382.08,0.07357191,0.07357191,364.800,4157.800,0.08773871,810,6,23,0.8381,0.0123,0.0187,OFICIAL
NACIONAL,BRASIL,2025-03,CHOCOLATES,KITKAT,NESTLE,Y,16318.12,278382.08,0.05861771,0.05861771,348.500,4157.800,0.08381837,721,7,16,0.8381,0.0123,0.0187,OFICIAL
NACIONAL,BRASIL,2025-03,CHOCOLATES,ALPHA,FAB_ALPHA,N,15724.76,278382.08,0.05648625,0.05648625,146.900,4157.800,0.03533118,511,8,21,0.8381,0.0123,0.0187,OFICIAL
NACIONAL,BRASIL,2025-03,CHOCOLATES,MOCA,NESTLE,Y,15650.13,278382.08,0.05621817,0.05621817,313.000,4157.800,0.0752802,472,9,10,0.8381,0.0123,0.0187,OFICIAL
NACIONAL,BRASIL,2025-03,CHOCOLATES,NESQUIK,NESTLE,Y,14758.21,278382.08,0.05301422,0.05301422,261.100,4157.800,0.06279763,504,10,14,0.8381,0.0123,0.0187,OFICIAL
NACIONAL,BRASIL,2025-03,CHOCOLATES,NESCAFE,NESTLE,Y,10622.17,278382.08,0.0381568,0.0381568,139.400,4157.800,0.03352735,406,11,13,0.8381,0.0123,0.0187,OFICIAL
NACIONAL,BRASIL,2025-03,CHOCOLATES,NINHO,NESTLE,Y,8418.58,278382.08,0.0302411,0.0302411,159.500,4157.800,0.03836163,482,12,13,0.8381,0.0123,0.0187,OFICIAL
NACIONAL,BRASIL,2025-03,CHOCOLATES,MAGGI,NESTLE,Y,8364.57,278382.08,0.03004708,0.03004708,184.800,4157.800,0.04444658,540,13,11,0.8381,0.0123,0.0187,OFICIAL
NACIONAL,BRASIL,2025-03,CHOCOLATES,GAROTO,NESTLE,Y,1437.98,278382.08,0.00516549,0.00516549,52.500,4157.800,0.01262687,125,14,4,0.8381,0.0123,0.0187,OFICIAL
NACIONAL,BRASIL,2025-03,CULINARIOS,NOVA,FAB_NOVA,N,52893.10,307305.56,0.17211892,0.17211892,1024.800,4524.300,0.22651018,1876,1,41,0.8381,0.0123,0.0576,OFICIAL
NACIONAL,BRASIL,2025-03,CULINARIOS,PRIME,FAB_PRIME,N,49797.91,307305.56,0.16204689,0.16204689,958.400,4524.300,0.21183387,1400,2,29,0.8381,0.0123,0.0576,OFICIAL
NACIONAL,BRASIL,2025-03,CULINARIOS,BETA,FAB_BETA,N,43306.95,307305.56,0.14092472,0.14092472,550.500,4524.300,0.12167628,1406,3,28,0.8381,0.0123,0.0576,OFICIAL
NACIONAL,BRASIL,2025-03,CULINARIOS,VIVA,FAB_VIVA,N,20656.06,307305.56,0.06721668,0.06721668,230.200,4524.300,0.0508808,933,4,25,0.8381,0.0123,0.0576,OFICIAL
NACIONAL,BRASIL,2025-03,CULINARIOS,NESQUIK,NESTLE,Y,20322.07,307305.56,0.06612985,0.06612985,172.700,4524.300,0.03817165,653,5,14,0.8381,0.0123,0.0576,OFICIAL
NACIONAL,BRASIL,2025-03,CULINARIOS,NINHO,NESTLE,Y,18354.11,307305.56,0.05972593,0.05972593,280.100,4524.300,0.06191013,637,6,19,0.8381,0.0123,0.0576,OFICIAL
NACIONAL,BRASIL,2025-03,CULINARIOS,KITKAT,NESTLE,Y,16823.86,307305.56,0.05474636,0.05474636,141.900,4524.300,0.03136397,526,7,14,0.8381,0.0123,0.0576,OFICIAL
NACIONAL,BRASIL,2025-03,CULINARIOS,DELTA,FAB_DELTA,N,16357.41,307305.56,0.05322849,0.05322849,249.000,4524.300,0.05503614,594,8,22,0.8381,0.0123,0.0576,OFICIAL
NACIONAL,BRASIL,2025-03,CULINARIOS,MAGGI,NESTLE,Y,14878.25,307305.56,0.04841517,0.04841517,324.300,4524.300,0.0716796,689,9,14,0.8381,0.0123,0.0576,OFICIAL
NACIONAL,BRASIL,2025-03,CULINARIOS,NESCAFE,NESTLE,Y,13669.72,307305.56,0.0444825,0.0444825,145.200,4524.300,0.03209336,390,10,13,0.8381,0.0123,0.0576,OFICIAL
NACIONAL,BRASIL,2025-03,CULINARIOS,ALPHA,FAB_ALPHA,N,13274.31,307305.56,0.0431958,0.0431958,177.200,4524.300,0.03916628,374,11,15,0.8381,0.0123,0.0576,OFICIAL
NACIONAL,BRASIL,2025-03,CULINARIOS,SOLAR,FAB_SOLAR,N,11840.75,307305.56,0.03853087,0.03853087,65.100,4524.300,0.01438897,414,12,11,0.8381,0.0123,0.0576,OFICIAL
NACIONAL,BRASIL,2025-03,CULINARIOS,MOCA,NESTLE,Y,7774.98,307305.56,0.02530049,0.02530049,118.300,4524.300,0.02614769,234,13,10,0.8381,0.0123,0.0576,OFICIAL
NACIONAL,BRASIL,2025-03,CULINARIOS,GAROTO,NESTLE,Y,7356.08,307305.56,0.02393735,0.02393735,86.600,4524.300,0.01914108,264,14,11,0.8381,0.0123,0.0576,OFICIAL
NACIONAL,BRASIL,2025-03,LACTEOS,ALPHA,FAB_ALPHA,N,42673.29,296295.88,0.14402256,0.14402256,841.700,5257.200,0.16010424,1338,1,34,0.8381,0.0123,0.0532,OFICIAL
NACIONAL,BRASIL,2025-03,LACTEOS,VIVA,FAB_VIVA,N,37391.41,296295.88,0.12619619,0.12619619,577.600,5257.200,0.10986837,1151,2,34,0.8381,0.0123,0.0532,OFICIAL
NACIONAL,BRASIL,2025-03,LACTEOS,NOVA,FAB_NOVA,N,30128.94,296295.88,0.10168532,0.10168532,364.400,5257.200,0.06931446,847,3,23,0.8381,0.0123,0.0532,OFICIAL
NACIONAL,BRASIL,2025-03,LACTEOS,SOLAR,FAB_SOLAR,N,28399.98,296295.88,0.09585007,0.09585007,476.600,5257.200,0.09065662,1326,4,32,0.8381,0.0123,0.0532,OFICIAL
NACIONAL,BRASIL,2025-03,LACTEOS,DELTA,FAB_DELTA,N,27660.67,296295.88,0.09335489,0.09335489,384.700,5257.200,0.07317584,958,5,30,0.8381,0.0123,0.0532,OFICIAL
NACIONAL,BRASIL,2025-03,LACTEOS,NESCAFE,NESTLE,Y,21518.53,296295.88,0.07262514,0.07262514,407.200,5257.200,0.07745568,679,6,10,0.8381,0.0123,0.0532,OFICIAL
NACIONAL,BRASIL,2025-03,LACTEOS,PRIME,FAB_PRIME,N,18003.27,296295.88,0.06076112,0.06076112,261.200,5257.200,0.04968424,675,7,23,0.8381,0.0123,0.0532,OFICIAL
NACIONAL,BRASIL,2025-03,LACTEOS,MOCA,NESTLE,Y,17494.47,296295.88,0.05904392,0.05904392,241.400,5257.200,0.04591798,675,8,16,0.8381,0.0123,0.0532,OFICIAL
NACIONAL,BRASIL,2025-03,LACTEOS,NESQUIK,NESTLE,Y,14992.18,296295.88,0.05059868,0.05059868,179.400,5257.200,0.03412463,575,9,18,0.8381,0.0123,0.0532,OFICIAL
NACIONAL,BRASIL,2025-03,LACTEOS,KITKAT,NESTLE,Y,13987.33,296295.88,0.04720731,0.04720731,142.700,5257.200,0.02714373,357,10,8,0.8381,0.0123,0.0532,OFICIAL
NACIONAL,BRASIL,2025-03,LACTEOS,BETA,FAB_BETA,N,13753.27,296295.88,0.04641735,0.04641735,665.700,5257.200,0.12662634,718,11,15,0.8381,0.0123,0.0532,OFICIAL
NACIONAL,BRASIL,2025-03,LACTEOS,GAROTO,NESTLE,Y,13096.14,296295.88,0.04419953,0.04419953,401.600,5257.200,0.07639047,526,12,13,0.8381,0.0123,0.0532,OFICIAL
NACIONAL,BRASIL,2025-03,LACTEOS,MAGGI,NESTLE,Y,10025.74,296295.88,0.03383692,0.03383692,134.600,5257.200,0.02560298,391,13,10,0.8381,0.0123,0.0532,OFICIAL
NACIONAL,BRASIL,2025-03,LACTEOS,NINHO,NESTLE,Y,7170.66,296295.88,0.02420101,0.02420101,178.400,5257.200,0.03393441,415,14,11,0.8381,0.0123,0.0532,OFICIAL
NACIONAL,BRASIL,2025-03,NUTRICAO,ALPHA,FAB_ALPHA,N,38928.71,277523.00,0.14027201,0.14027201,545.800,5506.200,0.09912462,1135,1,29,0.8381,0.0123,0.0659,OFICIAL
NACIONAL,BRASIL,2025-03,NUTRICAO,PRIME,FAB_PRIME,N,33299.35,277523.00,0.11998771,0.11998771,577.800,5506.200,0.10493625,1129,2,21,0.8381,0.0123,0.0659,OFICIAL
NACIONAL,BRASIL,2025-03,NUTRICAO,BETA,FAB_BETA,N,30276.58,277523.00,0.10909575,0.10909575,501.200,5506.200,0.09102466,950,3,31,0.8381,0.0123,0.0659,OFICIAL
NACIONAL,BRASIL,2025-03,NUTRICAO,DELTA,FAB_DELTA,N,29210.59,277523.00,0.10525466,0.10525466,361.700,5506.200,0.06568959,831,4,29,0.8381,0.0123,0.0659,OFICIAL
NACIONAL,BRASIL,2025-03,NUTRICAO,NOVA,FAB_NOVA,N,24634.26,277523.00,0.08876475,0.08876475,761.800,5506.200,0.13835313,1054,5,28,0.8381,0.0123,0.0659,OFICIAL
NACIONAL,BRASIL,2025-03,NUTRICAO,NINHO,NESTLE,Y,23371.05,277523.00,0.08421302,0.08421302,336.900,5506.200,0.06118557,1162,6,10,0.8381,0.0123,0.0659,OFICIAL
NACIONAL,BRASIL,2025-03,NUTRICAO,MOCA,NESTLE,Y,16706.23,277523.00,0.06019764,0.06019764,240.100,5506.200,0.04360539,762,7,17,0.8381,0.0123,0.0659,OFICIAL
NACIONAL,BRASIL,2025-03,NUTRICAO,SOLAR,FAB_SOLAR,N,14912.78,277523.00,0.05373529,0.05373529,963.000,5506.200,0.17489376,1772,8,17,0.8381,0.0123,0.0659,OFICIAL
NACIONAL,BRASIL,2025-03,NUTRICAO,NESQUIK,NESTLE,Y,13767.74,277523.00,0.04960937,0.04960937,437.000,5506.200,0.07936508,954,9,38,0.8381,0.0123,0.0659,OFICIAL
NACIONAL,BRASIL,2025-03,NUTRICAO,NESCAFE,NESTLE,Y,12863.07,277523.00,0.04634956,0.04634956,220.500,5506.200,0.04004577,482,10,17,0.8381,0.0123,0.0659,OFICIAL
NACIONAL,BRASIL,2025-03,NUTRICAO,KITKAT,NESTLE,Y,12502.66,277523.00,0.0450509,0.0450509,166.700,5506.200,0.03027496,324,11,14,0.8381,0.0123,0.0659,OFICIAL
NACIONAL,BRASIL,2025-03,NUTRICAO,VIVA,FAB_VIVA,N,10695.09,277523.00,0.03853767,0.03853767,235.900,5506.200,0.04284261,543,12,12,0.8381,0.0123,0.0659,OFICIAL
NACIONAL,BRASIL,2025-03,NUTRICAO,GAROTO,NESTLE,Y,10088.70,277523.00,0.03635266,0.03635266,50.000,5506.200,0.00908067,370,13,12,0.8381,0.0123,0.0659,OFICIAL
NACIONAL,BRASIL,2025-03,NUTRICAO,MAGGI,NESTLE,Y,6266.19,277523.00,0.02257899,0.02257899,107.800,5506.200,0.01957793,289,14,7,0.8381,0.0123,0.0659,OFICIAL
NACIONAL,BRASIL,2025-04,BEBIDAS,SOLAR,FAB_SOLAR,N,40846.00,295779.62,0.13809606,0.13809606,424.200,4836.900,0.0877008,1313,1,29,0.9085,0.0095,0.0447,OFICIAL
NACIONAL,BRASIL,2025-04,BEBIDAS,KITKAT,NESTLE,Y,35791.92,295779.62,0.12100874,0.12100874,891.300,4836.900,0.18427092,1142,2,15,0.9085,0.0095,0.0447,OFICIAL
NACIONAL,BRASIL,2025-04,BEBIDAS,DELTA,FAB_DELTA,N,31382.73,295779.62,0.10610173,0.10610173,564.100,4836.900,0.11662428,1143,3,22,0.9085,0.0095,0.0447,OFICIAL
NACIONAL,BRASIL,2025-04,BEBIDAS,BETA,FAB_BETA,N,24974.65,295779.62,0.08443668,0.08443668,437.600,4836.900,0.09047117,776,4,29,0.9085,0.0095,0.0447,OFICIAL
NACIONAL,BRASIL,2025-04,BEBIDAS,NOVA,FAB_NOVA,N,23181.51,295779.62,0.07837426,0.07837426,164.600,4836.900,0.03403006,634,5,19,0.9085,0.0095,0.0447,OFICIAL
NACIONAL,BRASIL,2025-04,BEBIDAS,NINHO,NESTLE,Y,22249.45,295779.62,0.07522307,0.07522307,431.000,4836.900,0.08910666,966,6,38,0.9085,0.0095,0.0447,OFICIAL
NACIONAL,BRASIL,2025-04,BEBIDAS,VIVA,FAB_VIVA,N,20664.69,295779.62,0.06986516,0.06986516,287.400,4836.900,0.05941822,733,7,21,0.9085,0.0095,0.0447,OFICIAL
NACIONAL,BRASIL,2025-04,BEBIDAS,NESCAFE,NESTLE,Y,19460.16,295779.62,0.06579277,0.06579277,396.100,4836.900,0.08189129,1025,8,32,0.9085,0.0095,0.0447,OFICIAL
NACIONAL,BRASIL,2025-04,BEBIDAS,PRIME,FAB_PRIME,N,16169.72,295779.62,0.05466813,0.05466813,291.900,4836.900,0.06034857,622,9,17,0.9085,0.0095,0.0447,OFICIAL
NACIONAL,BRASIL,2025-04,BEBIDAS,ALPHA,FAB_ALPHA,N,15929.67,295779.62,0.05385655,0.05385655,235.200,4836.900,0.04862619,510,10,15,0.9085,0.0095,0.0447,OFICIAL
NACIONAL,BRASIL,2025-04,BEBIDAS,GAROTO,NESTLE,Y,14191.74,295779.62,0.04798079,0.04798079,155.700,4836.900,0.03219004,409,11,12,0.9085,0.0095,0.0447,OFICIAL
NACIONAL,BRASIL,2025-04,BEBIDAS,MOCA,NESTLE,Y,12786.32,295779.62,0.04322921,0.04322921,202.000,4836.900,0.04176229,395,12,14,0.9085,0.0095,0.0447,OFICIAL
NACIONAL,BRASIL,2025-04,BEBIDAS,NESQUIK,NESTLE,Y,12137.88,295779.62,0.0410369,0.0410369,231.400,4836.900,0.04784056,470,13,23,0.9085,0.0095,0.0447,OFICIAL
NACIONAL,BRASIL,2025-04,BEBIDAS,MAGGI,NESTLE,Y,6013.18,295779.62,0.02032993,0.02032993,124.400,4836.900,0.02571895,217,14,6,0.9085,0.0095,0.0447,OFICIAL
NACIONAL,BRASIL,2025-04,CHOCOLATES,DELTA,FAB_DELTA,N,39658.53,273558.43,0.14497279,0.14497279,597.100,4280.400,0.13949631,1309,1,26,0.9085,0.0095,0.0708,OFICIAL
NACIONAL,BRASIL,2025-04,CHOCOLATES,BETA,FAB_BETA,N,38450.80,273558.43,0.14055791,0.14055791,468.600,4280.400,0.10947575,1266,2,37,0.9085,0.0095,0.0708,OFICIAL
NACIONAL,BRASIL,2025-04,CHOCOLATES,PRIME,FAB_PRIME,N,36045.18,273558.43,0.1317641,0.1317641,667.700,4280.400,0.15599009,1262,3,29,0.9085,0.0095,0.0708,OFICIAL
NACIONAL,BRASIL,2025-04,CHOCOLATES,ALPHA,FAB_ALPHA,N,22405.55,273558.43,0.08190407,0.08190407,377.700,4280.400,0.08823942,774,4,20,0.9085,0.0095,0.0708,OFICIAL
NACIONAL,BRASIL,2025-04,CHOCOLATES,NOVA,FAB_NOVA,N,20461.91,273558.43,0.07479905,0.07479905,300.900,4280.400,0.07029717,843,5,23,0.9085,0.0095,0.0708,OFICIAL
NACIONAL,BRASIL,2025-04,CHOCOLATES,VIVA,FAB_VIVA,N,18271.10,273558.43,0.06679048,0.06679048,240.400,4280.400,0.05616298,745,6,30,0.9085,0.0095,0.0708,OFICIAL
NACIONAL,BRASIL,2025-04,CHOCOLATES,NINHO,NESTLE,Y,16296.14,273558.43,0.05957097,0.05957097,221.000,4280.400,0.05163069,479,7,14,0.9085,0.0095,0.0708,OFICIAL
NACIONAL,BRASIL,2025-04,CHOCOLATES,MAGGI,NESTLE,Y,15736.54,273558.43,0.05752533,0.05752533,196.300,4280.400,0.0458602,414,8,12,0.9085,0.0095,0.0708,OFICIAL
NACIONAL,BRASIL,2025-04,CHOCOLATES,KITKAT,NESTLE,Y,14719.51,273558.43,0.05380755,0.05380755,137.700,4280.400,0.03216989,442,9,10,0.9085,0.0095,0.0708,OFICIAL
NACIONAL,BRASIL,2025-04,CHOCOLATES,NESQUIK,NESTLE,Y,14623.40,273558.43,0.05345622,0.05345622,137.400,4280.400,0.0320998,512,10,16,0.9085,0.0095,0.0708,OFICIAL
NACIONAL,BRASIL,2025-04,CHOCOLATES,SOLAR,FAB_SOLAR,N,12998.39,273558.43,0.04751595,0.04751595,348.200,4280.400,0.08134754,483,11,18,0.9085,0.0095,0.0708,OFICIAL
NACIONAL,BRASIL,2025-04,CHOCOLATES,NESCAFE,NESTLE,Y,12995.31,273558.43,0.0475047,0.0475047,283.600,4280.400,0.06625549,595,12,20,0.9085,0.0095,0.0708,OFICIAL
NACIONAL,BRASIL,2025-04,CHOCOLATES,GAROTO,NESTLE,Y,6008.46,273558.43,0.02196408,0.02196408,127.500,4280.400,0.02978694,410,13,6,0.9085,0.0095,0.0708,OFICIAL
NACIONAL,BRASIL,2025-04,CHOCOLATES,MOCA,NESTLE,Y,4887.61,273558.43,0.01786679,0.01786679,176.300,4280.400,0.04118774,288,14,6,0.9085,0.0095,0.0708,OFICIAL
NACIONAL,BRASIL,2025-04,CULINARIOS,NOVA,FAB_NOVA,N,59509.14,276236.14,0.21542851,0.21542851,768.700,4519.500,0.17008519,2209,1,44,0.9085,0.0095,0.0304,OFICIAL
NACIONAL,BRASIL,2025-04,CULINARIOS,BETA,FAB_BETA,N,41206.53,276236.14,0.14917139,0.14917139,502.800,4519.500,0.11125124,1371,2,29,0.9085,0.0095,0.0304,OFICIAL
NACIONAL,BRASIL,2025-04,CULINARIOS,VIVA,FAB_VIVA,N,25917.87,276236.14,0.09382505,0.09382505,445.600,4519.500,0.09859498,916,3,22,0.9085,0.0095,0.0304,OFICIAL
NACIONAL,BRASIL,2025-04,CULINARIOS,MOCA,NESTLE,Y,25110.27,276236.14,0.09090147,0.09090147,500.200,4519.500,0.11067596,915,4,15,0.9085,0.0095,0.0304,OFICIAL
NACIONAL,BRASIL,2025-04,CULINARIOS,DELTA,FAB_DELTA,N,24703.17,276236.14,0.08942773,0.08942773,629.500,4519.500,0.13928532,1137,5,28,0.9085,0.0095,0.0304,OFICIAL
NACIONAL,BRASIL,2025-04,CULINARIOS,NINHO,NESTLE,Y,24030.29,276236.14,0.08699184,0.08699184,287.900,4519.500,0.06370174,738,6,11,0.9085,0.0095,0.0304,OFICIAL
NACIONAL,BRASIL,2025-04,CULINARIOS,PRIME,FAB_PRIME,N,20157.94,276236.14,0.07297358,0.07297358,461.700,4519.500,0.10215732,808,7,22,0.9085,0.0095,0.0304,OFICIAL
NACIONAL,BRASIL,2025-04,CULINARIOS,SOLAR,FAB_SOLAR,N,11428.91,276236.14,0.0413737,0.0413737,196.600,4519.500,0.04350039,305,8,16,0.9085,0.0095,0.0304,OFICIAL
NACIONAL,BRASIL,2025-04,CULINARIOS,MAGGI,NESTLE,Y,11321.17,276236.14,0.04098367,0.04098367,149.400,4519.500,0.03305675,410,9,12,0.9085,0.0095,0.0304,OFICIAL
NACIONAL,BRASIL,2025-04,CULINARIOS,NESCAFE,NESTLE,Y,9819.63,276236.14,0.03554796,0.03554796,126.800,4519.500,0.0280562,403,10,11,0.9085,0.0095,0.0304,OFICIAL
NACIONAL,BRASIL,2025-04,CULINARIOS,KITKAT,NESTLE,Y,6853.80,276236.14,0.02481138,0.02481138,141.000,4519.500,0.03119814,438,11,15,0.9085,0.0095,0.0304,OFICIAL
NACIONAL,BRASIL,2025-04,CULINARIOS,ALPHA,FAB_ALPHA,N,6100.51,276236.14,0.0220844,0.0220844,55.500,4519.500,0.01228012,182,12,10,0.9085,0.0095,0.0304,OFICIAL
NACIONAL,BRASIL,2025-04,CULINARIOS,GAROTO,NESTLE,Y,5494.96,276236.14,0.01989226,0.01989226,87.800,4519.500,0.01942693,211,13,5,0.9085,0.0095,0.0304,OFICIAL
NACIONAL,BRASIL,2025-04,CULINARIOS,NESQUIK,NESTLE,Y,4581.95,276236.14,0.01658708,0.01658708,166.000,4519.500,0.03672973,240,14,9,0.9085,0.0095,0.0304,OFICIAL
NACIONAL,BRASIL,2025-04,LACTEOS,ALPHA,FAB_ALPHA,N,57070.16,330203.04,0.17283354,0.17283354,533.700,4966.600,0.10745782,1800,1,32,0.9085,0.0095,0.0541,OFICIAL
NACIONAL,BRASIL,2025-04,LACTEOS,NESCAFE,NESTLE,Y,40925.82,330203.04,0.12394138,0.12394138,618.500,4966.600,0.12453187,1113,2,25,0.9085,0.0095,0.0541,OFICIAL
NACIONAL,BRASIL,2025-04,LACTEOS,NOVA,FAB_NOVA,N,35465.37,330203.04,0.10740474,0.10740474,343.500,4966.600,0.069162,1121,3,13,0.9085,0.0095,0.0541,OFICIAL
NACIONAL,BRASIL,2025-04,LACTEOS,NINHO,NESTLE,Y,29537.56,330203.04,0.08945272,0.08945272,690.500,4966.600,0.13902871,1267,4,20,0.9085,0.0095,0.0541,OFICIAL
NACIONAL,BRASIL,2025-04,LACTEOS,SOLAR,FAB_SOLAR,N,28217.33,330203.04,0.08545448,0.08545448,413.800,4966.600,0.08331655,966,5,33,0.9085,0.0095,0.0541,OFICIAL
NACIONAL,BRASIL,2025-04,LACTEOS,VIVA,FAB_VIVA,N,28121.32,330203.04,0.08516372,0.08516372,477.700,4966.600,0.0961825,967,6,30,0.9085,0.0095,0.0541,OFICIAL
NACIONAL,BRASIL,2025-04,LACTEOS,DELTA,FAB_DELTA,N,23400.92,330203.04,0.07086828,0.07086828,460.200,4966.600,0.09265896,920,7,35,0.9085,0.0095,0.0541,OFICIAL
NACIONAL,BRASIL,2025-04,LACTEOS,MOCA,NESTLE,Y,21524.32,330203.04,0.06518511,0.06518511,322.000,4966.600,0.06483309,813,8,18,0.9085,0.0095,0.0541,OFICIAL
NACIONAL,BRASIL,2025-04,LACTEOS,BETA,FAB_BETA,N,19048.26,330203.04,0.05768651,0.05768651,342.100,4966.600,0.06888012,659,9,18,0.9085,0.0095,0.0541,OFICIAL
NACIONAL,BRASIL,2025-04,LACTEOS,NESQUIK,NESTLE,Y,12772.90,330203.04,0.03868196,0.03868196,84.200,4966.600,0.01695325,369,10,7,0.9085,0.0095,0.0541,OFICIAL
NACIONAL,BRASIL,2025-04,LACTEOS,GAROTO,NESTLE,Y,10723.08,330203.04,0.0324742,0.0324742,200.200,4966.600,0.04030927,499,11,14,0.9085,0.0095,0.0541,OFICIAL
NACIONAL,BRASIL,2025-04,LACTEOS,PRIME,FAB_PRIME,N,9978.73,330203.04,0.03021998,0.03021998,249.600,4966.600,0.05025571,480,12,15,0.9085,0.0095,0.0541,OFICIAL
NACIONAL,BRASIL,2025-04,LACTEOS,MAGGI,NESTLE,Y,7203.49,330203.04,0.02181534,0.02181534,154.900,4966.600,0.03118834,305,13,6,0.9085,0.0095,0.0541,OFICIAL
NACIONAL,BRASIL,2025-04,LACTEOS,KITKAT,NESTLE,Y,6213.78,330203.04,0.01881806,0.01881806,75.700,4966.600,0.01524182,220,14,9,0.9085,0.0095,0.0541,OFICIAL
NACIONAL,BRASIL,2025-04,NUTRICAO,SOLAR,FAB_SOLAR,N,34155.23,281280.70,0.12142756,0.12142756,473.500,4603.100,0.10286546,905,1,21,0.9085,0.0095,0.089,OFICIAL
NACIONAL,BRASIL,2025-04,NUTRICAO,KITKAT,NESTLE,Y,28042.82,281280.70,0.09969692,0.09969692,544.800,4603.100,0.11835502,960,2,19,0.9085,0.0095,0.089,OFICIAL
NACIONAL,BRASIL,2025-04,NUTRICAO,NESQUIK,NESTLE,Y,27584.56,281280.70,0.09806773,0.09806773,440.800,4603.100,0.09576155,1173,3,39,0.9085,0.0095,0.089,OFICIAL
NACIONAL,BRASIL,2025-04,NUTRICAO,ALPHA,FAB_ALPHA,N,26941.12,281280.70,0.09578019,0.09578019,339.000,4603.100,0.07364602,953,4,30,0.9085,0.0095,0.089,OFICIAL
NACIONAL,BRASIL,2025-04,NUTRICAO,BETA,FAB_BETA,N,26450.62,281280.70,0.09403638,0.09403638,558.700,4603.100,0.12137473,842,5,24,0.9085,0.0095,0.089,OFICIAL
NACIONAL,BRASIL,2025-04,NUTRICAO,VIVA,FAB_VIVA,N,26142.12,281280.70,0.09293962,0.09293962,484.100,4603.100,0.10516826,1129,6,15,0.9085,0.0095,0.089,OFICIAL
NACIONAL,BRASIL,2025-04,NUTRICAO,MOCA,NESTLE,Y,21648.78,281280.70,0.07696504,0.07696504,399.400,4603.100,0.08676761,502,7,13,0.9085,0.0095,0.089,OFICIAL
NACIONAL,BRASIL,2025-04,NUTRICAO,NESCAFE,NESTLE,Y,20157.33,281280.70,0.07166268,0.07166268,244.200,4603.100,0.0530512,637,8,21,0.9085,0.0095,0.089,OFICIAL
NACIONAL,BRASIL,2025-04,NUTRICAO,PRIME,FAB_PRIME,N,18970.82,281280.70,0.06744444,0.06744444,275.900,4603.100,0.05993787,663,9,23,0.9085,0.0095,0.089,OFICIAL
NACIONAL,BRASIL,2025-04,NUTRICAO,DELTA,FAB_DELTA,N,18465.31,281280.70,0.06564727,0.06564727,246.700,4603.100,0.05359432,571,10,21,0.9085,0.0095,0.089,OFICIAL
NACIONAL,BRASIL,2025-04,NUTRICAO,NOVA,FAB_NOVA,N,16274.77,281280.70,0.05785953,0.05785953,282.400,4603.100,0.06134996,833,11,18,0.9085,0.0095,0.089,OFICIAL
NACIONAL,BRASIL,2025-04,NUTRICAO,NINHO,NESTLE,Y,11055.73,281280.70,0.03930497,0.03930497,234.100,4603.100,0.05085703,380,12,12,0.9085,0.0095,0.089,OFICIAL
NACIONAL,BRASIL,2025-04,NUTRICAO,GAROTO,NESTLE,Y,4084.09,281280.70,0.01451962,0.01451962,61.300,4603.100,0.01331711,232,13,8,0.9085,0.0095,0.089,OFICIAL
NACIONAL,BRASIL,2025-04,NUTRICAO,MAGGI,NESTLE,Y,1307.40,281280.70,0.00464803,0.00464803,18.200,4603.100,0.00395386,65,14,3,0.9085,0.0095,0.089,OFICIAL
NACIONAL,BRASIL,2025-05,BEBIDAS,BETA,FAB_BETA,N,40695.14,327544.98,0.12424291,0.12424291,987.100,6283.100,0.15710398,1834,1,31,0.848,0.0194,0.0341,OFICIAL
NACIONAL,BRASIL,2025-05,BEBIDAS,PRIME,FAB_PRIME,N,38607.89,327544.98,0.1178705,0.1178705,603.100,6283.100,0.09598765,1388,2,28,0.848,0.0194,0.0341,OFICIAL
NACIONAL,BRASIL,2025-05,BEBIDAS,SOLAR,FAB_SOLAR,N,36128.70,327544.98,0.11030149,0.11030149,751.400,6283.100,0.11959065,1361,3,30,0.848,0.0194,0.0341,OFICIAL
NACIONAL,BRASIL,2025-05,BEBIDAS,NINHO,NESTLE,Y,32996.15,327544.98,0.10073777,0.10073777,662.800,6283.100,0.10548933,1332,4,43,0.848,0.0194,0.0341,OFICIAL
NACIONAL,BRASIL,2025-05,BEBIDAS,VIVA,FAB_VIVA,N,29409.13,327544.98,0.08978654,0.08978654,318.200,6283.100,0.05064379,699,5,14,0.848,0.0194,0.0341,OFICIAL
NACIONAL,BRASIL,2025-05,BEBIDAS,DELTA,FAB_DELTA,N,23554.58,327544.98,0.07191251,0.07191251,240.100,6283.100,0.03821362,674,6,21,0.848,0.0194,0.0341,OFICIAL
NACIONAL,BRASIL,2025-05,BEBIDAS,ALPHA,FAB_ALPHA,N,22758.22,327544.98,0.06948121,0.06948121,381.600,6283.100,0.06073435,1010,7,26,0.848,0.0194,0.0341,OFICIAL
NACIONAL,BRASIL,2025-05,BEBIDAS,NESCAFE,NESTLE,Y,22368.71,327544.98,0.06829203,0.06829203,472.300,6283.100,0.0751699,1207,8,32,0.848,0.0194,0.0341,OFICIAL
NACIONAL,BRASIL,2025-05,BEBIDAS,NESQUIK,NESTLE,Y,20013.56,327544.98,0.06110171,0.06110171,287.900,6283.100,0.04582133,609,9,17,0.848,0.0194,0.0341,OFICIAL
NACIONAL,BRASIL,2025-05,BEBIDAS,NOVA,FAB_NOVA,N,18336.42,327544.98,0.05598138,0.05598138,313.200,6283.100,0.04984801,613,10,12,0.848,0.0194,0.0341,OFICIAL
NACIONAL,BRASIL,2025-05,BEBIDAS,GAROTO,NESTLE,Y,16635.09,327544.98,0.05078719,0.05078719,911.000,6283.100,0.14499212,1210,11,15,0.848,0.0194,0.0341,OFICIAL
NACIONAL,BRASIL,2025-05,BEBIDAS,KITKAT,NESTLE,Y,12104.81,327544.98,0.03695618,0.03695618,163.800,6283.100,0.02606993,276,12,6,0.848,0.0194,0.0341,OFICIAL
NACIONAL,BRASIL,2025-05,BEBIDAS,MOCA,NESTLE,Y,9773.50,327544.98,0.02983865,0.02983865,139.600,6283.100,0.02221833,301,13,10,0.848,0.0194,0.0341,OFICIAL
NACIONAL,BRASIL,2025-05,BEBIDAS,MAGGI,NESTLE,Y,4163.08,327544.98,0.01270995,0.01270995,51.000,6283.100,0.00811701,103,14,7,0.848,0.0194,0.0341,OFICIAL
NACIONAL,BRASIL,2025-05,CHOCOLATES,NOVA,FAB_NOVA,N,39726.24,296795.40,0.13385059,0.13385059,694.600,4926.300,0.14099832,1367,1,31,0.848,0.0194,0.045,OFICIAL
NACIONAL,BRASIL,2025-05,CHOCOLATES,VIVA,FAB_VIVA,N,39697.85,296795.40,0.13375494,0.13375494,810.800,4926.300,0.164586,1307,2,27,0.848,0.0194,0.045,OFICIAL
NACIONAL,BRASIL,2025-05,CHOCOLATES,NESCAFE,NESTLE,Y,28834.88,296795.40,0.09715407,0.09715407,353.900,4926.300,0.07183891,852,3,19,0.848,0.0194,0.045,OFICIAL
NACIONAL,BRASIL,2025-05,CHOCOLATES,PRIME,FAB_PRIME,N,27458.18,296795.40,0.09251552,0.09251552,505.300,4926.300,0.10257191,988,4,24,0.848,0.0194,0.045,OFICIAL
NACIONAL,BRASIL,2025-05,CHOCOLATES,ALPHA,FAB_ALPHA,N,23655.20,296795.40,0.07970204,0.07970204,468.600,4926.300,0.0951221,782,5,20,0.848,0.0194,0.045,OFICIAL
NACIONAL,BRASIL,2025-05,CHOCOLATES,NINHO,NESTLE,Y,21405.25,296795.40,0.07212123,0.07212123,379.100,4926.300,0.07695431,768,6,16,0.848,0.0194,0.045,OFICIAL
NACIONAL,BRASIL,2025-05,CHOCOLATES,SOLAR,FAB_SOLAR,N,20125.67,296795.40,0.06780991,0.06780991,218.300,4926.300,0.04431318,609,7,18,0.848,0.0194,0.045,OFICIAL
NACIONAL,BRASIL,2025-05,CHOCOLATES,DELTA,FAB_DELTA,N,19331.04,296795.40,0.06513255,0.06513255,313.800,4926.300,0.06369892,856,8,25,0.848,0.0194,0.045,OFICIAL
NACIONAL,BRASIL,2025-05,CHOCOLATES,MOCA,NESTLE,Y,16229.27,296795.40,0.05468168,0.05468168,179.700,4926.300,0.03647768,517,9,14,0.848,0.0194,0.045,OFICIAL
NACIONAL,BRASIL,2025-05,CHOCOLATES,BETA,FAB_BETA,N,15661.21,296795.40,0.0527677,0.0527677,215.300,4926.300,0.0437042,402,10,20,0.848,0.0194,0.045,OFICIAL
NACIONAL,BRASIL,2025-05,CHOCOLATES,KITKAT,NESTLE,Y,12988.58,296795.40,0.04376274,0.04376274,242.100,4926.300,0.04914439,354,11,14,0.848,0.0194,0.045,OFICIAL
NACIONAL,BRASIL,2025-05,CHOCOLATES,MAGGI,NESTLE,Y,12982.84,296795.40,0.0437434,0.0437434,142.900,4926.300,0.02900757,347,12,13,0.848,0.0194,0.045,OFICIAL
NACIONAL,BRASIL,2025-05,CHOCOLATES,NESQUIK,NESTLE,Y,12028.82,296795.40,0.040529,0.040529,314.100,4926.300,0.06375982,501,13,16,0.848,0.0194,0.045,OFICIAL
NACIONAL,BRASIL,2025-05,CHOCOLATES,GAROTO,NESTLE,Y,6670.37,296795.40,0.02247464,0.02247464,87.800,4926.300,0.01782271,403,14,7,0.848,0.0194,0.045,OFICIAL
NACIONAL,BRASIL,2025-05,CULINARIOS,PRIME,FAB_PRIME,N,31050.04,251895.71,0.12326546,0.12326546,592.000,3886.300,0.15232998,1026,1,34,0.848,0.0194,0.0294,OFICIAL
NACIONAL,BRASIL,2025-05,CULINARIOS,BETA,FAB_BETA,N,27751.34,251895.71,0.11016996,0.11016996,478.400,3886.300,0.12309909,834,2,23,0.848,0.0194,0.0294,OFICIAL
NACIONAL,BRASIL,2025-05,CULINARIOS,VIVA,FAB_VIVA,N,23636.50,251895.71,0.09383447,0.09383447,436.300,3886.300,0.11226617,778,3,33,0.848,0.0194,0.0294,OFICIAL
NACIONAL,BRASIL,2025-05,CULINARIOS,GAROTO,NESTLE,Y,23257.14,251895.71,0.09232845,0.09232845,218.400,3886.300,0.05619741,689,4,12,0.848,0.0194,0.0294,OFICIAL
NACIONAL,BRASIL,2025-05,CULINARIOS,ALPHA,FAB_ALPHA,N,21501.85,251895.71,0.08536013,0.08536013,242.600,3886.300,0.06242441,568,5,14,0.848,0.0194,0.0294,OFICIAL
NACIONAL,BRASIL,2025-05,CULINARIOS,DELTA,FAB_DELTA,N,19672.75,251895.71,0.07809879,0.07809879,194.500,3886.300,0.0500476,633,6,17,0.848,0.0194,0.0294,OFICIAL
NACIONAL,BRASIL,2025-05,CULINARIOS,NESQUIK,NESTLE,Y,18447.65,251895.71,0.07323527,0.07323527,315.000,3886.300,0.08105396,502,7,13,0.848,0.0194,0.0294,OFICIAL
NACIONAL,BRASIL,2025-05,CULINARIOS,NOVA,FAB_NOVA,N,18081.44,251895.71,0.07178145,0.07178145,351.400,3886.300,0.09042019,688,8,30,0.848,0.0194,0.0294,OFICIAL
NACIONAL,BRASIL,2025-05,CULINARIOS,NINHO,NESTLE,Y,15255.67,251895.71,0.06056344,0.06056344,216.800,3886.300,0.05578571,576,9,15,0.848,0.0194,0.0294,OFICIAL
NACIONAL,BRASIL,2025-05,CULINARIOS,MAGGI,NESTLE,Y,14062.06,251895.71,0.05582493,0.05582493,191.400,3886.300,0.04924993,511,10,11,0.848,0.0194,0.0294,OFICIAL
NACIONAL,BRASIL,2025-05,CULINARIOS,KITKAT,NESTLE,Y,12863.68,251895.71,0.05106748,0.05106748,138.300,3886.300,0.03558655,560,11,10,0.848,0.0194,0.0294,OFICIAL
NACIONAL,BRASIL,2025-05,CULINARIOS,SOLAR,FAB_SOLAR,N,10689.00,251895.71,0.04243423,0.04243423,91.500,3886.300,0.02354425,291,12,10,0.848,0.0194,0.0294,OFICIAL
NACIONAL,BRASIL,2025-05,CULINARIOS,MOCA,NESTLE,Y,10667.76,251895.71,0.04234991,0.04234991,342.600,3886.300,0.08815583,449,13,12,0.848,0.0194,0.0294,OFICIAL
NACIONAL,BRASIL,2025-05,CULINARIOS,NESCAFE,NESTLE,Y,4958.83,251895.71,0.01968604,0.01968604,77.100,3886.300,0.01983892,214,14,8,0.848,0.0194,0.0294,OFICIAL
NACIONAL,BRASIL,2025-05,LACTEOS,DELTA,FAB_DELTA,N,56450.67,330862.93,0.17061648,0.17061648,724.600,4697.100,0.1542654,1788,1,35,0.848,0.0194,0.0628,OFICIAL
NACIONAL,BRASIL,2025-05,LACTEOS,VIVA,FAB_VIVA,N,51381.83,330862.93,0.15529642,0.15529642,764.800,4697.100,0.16282387,1917,2,39,0.848,0.0194,0.0628,OFICIAL
NACIONAL,BRASIL,2025-05,LACTEOS,SOLAR,FAB_SOLAR,N,39163.52,330862.93,0.11836781,0.11836781,427.700,4697.100,0.09105618,1475,3,32,0.848,0.0194,0.0628,OFICIAL
NACIONAL,BRASIL,2025-05,LACTEOS,ALPHA,FAB_ALPHA,N,26018.71,330862.93,0.07863894,0.07863894,339.900,4697.100,0.0723638,1056,4,31,0.848,0.0194,0.0628,OFICIAL
NACIONAL,BRASIL,2025-05,LACTEOS,MOCA,NESTLE,Y,25657.80,330862.93,0.07754813,0.07754813,292.900,4697.100,0.06235762,872,5,21,0.848,0.0194,0.0628,OFICIAL
NACIONAL,BRASIL,2025-05,LACTEOS,BETA,FAB_BETA,N,23715.15,330862.93,0.07167666,0.07167666,394.900,4697.100,0.08407315,742,6,25,0.848,0.0194,0.0628,OFICIAL
NACIONAL,BRASIL,2025-05,LACTEOS,GAROTO,NESTLE,Y,19653.35,330862.93,0.05940028,0.05940028,282.900,4697.100,0.06022865,663,7,18,0.848,0.0194,0.0628,OFICIAL
NACIONAL,BRASIL,2025-05,LACTEOS,NESCAFE,NESTLE,Y,17345.80,330862.93,0.05242594,0.05242594,249.900,4697.100,0.05320304,506,8,15,0.848,0.0194,0.0628,OFICIAL
NACIONAL,BRASIL,2025-05,LACTEOS,PRIME,FAB_PRIME,N,14933.77,330862.93,0.04513582,0.04513582,261.000,4697.100,0.0555662,500,9,19,0.848,0.0194,0.0628,OFICIAL
NACIONAL,BRASIL,2025-05,LACTEOS,NOVA,FAB_NOVA,N,14751.04,330862.93,0.04458354,0.04458354,402.100,4697.100,0.08560601,662,10,17,0.848,0.0194,0.0628,OFICIAL
NACIONAL,BRASIL,2025-05,LACTEOS,MAGGI,NESTLE,Y,14520.70,330862.93,0.04388736,0.04388736,229.700,4697.100,0.04890251,261,11,7,0.848,0.0194,0.0628,OFICIAL
NACIONAL,BRASIL,2025-05,LACTEOS,NESQUIK,NESTLE,Y,12210.05,330862.93,0.03690365,0.03690365,152.200,4697.100,0.03240297,369,12,13,0.848,0.0194,0.0628,OFICIAL
NACIONAL,BRASIL,2025-05,LACTEOS,KITKAT,NESTLE,Y,7823.94,330862.93,0.02364707,0.02364707,79.200,4697.100,0.01686147,326,13,7,0.848,0.0194,0.0628,OFICIAL
NACIONAL,BRASIL,2025-05,LACTEOS,NINHO,NESTLE,Y,7236.60,330862.93,0.0218719,0.0218719,95.300,4697.100,0.02028911,218,14,13,0.848,0.0194,0.0628,OFICIAL
NACIONAL,BRASIL,2025-05,NUTRICAO,BETA,FAB_BETA,N,43011.78,290326.69,0.14814959,0.14814959,680.700,4463.200,0.15251389,1468,1,34,0.848,0.0194,0.0542,OFICIAL
NACIONAL,BRASIL,2025-05,NUTRICAO,DELTA,FAB_DELTA,N,42439.54,290326.69,0.14617857,0.14617857,718.400,4463.200,0.16096075,1262,2,29,0.848,0.0194,0.0542,OFICIAL
NACIONAL,BRASIL,2025-05,NUTRICAO,SOLAR,FAB_SOLAR,N,31530.23,290326.69,0.10860259,0.10860259,570.200,4463.200,0.12775587,1010,3,21,0.848,0.0194,0.0542,OFICIAL
NACIONAL,BRASIL,2025-05,NUTRICAO,NINHO,NESTLE,Y,28143.53,290326.69,0.09693745,0.09693745,337.700,4463.200,0.0756632,725,4,19,0.848,0.0194,0.0542,OFICIAL
NACIONAL,BRASIL,2025-05,NUTRICAO,ALPHA,FAB_ALPHA,N,27706.63,290326.69,0.0954326,0.0954326,385.000,4463.200,0.08626098,934,5,27,0.848,0.0194,0.0542,OFICIAL
NACIONAL,BRASIL,2025-05,NUTRICAO,VIVA,FAB_VIVA,N,27097.28,290326.69,0.09333375,0.09333375,283.800,4463.200,0.06358666,744,6,20,0.848,0.0194,0.0542,OFICIAL
NACIONAL,BRASIL,2025-05,NUTRICAO,NESQUIK,NESTLE,Y,18925.21,290326.69,0.06518591,0.06518591,306.600,4463.200,0.06869511,1164,7,38,0.848,0.0194,0.0542,OFICIAL
NACIONAL,BRASIL,2025-05,NUTRICAO,NOVA,FAB_NOVA,N,16978.45,290326.69,0.0584805,0.0584805,195.800,4463.200,0.04386987,707,8,23,0.848,0.0194,0.0542,OFICIAL
NACIONAL,BRASIL,2025-05,NUTRICAO,MOCA,NESTLE,Y,13966.92,290326.69,0.0481076,0.0481076,356.500,4463.200,0.07987543,530,9,12,0.848,0.0194,0.0542,OFICIAL
NACIONAL,BRASIL,2025-05,NUTRICAO,PRIME,FAB_PRIME,N,13655.06,290326.69,0.04703343,0.04703343,151.900,4463.200,0.03403388,465,10,19,0.848,0.0194,0.0542,OFICIAL
NACIONAL,BRASIL,2025-05,NUTRICAO,KITKAT,NESTLE,Y,11951.41,290326.69,0.04116539,0.04116539,122.100,4463.200,0.02735705,461,11,17,0.848,0.0194,0.0542,OFICIAL
NACIONAL,BRASIL,2025-05,NUTRICAO,GAROTO,NESTLE,Y,7928.63,290326.69,0.02730934,0.02730934,155.100,4463.200,0.03475085,189,12,5,0.848,0.0194,0.0542,OFICIAL
NACIONAL,BRASIL,2025-05,NUTRICAO,NESCAFE,NESTLE,Y,4810.43,290326.69,0.01656902,0.01656902,150.600,4463.200,0.03374261,271,13,5,0.848,0.0194,0.0542,OFICIAL
NACIONAL,BRASIL,2025-05,NUTRICAO,MAGGI,NESTLE,Y,2181.59,290326.69,0.00751426,0.00751426,48.800,4463.200,0.01093386,128,14,6,0.848,0.0194,0.0542,OFICIAL
NACIONAL,BRASIL,2025-06,BEBIDAS,DELTA,FAB_DELTA,N,52477.13,284120.91,0.18469999,0.18469999,1133.400,4793.600,0.23644025,1748,1,26,0.869,0.0139,0.0798,OFICIAL
NACIONAL,BRASIL,2025-06,BEBIDAS,NINHO,NESTLE,Y,30491.63,284120.91,0.1073192,0.1073192,638.200,4793.600,0.13313585,1463,2,41,0.869,0.0139,0.0798,OFICIAL
NACIONAL,BRASIL,2025-06,BEBIDAS,SOLAR,FAB_SOLAR,N,28196.08,284120.91,0.09923972,0.09923972,652.100,4793.600,0.13603555,1047,3,28,0.869,0.0139,0.0798,OFICIAL
NACIONAL,BRASIL,2025-06,BEBIDAS,PRIME,FAB_PRIME,N,25211.05,284120.91,0.08873353,0.08873353,279.900,4793.600,0.05839035,821,4,21,0.869,0.0139,0.0798,OFICIAL
NACIONAL,BRASIL,2025-06,BEBIDAS,BETA,FAB_BETA,N,22918.84,284120.91,0.0806658,0.0806658,291.600,4793.600,0.06083111,737,5,22,0.869,0.0139,0.0798,OFICIAL
NACIONAL,BRASIL,2025-06,BEBIDAS,NOVA,FAB_NOVA,N,18397.93,284120.91,0.06475388,0.06475388,278.600,4793.600,0.05811916,926,6,13,0.869,0.0139,0.0798,OFICIAL
NACIONAL,BRASIL,2025-06,BEBIDAS,NESCAFE,NESTLE,Y,16576.43,284120.91,0.05834287,0.05834287,319.100,4793.600,0.06656792,941,7,31,0.869,0.0139,0.0798,OFICIAL
NACIONAL,BRASIL,2025-06,BEBIDAS,ALPHA,FAB_ALPHA,N,16420.37,284120.91,0.0577936,0.0577936,301.200,4793.600,0.06283378,629,8,20,0.869,0.0139,0.0798,OFICIAL
NACIONAL,BRASIL,2025-06,BEBIDAS,VIVA,FAB_VIVA,N,16347.43,284120.91,0.05753688,0.05753688,165.300,4793.600,0.03448348,547,9,18,0.869,0.0139,0.0798,OFICIAL
NACIONAL,BRASIL,2025-06,BEBIDAS,NESQUIK,NESTLE,Y,16200.00,284120.91,0.05701798,0.05701798,287.200,4793.600,0.05991322,502,10,17,0.869,0.0139,0.0798,OFICIAL
NACIONAL,BRASIL,2025-06,BEBIDAS,KITKAT,NESTLE,Y,15822.13,284120.91,0.05568802,0.05568802,178.800,4793.600,0.03729973,410,11,7,0.869,0.0139,0.0798,OFICIAL
NACIONAL,BRASIL,2025-06,BEBIDAS,MOCA,NESTLE,Y,10775.00,284120.91,0.037924,0.037924,153.100,4793.600,0.03193842,480,12,14,0.869,0.0139,0.0798,OFICIAL
NACIONAL,BRASIL,2025-06,BEBIDAS,GAROTO,NESTLE,Y,10250.67,284120.91,0.03607855,0.03607855,62.700,4793.600,0.01307994,290,13,8,0.869,0.0139,0.0798,OFICIAL
NACIONAL,BRASIL,2025-06,BEBIDAS,MAGGI,NESTLE,Y,4036.22,284120.91,0.01420599,0.01420599,52.400,4793.600,0.01093124,108,14,5,0.869,0.0139,0.0798,OFICIAL
NACIONAL,BRASIL,2025-06,CHOCOLATES,BETA,FAB_BETA,N,34710.65,274594.75,0.12640682,0.12640682,411.000,5029.400,0.08171949,1179,1,28,0.869,0.0139,0.0603,OFICIAL
NACIONAL,BRASIL,2025-06,CHOCOLATES,PRIME,FAB_PRIME,N,29660.25,274594.75,0.10801463,0.10801463,691.400,5029.400,0.13747167,1449,2,29,0.869,0.0139,0.0603,OFICIAL
NACIONAL,BRASIL,2025-06,CHOCOLATES,NINHO,NESTLE,Y,28583.02,274594.75,0.10409165,0.10409165,440.700,5029.400,0.08762477,851,3,17,0.869,0.0139,0.0603,OFICIAL
NACIONAL,BRASIL,2025-06,CHOCOLATES,ALPHA,FAB_ALPHA,N,24397.89,274594.75,0.08885053,0.08885053,821.300,5029.400,0.1632998,1788,4,16,0.869,0.0139,0.0603,OFICIAL
NACIONAL,BRASIL,2025-06,CHOCOLATES,SOLAR,FAB_SOLAR,N,19507.51,274594.75,0.07104109,0.07104109,363.300,5029.400,0.07223526,952,5,17,0.869,0.0139,0.0603,OFICIAL
NACIONAL,BRASIL,2025-06,CHOCOLATES,KITKAT,NESTLE,Y,19457.85,274594.75,0.07086024,0.07086024,402.300,5029.400,0.07998966,830,6,18,0.869,0.0139,0.0603,OFICIAL
NACIONAL,BRASIL,2025-06,CHOCOLATES,DELTA,FAB_DELTA,N,18744.67,274594.75,0.06826303,0.06826303,266.600,5029.400,0.05300831,635,7,19,0.869,0.0139,0.0603,OFICIAL
NACIONAL,BRASIL,2025-06,CHOCOLATES,VIVA,FAB_VIVA,N,18380.33,274594.75,0.0669362,0.0669362,217.600,5029.400,0.0432656,574,8,24,0.869,0.0139,0.0603,OFICIAL
NACIONAL,BRASIL,2025-06,CHOCOLATES,NESQUIK,NESTLE,Y,18226.37,274594.75,0.06637552,0.06637552,415.200,5029.400,0.08255458,707,9,12,0.869,0.0139,0.0603,OFICIAL
NACIONAL,BRASIL,2025-06,CHOCOLATES,NOVA,FAB_NOVA,N,17735.41,274594.75,0.06458758,0.06458758,327.100,5029.400,0.06503758,602,10,22,0.869,0.0139,0.0603,OFICIAL
NACIONAL,BRASIL,2025-06,CHOCOLATES,NESCAFE,NESTLE,Y,15077.92,274594.75,0.05490972,0.05490972,169.500,5029.400,0.03370183,402,11,11,0.869,0.0139,0.0603,OFICIAL
NACIONAL,BRASIL,2025-06,CHOCOLATES,MAGGI,NESTLE,Y,13104.58,274594.75,0.04772335,0.04772335,146.200,5029.400,0.02906907,355,12,14,0.869,0.0139,0.0603,OFICIAL
NACIONAL,BRASIL,2025-06,CHOCOLATES,MOCA,NESTLE,Y,10629.72,274594.75,0.03871057,0.03871057,192.700,5029.400,0.03831471,319,13,9,0.869,0.0139,0.0603,OFICIAL
NACIONAL,BRASIL,2025-06,CHOCOLATES,GAROTO,NESTLE,Y,6378.58,274594.75,0.02322907,0.02322907,164.500,5029.400,0.03270768,173,14,4,0.869,0.0139,0.0603,OFICIAL
NACIONAL,BRASIL,2025-06,CULINARIOS,PRIME,FAB_PRIME,N,54356.95,288800.85,0.18821603,0.18821603,576.700,4480.700,0.12870757,1658,1,36,0.869,0.0139,0.0457,OFICIAL
NACIONAL,BRASIL,2025-06,CULINARIOS,NOVA,FAB_NOVA,N,44064.94,288800.85,0.15257898,0.15257898,615.100,4480.700,0.13727766,1273,2,35,0.869,0.0139,0.0457,OFICIAL
NACIONAL,BRASIL,2025-06,CULINARIOS,BETA,FAB_BETA,N,26680.64,288800.85,0.09238422,0.09238422,406.100,4480.700,0.09063316,775,3,24,0.869,0.0139,0.0457,OFICIAL
NACIONAL,BRASIL,2025-06,CULINARIOS,VIVA,FAB_VIVA,N,24017.86,288800.85,0.08316409,0.08316409,430.500,4480.700,0.09607874,833,4,24,0.869,0.0139,0.0457,OFICIAL
NACIONAL,BRASIL,2025-06,CULINARIOS,NINHO,NESTLE,Y,19775.59,288800.85,0.06847483,0.06847483,274.400,4480.700,0.06124043,747,5,18,0.869,0.0139,0.0457,OFICIAL
NACIONAL,BRASIL,2025-06,CULINARIOS,DELTA,FAB_DELTA,N,18680.56,288800.85,0.06468319,0.06468319,238.500,4480.700,0.05322829,614,6,18,0.869,0.0139,0.0457,OFICIAL
NACIONAL,BRASIL,2025-06,CULINARIOS,NESQUIK,NESTLE,Y,18093.92,288800.85,0.06265189,0.06265189,418.900,4480.700,0.09348986,892,7,12,0.869,0.0139,0.0457,OFICIAL
NACIONAL,BRASIL,2025-06,CULINARIOS,GAROTO,NESTLE,Y,14381.94,288800.85,0.04979881,0.04979881,243.600,4480.700,0.05436651,690,8,12,0.869,0.0139,0.0457,OFICIAL
NACIONAL,BRASIL,2025-06,CULINARIOS,KITKAT,NESTLE,Y,13695.58,288800.85,0.04742223,0.04742223,179.800,4480.700,0.04012766,632,9,12,0.869,0.0139,0.0457,OFICIAL
NACIONAL,BRASIL,2025-06,CULINARIOS,MAGGI,NESTLE,Y,13249.58,288800.85,0.04587791,0.04587791,297.500,4480.700,0.06639588,541,10,10,0.869,0.0139,0.0457,OFICIAL
NACIONAL,BRASIL,2025-06,CULINARIOS,SOLAR,FAB_SOLAR,N,12368.21,288800.85,0.04282609,0.04282609,313.700,4480.700,0.07001138,585,11,19,0.869,0.0139,0.0457,OFICIAL
NACIONAL,BRASIL,2025-06,CULINARIOS,MOCA,NESTLE,Y,10304.54,288800.85,0.03568044,0.03568044,104.500,4480.700,0.02332225,449,12,12,0.869,0.0139,0.0457,OFICIAL
NACIONAL,BRASIL,2025-06,CULINARIOS,ALPHA,FAB_ALPHA,N,10201.41,288800.85,0.03532334,0.03532334,165.400,4480.700,0.03691388,360,13,9,0.869,0.0139,0.0457,OFICIAL
NACIONAL,BRASIL,2025-06,CULINARIOS,NESCAFE,NESTLE,Y,8929.13,288800.85,0.03091795,0.03091795,216.000,4480.700,0.04820675,350,14,10,0.869,0.0139,0.0457,OFICIAL
NACIONAL,BRASIL,2025-06,LACTEOS,ALPHA,FAB_ALPHA,N,68484.87,356258.98,0.19223339,0.19223339,880.500,4780.300,0.18419346,1879,1,32,0.869,0.0139,0.0432,OFICIAL
NACIONAL,BRASIL,2025-06,LACTEOS,DELTA,FAB_DELTA,N,42618.76,356258.98,0.11962859,0.11962859,413.700,4780.300,0.08654269,1677,2,39,0.869,0.0139,0.0432,OFICIAL
NACIONAL,BRASIL,2025-06,LACTEOS,SOLAR,FAB_SOLAR,N,30753.98,356258.98,0.08632479,0.08632479,521.200,4780.300,0.10903081,1175,3,20,0.869,0.0139,0.0432,OFICIAL
NACIONAL,BRASIL,2025-06,LACTEOS,PRIME,FAB_PRIME,N,27958.22,356258.98,0.07847724,0.07847724,340.600,4780.300,0.07125076,1032,4,18,0.869,0.0139,0.0432,OFICIAL
NACIONAL,BRASIL,2025-06,LACTEOS,VIVA,FAB_VIVA,N,27098.91,356258.98,0.0760652,0.0760652,343.700,4780.300,0.07189925,758,5,24,0.869,0.0139,0.0432,OFICIAL
NACIONAL,BRASIL,2025-06,LACTEOS,MOCA,NESTLE,Y,25700.48,356258.98,0.07213988,0.07213988,246.100,4780.300,0.05148212,920,6,21,0.869,0.0139,0.0432,OFICIAL
NACIONAL,BRASIL,2025-06,LACTEOS,NOVA,FAB_NOVA,N,24874.24,356258.98,0.06982067,0.06982067,394.600,4780.300,0.08254712,1029,7,27,0.869,0.0139,0.0432,OFICIAL
NACIONAL,BRASIL,2025-06,LACTEOS,BETA,FAB_BETA,N,20919.91,356258.98,0.05872107,0.05872107,216.200,4780.300,0.04522729,562,8,20,0.869,0.0139,0.0432,OFICIAL
NACIONAL,BRASIL,2025-06,LACTEOS,MAGGI,NESTLE,Y,18942.74,356258.98,0.05317126,0.05317126,423.100,4780.300,0.08850909,543,9,14,0.869,0.0139,0.0432,OFICIAL
NACIONAL,BRASIL,2025-06,LACTEOS,NINHO,NESTLE,Y,18477.79,356258.98,0.05186617,0.05186617,418.800,4780.300,0.08760956,614,10,18,0.869,0.0139,0.0432,OFICIAL
NACIONAL,BRASIL,2025-06,LACTEOS,NESQUIK,NESTLE,Y,16463.81,356258.98,0.04621304,0.04621304,182.500,4780.300,0.03817752,538,11,16,0.869,0.0139,0.0432,OFICIAL
NACIONAL,BRASIL,2025-06,LACTEOS,GAROTO,NESTLE,Y,15360.83,356258.98,0.04311703,0.04311703,150.400,4780.300,0.03146246,561,12,14,0.869,0.0139,0.0432,OFICIAL
NACIONAL,BRASIL,2025-06,LACTEOS,NESCAFE,NESTLE,Y,11753.81,356258.98,0.03299232,0.03299232,125.000,4780.300,0.02614899,413,13,15,0.869,0.0139,0.0432,OFICIAL
NACIONAL,BRASIL,2025-06,LACTEOS,KITKAT,NESTLE,Y,6850.63,356258.98,0.01922935,0.01922935,123.900,4780.300,0.02591888,174,14,6,0.869,0.0139,0.0432,OFICIAL
NACIONAL,BRASIL,2025-06,NUTRICAO,ALPHA,FAB_ALPHA,N,77441.93,355739.37,0.21769289,0.21769289,788.600,5026.400,0.15689161,2037,1,32,0.869,0.0139,0.0452,OFICIAL
NACIONAL,BRASIL,2025-06,NUTRICAO,NESQUIK,NESTLE,Y,37295.46,355739.37,0.10483928,0.10483928,610.100,5026.400,0.12137912,1596,2,41,0.869,0.0139,0.0452,OFICIAL
NACIONAL,BRASIL,2025-06,NUTRICAO,VIVA,FAB_VIVA,N,35573.10,355739.37,0.09999765,0.09999765,444.000,5026.400,0.0883336,1322,3,23,0.869,0.0139,0.0452,OFICIAL
NACIONAL,BRASIL,2025-06,NUTRICAO,PRIME,FAB_PRIME,N,34260.67,355739.37,0.09630835,0.09630835,503.000,5026.400,0.10007162,961,4,27,0.869,0.0139,0.0452,OFICIAL
NACIONAL,BRASIL,2025-06,NUTRICAO,NOVA,FAB_NOVA,N,31613.85,355739.37,0.08886801,0.08886801,395.500,5026.400,0.07868455,1055,5,25,0.869,0.0139,0.0452,OFICIAL
NACIONAL,BRASIL,2025-06,NUTRICAO,DELTA,FAB_DELTA,N,29686.36,355739.37,0.08344975,0.08344975,549.000,5026.400,0.1092233,1057,6,37,0.869,0.0139,0.0452,OFICIAL
NACIONAL,BRASIL,2025-06,NUTRICAO,BETA,FAB_BETA,N,24555.04,355739.37,0.06902537,0.06902537,512.300,5026.400,0.10192185,914,7,28,0.869,0.0139,0.0452,OFICIAL
NACIONAL,BRASIL,2025-06,NUTRICAO,KITKAT,NESTLE,Y,23691.68,355739.37,0.06659842,0.06659842,414.200,5026.400,0.0824049,737,8,17,0.869,0.0139,0.0452,OFICIAL
NACIONAL,BRASIL,2025-06,NUTRICAO,NESCAFE,NESTLE,Y,15085.77,355739.37,0.0424068,0.0424068,188.300,5026.400,0.0374622,572,9,12,0.869,0.0139,0.0452,OFICIAL
NACIONAL,BRASIL,2025-06,NUTRICAO,MOCA,NESTLE,Y,13412.86,355739.37,0.03770418,0.03770418,158.700,5026.400,0.03157329,354,10,14,0.869,0.0139,0.0452,OFICIAL
NACIONAL,BRASIL,2025-06,NUTRICAO,GAROTO,NESTLE,Y,10328.73,355739.37,0.02903454,0.02903454,135.600,5026.400,0.02697756,341,11,9,0.869,0.0139,0.0452,OFICIAL
NACIONAL,BRASIL,2025-06,NUTRICAO,SOLAR,FAB_SOLAR,N,10025.02,355739.37,0.0281808,0.0281808,217.600,5026.400,0.04329142,463,12,15,0.869,0.0139,0.0452,OFICIAL
NACIONAL,BRASIL,2025-06,NUTRICAO,NINHO,NESTLE,Y,9904.50,355739.37,0.02784201,0.02784201,83.900,5026.400,0.01669187,387,13,14,0.869,0.0139,0.0452,OFICIAL
NACIONAL,BRASIL,2025-06,NUTRICAO,MAGGI,NESTLE,Y,2864.40,355739.37,0.00805196,0.00805196,25.600,5026.400,0.00509311,104,14,3,0.869,0.0139,0.0452,OFICIAL
NACIONAL,BRASIL,2025-07,BEBIDAS,SOLAR,FAB_SOLAR,N,39131.73,319776.58,0.12237209,,678.200,5279.900,0.1284494,1251,1,34,0.7984,0.0181,0.049,NAO_OFICIAL_COBERTURA
NACIONAL,BRASIL,2025-07,BEBIDAS,DELTA,FAB_DELTA,N,38243.46,319776.58,0.11959431,,695.500,5279.900,0.13172598,1343,2,32,0.7984,0.0181,0.049,NAO_OFICIAL_COBERTURA
NACIONAL,BRASIL,2025-07,BEBIDAS,ALPHA,FAB_ALPHA,N,32422.16,319776.58,0.10139004,,552.400,5279.900,0.10462319,1185,3,29,0.7984,0.0181,0.049,NAO_OFICIAL_COBERTURA
NACIONAL,BRASIL,2025-07,BEBIDAS,VIVA,FAB_VIVA,N,29293.91,319776.58,0.09160743,,366.200,5279.900,0.06935737,957,4,21,0.7984,0.0181,0.049,NAO_OFICIAL_COBERTURA
NACIONAL,BRASIL,2025-07,BEBIDAS,NESCAFE,NESTLE,Y,28677.85,319776.58,0.0896809,,535.600,5279.900,0.10144132,1477,5,32,0.7984,0.0181,0.049,NAO_OFICIAL_COBERTURA
NACIONAL,BRASIL,2025-07,BEBIDAS,BETA,FAB_BETA,N,27184.03,319776.58,0.08500945,,311.900,5279.900,0.05907309,1120,6,26,0.7984,0.0181,0.049,NAO_OFICIAL_COBERTURA
NACIONAL,BRASIL,2025-07,BEBIDAS,NINHO,NESTLE,Y,24043.71,319776.58,0.07518909,,436.300,5279.900,0.08263414,1329,7,41,0.7984,0.0181,0.049,NAO_OFICIAL_COBERTURA
NACIONAL,BRASIL,2025-07,BEBIDAS,NOVA,FAB_NOVA,N,21995.56,319776.58,0.06878415,,428.500,5279.900,0.08115684,761,8,17,0.7984,0.0181,0.049,NAO_OFICIAL_COBERTURA
NACIONAL,BRASIL,2025-07,BEBIDAS,PRIME,FAB_PRIME,N,19035.29,319776.58,0.05952684,,343.500,5279.900,0.06505805,858,9,26,0.7984,0.0181,0.049,NAO_OFICIAL_COBERTURA
NACIONAL,BRASIL,2025-07,BEBIDAS,NESQUIK,NESTLE,Y,15901.93,319776.58,0.04972825,,242.400,5279.900,0.04590996,637,10,15,0.7984,0.0181,0.049,NAO_OFICIAL_COBERTURA
NACIONAL,BRASIL,2025-07,BEBIDAS,KITKAT,NESTLE,Y,13170.38,319776.58,0.04118619,,108.900,5279.900,0.02062539,384,11,8,0.7984,0.0181,0.049,NAO_OFICIAL_COBERTURA
NACIONAL,BRASIL,2025-07,BEBIDAS,MOCA,NESTLE,Y,10884.09,319776.58,0.03403655,,207.500,5279.900,0.03929999,398,12,11,0.7984,0.0181,0.049,NAO_OFICIAL_COBERTURA
NACIONAL,BRASIL,2025-07,BEBIDAS,MAGGI,NESTLE,Y,10569.53,319776.58,0.03305286,,177.300,5279.900,0.03358018,286,13,10,0.7984,0.0181,0.049,NAO_OFICIAL_COBERTURA
NACIONAL,BRASIL,2025-07,BEBIDAS,GAROTO,NESTLE,Y,9222.95,319776.58,0.02884186,,195.700,5279.900,0.0370651,290,14,10,0.7984,0.0181,0.049,NAO_OFICIAL_COBERTURA
NACIONAL,BRASIL,2025-07,CHOCOLATES,ALPHA,FAB_ALPHA,N,47370.70,294947.89,0.16060701,,593.400,4676.300,0.12689519,1244,1,23,0.7984,0.0181,0.0665,NAO_OFICIAL_COBERTURA
NACIONAL,BRASIL,2025-07,CHOCOLATES,DELTA,FAB_DELTA,N,36011.58,294947.89,0.12209472,,309.100,4676.300,0.06609927,956,2,23,0.7984,0.0181,0.0665,NAO_OFICIAL_COBERTURA
NACIONAL,BRASIL,2025-07,CHOCOLATES,NOVA,FAB_NOVA,N,33316.01,294947.89,0.11295558,,363.700,4676.300,0.07777516,1207,3,28,0.7984,0.0181,0.0665,NAO_OFICIAL_COBERTURA
NACIONAL,BRASIL,2025-07,CHOCOLATES,BETA,FAB_BETA,N,32219.24,294947.89,0.10923706,,657.000,4676.300,0.14049569,1267,4,34,0.7984,0.0181,0.0665,NAO_OFICIAL_COBERTURA
NACIONAL,BRASIL,2025-07,CHOCOLATES,PRIME,FAB_PRIME,N,22483.67,294947.89,0.0762293,,531.400,4676.300,0.11363685,945,5,28,0.7984,0.0181,0.0665,NAO_OFICIAL_COBERTURA
NACIONAL,BRASIL,2025-07,CHOCOLATES,VIVA,FAB_VIVA,N,21653.62,294947.89,0.07341507,,368.200,4676.300,0.07873746,767,6,20,0.7984,0.0181,0.0665,NAO_OFICIAL_COBERTURA
NACIONAL,BRASIL,2025-07,CHOCOLATES,MAGGI,NESTLE,Y,21633.98,294947.89,0.07334848,,323.100,4676.300,0.06909309,668,7,14,0.7984,0.0181,0.0665,NAO_OFICIAL_COBERTURA
NACIONAL,BRASIL,2025-07,CHOCOLATES,SOLAR,FAB_SOLAR,N,18586.52,294947.89,0.06301628,,450.200,4676.300,0.09627269,713,8,15,0.7984,0.0181,0.0665,NAO_OFICIAL_COBERTURA
NACIONAL,BRASIL,2025-07,CHOCOLATES,NESCAFE,NESTLE,Y,14361.85,294947.89,0.04869284,,173.300,4676.300,0.03705921,501,9,19,0.7984,0.0181,0.0665,NAO_OFICIAL_COBERTURA
NACIONAL,BRASIL,2025-07,CHOCOLATES,KITKAT,NESTLE,Y,14228.07,294947.89,0.04823927,,223.900,4676.300,0.04787973,444,10,18,0.7984,0.0181,0.0665,NAO_OFICIAL_COBERTURA
NACIONAL,BRASIL,2025-07,CHOCOLATES,NESQUIK,NESTLE,Y,12958.19,294947.89,0.04393383,,171.900,4676.300,0.03675983,486,11,13,0.7984,0.0181,0.0665,NAO_OFICIAL_COBERTURA
NACIONAL,BRASIL,2025-07,CHOCOLATES,MOCA,NESTLE,Y,9837.77,294947.89,0.03335426,,310.000,4676.300,0.06629173,439,12,13,0.7984,0.0181,0.0665,NAO_OFICIAL_COBERTURA
NACIONAL,BRASIL,2025-07,CHOCOLATES,NINHO,NESTLE,Y,6641.90,294947.89,0.02251889,,103.000,4676.300,0.02202596,250,13,12,0.7984,0.0181,0.0665,NAO_OFICIAL_COBERTURA
NACIONAL,BRASIL,2025-07,CHOCOLATES,GAROTO,NESTLE,Y,3644.79,294947.89,0.0123574,,98.100,4676.300,0.02097812,156,14,6,0.7984,0.0181,0.0665,NAO_OFICIAL_COBERTURA
NACIONAL,BRASIL,2025-07,CULINARIOS,VIVA,FAB_VIVA,N,49076.28,313488.56,0.15654887,,685.800,4691.100,0.14619172,1555,1,36,0.7984,0.0181,0.0485,NAO_OFICIAL_COBERTURA
NACIONAL,BRASIL,2025-07,CULINARIOS,DELTA,FAB_DELTA,N,33121.08,313488.56,0.10565323,,487.200,4691.100,0.10385624,1091,2,23,0.7984,0.0181,0.0485,NAO_OFICIAL_COBERTURA
NACIONAL,BRASIL,2025-07,CULINARIOS,NINHO,NESTLE,Y,32209.65,313488.56,0.10274585,,542.900,4691.100,0.11572979,1094,3,24,0.7984,0.0181,0.0485,NAO_OFICIAL_COBERTURA
NACIONAL,BRASIL,2025-07,CULINARIOS,PRIME,FAB_PRIME,N,31384.31,313488.56,0.1001131,,423.900,4691.100,0.0903626,1063,4,22,0.7984,0.0181,0.0485,NAO_OFICIAL_COBERTURA
NACIONAL,BRASIL,2025-07,CULINARIOS,BETA,FAB_BETA,N,29943.20,313488.56,0.09551609,,412.600,4691.100,0.08795378,933,5,20,0.7984,0.0181,0.0485,NAO_OFICIAL_COBERTURA
NACIONAL,BRASIL,2025-07,CULINARIOS,MAGGI,NESTLE,Y,26051.35,313488.56,0.08310144,,279.400,4691.100,0.05955959,814,6,14,0.7984,0.0181,0.0485,NAO_OFICIAL_COBERTURA
NACIONAL,BRASIL,2025-07,CULINARIOS,NOVA,FAB_NOVA,N,25220.54,313488.56,0.08045123,,647.800,4691.100,0.13809128,1172,7,31,0.7984,0.0181,0.0485,NAO_OFICIAL_COBERTURA
NACIONAL,BRASIL,2025-07,CULINARIOS,ALPHA,FAB_ALPHA,N,19788.20,313488.56,0.06312256,,420.700,4691.100,0.08968046,1075,8,16,0.7984,0.0181,0.0485,NAO_OFICIAL_COBERTURA
NACIONAL,BRASIL,2025-07,CULINARIOS,MOCA,NESTLE,Y,19310.84,313488.56,0.06159982,,173.100,4691.100,0.03689966,649,9,21,0.7984,0.0181,0.0485,NAO_OFICIAL_COBERTURA
NACIONAL,BRASIL,2025-07,CULINARIOS,KITKAT,NESTLE,Y,14433.39,313488.56,0.0460412,,175.600,4691.100,0.03743259,443,10,14,0.7984,0.0181,0.0485,NAO_OFICIAL_COBERTURA
NACIONAL,BRASIL,2025-07,CULINARIOS,SOLAR,FAB_SOLAR,N,13839.23,313488.56,0.04414589,,197.900,4691.100,0.04218627,477,11,20,0.7984,0.0181,0.0485,NAO_OFICIAL_COBERTURA
NACIONAL,BRASIL,2025-07,CULINARIOS,NESQUIK,NESTLE,Y,9826.39,313488.56,0.03134529,,93.800,4691.100,0.01999531,274,12,10,0.7984,0.0181,0.0485,NAO_OFICIAL_COBERTURA
NACIONAL,BRASIL,2025-07,CULINARIOS,GAROTO,NESTLE,Y,7275.62,313488.56,0.02320857,,107.400,4691.100,0.02289442,291,13,14,0.7984,0.0181,0.0485,NAO_OFICIAL_COBERTURA
NACIONAL,BRASIL,2025-07,CULINARIOS,NESCAFE,NESTLE,Y,2008.48,313488.56,0.00640687,,43.000,4691.100,0.00916629,84,14,3,0.7984,0.0181,0.0485,NAO_OFICIAL_COBERTURA
NACIONAL,BRASIL,2025-07,LACTEOS,SOLAR,FAB_SOLAR,N,62045.51,328678.09,0.18877288,,1070.000,5631.500,0.19000266,2114,1,39,0.7984,0.0181,0.0812,NAO_OFICIAL_COBERTURA
NACIONAL,BRASIL,2025-07,LACTEOS,VIVA,FAB_VIVA,N,38468.42,328678.09,0.11703981,,558.700,5631.500,0.0992098,1330,2,34,0.7984,0.0181,0.0812,NAO_OFICIAL_COBERTURA
NACIONAL,BRASIL,2025-07,LACTEOS,DELTA,FAB_DELTA,N,28191.34,328678.09,0.08577189,,376.400,5631.500,0.06683832,1101,3,28,0.7984,0.0181,0.0812,NAO_OFICIAL_COBERTURA
NACIONAL,BRASIL,2025-07,LACTEOS,NOVA,FAB_NOVA,N,25238.87,328678.09,0.07678902,,386.800,5631.500,0.06868508,1137,4,27,0.7984,0.0181,0.0812,NAO_OFICIAL_COBERTURA
NACIONAL,BRASIL,2025-07,LACTEOS,ALPHA,FAB_ALPHA,N,23430.70,328678.09,0.07128768,,631.300,5631.500,0.11210157,1246,5,26,0.7984,0.0181,0.0812,NAO_OFICIAL_COBERTURA
NACIONAL,BRASIL,2025-07,LACTEOS,BETA,FAB_BETA,N,21876.53,328678.09,0.06655914,,313.400,5631.500,0.05565125,1036,6,26,0.7984,0.0181,0.0812,NAO_OFICIAL_COBERTURA
NACIONAL,BRASIL,2025-07,LACTEOS,MOCA,NESTLE,Y,21715.51,328678.09,0.06606924,,454.300,5631.500,0.08067122,878,7,17,0.7984,0.0181,0.0812,NAO_OFICIAL_COBERTURA
NACIONAL,BRASIL,2025-07,LACTEOS,PRIME,FAB_PRIME,N,21418.64,328678.09,0.06516601,,630.800,5631.500,0.11201279,1103,8,13,0.7984,0.0181,0.0812,NAO_OFICIAL_COBERTURA
NACIONAL,BRASIL,2025-07,LACTEOS,NESCAFE,NESTLE,Y,20371.91,328678.09,0.06198134,,199.000,5631.500,0.03533694,778,9,13,0.7984,0.0181,0.0812,NAO_OFICIAL_COBERTURA
NACIONAL,BRASIL,2025-07,LACTEOS,MAGGI,NESTLE,Y,20337.26,328678.09,0.06187592,,300.500,5631.500,0.05336056,593,10,4,0.7984,0.0181,0.0812,NAO_OFICIAL_COBERTURA
NACIONAL,BRASIL,2025-07,LACTEOS,NINHO,NESTLE,Y,19324.17,328678.09,0.05879361,,349.900,5631.500,0.06213265,750,11,17,0.7984,0.0181,0.0812,NAO_OFICIAL_COBERTURA
NACIONAL,BRASIL,2025-07,LACTEOS,GAROTO,NESTLE,Y,9854.97,328678.09,0.02998365,,56.400,5631.500,0.01001509,243,12,10,0.7984,0.0181,0.0812,NAO_OFICIAL_COBERTURA
NACIONAL,BRASIL,2025-07,LACTEOS,NESQUIK,NESTLE,Y,9325.43,328678.09,0.02837253,,153.700,5631.500,0.02729291,398,13,14,0.7984,0.0181,0.0812,NAO_OFICIAL_COBERTURA
NACIONAL,BRASIL,2025-07,LACTEOS,KITKAT,NESTLE,Y,7078.83,328678.09,0.02153727,,150.300,5631.500,0.02668916,221,14,9,0.7984,0.0181,0.0812,NAO_OFICIAL_COBERTURA
NACIONAL,BRASIL,2025-07,NUTRICAO,DELTA,FAB_DELTA,N,56874.44,331848.09,0.17138697,,698.500,5010.700,0.13940168,1768,1,32,0.7984,0.0181,0.0549,NAO_OFICIAL_COBERTURA
NACIONAL,BRASIL,2025-07,NUTRICAO,ALPHA,FAB_ALPHA,N,40958.71,331848.09,0.12342608,,462.700,5010.700,0.09234239,1241,2,27,0.7984,0.0181,0.0549,NAO_OFICIAL_COBERTURA
NACIONAL,BRASIL,2025-07,NUTRICAO,NESQUIK,NESTLE,Y,39232.47,331848.09,0.11822419,,712.800,5010.700,0.14225557,1570,3,48,0.7984,0.0181,0.0549,NAO_OFICIAL_COBERTURA
NACIONAL,BRASIL,2025-07,NUTRICAO,NOVA,FAB_NOVA,N,38302.41,331848.09,0.11542152,,699.700,5010.700,0.13964117,1103,4,24,0.7984,0.0181,0.0549,NAO_OFICIAL_COBERTURA
NACIONAL,BRASIL,2025-07,NUTRICAO,BETA,FAB_BETA,N,24822.44,331848.09,0.07480061,,384.800,5010.700,0.07679566,736,5,20,0.7984,0.0181,0.0549,NAO_OFICIAL_COBERTURA
NACIONAL,BRASIL,2025-07,NUTRICAO,VIVA,FAB_VIVA,N,24691.49,331848.09,0.074406,,263.100,5010.700,0.05250763,869,6,17,0.7984,0.0181,0.0549,NAO_OFICIAL_COBERTURA
NACIONAL,BRASIL,2025-07,NUTRICAO,MOCA,NESTLE,Y,22117.45,331848.09,0.06664932,,416.700,5010.700,0.08316203,762,7,20,0.7984,0.0181,0.0549,NAO_OFICIAL_COBERTURA
NACIONAL,BRASIL,2025-07,NUTRICAO,PRIME,FAB_PRIME,N,21101.85,331848.09,0.06358888,,343.900,5010.700,0.06863313,1165,8,23,0.7984,0.0181,0.0549,NAO_OFICIAL_COBERTURA
NACIONAL,BRASIL,2025-07,NUTRICAO,SOLAR,FAB_SOLAR,N,19863.27,331848.09,0.05985651,,347.200,5010.700,0.06929172,610,9,19,0.7984,0.0181,0.0549,NAO_OFICIAL_COBERTURA
NACIONAL,BRASIL,2025-07,NUTRICAO,NINHO,NESTLE,Y,12236.42,331848.09,0.03687356,,221.300,5010.700,0.04416549,356,10,16,0.7984,0.0181,0.0549,NAO_OFICIAL_COBERTURA
NACIONAL,BRASIL,2025-07,NUTRICAO,KITKAT,NESTLE,Y,10958.18,331848.09,0.03302168,,111.800,5010.700,0.02231225,361,11,11,0.7984,0.0181,0.0549,NAO_OFICIAL_COBERTURA
NACIONAL,BRASIL,2025-07,NUTRICAO,MAGGI,NESTLE,Y,8220.08,331848.09,0.02477061,,145.300,5010.700,0.02899794,309,12,7,0.7984,0.0181,0.0549,NAO_OFICIAL_COBERTURA
NACIONAL,BRASIL,2025-07,NUTRICAO,NESCAFE,NESTLE,Y,6958.07,331848.09,0.02096764,,128.000,5010.700,0.02554533,391,13,12,0.7984,0.0181,0.0549,NAO_OFICIAL_COBERTURA
NACIONAL,BRASIL,2025-07,NUTRICAO,GAROTO,NESTLE,Y,5510.81,331848.09,0.01660642,,74.900,5010.700,0.01494801,158,14,8,0.7984,0.0181,0.0549,NAO_OFICIAL_COBERTURA
NACIONAL,BRASIL,2025-08,BEBIDAS,PRIME,FAB_PRIME,N,34218.72,271370.21,0.12609608,0.12609608,410.700,4441.300,0.09247292,1254,1,26,0.8723,0.016,0.0264,OFICIAL
NACIONAL,BRASIL,2025-08,BEBIDAS,SOLAR,FAB_SOLAR,N,31968.07,271370.21,0.11780243,0.11780243,421.500,4441.300,0.09490465,1114,2,28,0.8723,0.016,0.0264,OFICIAL
NACIONAL,BRASIL,2025-08,BEBIDAS,NESCAFE,NESTLE,Y,30587.16,271370.21,0.11271377,0.11271377,400.200,4441.300,0.09010875,1230,3,34,0.8723,0.016,0.0264,OFICIAL
NACIONAL,BRASIL,2025-08,BEBIDAS,ALPHA,FAB_ALPHA,N,26594.28,271370.21,0.098,0.098,526.000,4441.300,0.11843379,836,4,21,0.8723,0.016,0.0264,OFICIAL
NACIONAL,BRASIL,2025-08,BEBIDAS,VIVA,FAB_VIVA,N,26074.91,271370.21,0.09608612,0.09608612,269.300,4441.300,0.0606354,980,5,18,0.8723,0.016,0.0264,OFICIAL
NACIONAL,BRASIL,2025-08,BEBIDAS,DELTA,FAB_DELTA,N,24337.14,271370.21,0.08968243,0.08968243,261.600,4441.300,0.05890167,788,6,18,0.8723,0.016,0.0264,OFICIAL
NACIONAL,BRASIL,2025-08,BEBIDAS,NINHO,NESTLE,Y,23766.06,271370.21,0.087578,0.087578,560.200,4441.300,0.12613424,1280,7,39,0.8723,0.016,0.0264,OFICIAL
NACIONAL,BRASIL,2025-08,BEBIDAS,GAROTO,NESTLE,Y,15611.69,271370.21,0.05752912,0.05752912,324.600,4441.300,0.07308671,538,8,17,0.8723,0.016,0.0264,OFICIAL
NACIONAL,BRASIL,2025-08,BEBIDAS,NOVA,FAB_NOVA,N,12864.00,271370.21,0.04740388,0.04740388,112.900,4441.300,0.02542049,337,9,12,0.8723,0.016,0.0264,OFICIAL
NACIONAL,BRASIL,2025-08,BEBIDAS,BETA,FAB_BETA,N,12112.46,271370.21,0.04463445,0.04463445,312.700,4441.300,0.07040731,538,10,14,0.8723,0.016,0.0264,OFICIAL
NACIONAL,BRASIL,2025-08,BEBIDAS,NESQUIK,NESTLE,Y,12006.81,271370.21,0.04424513,0.04424513,159.600,4441.300,0.03593542,360,11,11,0.8723,0.016,0.0264,OFICIAL
NACIONAL,BRASIL,2025-08,BEBIDAS,MAGGI,NESTLE,Y,8033.23,271370.21,0.02960248,0.02960248,218.100,4441.300,0.04910724,272,12,9,0.8723,0.016,0.0264,OFICIAL
NACIONAL,BRASIL,2025-08,BEBIDAS,KITKAT,NESTLE,Y,7270.53,271370.21,0.02679192,0.02679192,372.400,4441.300,0.08384932,448,13,6,0.8723,0.016,0.0264,OFICIAL
NACIONAL,BRASIL,2025-08,BEBIDAS,MOCA,NESTLE,Y,5925.15,271370.21,0.02183419,0.02183419,91.500,4441.300,0.02060208,350,14,13,0.8723,0.016,0.0264,OFICIAL
NACIONAL,BRASIL,2025-08,CHOCOLATES,VIVA,FAB_VIVA,N,44615.51,276339.31,0.16145191,0.16145191,444.300,4160.400,0.10679262,1228,1,36,0.8723,0.016,0.022,OFICIAL
NACIONAL,BRASIL,2025-08,CHOCOLATES,BETA,FAB_BETA,N,28972.68,276339.31,0.10484458,0.10484458,585.200,4160.400,0.14065955,1100,2,28,0.8723,0.016,0.022,OFICIAL
NACIONAL,BRASIL,2025-08,CHOCOLATES,ALPHA,FAB_ALPHA,N,28242.92,276339.31,0.10220377,0.10220377,444.900,4160.400,0.10693683,827,3,20,0.8723,0.016,0.022,OFICIAL
NACIONAL,BRASIL,2025-08,CHOCOLATES,NOVA,FAB_NOVA,N,27266.54,276339.31,0.09867051,0.09867051,336.900,4160.400,0.08097779,862,4,21,0.8723,0.016,0.022,OFICIAL
NACIONAL,BRASIL,2025-08,CHOCOLATES,NINHO,NESTLE,Y,22695.39,276339.31,0.08212871,0.08212871,286.000,4160.400,0.06874339,891,5,14,0.8723,0.016,0.022,OFICIAL
NACIONAL,BRASIL,2025-08,CHOCOLATES,SOLAR,FAB_SOLAR,N,21601.85,276339.31,0.07817147,0.07817147,309.700,4160.400,0.07443996,905,6,20,0.8723,0.016,0.022,OFICIAL
NACIONAL,BRASIL,2025-08,CHOCOLATES,NESCAFE,NESTLE,Y,19207.61,276339.31,0.06950734,0.06950734,331.800,4160.400,0.07975195,745,7,18,0.8723,0.016,0.022,OFICIAL
NACIONAL,BRASIL,2025-08,CHOCOLATES,NESQUIK,NESTLE,Y,17722.84,276339.31,0.06413434,0.06413434,254.400,4160.400,0.06114797,750,8,20,0.8723,0.016,0.022,OFICIAL
NACIONAL,BRASIL,2025-08,CHOCOLATES,PRIME,FAB_PRIME,N,17172.50,276339.31,0.06214281,0.06214281,383.000,4160.400,0.09205846,729,9,23,0.8723,0.016,0.022,OFICIAL
NACIONAL,BRASIL,2025-08,CHOCOLATES,KITKAT,NESTLE,Y,16860.02,276339.31,0.06101202,0.06101202,282.600,4160.400,0.06792616,592,10,14,0.8723,0.016,0.022,OFICIAL
NACIONAL,BRASIL,2025-08,CHOCOLATES,DELTA,FAB_DELTA,N,15738.69,276339.31,0.05695422,0.05695422,256.600,4160.400,0.06167676,449,11,17,0.8723,0.016,0.022,OFICIAL
NACIONAL,BRASIL,2025-08,CHOCOLATES,MAGGI,NESTLE,Y,8456.43,276339.31,0.03060162,0.03060162,113.600,4160.400,0.02730507,324,12,12,0.8723,0.016,0.022,OFICIAL
NACIONAL,BRASIL,2025-08,CHOCOLATES,MOCA,NESTLE,Y,5758.61,276339.31,0.02083891,0.02083891,83.900,4160.400,0.02016633,228,13,7,0.8723,0.016,0.022,OFICIAL
NACIONAL,BRASIL,2025-08,CHOCOLATES,GAROTO,NESTLE,Y,2027.72,276339.31,0.00733779,0.00733779,47.500,4160.400,0.01141717,126,14,6,0.8723,0.016,0.022,OFICIAL
NACIONAL,BRASIL,2025-08,CULINARIOS,VIVA,FAB_VIVA,N,55753.82,327157.44,0.17041893,0.17041893,678.800,4647.300,0.14606331,1620,1,37,0.8723,0.016,0.035,OFICIAL
NACIONAL,BRASIL,2025-08,CULINARIOS,NOVA,FAB_NOVA,N,53559.29,327157.44,0.16371106,0.16371106,690.100,4647.300,0.14849483,1763,2,44,0.8723,0.016,0.035,OFICIAL
NACIONAL,BRASIL,2025-08,CULINARIOS,PRIME,FAB_PRIME,N,45984.57,327157.44,0.14055792,0.14055792,351.300,4647.300,0.07559228,1458,3,26,0.8723,0.016,0.035,OFICIAL
NACIONAL,BRASIL,2025-08,CULINARIOS,SOLAR,FAB_SOLAR,N,35155.02,327157.44,0.10745597,0.10745597,486.700,4647.300,0.10472748,1042,4,22,0.8723,0.016,0.035,OFICIAL
NACIONAL,BRASIL,2025-08,CULINARIOS,GAROTO,NESTLE,Y,27833.47,327157.44,0.08507668,0.08507668,302.800,4647.300,0.06515611,775,5,17,0.8723,0.016,0.035,OFICIAL
NACIONAL,BRASIL,2025-08,CULINARIOS,DELTA,FAB_DELTA,N,21909.92,327157.44,0.06697057,0.06697057,323.100,4647.300,0.06952424,884,6,18,0.8723,0.016,0.035,OFICIAL
NACIONAL,BRASIL,2025-08,CULINARIOS,BETA,FAB_BETA,N,19006.42,327157.44,0.05809564,0.05809564,296.300,4647.300,0.06375745,789,7,23,0.8723,0.016,0.035,OFICIAL
NACIONAL,BRASIL,2025-08,CULINARIOS,NINHO,NESTLE,Y,15044.82,327157.44,0.04598648,0.04598648,278.300,4647.300,0.05988423,590,8,13,0.8723,0.016,0.035,OFICIAL
NACIONAL,BRASIL,2025-08,CULINARIOS,MOCA,NESTLE,Y,11709.65,327157.44,0.03579209,0.03579209,499.800,4647.300,0.10754632,790,9,12,0.8723,0.016,0.035,OFICIAL
NACIONAL,BRASIL,2025-08,CULINARIOS,ALPHA,FAB_ALPHA,N,10998.30,327157.44,0.03361776,0.03361776,150.700,4647.300,0.03242743,303,10,12,0.8723,0.016,0.035,OFICIAL
NACIONAL,BRASIL,2025-08,CULINARIOS,MAGGI,NESTLE,Y,10671.47,327157.44,0.03261876,0.03261876,186.700,4647.300,0.04017386,447,11,14,0.8723,0.016,0.035,OFICIAL
NACIONAL,BRASIL,2025-08,CULINARIOS,NESCAFE,NESTLE,Y,7662.90,327157.44,0.02342267,0.02342267,110.800,4647.300,0.0238418,245,12,5,0.8723,0.016,0.035,OFICIAL
NACIONAL,BRASIL,2025-08,CULINARIOS,NESQUIK,NESTLE,Y,6330.20,327157.44,0.01934909,0.01934909,249.700,4647.300,0.05373012,311,13,9,0.8723,0.016,0.035,OFICIAL
NACIONAL,BRASIL,2025-08,CULINARIOS,KITKAT,NESTLE,Y,5537.59,327157.44,0.01692638,0.01692638,42.200,4647.300,0.00908054,164,14,10,0.8723,0.016,0.035,OFICIAL
NACIONAL,BRASIL,2025-08,LACTEOS,PRIME,FAB_PRIME,N,44126.84,294280.27,0.14994835,0.14994835,948.800,4871.000,0.19478547,1115,1,20,0.8723,0.016,0.056,OFICIAL
NACIONAL,BRASIL,2025-08,LACTEOS,VIVA,FAB_VIVA,N,42113.87,294280.27,0.14310803,0.14310803,585.100,4871.000,0.12011907,1142,2,32,0.8723,0.016,0.056,OFICIAL
NACIONAL,BRASIL,2025-08,LACTEOS,NOVA,FAB_NOVA,N,39705.79,294280.27,0.13492508,0.13492508,667.600,4871.000,0.13705605,1325,3,25,0.8723,0.016,0.056,OFICIAL
NACIONAL,BRASIL,2025-08,LACTEOS,MOCA,NESTLE,Y,34027.47,294280.27,0.11562946,0.11562946,430.900,4871.000,0.08846233,981,4,19,0.8723,0.016,0.056,OFICIAL
NACIONAL,BRASIL,2025-08,LACTEOS,DELTA,FAB_DELTA,N,24077.62,294280.27,0.08181867,0.08181867,329.700,4871.000,0.06768631,806,5,34,0.8723,0.016,0.056,OFICIAL
NACIONAL,BRASIL,2025-08,LACTEOS,SOLAR,FAB_SOLAR,N,22571.40,294280.27,0.07670035,0.07670035,243.200,4871.000,0.04992815,679,6,23,0.8723,0.016,0.056,OFICIAL
NACIONAL,BRASIL,2025-08,LACTEOS,NESCAFE,NESTLE,Y,17506.88,294280.27,0.0594905,0.0594905,194.900,4871.000,0.04001232,608,7,15,0.8723,0.016,0.056,OFICIAL
NACIONAL,BRASIL,2025-08,LACTEOS,ALPHA,FAB_ALPHA,N,15807.67,294280.27,0.05371638,0.05371638,411.400,4871.000,0.08445904,910,8,29,0.8723,0.016,0.056,OFICIAL
NACIONAL,BRASIL,2025-08,LACTEOS,BETA,FAB_BETA,N,15483.30,294280.27,0.05261413,0.05261413,289.800,4871.000,0.05949497,642,9,21,0.8723,0.016,0.056,OFICIAL
NACIONAL,BRASIL,2025-08,LACTEOS,NINHO,NESTLE,Y,13408.22,294280.27,0.04556276,0.04556276,359.600,4871.000,0.07382468,575,10,16,0.8723,0.016,0.056,OFICIAL
NACIONAL,BRASIL,2025-08,LACTEOS,NESQUIK,NESTLE,Y,11299.73,294280.27,0.03839785,0.03839785,170.400,4871.000,0.03498255,534,11,19,0.8723,0.016,0.056,OFICIAL
NACIONAL,BRASIL,2025-08,LACTEOS,GAROTO,NESTLE,Y,9623.92,294280.27,0.03270325,0.03270325,107.100,4871.000,0.02198727,347,12,14,0.8723,0.016,0.056,OFICIAL
NACIONAL,BRASIL,2025-08,LACTEOS,KITKAT,NESTLE,Y,2537.28,294280.27,0.00862198,0.00862198,66.000,4871.000,0.01354958,105,13,4,0.8723,0.016,0.056,OFICIAL
NACIONAL,BRASIL,2025-08,LACTEOS,MAGGI,NESTLE,Y,1990.28,294280.27,0.00676321,0.00676321,66.500,4871.000,0.01365223,161,14,7,0.8723,0.016,0.056,OFICIAL
NACIONAL,BRASIL,2025-08,NUTRICAO,NINHO,NESTLE,Y,69706.79,351250.59,0.19845316,0.19845316,617.200,5240.100,0.11778401,1878,1,19,0.8723,0.016,0.0172,OFICIAL
NACIONAL,BRASIL,2025-08,NUTRICAO,DELTA,FAB_DELTA,N,39815.78,351250.59,0.11335434,0.11335434,587.300,5240.100,0.11207801,1391,2,31,0.8723,0.016,0.0172,OFICIAL
NACIONAL,BRASIL,2025-08,NUTRICAO,KITKAT,NESTLE,Y,34619.95,351250.59,0.09856197,0.09856197,683.800,5240.100,0.13049369,1301,3,17,0.8723,0.016,0.0172,OFICIAL
NACIONAL,BRASIL,2025-08,NUTRICAO,SOLAR,FAB_SOLAR,N,31496.24,351250.59,0.08966886,0.08966886,308.100,5240.100,0.05879659,1060,4,16,0.8723,0.016,0.0172,OFICIAL
NACIONAL,BRASIL,2025-08,NUTRICAO,NESQUIK,NESTLE,Y,28905.61,351250.59,0.08229341,0.08229341,610.300,5240.100,0.11646724,1530,5,45,0.8723,0.016,0.0172,OFICIAL
NACIONAL,BRASIL,2025-08,NUTRICAO,ALPHA,FAB_ALPHA,N,26572.25,351250.59,0.07565041,0.07565041,347.000,5240.100,0.06622011,785,6,20,0.8723,0.016,0.0172,OFICIAL
NACIONAL,BRASIL,2025-08,NUTRICAO,BETA,FAB_BETA,N,24061.46,351250.59,0.06850226,0.06850226,430.100,5240.100,0.08207859,956,7,30,0.8723,0.016,0.0172,OFICIAL
NACIONAL,BRASIL,2025-08,NUTRICAO,VIVA,FAB_VIVA,N,20586.95,351250.59,0.05861044,0.05861044,181.800,5240.100,0.03469399,656,8,11,0.8723,0.016,0.0172,OFICIAL
NACIONAL,BRASIL,2025-08,NUTRICAO,MOCA,NESTLE,Y,16615.68,351250.59,0.04730435,0.04730435,283.100,5240.100,0.05402569,569,9,21,0.8723,0.016,0.0172,OFICIAL
NACIONAL,BRASIL,2025-08,NUTRICAO,PRIME,FAB_PRIME,N,14286.59,351250.59,0.0406735,0.0406735,406.200,5240.100,0.0775176,619,10,21,0.8723,0.016,0.0172,OFICIAL
NACIONAL,BRASIL,2025-08,NUTRICAO,GAROTO,NESTLE,Y,13722.95,351250.59,0.03906883,0.03906883,160.100,5240.100,0.03055285,455,11,14,0.8723,0.016,0.0172,OFICIAL
NACIONAL,BRASIL,2025-08,NUTRICAO,NESCAFE,NESTLE,Y,13191.84,351250.59,0.03755678,0.03755678,305.600,5240.100,0.0583195,557,12,18,0.8723,0.016,0.0172,OFICIAL
NACIONAL,BRASIL,2025-08,NUTRICAO,NOVA,FAB_NOVA,N,12731.04,351250.59,0.03624489,0.03624489,243.100,5240.100,0.04639224,586,13,16,0.8723,0.016,0.0172,OFICIAL
NACIONAL,BRASIL,2025-08,NUTRICAO,MAGGI,NESTLE,Y,4937.46,351250.59,0.0140568,0.0140568,76.400,5240.100,0.01457987,143,14,5,0.8723,0.016,0.0172,OFICIAL
NACIONAL,BRASIL,2025-09,BEBIDAS,NOVA,FAB_NOVA,N,53694.68,320449.31,0.1675606,0.1675606,395.500,4348.300,0.09095509,1307,1,20,0.8042,0.0131,0.1456,OFICIAL
NACIONAL,BRASIL,2025-09,BEBIDAS,PRIME,FAB_PRIME,N,48131.98,320449.31,0.15020154,0.15020154,811.000,4348.300,0.18650967,1482,2,22,0.8042,0.0131,0.1456,OFICIAL
NACIONAL,BRASIL,2025-09,BEBIDAS,NESQUIK,NESTLE,Y,32117.20,320449.31,0.10022552,0.10022552,374.700,4348.300,0.08617161,813,3,16,0.8042,0.0131,0.1456,OFICIAL
NACIONAL,BRASIL,2025-09,BEBIDAS,NINHO,NESTLE,Y,26703.48,320449.31,0.08333137,0.08333137,513.200,4348.300,0.11802314,1269,4,37,0.8042,0.0131,0.1456,OFICIAL
NACIONAL,BRASIL,2025-09,BEBIDAS,SOLAR,FAB_SOLAR,N,24167.21,320449.31,0.07541664,0.07541664,313.200,4348.300,0.07202815,826,5,22,0.8042,0.0131,0.1456,OFICIAL
NACIONAL,BRASIL,2025-09,BEBIDAS,NESCAFE,NESTLE,Y,23743.78,320449.31,0.07409528,0.07409528,412.600,4348.300,0.09488766,1078,6,29,0.8042,0.0131,0.1456,OFICIAL
NACIONAL,BRASIL,2025-09,BEBIDAS,ALPHA,FAB_ALPHA,N,20858.67,320449.31,0.06509195,0.06509195,330.500,4348.300,0.07600672,542,7,22,0.8042,0.0131,0.1456,OFICIAL
NACIONAL,BRASIL,2025-09,BEBIDAS,VIVA,FAB_VIVA,N,18765.90,320449.31,0.05856121,0.05856121,219.800,4348.300,0.05054849,842,8,16,0.8042,0.0131,0.1456,OFICIAL
NACIONAL,BRASIL,2025-09,BEBIDAS,MAGGI,NESTLE,Y,15094.40,320449.31,0.04710386,0.04710386,164.400,4348.300,0.03780788,489,9,14,0.8042,0.0131,0.1456,OFICIAL
NACIONAL,BRASIL,2025-09,BEBIDAS,DELTA,FAB_DELTA,N,14392.92,320449.31,0.04491481,0.04491481,193.200,4348.300,0.04443116,464,10,22,0.8042,0.0131,0.1456,OFICIAL
NACIONAL,BRASIL,2025-09,BEBIDAS,GAROTO,NESTLE,Y,13077.64,320449.31,0.04081032,0.04081032,215.600,4348.300,0.0495826,625,11,16,0.8042,0.0131,0.1456,OFICIAL
NACIONAL,BRASIL,2025-09,BEBIDAS,BETA,FAB_BETA,N,12374.92,320449.31,0.0386174,0.0386174,184.000,4348.300,0.04231539,419,12,17,0.8042,0.0131,0.1456,OFICIAL
NACIONAL,BRASIL,2025-09,BEBIDAS,KITKAT,NESTLE,Y,11582.31,320449.31,0.03614397,0.03614397,124.500,4348.300,0.02863188,442,13,14,0.8042,0.0131,0.1456,OFICIAL
NACIONAL,BRASIL,2025-09,BEBIDAS,MOCA,NESTLE,Y,5744.22,320449.31,0.01792552,0.01792552,96.100,4348.300,0.02210059,234,14,9,0.8042,0.0131,0.1456,OFICIAL
NACIONAL,BRASIL,2025-09,CHOCOLATES,PRIME,FAB_PRIME,N,47370.79,299751.81,0.15803337,0.15803337,476.400,4488.100,0.10614737,1332,1,36,0.8042,0.0131,0.06,OFICIAL
NACIONAL,BRASIL,2025-09,CHOCOLATES,NOVA,FAB_NOVA,N,31147.70,299751.81,0.10391163,0.10391163,572.400,4488.100,0.12753727,1060,2,33,0.8042,0.0131,0.06,OFICIAL
NACIONAL,BRASIL,2025-09,CHOCOLATES,KITKAT,NESTLE,Y,29124.94,299751.81,0.09716352,0.09716352,255.800,4488.100,0.05699517,868,3,20,0.8042,0.0131,0.06,OFICIAL
NACIONAL,BRASIL,2025-09,CHOCOLATES,BETA,FAB_BETA,N,26948.70,299751.81,0.08990338,0.08990338,471.400,4488.100,0.10503331,783,4,30,0.8042,0.0131,0.06,OFICIAL
NACIONAL,BRASIL,2025-09,CHOCOLATES,NESCAFE,NESTLE,Y,26419.73,299751.81,0.08813868,0.08813868,484.100,4488.100,0.10786302,904,5,18,0.8042,0.0131,0.06,OFICIAL
NACIONAL,BRASIL,2025-09,CHOCOLATES,ALPHA,FAB_ALPHA,N,25016.12,299751.81,0.08345611,0.08345611,422.400,4488.100,0.09411555,814,6,24,0.8042,0.0131,0.06,OFICIAL
NACIONAL,BRASIL,2025-09,CHOCOLATES,VIVA,FAB_VIVA,N,23726.76,299751.81,0.07915468,0.07915468,453.300,4488.100,0.10100042,1048,7,29,0.8042,0.0131,0.06,OFICIAL
NACIONAL,BRASIL,2025-09,CHOCOLATES,DELTA,FAB_DELTA,N,20733.42,299751.81,0.06916862,0.06916862,395.500,4488.100,0.08812192,973,8,21,0.8042,0.0131,0.06,OFICIAL
NACIONAL,BRASIL,2025-09,CHOCOLATES,SOLAR,FAB_SOLAR,N,17778.40,299751.81,0.0593104,0.0593104,220.100,4488.100,0.0490408,748,9,25,0.8042,0.0131,0.06,OFICIAL
NACIONAL,BRASIL,2025-09,CHOCOLATES,NESQUIK,NESTLE,Y,17352.50,299751.81,0.05788956,0.05788956,208.900,4488.100,0.04654531,584,10,14,0.8042,0.0131,0.06,OFICIAL
NACIONAL,BRASIL,2025-09,CHOCOLATES,MAGGI,NESTLE,Y,12543.96,299751.81,0.04184782,0.04184782,107.000,4488.100,0.02384082,336,11,12,0.8042,0.0131,0.06,OFICIAL
NACIONAL,BRASIL,2025-09,CHOCOLATES,NINHO,NESTLE,Y,10032.54,299751.81,0.03346949,0.03346949,252.300,4488.100,0.05621533,408,12,12,0.8042,0.0131,0.06,OFICIAL
NACIONAL,BRASIL,2025-09,CHOCOLATES,GAROTO,NESTLE,Y,8390.52,299751.81,0.02799156,0.02799156,159.800,4488.100,0.03560527,249,13,7,0.8042,0.0131,0.06,OFICIAL
NACIONAL,BRASIL,2025-09,CHOCOLATES,MOCA,NESTLE,Y,3165.73,299751.81,0.01056117,0.01056117,8.700,4488.100,0.00193846,73,14,4,0.8042,0.0131,0.06,OFICIAL
NACIONAL,BRASIL,2025-09,CULINARIOS,BETA,FAB_BETA,N,42474.84,340301.71,0.12481524,0.12481524,680.400,5003.100,0.13599568,1412,1,30,0.8042,0.0131,0.0352,OFICIAL
NACIONAL,BRASIL,2025-09,CULINARIOS,DELTA,FAB_DELTA,N,40664.98,340301.71,0.11949684,0.11949684,702.800,5003.100,0.14047291,1271,2,24,0.8042,0.0131,0.0352,OFICIAL
NACIONAL,BRASIL,2025-09,CULINARIOS,ALPHA,FAB_ALPHA,N,33013.12,340301.71,0.09701133,0.09701133,341.300,5003.100,0.06821771,891,3,27,0.8042,0.0131,0.0352,OFICIAL
NACIONAL,BRASIL,2025-09,CULINARIOS,VIVA,FAB_VIVA,N,31285.07,340301.71,0.09193333,0.09193333,423.900,5003.100,0.08472747,1072,4,32,0.8042,0.0131,0.0352,OFICIAL
NACIONAL,BRASIL,2025-09,CULINARIOS,MOCA,NESTLE,Y,31023.81,340301.71,0.0911656,0.0911656,545.500,5003.100,0.1090324,955,5,18,0.8042,0.0131,0.0352,OFICIAL
NACIONAL,BRASIL,2025-09,CULINARIOS,PRIME,FAB_PRIME,N,29102.33,340301.71,0.0855192,0.0855192,332.500,5003.100,0.0664588,880,6,24,0.8042,0.0131,0.0352,OFICIAL
NACIONAL,BRASIL,2025-09,CULINARIOS,NOVA,FAB_NOVA,N,24458.41,340301.71,0.07187272,0.07187272,275.900,5003.100,0.05514581,807,7,28,0.8042,0.0131,0.0352,OFICIAL
NACIONAL,BRASIL,2025-09,CULINARIOS,GAROTO,NESTLE,Y,21281.02,340301.71,0.06253574,0.06253574,244.300,5003.100,0.04882973,576,8,12,0.8042,0.0131,0.0352,OFICIAL
NACIONAL,BRASIL,2025-09,CULINARIOS,SOLAR,FAB_SOLAR,N,21181.22,340301.71,0.06224247,0.06224247,332.800,5003.100,0.06651876,709,9,15,0.8042,0.0131,0.0352,OFICIAL
NACIONAL,BRASIL,2025-09,CULINARIOS,NINHO,NESTLE,Y,20636.06,340301.71,0.06064048,0.06064048,363.000,5003.100,0.07255502,876,10,25,0.8042,0.0131,0.0352,OFICIAL
NACIONAL,BRASIL,2025-09,CULINARIOS,NESQUIK,NESTLE,Y,20002.00,340301.71,0.05877725,0.05877725,164.400,5003.100,0.03285963,592,11,16,0.8042,0.0131,0.0352,OFICIAL
NACIONAL,BRASIL,2025-09,CULINARIOS,MAGGI,NESTLE,Y,12033.80,340301.71,0.03536215,0.03536215,394.900,5003.100,0.07893106,586,12,12,0.8042,0.0131,0.0352,OFICIAL
NACIONAL,BRASIL,2025-09,CULINARIOS,NESCAFE,NESTLE,Y,7151.72,340301.71,0.02101582,0.02101582,139.700,5003.100,0.02792269,408,13,10,0.8042,0.0131,0.0352,OFICIAL
NACIONAL,BRASIL,2025-09,CULINARIOS,KITKAT,NESTLE,Y,5993.33,340301.71,0.01761181,0.01761181,61.700,5003.100,0.01233235,205,14,7,0.8042,0.0131,0.0352,OFICIAL
NACIONAL,BRASIL,2025-09,LACTEOS,SOLAR,FAB_SOLAR,N,62579.84,431082.08,0.1451692,0.1451692,589.900,6346.000,0.09295619,1789,1,36,0.8042,0.0131,0.0189,OFICIAL
NACIONAL,BRASIL,2025-09,LACTEOS,VIVA,FAB_VIVA,N,57517.15,431082.08,0.13342505,0.13342505,899.500,6346.000,0.14174283,2200,2,35,0.8042,0.0131,0.0189,OFICIAL
NACIONAL,BRASIL,2025-09,LACTEOS,NOVA,FAB_NOVA,N,38039.14,431082.08,0.08824106,0.08824106,700.700,6346.000,0.11041601,1269,3,28,0.8042,0.0131,0.0189,OFICIAL
NACIONAL,BRASIL,2025-09,LACTEOS,DELTA,FAB_DELTA,N,37173.21,431082.08,0.08623232,0.08623232,435.100,6346.000,0.06856287,926,4,30,0.8042,0.0131,0.0189,OFICIAL
NACIONAL,BRASIL,2025-09,LACTEOS,ALPHA,FAB_ALPHA,N,34781.26,431082.08,0.08068361,0.08068361,612.900,6346.000,0.09658052,1409,5,32,0.8042,0.0131,0.0189,OFICIAL
NACIONAL,BRASIL,2025-09,LACTEOS,PRIME,FAB_PRIME,N,32428.78,431082.08,0.07522646,0.07522646,694.700,6346.000,0.10947053,1218,6,20,0.8042,0.0131,0.0189,OFICIAL
NACIONAL,BRASIL,2025-09,LACTEOS,NINHO,NESTLE,Y,29456.90,431082.08,0.06833246,0.06833246,682.200,6346.000,0.10750079,1016,7,15,0.8042,0.0131,0.0189,OFICIAL
NACIONAL,BRASIL,2025-09,LACTEOS,NESQUIK,NESTLE,Y,24935.31,431082.08,0.05784353,0.05784353,241.900,6346.000,0.0381185,697,8,14,0.8042,0.0131,0.0189,OFICIAL
NACIONAL,BRASIL,2025-09,LACTEOS,BETA,FAB_BETA,N,24233.29,431082.08,0.05621503,0.05621503,245.300,6346.000,0.03865427,785,9,23,0.8042,0.0131,0.0189,OFICIAL
NACIONAL,BRASIL,2025-09,LACTEOS,MOCA,NESTLE,Y,21687.07,431082.08,0.05030845,0.05030845,412.200,6346.000,0.0649543,1154,10,17,0.8042,0.0131,0.0189,OFICIAL
NACIONAL,BRASIL,2025-09,LACTEOS,MAGGI,NESTLE,Y,20379.69,431082.08,0.04727566,0.04727566,195.000,6346.000,0.03072802,693,11,10,0.8042,0.0131,0.0189,OFICIAL
NACIONAL,BRASIL,2025-09,LACTEOS,KITKAT,NESTLE,Y,18970.97,431082.08,0.04400779,0.04400779,312.600,6346.000,0.04925938,649,12,14,0.8042,0.0131,0.0189,OFICIAL
NACIONAL,BRASIL,2025-09,LACTEOS,GAROTO,NESTLE,Y,14507.93,431082.08,0.03365468,0.03365468,174.500,6346.000,0.02749764,559,13,12,0.8042,0.0131,0.0189,OFICIAL
NACIONAL,BRASIL,2025-09,LACTEOS,NESCAFE,NESTLE,Y,14391.54,431082.08,0.03338469,0.03338469,149.500,6346.000,0.02355815,522,14,17,0.8042,0.0131,0.0189,OFICIAL
NACIONAL,BRASIL,2025-09,NUTRICAO,SOLAR,FAB_SOLAR,N,50864.49,310377.26,0.16387956,0.16387956,651.800,3956.400,0.16474573,1432,1,25,0.8042,0.0131,0.0696,OFICIAL
NACIONAL,BRASIL,2025-09,NUTRICAO,BETA,FAB_BETA,N,39070.76,310377.26,0.12588152,0.12588152,377.900,3956.400,0.09551613,1320,2,33,0.8042,0.0131,0.0696,OFICIAL
NACIONAL,BRASIL,2025-09,NUTRICAO,ALPHA,FAB_ALPHA,N,36476.78,310377.26,0.11752401,0.11752401,534.900,3956.400,0.13519867,1296,3,30,0.8042,0.0131,0.0696,OFICIAL
NACIONAL,BRASIL,2025-09,NUTRICAO,DELTA,FAB_DELTA,N,30412.17,310377.26,0.09798453,0.09798453,348.900,3956.400,0.08818623,1134,4,21,0.8042,0.0131,0.0696,OFICIAL
NACIONAL,BRASIL,2025-09,NUTRICAO,NESQUIK,NESTLE,Y,29373.59,310377.26,0.09463834,0.09463834,439.900,3956.400,0.11118694,1659,5,44,0.8042,0.0131,0.0696,OFICIAL
NACIONAL,BRASIL,2025-09,NUTRICAO,PRIME,FAB_PRIME,N,29336.98,310377.26,0.09452039,0.09452039,335.400,3956.400,0.08477404,1001,6,33,0.8042,0.0131,0.0696,OFICIAL
NACIONAL,BRASIL,2025-09,NUTRICAO,VIVA,FAB_VIVA,N,27841.27,310377.26,0.08970138,0.08970138,305.900,3956.400,0.07731776,915,7,18,0.8042,0.0131,0.0696,OFICIAL
NACIONAL,BRASIL,2025-09,NUTRICAO,NINHO,NESTLE,Y,15999.19,310377.26,0.05154756,0.05154756,225.800,3956.400,0.05707209,607,8,18,0.8042,0.0131,0.0696,OFICIAL
NACIONAL,BRASIL,2025-09,NUTRICAO,NOVA,FAB_NOVA,N,13751.19,310377.26,0.04430476,0.04430476,270.600,3956.400,0.06839551,517,9,14,0.8042,0.0131,0.0696,OFICIAL
NACIONAL,BRASIL,2025-09,NUTRICAO,GAROTO,NESTLE,Y,10518.12,310377.26,0.03388818,0.03388818,98.700,3956.400,0.02494692,281,10,10,0.8042,0.0131,0.0696,OFICIAL
NACIONAL,BRASIL,2025-09,NUTRICAO,MOCA,NESTLE,Y,9510.54,310377.26,0.03064187,0.03064187,133.200,3956.400,0.03366697,346,11,6,0.8042,0.0131,0.0696,OFICIAL
NACIONAL,BRASIL,2025-09,NUTRICAO,NESCAFE,NESTLE,Y,8841.70,310377.26,0.02848695,0.02848695,144.300,3956.400,0.03647255,319,12,15,0.8042,0.0131,0.0696,OFICIAL
NACIONAL,BRASIL,2025-09,NUTRICAO,KITKAT,NESTLE,Y,6753.65,310377.26,0.02175949,0.02175949,79.800,3956.400,0.02016985,263,13,10,0.8042,0.0131,0.0696,OFICIAL
NACIONAL,BRASIL,2025-09,NUTRICAO,MAGGI,NESTLE,Y,1626.83,310377.26,0.00524146,0.00524146,9.300,3956.400,0.00235062,79,14,3,0.8042,0.0131,0.0696,OFICIAL
NACIONAL,BRASIL,2025-10,BEBIDAS,SOLAR,FAB_SOLAR,N,43520.33,285694.66,0.15233162,0.15233162,695.100,4854.600,0.14318378,1454,1,35,0.8535,0.0126,0.0159,OFICIAL
NACIONAL,BRASIL,2025-10,BEBIDAS,DELTA,FAB_DELTA,N,32018.45,285694.66,0.11207227,0.11207227,312.600,4854.600,0.06439253,969,2,17,0.8535,0.0126,0.0159,OFICIAL
NACIONAL,BRASIL,2025-10,BEBIDAS,BETA,FAB_BETA,N,28651.66,285694.66,0.1002877,0.1002877,631.800,4854.600,0.13014461,1218,3,20,0.8535,0.0126,0.0159,OFICIAL
NACIONAL,BRASIL,2025-10,BEBIDAS,VIVA,FAB_VIVA,N,26276.48,285694.66,0.091974,0.091974,333.000,4854.600,0.06859473,737,4,19,0.8535,0.0126,0.0159,OFICIAL
NACIONAL,BRASIL,2025-10,BEBIDAS,NESCAFE,NESTLE,Y,23252.78,285694.66,0.08139032,0.08139032,460.900,4854.600,0.09494088,1130,5,34,0.8535,0.0126,0.0159,OFICIAL
NACIONAL,BRASIL,2025-10,BEBIDAS,PRIME,FAB_PRIME,N,21440.48,285694.66,0.07504684,0.07504684,307.000,4854.600,0.06323899,664,6,23,0.8535,0.0126,0.0159,OFICIAL
NACIONAL,BRASIL,2025-10,BEBIDAS,NINHO,NESTLE,Y,18614.19,285694.66,0.06515414,0.06515414,454.500,4854.600,0.09362254,1057,7,34,0.8535,0.0126,0.0159,OFICIAL
NACIONAL,BRASIL,2025-10,BEBIDAS,GAROTO,NESTLE,Y,18471.13,285694.66,0.0646534,0.0646534,226.300,4854.600,0.04661558,499,8,16,0.8535,0.0126,0.0159,OFICIAL
NACIONAL,BRASIL,2025-10,BEBIDAS,ALPHA,FAB_ALPHA,N,16225.65,285694.66,0.05679368,0.05679368,395.900,4854.600,0.08155152,729,9,17,0.8535,0.0126,0.0159,OFICIAL
NACIONAL,BRASIL,2025-10,BEBIDAS,MAGGI,NESTLE,Y,13719.30,285694.66,0.04802085,0.04802085,168.000,4854.600,0.03460635,390,10,10,0.8535,0.0126,0.0159,OFICIAL
NACIONAL,BRASIL,2025-10,BEBIDAS,NESQUIK,NESTLE,Y,12779.69,285694.66,0.04473199,0.04473199,254.400,4854.600,0.05240391,466,11,16,0.8535,0.0126,0.0159,OFICIAL
NACIONAL,BRASIL,2025-10,BEBIDAS,MOCA,NESTLE,Y,12752.33,285694.66,0.04463622,0.04463622,172.100,4854.600,0.03545091,405,12,13,0.8535,0.0126,0.0159,OFICIAL
NACIONAL,BRASIL,2025-10,BEBIDAS,NOVA,FAB_NOVA,N,10360.04,285694.66,0.03626263,0.03626263,311.300,4854.600,0.06412475,488,13,11,0.8535,0.0126,0.0159,OFICIAL
NACIONAL,BRASIL,2025-10,BEBIDAS,KITKAT,NESTLE,Y,7612.15,285694.66,0.02664436,0.02664436,131.700,4854.600,0.02712891,262,14,10,0.8535,0.0126,0.0159,OFICIAL
NACIONAL,BRASIL,2025-10,CHOCOLATES,SOLAR,FAB_SOLAR,N,51415.63,357155.64,0.14395861,0.14395861,683.800,5212.800,0.1311771,1567,1,37,0.8535,0.0126,0.0384,OFICIAL
NACIONAL,BRASIL,2025-10,CHOCOLATES,VIVA,FAB_VIVA,N,42047.35,357155.64,0.11772837,0.11772837,768.400,5212.800,0.14740638,1306,2,26,0.8535,0.0126,0.0384,OFICIAL
NACIONAL,BRASIL,2025-10,CHOCOLATES,NOVA,FAB_NOVA,N,39673.38,357155.64,0.11108149,0.11108149,477.400,5212.800,0.09158226,1174,3,30,0.8535,0.0126,0.0384,OFICIAL
NACIONAL,BRASIL,2025-10,CHOCOLATES,MAGGI,NESTLE,Y,37224.13,357155.64,0.10422383,0.10422383,519.800,5212.800,0.09971608,1187,4,23,0.8535,0.0126,0.0384,OFICIAL
NACIONAL,BRASIL,2025-10,CHOCOLATES,BETA,FAB_BETA,N,28907.76,357155.64,0.08093883,0.08093883,561.700,5212.800,0.10775399,1306,5,32,0.8535,0.0126,0.0384,OFICIAL
NACIONAL,BRASIL,2025-10,CHOCOLATES,GAROTO,NESTLE,Y,27568.60,357155.64,0.07718932,0.07718932,158.900,5212.800,0.03048266,683,6,9,0.8535,0.0126,0.0384,OFICIAL
NACIONAL,BRASIL,2025-10,CHOCOLATES,PRIME,FAB_PRIME,N,25347.01,357155.64,0.07096909,0.07096909,318.600,5212.800,0.06111878,889,7,25,0.8535,0.0126,0.0384,OFICIAL
NACIONAL,BRASIL,2025-10,CHOCOLATES,ALPHA,FAB_ALPHA,N,20349.49,357155.64,0.05697653,0.05697653,286.000,5212.800,0.05486495,816,8,21,0.8535,0.0126,0.0384,OFICIAL
NACIONAL,BRASIL,2025-10,CHOCOLATES,NESCAFE,NESTLE,Y,19761.42,357155.64,0.05533,0.05533,299.500,5212.800,0.05745473,547,9,17,0.8535,0.0126,0.0384,OFICIAL
NACIONAL,BRASIL,2025-10,CHOCOLATES,NINHO,NESTLE,Y,15384.78,357155.64,0.04307584,0.04307584,269.200,5212.800,0.05164211,448,10,13,0.8535,0.0126,0.0384,OFICIAL
NACIONAL,BRASIL,2025-10,CHOCOLATES,NESQUIK,NESTLE,Y,15062.33,357155.64,0.04217301,0.04217301,148.500,5212.800,0.02848757,430,11,14,0.8535,0.0126,0.0384,OFICIAL
NACIONAL,BRASIL,2025-10,CHOCOLATES,DELTA,FAB_DELTA,N,13455.55,357155.64,0.03767419,0.03767419,289.300,5212.800,0.055498,467,12,18,0.8535,0.0126,0.0384,OFICIAL
NACIONAL,BRASIL,2025-10,CHOCOLATES,KITKAT,NESTLE,Y,11665.16,357155.64,0.03266128,0.03266128,203.200,5212.800,0.03898097,320,13,12,0.8535,0.0126,0.0384,OFICIAL
NACIONAL,BRASIL,2025-10,CHOCOLATES,MOCA,NESTLE,Y,9293.05,357155.64,0.02601961,0.02601961,228.500,5212.800,0.04383441,463,14,11,0.8535,0.0126,0.0384,OFICIAL
NACIONAL,BRASIL,2025-10,CULINARIOS,PRIME,FAB_PRIME,N,45933.48,278537.59,0.16490945,0.16490945,821.300,4550.000,0.18050549,1424,1,31,0.8535,0.0126,0.0777,OFICIAL
NACIONAL,BRASIL,2025-10,CULINARIOS,NOVA,FAB_NOVA,N,41759.63,278537.59,0.14992458,0.14992458,660.300,4550.000,0.14512088,1304,2,35,0.8535,0.0126,0.0777,OFICIAL
NACIONAL,BRASIL,2025-10,CULINARIOS,VIVA,FAB_VIVA,N,28918.24,278537.59,0.10382168,0.10382168,472.300,4550.000,0.1038022,1065,3,38,0.8535,0.0126,0.0777,OFICIAL
NACIONAL,BRASIL,2025-10,CULINARIOS,BETA,FAB_BETA,N,25467.16,278537.59,0.09143168,0.09143168,573.900,4550.000,0.12613187,745,4,24,0.8535,0.0126,0.0777,OFICIAL
NACIONAL,BRASIL,2025-10,CULINARIOS,GAROTO,NESTLE,Y,22629.33,278537.59,0.08124336,0.08124336,360.300,4550.000,0.07918681,650,5,15,0.8535,0.0126,0.0777,OFICIAL
NACIONAL,BRASIL,2025-10,CULINARIOS,NINHO,NESTLE,Y,22468.33,278537.59,0.08066534,0.08066534,426.000,4550.000,0.09362637,839,6,16,0.8535,0.0126,0.0777,OFICIAL
NACIONAL,BRASIL,2025-10,CULINARIOS,MAGGI,NESTLE,Y,18169.86,278537.59,0.06523306,0.06523306,209.500,4550.000,0.04604396,631,7,12,0.8535,0.0126,0.0777,OFICIAL
NACIONAL,BRASIL,2025-10,CULINARIOS,ALPHA,FAB_ALPHA,N,13143.23,278537.59,0.04718656,0.04718656,290.400,4550.000,0.06382418,471,8,21,0.8535,0.0126,0.0777,OFICIAL
NACIONAL,BRASIL,2025-10,CULINARIOS,DELTA,FAB_DELTA,N,12968.17,278537.59,0.04655806,0.04655806,130.200,4550.000,0.02861538,468,9,15,0.8535,0.0126,0.0777,OFICIAL
NACIONAL,BRASIL,2025-10,CULINARIOS,NESCAFE,NESTLE,Y,11480.95,278537.59,0.04121867,0.04121867,157.200,4550.000,0.03454945,382,10,15,0.8535,0.0126,0.0777,OFICIAL
NACIONAL,BRASIL,2025-10,CULINARIOS,NESQUIK,NESTLE,Y,11253.57,278537.59,0.04040234,0.04040234,175.500,4550.000,0.03857143,429,11,13,0.8535,0.0126,0.0777,OFICIAL
NACIONAL,BRASIL,2025-10,CULINARIOS,SOLAR,FAB_SOLAR,N,10679.82,278537.59,0.03834247,0.03834247,118.900,4550.000,0.02613187,346,12,14,0.8535,0.0126,0.0777,OFICIAL
NACIONAL,BRASIL,2025-10,CULINARIOS,KITKAT,NESTLE,Y,8626.29,278537.59,0.03096993,0.03096993,88.100,4550.000,0.01936264,285,13,10,0.8535,0.0126,0.0777,OFICIAL
NACIONAL,BRASIL,2025-10,CULINARIOS,MOCA,NESTLE,Y,5039.53,278537.59,0.01809282,0.01809282,66.100,4550.000,0.01452747,180,14,9,0.8535,0.0126,0.0777,OFICIAL
NACIONAL,BRASIL,2025-10,LACTEOS,MOCA,NESTLE,Y,47662.16,375201.79,0.12703074,0.12703074,695.800,5887.300,0.11818661,1542,1,31,0.8535,0.0126,0.0439,OFICIAL
NACIONAL,BRASIL,2025-10,LACTEOS,SOLAR,FAB_SOLAR,N,45642.30,375201.79,0.12164734,0.12164734,696.800,5887.300,0.11835646,1617,2,32,0.8535,0.0126,0.0439,OFICIAL
NACIONAL,BRASIL,2025-10,LACTEOS,DELTA,FAB_DELTA,N,40373.47,375201.79,0.10760468,0.10760468,419.100,5887.300,0.07118713,1449,3,30,0.8535,0.0126,0.0439,OFICIAL
NACIONAL,BRASIL,2025-10,LACTEOS,VIVA,FAB_VIVA,N,33279.26,375201.79,0.08869696,0.08869696,767.400,5887.300,0.13034838,1406,4,32,0.8535,0.0126,0.0439,OFICIAL
NACIONAL,BRASIL,2025-10,LACTEOS,BETA,FAB_BETA,N,31032.74,375201.79,0.08270947,0.08270947,647.000,5887.300,0.10989758,1105,5,22,0.8535,0.0126,0.0439,OFICIAL
NACIONAL,BRASIL,2025-10,LACTEOS,GAROTO,NESTLE,Y,30311.55,375201.79,0.08078733,0.08078733,444.200,5887.300,0.07545055,868,6,15,0.8535,0.0126,0.0439,OFICIAL
NACIONAL,BRASIL,2025-10,LACTEOS,NOVA,FAB_NOVA,N,22043.11,375201.79,0.05875001,0.05875001,337.500,5887.300,0.05732679,826,7,21,0.8535,0.0126,0.0439,OFICIAL
NACIONAL,BRASIL,2025-10,LACTEOS,NESCAFE,NESTLE,Y,20953.40,375201.79,0.05584568,0.05584568,352.100,5887.300,0.0598067,810,8,24,0.8535,0.0126,0.0439,OFICIAL
NACIONAL,BRASIL,2025-10,LACTEOS,PRIME,FAB_PRIME,N,20705.90,375201.79,0.05518604,0.05518604,180.000,5887.300,0.03057429,560,9,17,0.8535,0.0126,0.0439,OFICIAL
NACIONAL,BRASIL,2025-10,LACTEOS,ALPHA,FAB_ALPHA,N,19742.46,375201.79,0.05261825,0.05261825,393.200,5887.300,0.06678783,714,10,29,0.8535,0.0126,0.0439,OFICIAL
NACIONAL,BRASIL,2025-10,LACTEOS,NESQUIK,NESTLE,Y,18871.66,375201.79,0.05029736,0.05029736,304.700,5887.300,0.05175547,782,11,20,0.8535,0.0126,0.0439,OFICIAL
NACIONAL,BRASIL,2025-10,LACTEOS,NINHO,NESTLE,Y,18111.52,375201.79,0.04827141,0.04827141,399.600,5887.300,0.06787492,654,12,14,0.8535,0.0126,0.0439,OFICIAL
NACIONAL,BRASIL,2025-10,LACTEOS,MAGGI,NESTLE,Y,15354.31,375201.79,0.04092281,0.04092281,162.100,5887.300,0.02753384,347,13,8,0.8535,0.0126,0.0439,OFICIAL
NACIONAL,BRASIL,2025-10,LACTEOS,KITKAT,NESTLE,Y,11117.95,375201.79,0.02963192,0.02963192,87.800,5887.300,0.01491346,251,14,7,0.8535,0.0126,0.0439,OFICIAL
NACIONAL,BRASIL,2025-10,NUTRICAO,NESQUIK,NESTLE,Y,42859.77,296916.75,0.14434945,0.14434945,726.700,5108.600,0.14225032,1911,1,41,0.8535,0.0126,0.0723,OFICIAL
NACIONAL,BRASIL,2025-10,NUTRICAO,BETA,FAB_BETA,N,35978.92,296916.75,0.12117511,0.12117511,608.700,5108.600,0.11915202,877,2,27,0.8535,0.0126,0.0723,OFICIAL
NACIONAL,BRASIL,2025-10,NUTRICAO,ALPHA,FAB_ALPHA,N,33656.88,296916.75,0.1133546,0.1133546,516.900,5108.600,0.10118232,1188,3,27,0.8535,0.0126,0.0723,OFICIAL
NACIONAL,BRASIL,2025-10,NUTRICAO,NINHO,NESTLE,Y,28388.71,296916.75,0.09561168,0.09561168,616.500,5108.600,0.12067886,917,4,14,0.8535,0.0126,0.0723,OFICIAL
NACIONAL,BRASIL,2025-10,NUTRICAO,NOVA,FAB_NOVA,N,24378.11,296916.75,0.08210419,0.08210419,250.800,5108.600,0.04909369,721,5,27,0.8535,0.0126,0.0723,OFICIAL
NACIONAL,BRASIL,2025-10,NUTRICAO,DELTA,FAB_DELTA,N,22930.42,296916.75,0.07722845,0.07722845,637.800,5108.600,0.1248483,970,6,27,0.8535,0.0126,0.0723,OFICIAL
NACIONAL,BRASIL,2025-10,NUTRICAO,PRIME,FAB_PRIME,N,18257.25,296916.75,0.06148946,0.06148946,432.300,5108.600,0.08462201,664,7,23,0.8535,0.0126,0.0723,OFICIAL
NACIONAL,BRASIL,2025-10,NUTRICAO,VIVA,FAB_VIVA,N,18020.55,296916.75,0.06069226,0.06069226,185.100,5108.600,0.03623302,616,8,15,0.8535,0.0126,0.0723,OFICIAL
NACIONAL,BRASIL,2025-10,NUTRICAO,SOLAR,FAB_SOLAR,N,17679.52,296916.75,0.05954369,0.05954369,285.900,5108.600,0.05596445,717,9,21,0.8535,0.0126,0.0723,OFICIAL
NACIONAL,BRASIL,2025-10,NUTRICAO,NESCAFE,NESTLE,Y,14496.94,296916.75,0.04882493,0.04882493,95.300,5108.600,0.01865482,406,10,11,0.8535,0.0126,0.0723,OFICIAL
NACIONAL,BRASIL,2025-10,NUTRICAO,GAROTO,NESTLE,Y,13711.30,296916.75,0.04617894,0.04617894,285.900,5108.600,0.05596445,503,11,12,0.8535,0.0126,0.0723,OFICIAL
NACIONAL,BRASIL,2025-10,NUTRICAO,MOCA,NESTLE,Y,13062.06,296916.75,0.04399233,0.04399233,218.000,5108.600,0.04267314,524,12,14,0.8535,0.0126,0.0723,OFICIAL
NACIONAL,BRASIL,2025-10,NUTRICAO,MAGGI,NESTLE,Y,8407.11,296916.75,0.0283147,0.0283147,202.100,5108.600,0.03956074,386,13,6,0.8535,0.0126,0.0723,OFICIAL
NACIONAL,BRASIL,2025-10,NUTRICAO,KITKAT,NESTLE,Y,5089.21,296916.75,0.01714019,0.01714019,46.600,5108.600,0.00912187,196,14,7,0.8535,0.0126,0.0723,OFICIAL
NACIONAL,BRASIL,2025-11,BEBIDAS,SOLAR,FAB_SOLAR,N,40715.94,262477.72,0.15512151,0.15512151,533.200,4435.000,0.12022548,1321,1,30,0.8591,0.0115,0.0478,OFICIAL
NACIONAL,BRASIL,2025-11,BEBIDAS,ALPHA,FAB_ALPHA,N,32766.79,262477.72,0.12483646,0.12483646,539.200,4435.000,0.12157835,1118,2,25,0.8591,0.0115,0.0478,OFICIAL
NACIONAL,BRASIL,2025-11,BEBIDAS,PRIME,FAB_PRIME,N,26648.77,262477.72,0.10152774,0.10152774,468.200,4435.000,0.10556933,877,3,22,0.8591,0.0115,0.0478,OFICIAL
NACIONAL,BRASIL,2025-11,BEBIDAS,NOVA,FAB_NOVA,N,22468.73,262477.72,0.08560243,0.08560243,409.700,4435.000,0.09237881,853,4,17,0.8591,0.0115,0.0478,OFICIAL
NACIONAL,BRASIL,2025-11,BEBIDAS,DELTA,FAB_DELTA,N,20985.24,262477.72,0.07995056,0.07995056,256.600,4435.000,0.05785795,833,5,22,0.8591,0.0115,0.0478,OFICIAL
NACIONAL,BRASIL,2025-11,BEBIDAS,BETA,FAB_BETA,N,19026.21,262477.72,0.07248695,0.07248695,259.100,4435.000,0.05842165,654,6,21,0.8591,0.0115,0.0478,OFICIAL
NACIONAL,BRASIL,2025-11,BEBIDAS,NESQUIK,NESTLE,Y,17433.11,262477.72,0.06641748,0.06641748,269.100,4435.000,0.06067644,757,7,20,0.8591,0.0115,0.0478,OFICIAL
NACIONAL,BRASIL,2025-11,BEBIDAS,NESCAFE,NESTLE,Y,17076.66,262477.72,0.06505946,0.06505946,411.600,4435.000,0.09280722,1037,8,33,0.8591,0.0115,0.0478,OFICIAL
NACIONAL,BRASIL,2025-11,BEBIDAS,NINHO,NESTLE,Y,13555.31,262477.72,0.05164366,0.05164366,289.400,4435.000,0.06525366,870,9,32,0.8591,0.0115,0.0478,OFICIAL
NACIONAL,BRASIL,2025-11,BEBIDAS,VIVA,FAB_VIVA,N,12728.28,262477.72,0.0484928,0.0484928,235.400,4435.000,0.05307779,504,10,15,0.8591,0.0115,0.0478,OFICIAL
NACIONAL,BRASIL,2025-11,BEBIDAS,GAROTO,NESTLE,Y,11790.91,262477.72,0.04492157,0.04492157,334.800,4435.000,0.07549042,480,11,13,0.8591,0.0115,0.0478,OFICIAL
NACIONAL,BRASIL,2025-11,BEBIDAS,MOCA,NESTLE,Y,11690.95,262477.72,0.04454073,0.04454073,141.000,4435.000,0.03179256,370,12,16,0.8591,0.0115,0.0478,OFICIAL
NACIONAL,BRASIL,2025-11,BEBIDAS,KITKAT,NESTLE,Y,8804.44,262477.72,0.03354357,0.03354357,156.200,4435.000,0.03521984,322,13,9,0.8591,0.0115,0.0478,OFICIAL
NACIONAL,BRASIL,2025-11,BEBIDAS,MAGGI,NESTLE,Y,6786.38,262477.72,0.02585507,0.02585507,131.500,4435.000,0.02965051,291,14,14,0.8591,0.0115,0.0478,OFICIAL
NACIONAL,BRASIL,2025-11,CHOCOLATES,KITKAT,NESTLE,Y,44789.30,316284.09,0.14161098,0.14161098,950.200,5025.200,0.189087,1316,1,24,0.8591,0.0115,0.0542,OFICIAL
NACIONAL,BRASIL,2025-11,CHOCOLATES,BETA,FAB_BETA,N,44343.35,316284.09,0.14020101,0.14020101,707.200,5025.200,0.14073072,1397,2,27,0.8591,0.0115,0.0542,OFICIAL
NACIONAL,BRASIL,2025-11,CHOCOLATES,PRIME,FAB_PRIME,N,32236.09,316284.09,0.10192131,0.10192131,496.200,5025.200,0.09874234,946,3,28,0.8591,0.0115,0.0542,OFICIAL
NACIONAL,BRASIL,2025-11,CHOCOLATES,DELTA,FAB_DELTA,N,30840.70,316284.09,0.09750949,0.09750949,431.800,5025.200,0.08592693,1142,4,27,0.8591,0.0115,0.0542,OFICIAL
NACIONAL,BRASIL,2025-11,CHOCOLATES,NINHO,NESTLE,Y,27576.17,316284.09,0.08718798,0.08718798,247.800,5025.200,0.04931147,736,5,18,0.8591,0.0115,0.0542,OFICIAL
NACIONAL,BRASIL,2025-11,CHOCOLATES,VIVA,FAB_VIVA,N,27211.18,316284.09,0.08603398,0.08603398,360.500,5025.200,0.07173844,807,6,24,0.8591,0.0115,0.0542,OFICIAL
NACIONAL,BRASIL,2025-11,CHOCOLATES,SOLAR,FAB_SOLAR,N,23235.50,316284.09,0.07346402,0.07346402,604.500,5025.200,0.12029372,937,7,19,0.8591,0.0115,0.0542,OFICIAL
NACIONAL,BRASIL,2025-11,CHOCOLATES,NESCAFE,NESTLE,Y,20988.27,316284.09,0.06635892,0.06635892,235.500,5025.200,0.04686381,487,8,13,0.8591,0.0115,0.0542,OFICIAL
NACIONAL,BRASIL,2025-11,CHOCOLATES,MOCA,NESTLE,Y,15721.45,316284.09,0.04970674,0.04970674,183.500,5025.200,0.03651596,452,9,11,0.8591,0.0115,0.0542,OFICIAL
NACIONAL,BRASIL,2025-11,CHOCOLATES,NOVA,FAB_NOVA,N,12432.74,316284.09,0.03930877,0.03930877,271.300,5025.200,0.0539879,661,10,22,0.8591,0.0115,0.0542,OFICIAL
NACIONAL,BRASIL,2025-11,CHOCOLATES,NESQUIK,NESTLE,Y,12400.36,316284.09,0.0392064,0.0392064,178.200,5025.200,0.03546128,430,11,14,0.8591,0.0115,0.0542,OFICIAL
NACIONAL,BRASIL,2025-11,CHOCOLATES,ALPHA,FAB_ALPHA,N,12064.49,316284.09,0.03814447,0.03814447,199.000,5025.200,0.03960041,449,12,13,0.8591,0.0115,0.0542,OFICIAL
NACIONAL,BRASIL,2025-11,CHOCOLATES,GAROTO,NESTLE,Y,7744.11,316284.09,0.02448467,0.02448467,56.100,5025.200,0.01116373,257,13,8,0.8591,0.0115,0.0542,OFICIAL
NACIONAL,BRASIL,2025-11,CHOCOLATES,MAGGI,NESTLE,Y,4700.38,316284.09,0.01486126,0.01486126,103.400,5025.200,0.0205763,193,14,9,0.8591,0.0115,0.0542,OFICIAL
NACIONAL,BRASIL,2025-11,CULINARIOS,VIVA,FAB_VIVA,N,42574.22,271672.57,0.15671151,0.15671151,785.300,4347.400,0.1806367,1852,1,31,0.8591,0.0115,0.0419,OFICIAL
NACIONAL,BRASIL,2025-11,CULINARIOS,NOVA,FAB_NOVA,N,41678.86,271672.57,0.15341578,0.15341578,809.300,4347.400,0.18615724,1413,2,29,0.8591,0.0115,0.0419,OFICIAL
NACIONAL,BRASIL,2025-11,CULINARIOS,PRIME,FAB_PRIME,N,26209.53,271672.57,0.0964747,0.0964747,349.400,4347.400,0.08036988,769,3,21,0.8591,0.0115,0.0419,OFICIAL
NACIONAL,BRASIL,2025-11,CULINARIOS,DELTA,FAB_DELTA,N,22782.63,271672.57,0.08386062,0.08386062,434.900,4347.400,0.1000368,757,4,25,0.8591,0.0115,0.0419,OFICIAL
NACIONAL,BRASIL,2025-11,CULINARIOS,MAGGI,NESTLE,Y,20945.20,271672.57,0.07709722,0.07709722,278.200,4347.400,0.06399227,588,5,18,0.8591,0.0115,0.0419,OFICIAL
NACIONAL,BRASIL,2025-11,CULINARIOS,BETA,FAB_BETA,N,19554.12,271672.57,0.07197679,0.07197679,464.000,4347.400,0.10673046,1079,6,23,0.8591,0.0115,0.0419,OFICIAL
NACIONAL,BRASIL,2025-11,CULINARIOS,SOLAR,FAB_SOLAR,N,18822.33,271672.57,0.06928314,0.06928314,148.900,4347.400,0.03425036,649,7,19,0.8591,0.0115,0.0419,OFICIAL
NACIONAL,BRASIL,2025-11,CULINARIOS,MOCA,NESTLE,Y,16375.08,271672.57,0.06027506,0.06027506,146.200,4347.400,0.0336293,481,8,12,0.8591,0.0115,0.0419,OFICIAL
NACIONAL,BRASIL,2025-11,CULINARIOS,ALPHA,FAB_ALPHA,N,16173.18,271672.57,0.05953188,0.05953188,168.300,4347.400,0.03871279,497,9,17,0.8591,0.0115,0.0419,OFICIAL
NACIONAL,BRASIL,2025-11,CULINARIOS,NINHO,NESTLE,Y,10841.47,271672.57,0.03990638,0.03990638,130.600,4347.400,0.03004094,366,10,16,0.8591,0.0115,0.0419,OFICIAL
NACIONAL,BRASIL,2025-11,CULINARIOS,NESQUIK,NESTLE,Y,10837.62,271672.57,0.03989221,0.03989221,208.800,4347.400,0.04802871,358,11,13,0.8591,0.0115,0.0419,OFICIAL
NACIONAL,BRASIL,2025-11,CULINARIOS,KITKAT,NESTLE,Y,10313.10,271672.57,0.03796151,0.03796151,129.500,4347.400,0.02978792,342,12,14,0.8591,0.0115,0.0419,OFICIAL
NACIONAL,BRASIL,2025-11,CULINARIOS,GAROTO,NESTLE,Y,8959.03,271672.57,0.03297731,0.03297731,245.000,4347.400,0.05635552,471,13,11,0.8591,0.0115,0.0419,OFICIAL
NACIONAL,BRASIL,2025-11,CULINARIOS,NESCAFE,NESTLE,Y,5606.20,271672.57,0.02063587,0.02063587,49.000,4347.400,0.0112711,295,14,6,0.8591,0.0115,0.0419,OFICIAL
NACIONAL,BRASIL,2025-11,LACTEOS,ALPHA,FAB_ALPHA,N,40677.18,340054.75,0.1196195,0.1196195,513.500,4833.400,0.10623991,1251,1,28,0.8591,0.0115,0.0244,OFICIAL
NACIONAL,BRASIL,2025-11,LACTEOS,DELTA,FAB_DELTA,N,39801.64,340054.75,0.1170448,0.1170448,356.900,4833.400,0.07384036,1256,2,32,0.8591,0.0115,0.0244,OFICIAL
NACIONAL,BRASIL,2025-11,LACTEOS,BETA,FAB_BETA,N,37928.96,340054.75,0.1115378,0.1115378,636.000,4833.400,0.13158439,1345,3,35,0.8591,0.0115,0.0244,OFICIAL
NACIONAL,BRASIL,2025-11,LACTEOS,SOLAR,FAB_SOLAR,N,31798.87,340054.75,0.09351103,0.09351103,321.800,4833.400,0.06657839,1127,4,33,0.8591,0.0115,0.0244,OFICIAL
NACIONAL,BRASIL,2025-11,LACTEOS,NINHO,NESTLE,Y,31135.93,340054.75,0.09156152,0.09156152,379.100,4833.400,0.0784334,788,5,20,0.8591,0.0115,0.0244,OFICIAL
NACIONAL,BRASIL,2025-11,LACTEOS,NESQUIK,NESTLE,Y,30653.76,340054.75,0.0901436,0.0901436,500.600,4833.400,0.10357099,895,6,21,0.8591,0.0115,0.0244,OFICIAL
NACIONAL,BRASIL,2025-11,LACTEOS,MOCA,NESTLE,Y,26560.54,340054.75,0.07810666,0.07810666,479.700,4833.400,0.09924691,918,7,24,0.8591,0.0115,0.0244,OFICIAL
NACIONAL,BRASIL,2025-11,LACTEOS,NOVA,FAB_NOVA,N,24643.87,340054.75,0.0724703,0.0724703,327.200,4833.400,0.06769562,866,8,24,0.8591,0.0115,0.0244,OFICIAL
NACIONAL,BRASIL,2025-11,LACTEOS,VIVA,FAB_VIVA,N,21364.42,340054.75,0.06282641,0.06282641,456.200,4833.400,0.09438491,839,9,31,0.8591,0.0115,0.0244,OFICIAL
NACIONAL,BRASIL,2025-11,LACTEOS,NESCAFE,NESTLE,Y,18235.90,340054.75,0.05362636,0.05362636,221.700,4833.400,0.04586833,478,10,12,0.8591,0.0115,0.0244,OFICIAL
NACIONAL,BRASIL,2025-11,LACTEOS,PRIME,FAB_PRIME,N,15298.65,340054.75,0.04498878,0.04498878,339.400,4833.400,0.07021972,487,11,14,0.8591,0.0115,0.0244,OFICIAL
NACIONAL,BRASIL,2025-11,LACTEOS,GAROTO,NESTLE,Y,11863.55,340054.75,0.03488718,0.03488718,122.100,4833.400,0.02526172,377,12,10,0.8591,0.0115,0.0244,OFICIAL
NACIONAL,BRASIL,2025-11,LACTEOS,MAGGI,NESTLE,Y,5235.48,340054.75,0.01539599,0.01539599,113.900,4833.400,0.02356519,163,13,5,0.8591,0.0115,0.0244,OFICIAL
NACIONAL,BRASIL,2025-11,LACTEOS,KITKAT,NESTLE,Y,4856.00,340054.75,0.01428005,0.01428005,65.300,4833.400,0.01351016,171,14,12,0.8591,0.0115,0.0244,OFICIAL
NACIONAL,BRASIL,2025-11,NUTRICAO,BETA,FAB_BETA,N,36592.80,275027.20,0.13305157,0.13305157,658.400,4485.400,0.14678735,1405,1,29,0.8591,0.0115,0.0257,OFICIAL
NACIONAL,BRASIL,2025-11,NUTRICAO,SOLAR,FAB_SOLAR,N,32157.93,275027.20,0.11692636,0.11692636,535.500,4485.400,0.11938735,835,2,20,0.8591,0.0115,0.0257,OFICIAL
NACIONAL,BRASIL,2025-11,NUTRICAO,NOVA,FAB_NOVA,N,28819.40,275027.20,0.10478745,0.10478745,488.900,4485.400,0.10899808,966,3,28,0.8591,0.0115,0.0257,OFICIAL
NACIONAL,BRASIL,2025-11,NUTRICAO,PRIME,FAB_PRIME,N,27887.84,275027.20,0.1014003,0.1014003,442.900,4485.400,0.09874259,985,4,27,0.8591,0.0115,0.0257,OFICIAL
NACIONAL,BRASIL,2025-11,NUTRICAO,DELTA,FAB_DELTA,N,26190.73,275027.20,0.0952296,0.0952296,472.200,4485.400,0.10527489,956,5,24,0.8591,0.0115,0.0257,OFICIAL
NACIONAL,BRASIL,2025-11,NUTRICAO,NESCAFE,NESTLE,Y,20009.10,275027.20,0.07275317,0.07275317,269.300,4485.400,0.06003924,702,6,17,0.8591,0.0115,0.0257,OFICIAL
NACIONAL,BRASIL,2025-11,NUTRICAO,MAGGI,NESTLE,Y,18542.50,275027.20,0.0674206,0.0674206,158.800,4485.400,0.03540375,511,7,9,0.8591,0.0115,0.0257,OFICIAL
NACIONAL,BRASIL,2025-11,NUTRICAO,GAROTO,NESTLE,Y,17275.02,275027.20,0.06281204,0.06281204,236.000,4485.400,0.05261515,714,8,12,0.8591,0.0115,0.0257,OFICIAL
NACIONAL,BRASIL,2025-11,NUTRICAO,ALPHA,FAB_ALPHA,N,15160.97,275027.20,0.05512535,0.05512535,268.400,4485.400,0.05983859,643,9,23,0.8591,0.0115,0.0257,OFICIAL
NACIONAL,BRASIL,2025-11,NUTRICAO,VIVA,FAB_VIVA,N,14143.97,275027.20,0.05142753,0.05142753,120.500,4485.400,0.02686494,414,10,15,0.8591,0.0115,0.0257,OFICIAL
NACIONAL,BRASIL,2025-11,NUTRICAO,NESQUIK,NESTLE,Y,12856.84,275027.20,0.04674752,0.04674752,401.100,4485.400,0.08942346,1073,11,37,0.8591,0.0115,0.0257,OFICIAL
NACIONAL,BRASIL,2025-11,NUTRICAO,MOCA,NESTLE,Y,12005.71,275027.20,0.04365281,0.04365281,174.300,4485.400,0.03885941,391,12,9,0.8591,0.0115,0.0257,OFICIAL
NACIONAL,BRASIL,2025-11,NUTRICAO,KITKAT,NESTLE,Y,10133.26,275027.20,0.03684457,0.03684457,151.400,4485.400,0.03375396,332,13,12,0.8591,0.0115,0.0257,OFICIAL
NACIONAL,BRASIL,2025-11,NUTRICAO,NINHO,NESTLE,Y,3251.13,275027.20,0.01182112,0.01182112,107.700,4485.400,0.02401124,157,14,6,0.8591,0.0115,0.0257,OFICIAL
NACIONAL,BRASIL,2025-12,BEBIDAS,DELTA,FAB_DELTA,N,43239.99,319694.02,0.1352543,0.1352543,424.400,5113.200,0.08300086,1040,1,12,0.8026,0.0151,0.044,OFICIAL
NACIONAL,BRASIL,2025-12,BEBIDAS,MOCA,NESTLE,Y,42376.41,319694.02,0.13255303,0.13255303,719.900,5113.200,0.14079246,1451,2,26,0.8026,0.0151,0.044,OFICIAL
NACIONAL,BRASIL,2025-12,BEBIDAS,NESQUIK,NESTLE,Y,32322.55,319694.02,0.10110464,0.10110464,505.200,5113.200,0.0988031,952,3,20,0.8026,0.0151,0.044,OFICIAL
NACIONAL,BRASIL,2025-12,BEBIDAS,ALPHA,FAB_ALPHA,N,29670.49,319694.02,0.09280902,0.09280902,440.000,5113.200,0.08605179,974,4,25,0.8026,0.0151,0.044,OFICIAL
NACIONAL,BRASIL,2025-12,BEBIDAS,BETA,FAB_BETA,N,28492.36,319694.02,0.08912384,0.08912384,404.200,5113.200,0.0790503,1013,5,23,0.8026,0.0151,0.044,OFICIAL
NACIONAL,BRASIL,2025-12,BEBIDAS,NOVA,FAB_NOVA,N,25196.94,319694.02,0.0788158,0.0788158,265.500,5113.200,0.05192443,878,6,21,0.8026,0.0151,0.044,OFICIAL
NACIONAL,BRASIL,2025-12,BEBIDAS,VIVA,FAB_VIVA,N,22830.34,319694.02,0.0714131,0.0714131,464.600,5113.200,0.09086286,920,7,21,0.8026,0.0151,0.044,OFICIAL
NACIONAL,BRASIL,2025-12,BEBIDAS,SOLAR,FAB_SOLAR,N,22628.38,319694.02,0.07078137,0.07078137,351.000,5113.200,0.06864586,897,8,28,0.8026,0.0151,0.044,OFICIAL
NACIONAL,BRASIL,2025-12,BEBIDAS,NESCAFE,NESTLE,Y,18893.80,319694.02,0.05909964,0.05909964,372.600,5113.200,0.07287022,1004,9,29,0.8026,0.0151,0.044,OFICIAL
NACIONAL,BRASIL,2025-12,BEBIDAS,NINHO,NESTLE,Y,16962.47,319694.02,0.05305845,0.05305845,300.000,5113.200,0.05867167,1046,10,35,0.8026,0.0151,0.044,OFICIAL
NACIONAL,BRASIL,2025-12,BEBIDAS,PRIME,FAB_PRIME,N,15951.75,319694.02,0.04989693,0.04989693,462.100,5113.200,0.09037393,1027,11,17,0.8026,0.0151,0.044,OFICIAL
NACIONAL,BRASIL,2025-12,BEBIDAS,MAGGI,NESTLE,Y,8849.37,319694.02,0.02768075,0.02768075,144.600,5113.200,0.02827975,403,12,10,0.8026,0.0151,0.044,OFICIAL
NACIONAL,BRASIL,2025-12,BEBIDAS,GAROTO,NESTLE,Y,8591.49,319694.02,0.0268741,0.0268741,179.300,5113.200,0.0350661,320,13,13,0.8026,0.0151,0.044,OFICIAL
NACIONAL,BRASIL,2025-12,BEBIDAS,KITKAT,NESTLE,Y,3687.68,319694.02,0.01153503,0.01153503,79.800,5113.200,0.01560667,177,14,5,0.8026,0.0151,0.044,OFICIAL
NACIONAL,BRASIL,2025-12,CHOCOLATES,PRIME,FAB_PRIME,N,66510.76,354560.08,0.18758671,0.18758671,730.900,5365.900,0.13621201,1994,1,39,0.8026,0.0151,0.04,OFICIAL
NACIONAL,BRASIL,2025-12,CHOCOLATES,MAGGI,NESTLE,Y,42187.12,354560.08,0.1189844,0.1189844,330.000,5365.900,0.06149947,1162,2,13,0.8026,0.0151,0.04,OFICIAL
NACIONAL,BRASIL,2025-12,CHOCOLATES,KITKAT,NESTLE,Y,34068.83,354560.08,0.09608761,0.09608761,619.800,5365.900,0.11550718,1130,3,17,0.8026,0.0151,0.04,OFICIAL
NACIONAL,BRASIL,2025-12,CHOCOLATES,ALPHA,FAB_ALPHA,N,32972.37,354560.08,0.09299516,0.09299516,452.300,5365.900,0.08429154,899,4,19,0.8026,0.0151,0.04,OFICIAL
NACIONAL,BRASIL,2025-12,CHOCOLATES,BETA,FAB_BETA,N,27999.34,354560.08,0.07896924,0.07896924,518.800,5365.900,0.09668462,1313,5,33,0.8026,0.0151,0.04,OFICIAL
NACIONAL,BRASIL,2025-12,CHOCOLATES,VIVA,FAB_VIVA,N,27386.03,354560.08,0.07723946,0.07723946,655.400,5365.900,0.12214167,1089,6,31,0.8026,0.0151,0.04,OFICIAL
NACIONAL,BRASIL,2025-12,CHOCOLATES,NINHO,NESTLE,Y,22894.45,354560.08,0.06457143,0.06457143,415.200,5365.900,0.07737751,984,7,21,0.8026,0.0151,0.04,OFICIAL
NACIONAL,BRASIL,2025-12,CHOCOLATES,MOCA,NESTLE,Y,20794.14,354560.08,0.05864772,0.05864772,328.500,5365.900,0.06121993,561,8,12,0.8026,0.0151,0.04,OFICIAL
NACIONAL,BRASIL,2025-12,CHOCOLATES,NOVA,FAB_NOVA,N,20233.41,354560.08,0.05706624,0.05706624,330.800,5365.900,0.06164856,673,9,28,0.8026,0.0151,0.04,OFICIAL
NACIONAL,BRASIL,2025-12,CHOCOLATES,NESQUIK,NESTLE,Y,15895.42,354560.08,0.04483139,0.04483139,268.400,5365.900,0.05001957,471,10,16,0.8026,0.0151,0.04,OFICIAL
NACIONAL,BRASIL,2025-12,CHOCOLATES,SOLAR,FAB_SOLAR,N,14994.97,354560.08,0.04229176,0.04229176,220.100,5365.900,0.04101828,603,11,17,0.8026,0.0151,0.04,OFICIAL
NACIONAL,BRASIL,2025-12,CHOCOLATES,DELTA,FAB_DELTA,N,13174.64,354560.08,0.03715771,0.03715771,313.500,5365.900,0.0584245,526,12,14,0.8026,0.0151,0.04,OFICIAL
NACIONAL,BRASIL,2025-12,CHOCOLATES,GAROTO,NESTLE,Y,8796.16,354560.08,0.02480866,0.02480866,73.600,5365.900,0.01371625,296,13,6,0.8026,0.0151,0.04,OFICIAL
NACIONAL,BRASIL,2025-12,CHOCOLATES,NESCAFE,NESTLE,Y,6652.44,354560.08,0.01876252,0.01876252,108.600,5365.900,0.02023892,289,14,14,0.8026,0.0151,0.04,OFICIAL
NACIONAL,BRASIL,2025-12,CULINARIOS,PRIME,FAB_PRIME,N,39666.56,294689.69,0.13460451,0.13460451,843.600,4962.500,0.16999496,1435,1,33,0.8026,0.0151,0.0223,OFICIAL
NACIONAL,BRASIL,2025-12,CULINARIOS,KITKAT,NESTLE,Y,33321.55,294689.69,0.11307335,0.11307335,687.400,4962.500,0.13851889,1146,2,14,0.8026,0.0151,0.0223,OFICIAL
NACIONAL,BRASIL,2025-12,CULINARIOS,NOVA,FAB_NOVA,N,30277.41,294689.69,0.10274336,0.10274336,346.800,4962.500,0.06988413,1082,3,32,0.8026,0.0151,0.0223,OFICIAL
NACIONAL,BRASIL,2025-12,CULINARIOS,BETA,FAB_BETA,N,29285.38,294689.69,0.09937701,0.09937701,534.200,4962.500,0.10764736,1044,4,23,0.8026,0.0151,0.0223,OFICIAL
NACIONAL,BRASIL,2025-12,CULINARIOS,VIVA,FAB_VIVA,N,28151.46,294689.69,0.09552916,0.09552916,522.600,4962.500,0.10530982,1025,5,32,0.8026,0.0151,0.0223,OFICIAL
NACIONAL,BRASIL,2025-12,CULINARIOS,DELTA,FAB_DELTA,N,27591.65,294689.69,0.09362951,0.09362951,553.600,4962.500,0.11155668,916,6,20,0.8026,0.0151,0.0223,OFICIAL
NACIONAL,BRASIL,2025-12,CULINARIOS,MOCA,NESTLE,Y,22532.72,294689.69,0.07646253,0.07646253,346.800,4962.500,0.06988413,659,7,16,0.8026,0.0151,0.0223,OFICIAL
NACIONAL,BRASIL,2025-12,CULINARIOS,ALPHA,FAB_ALPHA,N,21042.89,294689.69,0.07140694,0.07140694,187.500,4962.500,0.03778338,868,8,15,0.8026,0.0151,0.0223,OFICIAL
NACIONAL,BRASIL,2025-12,CULINARIOS,GAROTO,NESTLE,Y,18228.88,294689.69,0.06185788,0.06185788,193.500,4962.500,0.03899244,619,9,14,0.8026,0.0151,0.0223,OFICIAL
NACIONAL,BRASIL,2025-12,CULINARIOS,NINHO,NESTLE,Y,16337.45,294689.69,0.0554395,0.0554395,304.100,4962.500,0.0612796,767,10,14,0.8026,0.0151,0.0223,OFICIAL
NACIONAL,BRASIL,2025-12,CULINARIOS,NESQUIK,NESTLE,Y,10309.73,294689.69,0.03498504,0.03498504,142.200,4962.500,0.02865491,452,11,11,0.8026,0.0151,0.0223,OFICIAL
NACIONAL,BRASIL,2025-12,CULINARIOS,SOLAR,FAB_SOLAR,N,8308.28,294689.69,0.02819332,0.02819332,139.300,4962.500,0.02807053,269,12,12,0.8026,0.0151,0.0223,OFICIAL
NACIONAL,BRASIL,2025-12,CULINARIOS,MAGGI,NESTLE,Y,4963.75,294689.69,0.01684399,0.01684399,60.300,4962.500,0.01215113,182,13,10,0.8026,0.0151,0.0223,OFICIAL
NACIONAL,BRASIL,2025-12,CULINARIOS,NESCAFE,NESTLE,Y,4671.98,294689.69,0.0158539,0.0158539,100.600,4962.500,0.02027204,154,14,4,0.8026,0.0151,0.0223,OFICIAL
NACIONAL,BRASIL,2025-12,LACTEOS,VIVA,FAB_VIVA,N,54021.60,321574.37,0.167991,0.167991,640.700,4816.400,0.13302467,1873,1,34,0.8026,0.0151,0.0244,OFICIAL
NACIONAL,BRASIL,2025-12,LACTEOS,BETA,FAB_BETA,N,49458.08,321574.37,0.15379982,0.15379982,853.500,4816.400,0.17720704,1609,2,30,0.8026,0.0151,0.0244,OFICIAL
NACIONAL,BRASIL,2025-12,LACTEOS,SOLAR,FAB_SOLAR,N,39990.18,321574.37,0.12435749,0.12435749,540.200,4816.400,0.11215846,1434,3,30,0.8026,0.0151,0.0244,OFICIAL
NACIONAL,BRASIL,2025-12,LACTEOS,PRIME,FAB_PRIME,N,33534.41,321574.37,0.10428197,0.10428197,439.700,4816.400,0.09129225,1173,4,26,0.8026,0.0151,0.0244,OFICIAL
NACIONAL,BRASIL,2025-12,LACTEOS,ALPHA,FAB_ALPHA,N,28683.99,321574.37,0.08919862,0.08919862,431.900,4816.400,0.08967278,963,5,30,0.8026,0.0151,0.0244,OFICIAL
NACIONAL,BRASIL,2025-12,LACTEOS,MOCA,NESTLE,Y,26565.10,321574.37,0.08260951,0.08260951,413.100,4816.400,0.08576945,660,6,18,0.8026,0.0151,0.0244,OFICIAL
NACIONAL,BRASIL,2025-12,LACTEOS,DELTA,FAB_DELTA,N,24005.64,321574.37,0.07465035,0.07465035,452.800,4816.400,0.09401213,921,7,27,0.8026,0.0151,0.0244,OFICIAL
NACIONAL,BRASIL,2025-12,LACTEOS,NESCAFE,NESTLE,Y,13386.35,321574.37,0.04162754,0.04162754,203.100,4816.400,0.04216842,442,8,13,0.8026,0.0151,0.0244,OFICIAL
NACIONAL,BRASIL,2025-12,LACTEOS,NINHO,NESTLE,Y,12584.54,321574.37,0.03913415,0.03913415,127.500,4816.400,0.02647205,499,9,19,0.8026,0.0151,0.0244,OFICIAL
NACIONAL,BRASIL,2025-12,LACTEOS,KITKAT,NESTLE,Y,11768.71,321574.37,0.03659716,0.03659716,240.700,4816.400,0.04997509,554,10,11,0.8026,0.0151,0.0244,OFICIAL
NACIONAL,BRASIL,2025-12,LACTEOS,NOVA,FAB_NOVA,N,8878.02,321574.37,0.02760798,0.02760798,113.500,4816.400,0.02356532,359,11,13,0.8026,0.0151,0.0244,OFICIAL
NACIONAL,BRASIL,2025-12,LACTEOS,NESQUIK,NESTLE,Y,8668.11,321574.37,0.02695523,0.02695523,191.800,4816.400,0.03982227,562,12,13,0.8026,0.0151,0.0244,OFICIAL
NACIONAL,BRASIL,2025-12,LACTEOS,GAROTO,NESTLE,Y,6620.33,321574.37,0.02058724,0.02058724,115.100,4816.400,0.02389752,203,13,9,0.8026,0.0151,0.0244,OFICIAL
NACIONAL,BRASIL,2025-12,LACTEOS,MAGGI,NESTLE,Y,3409.31,321574.37,0.01060193,0.01060193,52.800,4816.400,0.01096254,123,14,6,0.8026,0.0151,0.0244,OFICIAL
NACIONAL,BRASIL,2025-12,NUTRICAO,BETA,FAB_BETA,N,204179.62,486350.59,0.41981983,0.41981983,2764.900,7110.700,0.38883654,5524,1,24,0.8026,0.0151,0.0213,OFICIAL
NACIONAL,BRASIL,2025-12,NUTRICAO,SOLAR,FAB_SOLAR,N,40784.49,486350.59,0.08385821,0.08385821,609.500,7110.700,0.08571589,1665,2,19,0.8026,0.0151,0.0213,OFICIAL
NACIONAL,BRASIL,2025-12,NUTRICAO,NOVA,FAB_NOVA,N,36093.97,486350.59,0.07421389,0.07421389,538.300,7110.700,0.07570281,1420,3,27,0.8026,0.0151,0.0213,OFICIAL
NACIONAL,BRASIL,2025-12,NUTRICAO,DELTA,FAB_DELTA,N,30788.00,486350.59,0.06330413,0.06330413,603.200,7110.700,0.0848299,1288,4,21,0.8026,0.0151,0.0213,OFICIAL
NACIONAL,BRASIL,2025-12,NUTRICAO,ALPHA,FAB_ALPHA,N,29688.23,486350.59,0.06104286,0.06104286,563.400,7110.700,0.07923271,984,5,25,0.8026,0.0151,0.0213,OFICIAL
NACIONAL,BRASIL,2025-12,NUTRICAO,PRIME,FAB_PRIME,N,27321.17,486350.59,0.05617588,0.05617588,191.800,7110.700,0.02697343,767,6,27,0.8026,0.0151,0.0213,OFICIAL
NACIONAL,BRASIL,2025-12,NUTRICAO,NESQUIK,NESTLE,Y,22459.45,486350.59,0.04617955,0.04617955,318.800,7110.700,0.04483384,1102,7,37,0.8026,0.0151,0.0213,OFICIAL
NACIONAL,BRASIL,2025-12,NUTRICAO,NINHO,NESTLE,Y,20478.45,486350.59,0.04210635,0.04210635,439.600,7110.700,0.06182232,798,8,17,0.8026,0.0151,0.0213,OFICIAL
NACIONAL,BRASIL,2025-12,NUTRICAO,KITKAT,NESTLE,Y,19704.67,486350.59,0.04051536,0.04051536,381.800,7110.700,0.05369373,1055,9,15,0.8026,0.0151,0.0213,OFICIAL
NACIONAL,BRASIL,2025-12,NUTRICAO,GAROTO,NESTLE,Y,15251.09,486350.59,0.03135822,0.03135822,121.900,7110.700,0.01714318,601,10,14,0.8026,0.0151,0.0213,OFICIAL
NACIONAL,BRASIL,2025-12,NUTRICAO,MOCA,NESTLE,Y,14173.62,486350.59,0.0291428,0.0291428,242.100,7110.700,0.03404728,541,11,10,0.8026,0.0151,0.0213,OFICIAL
NACIONAL,BRASIL,2025-12,NUTRICAO,NESCAFE,NESTLE,Y,13843.63,486350.59,0.0284643,0.0284643,216.200,7110.700,0.03040488,498,12,17,0.8026,0.0151,0.0213,OFICIAL
NACIONAL,BRASIL,2025-12,NUTRICAO,MAGGI,NESTLE,Y,5896.70,486350.59,0.01212438,0.01212438,33.300,7110.700,0.00468308,181,13,8,0.8026,0.0151,0.0213,OFICIAL
NACIONAL,BRASIL,2025-12,NUTRICAO,VIVA,FAB_VIVA,N,5687.50,486350.59,0.01169424,0.01169424,85.900,7110.700,0.01208039,169,14,10,0.8026,0.0151,0.0213,OFICIAL
NACIONAL,BRASIL,2025-13,BEBIDAS,SOLAR,FAB_SOLAR,N,68688.09,334698.39,0.20522384,0.20522384,1195.300,6179.600,0.19342676,2100,1,41,0.8409,0.0105,0.0347,OFICIAL
NACIONAL,BRASIL,2025-13,BEBIDAS,DELTA,FAB_DELTA,N,39191.58,334698.39,0.11709522,0.11709522,502.400,6179.600,0.08129976,1421,2,37,0.8409,0.0105,0.0347,OFICIAL
NACIONAL,BRASIL,2025-13,BEBIDAS,NOVA,FAB_NOVA,N,34237.20,334698.39,0.10229269,0.10229269,720.000,6179.600,0.1165124,1325,3,20,0.8409,0.0105,0.0347,OFICIAL
NACIONAL,BRASIL,2025-13,BEBIDAS,NESCAFE,NESTLE,Y,31893.12,334698.39,0.09528913,0.09528913,487.900,6179.600,0.07895333,1489,4,33,0.8409,0.0105,0.0347,OFICIAL
NACIONAL,BRASIL,2025-13,BEBIDAS,ALPHA,FAB_ALPHA,N,31142.78,334698.39,0.0930473,0.0930473,510.600,6179.600,0.08262671,1161,5,28,0.8409,0.0105,0.0347,OFICIAL
NACIONAL,BRASIL,2025-13,BEBIDAS,NINHO,NESTLE,Y,26793.72,334698.39,0.08005333,0.08005333,645.300,6179.600,0.10442423,1279,6,42,0.8409,0.0105,0.0347,OFICIAL
NACIONAL,BRASIL,2025-13,BEBIDAS,BETA,FAB_BETA,N,24546.32,334698.39,0.07333863,0.07333863,438.600,6179.600,0.07097547,886,7,23,0.8409,0.0105,0.0347,OFICIAL
NACIONAL,BRASIL,2025-13,BEBIDAS,NESQUIK,NESTLE,Y,21233.86,334698.39,0.06344178,0.06344178,360.800,6179.600,0.05838566,684,8,17,0.8409,0.0105,0.0347,OFICIAL
NACIONAL,BRASIL,2025-13,BEBIDAS,GAROTO,NESTLE,Y,19135.14,334698.39,0.05717129,0.05717129,537.900,6179.600,0.08704447,793,9,17,0.8409,0.0105,0.0347,OFICIAL
NACIONAL,BRASIL,2025-13,BEBIDAS,PRIME,FAB_PRIME,N,13104.91,334698.39,0.03915439,0.03915439,355.400,6179.600,0.05751181,804,10,20,0.8409,0.0105,0.0347,OFICIAL
NACIONAL,BRASIL,2025-13,BEBIDAS,VIVA,FAB_VIVA,N,12523.75,334698.39,0.03741802,0.03741802,173.400,6179.600,0.02806007,390,11,19,0.8409,0.0105,0.0347,OFICIAL
NACIONAL,BRASIL,2025-13,BEBIDAS,KITKAT,NESTLE,Y,5528.25,334698.39,0.01651711,0.01651711,66.300,6179.600,0.01072885,146,12,6,0.8409,0.0105,0.0347,OFICIAL
NACIONAL,BRASIL,2025-13,BEBIDAS,MOCA,NESTLE,Y,4888.10,334698.39,0.01460449,0.01460449,136.200,6179.600,0.02204026,217,13,10,0.8409,0.0105,0.0347,OFICIAL
NACIONAL,BRASIL,2025-13,BEBIDAS,MAGGI,NESTLE,Y,1791.57,334698.39,0.00535279,0.00535279,49.500,6179.600,0.00801023,140,14,7,0.8409,0.0105,0.0347,OFICIAL
NACIONAL,BRASIL,2025-13,CHOCOLATES,NOVA,FAB_NOVA,N,43752.39,341310.34,0.12818947,0.12818947,647.400,5607.600,0.11545046,1345,1,25,0.8409,0.0105,0.0615,OFICIAL
NACIONAL,BRASIL,2025-13,CHOCOLATES,BETA,FAB_BETA,N,42222.71,341310.34,0.12370768,0.12370768,662.200,5607.600,0.11808974,1602,2,37,0.8409,0.0105,0.0615,OFICIAL
NACIONAL,BRASIL,2025-13,CHOCOLATES,VIVA,FAB_VIVA,N,41390.27,341310.34,0.12126873,0.12126873,778.600,5607.600,0.13884728,1267,3,24,0.8409,0.0105,0.0615,OFICIAL
NACIONAL,BRASIL,2025-13,CHOCOLATES,MAGGI,NESTLE,Y,38016.33,341310.34,0.11138347,0.11138347,791.700,5607.600,0.14118339,899,4,13,0.8409,0.0105,0.0615,OFICIAL
NACIONAL,BRASIL,2025-13,CHOCOLATES,PRIME,FAB_PRIME,N,28068.16,341310.34,0.08223648,0.08223648,441.500,5607.600,0.07873243,934,5,27,0.8409,0.0105,0.0615,OFICIAL
NACIONAL,BRASIL,2025-13,CHOCOLATES,SOLAR,FAB_SOLAR,N,24662.59,341310.34,0.07225855,0.07225855,486.200,5607.600,0.08670376,878,6,23,0.8409,0.0105,0.0615,OFICIAL
NACIONAL,BRASIL,2025-13,CHOCOLATES,ALPHA,FAB_ALPHA,N,24151.45,341310.34,0.07076097,0.07076097,258.800,5607.600,0.04615165,696,7,19,0.8409,0.0105,0.0615,OFICIAL
NACIONAL,BRASIL,2025-13,CHOCOLATES,NESCAFE,NESTLE,Y,19015.62,341310.34,0.05571358,0.05571358,281.600,5607.600,0.05021756,693,8,14,0.8409,0.0105,0.0615,OFICIAL
NACIONAL,BRASIL,2025-13,CHOCOLATES,NINHO,NESTLE,Y,17133.64,341310.34,0.05019959,0.05019959,261.200,5607.600,0.04657964,604,9,15,0.8409,0.0105,0.0615,OFICIAL
NACIONAL,BRASIL,2025-13,CHOCOLATES,NESQUIK,NESTLE,Y,16993.88,341310.34,0.04979011,0.04979011,295.900,5607.600,0.05276767,537,10,15,0.8409,0.0105,0.0615,OFICIAL
NACIONAL,BRASIL,2025-13,CHOCOLATES,MOCA,NESTLE,Y,14258.47,341310.34,0.04177568,0.04177568,223.600,5607.600,0.03987446,445,11,12,0.8409,0.0105,0.0615,OFICIAL
NACIONAL,BRASIL,2025-13,CHOCOLATES,KITKAT,NESTLE,Y,13489.13,341310.34,0.0395216,0.0395216,252.500,5607.600,0.04502818,501,12,16,0.8409,0.0105,0.0615,OFICIAL
NACIONAL,BRASIL,2025-13,CHOCOLATES,GAROTO,NESTLE,Y,9767.51,341310.34,0.02861768,0.02861768,115.800,5607.600,0.02065055,321,13,5,0.8409,0.0105,0.0615,OFICIAL
NACIONAL,BRASIL,2025-13,CHOCOLATES,DELTA,FAB_DELTA,N,8388.19,341310.34,0.02457643,0.02457643,110.600,5607.600,0.01972323,327,14,17,0.8409,0.0105,0.0615,OFICIAL
NACIONAL,BRASIL,2025-13,CULINARIOS,PRIME,FAB_PRIME,N,37159.26,256546.01,0.14484443,0.14484443,671.600,4688.100,0.14325633,815,1,20,0.8409,0.0105,0.076,OFICIAL
NACIONAL,BRASIL,2025-13,CULINARIOS,VIVA,FAB_VIVA,N,28561.01,256546.01,0.111329,0.111329,680.500,4688.100,0.14515475,1138,2,20,0.8409,0.0105,0.076,OFICIAL
NACIONAL,BRASIL,2025-13,CULINARIOS,DELTA,FAB_DELTA,N,23966.38,256546.01,0.09341942,0.09341942,495.300,4688.100,0.10565048,848,3,26,0.8409,0.0105,0.076,OFICIAL
NACIONAL,BRASIL,2025-13,CULINARIOS,BETA,FAB_BETA,N,22816.29,256546.01,0.08893644,0.08893644,279.600,4688.100,0.05964037,758,4,26,0.8409,0.0105,0.076,OFICIAL
NACIONAL,BRASIL,2025-13,CULINARIOS,KITKAT,NESTLE,Y,22044.62,256546.01,0.08592852,0.08592852,272.300,4688.100,0.05808323,820,5,20,0.8409,0.0105,0.076,OFICIAL
NACIONAL,BRASIL,2025-13,CULINARIOS,NOVA,FAB_NOVA,N,21572.46,256546.01,0.08408807,0.08408807,348.900,4688.100,0.07442247,817,6,34,0.8409,0.0105,0.076,OFICIAL
NACIONAL,BRASIL,2025-13,CULINARIOS,ALPHA,FAB_ALPHA,N,17827.37,256546.01,0.06948995,0.06948995,453.800,4688.100,0.09679828,693,7,18,0.8409,0.0105,0.076,OFICIAL
NACIONAL,BRASIL,2025-13,CULINARIOS,NINHO,NESTLE,Y,17019.41,256546.01,0.06634058,0.06634058,343.400,4688.100,0.07324929,584,8,16,0.8409,0.0105,0.076,OFICIAL
NACIONAL,BRASIL,2025-13,CULINARIOS,MOCA,NESTLE,Y,14779.23,256546.01,0.0576085,0.0576085,159.700,4688.100,0.03406497,462,9,13,0.8409,0.0105,0.076,OFICIAL
NACIONAL,BRASIL,2025-13,CULINARIOS,GAROTO,NESTLE,Y,11971.30,256546.01,0.04666336,0.04666336,190.300,4688.100,0.04059214,494,10,16,0.8409,0.0105,0.076,OFICIAL
NACIONAL,BRASIL,2025-13,CULINARIOS,MAGGI,NESTLE,Y,11935.51,256546.01,0.04652386,0.04652386,224.100,4688.100,0.04780188,473,11,22,0.8409,0.0105,0.076,OFICIAL
NACIONAL,BRASIL,2025-13,CULINARIOS,SOLAR,FAB_SOLAR,N,10891.91,256546.01,0.04245597,0.04245597,433.000,4688.100,0.09236151,595,12,21,0.8409,0.0105,0.076,OFICIAL
NACIONAL,BRASIL,2025-13,CULINARIOS,NESCAFE,NESTLE,Y,8950.46,256546.01,0.03488832,0.03488832,73.400,4688.100,0.01565666,252,13,10,0.8409,0.0105,0.076,OFICIAL
NACIONAL,BRASIL,2025-13,CULINARIOS,NESQUIK,NESTLE,Y,7050.80,256546.01,0.02748357,0.02748357,62.200,4688.100,0.01326764,268,14,6,0.8409,0.0105,0.076,OFICIAL
NACIONAL,BRASIL,2025-13,LACTEOS,DELTA,FAB_DELTA,N,50362.44,357004.89,0.14106933,0.14106933,420.900,5820.700,0.07231089,1404,1,33,0.8409,0.0105,0.0671,OFICIAL
NACIONAL,BRASIL,2025-13,LACTEOS,NESQUIK,NESTLE,Y,40415.59,357004.89,0.11320738,0.11320738,462.900,5820.700,0.07952652,922,2,14,0.8409,0.0105,0.0671,OFICIAL
NACIONAL,BRASIL,2025-13,LACTEOS,VIVA,FAB_VIVA,N,37044.78,357004.89,0.10376547,0.10376547,966.000,5820.700,0.16595942,1603,3,24,0.8409,0.0105,0.0671,OFICIAL
NACIONAL,BRASIL,2025-13,LACTEOS,ALPHA,FAB_ALPHA,N,32261.62,357004.89,0.09036745,0.09036745,549.500,5820.700,0.09440445,1071,4,25,0.8409,0.0105,0.0671,OFICIAL
NACIONAL,BRASIL,2025-13,LACTEOS,SOLAR,FAB_SOLAR,N,31414.36,357004.89,0.0879942,0.0879942,793.400,5820.700,0.13630663,1554,5,35,0.8409,0.0105,0.0671,OFICIAL
NACIONAL,BRASIL,2025-13,LACTEOS,MOCA,NESTLE,Y,25413.48,357004.89,0.07118524,0.07118524,591.700,5820.700,0.10165444,1021,6,30,0.8409,0.0105,0.0671,OFICIAL
NACIONAL,BRASIL,2025-13,LACTEOS,BETA,FAB_BETA,N,23777.99,357004.89,0.0666041,0.0666041,359.300,5820.700,0.06172797,816,7,24,0.8409,0.0105,0.0671,OFICIAL
NACIONAL,BRASIL,2025-13,LACTEOS,PRIME,FAB_PRIME,N,21216.36,357004.89,0.05942877,0.05942877,149.100,5820.700,0.02561548,569,8,14,0.8409,0.0105,0.0671,OFICIAL
NACIONAL,BRASIL,2025-13,LACTEOS,NINHO,NESTLE,Y,19463.62,357004.89,0.0545192,0.0545192,202.400,5820.700,0.03477245,706,9,20,0.8409,0.0105,0.0671,OFICIAL
NACIONAL,BRASIL,2025-13,LACTEOS,KITKAT,NESTLE,Y,18489.23,357004.89,0.05178985,0.05178985,402.300,5820.700,0.0691154,577,10,11,0.8409,0.0105,0.0671,OFICIAL
NACIONAL,BRASIL,2025-13,LACTEOS,NESCAFE,NESTLE,Y,18112.55,357004.89,0.05073474,0.05073474,304.200,5820.700,0.05226176,682,11,23,0.8409,0.0105,0.0671,OFICIAL
NACIONAL,BRASIL,2025-13,LACTEOS,GAROTO,NESTLE,Y,16248.74,357004.89,0.04551405,0.04551405,320.100,5820.700,0.05499339,555,12,9,0.8409,0.0105,0.0671,OFICIAL
NACIONAL,BRASIL,2025-13,LACTEOS,NOVA,FAB_NOVA,N,14501.49,357004.89,0.04061986,0.04061986,217.200,5820.700,0.0373151,701,13,18,0.8409,0.0105,0.0671,OFICIAL
NACIONAL,BRASIL,2025-13,LACTEOS,MAGGI,NESTLE,Y,8282.64,357004.89,0.02320035,0.02320035,81.700,5820.700,0.01403611,414,14,5,0.8409,0.0105,0.0671,OFICIAL
NACIONAL,BRASIL,2025-13,NUTRICAO,DELTA,FAB_DELTA,N,44179.24,302531.03,0.14603209,0.14603209,523.100,4694.700,0.11142352,1538,1,27,0.8409,0.0105,0.0446,OFICIAL
NACIONAL,BRASIL,2025-13,NUTRICAO,PRIME,FAB_PRIME,N,38396.16,302531.03,0.12691644,0.12691644,662.300,4694.700,0.14107398,1337,2,31,0.8409,0.0105,0.0446,OFICIAL
NACIONAL,BRASIL,2025-13,NUTRICAO,BETA,FAB_BETA,N,32256.87,302531.03,0.10662334,0.10662334,690.700,4694.700,0.14712335,1146,3,30,0.8409,0.0105,0.0446,OFICIAL
NACIONAL,BRASIL,2025-13,NUTRICAO,GAROTO,NESTLE,Y,25416.74,302531.03,0.08401366,0.08401366,318.600,4694.700,0.06786376,1005,4,14,0.8409,0.0105,0.0446,OFICIAL
NACIONAL,BRASIL,2025-13,NUTRICAO,NINHO,NESTLE,Y,22671.44,302531.03,0.07493922,0.07493922,302.000,4694.700,0.06432786,659,5,22,0.8409,0.0105,0.0446,OFICIAL
NACIONAL,BRASIL,2025-13,NUTRICAO,VIVA,FAB_VIVA,N,20517.63,302531.03,0.06781992,0.06781992,301.700,4694.700,0.06426396,590,6,14,0.8409,0.0105,0.0446,OFICIAL
NACIONAL,BRASIL,2025-13,NUTRICAO,NOVA,FAB_NOVA,N,20384.86,302531.03,0.06738106,0.06738106,279.900,4694.700,0.05962042,809,7,15,0.8409,0.0105,0.0446,OFICIAL
NACIONAL,BRASIL,2025-13,NUTRICAO,MOCA,NESTLE,Y,19743.05,302531.03,0.06525959,0.06525959,235.300,4694.700,0.05012035,523,8,14,0.8409,0.0105,0.0446,OFICIAL
NACIONAL,BRASIL,2025-13,NUTRICAO,KITKAT,NESTLE,Y,16448.06,302531.03,0.05436818,0.05436818,323.900,4694.700,0.06899269,572,9,16,0.8409,0.0105,0.0446,OFICIAL
NACIONAL,BRASIL,2025-13,NUTRICAO,ALPHA,FAB_ALPHA,N,15966.64,302531.03,0.05277687,0.05277687,320.900,4694.700,0.06835368,660,10,25,0.8409,0.0105,0.0446,OFICIAL
NACIONAL,BRASIL,2025-13,NUTRICAO,NESQUIK,NESTLE,Y,15828.53,302531.03,0.05232035,0.05232035,419.700,4694.700,0.08939868,1025,11,35,0.8409,0.0105,0.0446,OFICIAL
NACIONAL,BRASIL,2025-13,NUTRICAO,NESCAFE,NESTLE,Y,14971.44,302531.03,0.04948729,0.04948729,190.400,4694.700,0.04055637,597,12,15,0.8409,0.0105,0.0446,OFICIAL
NACIONAL,BRASIL,2025-13,NUTRICAO,SOLAR,FAB_SOLAR,N,13868.92,302531.03,0.04584297,0.04584297,111.200,4694.700,0.02368628,408,13,11,0.8409,0.0105,0.0446,OFICIAL
NACIONAL,BRASIL,2025-13,NUTRICAO,MAGGI,NESTLE,Y,1881.45,302531.03,0.00621903,0.00621903,15.000,4694.700,0.00319509,61,14,4,0.8409,0.0105,0.0446,OFICIAL
NACIONAL,BRASIL,2025-14,BEBIDAS,SOLAR,FAB_SOLAR,N,50924.04,334477.92,0.15224933,0.15224933,825.400,5835.700,0.14143976,1912,1,35,0.8326,0.0088,0.0673,OFICIAL
NACIONAL,BRASIL,2025-14,BEBIDAS,NINHO,NESTLE,Y,33520.20,334477.92,0.10021648,0.10021648,750.800,5835.700,0.12865637,1573,2,45,0.8326,0.0088,0.0673,OFICIAL
NACIONAL,BRASIL,2025-14,BEBIDAS,BETA,FAB_BETA,N,29005.92,334477.92,0.08671998,0.08671998,309.600,5835.700,0.05305276,775,3,26,0.8326,0.0088,0.0673,OFICIAL
NACIONAL,BRASIL,2025-14,BEBIDAS,KITKAT,NESTLE,Y,27479.99,334477.92,0.08215786,0.08215786,728.200,5835.700,0.12478366,858,4,11,0.8326,0.0088,0.0673,OFICIAL
NACIONAL,BRASIL,2025-14,BEBIDAS,DELTA,FAB_DELTA,N,26043.24,334477.92,0.07786236,0.07786236,436.400,5835.700,0.07478109,1119,5,22,0.8326,0.0088,0.0673,OFICIAL
NACIONAL,BRASIL,2025-14,BEBIDAS,PRIME,FAB_PRIME,N,22129.29,334477.92,0.06616069,0.06616069,495.800,5835.700,0.08495982,868,6,31,0.8326,0.0088,0.0673,OFICIAL
NACIONAL,BRASIL,2025-14,BEBIDAS,MAGGI,NESTLE,Y,21637.30,334477.92,0.06468977,0.06468977,399.700,5835.700,0.06849221,657,7,11,0.8326,0.0088,0.0673,OFICIAL
NACIONAL,BRASIL,2025-14,BEBIDAS,NOVA,FAB_NOVA,N,20333.91,334477.92,0.06079298,0.06079298,380.000,5835.700,0.06511644,757,8,22,0.8326,0.0088,0.0673,OFICIAL
NACIONAL,BRASIL,2025-14,BEBIDAS,VIVA,FAB_VIVA,N,19665.98,334477.92,0.05879605,0.05879605,335.400,5835.700,0.05747382,651,9,19,0.8326,0.0088,0.0673,OFICIAL
NACIONAL,BRASIL,2025-14,BEBIDAS,NESQUIK,NESTLE,Y,18898.60,334477.92,0.05650179,0.05650179,224.700,5835.700,0.03850438,1105,10,16,0.8326,0.0088,0.0673,OFICIAL
NACIONAL,BRASIL,2025-14,BEBIDAS,NESCAFE,NESTLE,Y,18525.65,334477.92,0.05538677,0.05538677,330.000,5835.700,0.05654849,988,11,29,0.8326,0.0088,0.0673,OFICIAL
NACIONAL,BRASIL,2025-14,BEBIDAS,ALPHA,FAB_ALPHA,N,17304.33,334477.92,0.05173534,0.05173534,339.900,5835.700,0.05824494,657,12,18,0.8326,0.0088,0.0673,OFICIAL
NACIONAL,BRASIL,2025-14,BEBIDAS,MOCA,NESTLE,Y,15733.84,334477.92,0.04704,0.04704,111.100,5835.700,0.01903799,582,13,14,0.8326,0.0088,0.0673,OFICIAL
NACIONAL,BRASIL,2025-14,BEBIDAS,GAROTO,NESTLE,Y,13275.63,334477.92,0.0396906,0.0396906,168.700,5835.700,0.02890827,432,14,10,0.8326,0.0088,0.0673,OFICIAL
NACIONAL,BRASIL,2025-14,CHOCOLATES,VIVA,FAB_VIVA,N,53743.24,295123.82,0.18210404,0.18210404,781.200,4306.200,0.18141285,1595,1,25,0.8326,0.0088,0.0752,OFICIAL
NACIONAL,BRASIL,2025-14,CHOCOLATES,NESQUIK,NESTLE,Y,35080.16,295123.82,0.11886591,0.11886591,257.800,4306.200,0.05986717,940,2,14,0.8326,0.0088,0.0752,OFICIAL
NACIONAL,BRASIL,2025-14,CHOCOLATES,ALPHA,FAB_ALPHA,N,30530.58,295123.82,0.10345007,0.10345007,451.800,4306.200,0.10491849,1005,3,21,0.8326,0.0088,0.0752,OFICIAL
NACIONAL,BRASIL,2025-14,CHOCOLATES,NESCAFE,NESTLE,Y,28851.88,295123.82,0.09776195,0.09776195,340.000,4306.200,0.07895592,762,4,17,0.8326,0.0088,0.0752,OFICIAL
NACIONAL,BRASIL,2025-14,CHOCOLATES,NOVA,FAB_NOVA,N,27335.26,295123.82,0.09262302,0.09262302,383.000,4306.200,0.08894153,898,5,25,0.8326,0.0088,0.0752,OFICIAL
NACIONAL,BRASIL,2025-14,CHOCOLATES,NINHO,NESTLE,Y,21912.95,295123.82,0.07425002,0.07425002,443.200,4306.200,0.10292137,797,6,19,0.8326,0.0088,0.0752,OFICIAL
NACIONAL,BRASIL,2025-14,CHOCOLATES,BETA,FAB_BETA,N,20937.45,295123.82,0.07094463,0.07094463,245.000,4306.200,0.05689471,820,7,25,0.8326,0.0088,0.0752,OFICIAL
NACIONAL,BRASIL,2025-14,CHOCOLATES,SOLAR,FAB_SOLAR,N,18523.85,295123.82,0.06276637,0.06276637,363.600,4306.200,0.08443639,691,8,16,0.8326,0.0088,0.0752,OFICIAL
NACIONAL,BRASIL,2025-14,CHOCOLATES,PRIME,FAB_PRIME,N,15598.77,295123.82,0.052855,0.052855,314.100,4306.200,0.07294134,654,9,21,0.8326,0.0088,0.0752,OFICIAL
NACIONAL,BRASIL,2025-14,CHOCOLATES,DELTA,FAB_DELTA,N,13592.69,295123.82,0.04605758,0.04605758,278.400,4306.200,0.06465097,468,10,18,0.8326,0.0088,0.0752,OFICIAL
NACIONAL,BRASIL,2025-14,CHOCOLATES,MOCA,NESTLE,Y,10370.71,295123.82,0.0351402,0.0351402,258.200,4306.200,0.05996006,387,11,9,0.8326,0.0088,0.0752,OFICIAL
NACIONAL,BRASIL,2025-14,CHOCOLATES,GAROTO,NESTLE,Y,9740.22,295123.82,0.03300384,0.03300384,70.100,4306.200,0.01627885,336,12,8,0.8326,0.0088,0.0752,OFICIAL
NACIONAL,BRASIL,2025-14,CHOCOLATES,KITKAT,NESTLE,Y,4847.73,295123.82,0.01642609,0.01642609,66.900,4306.200,0.01553574,227,13,10,0.8326,0.0088,0.0752,OFICIAL
NACIONAL,BRASIL,2025-14,CHOCOLATES,MAGGI,NESTLE,Y,4058.33,295123.82,0.01375128,0.01375128,52.900,4306.200,0.01228461,161,14,7,0.8326,0.0088,0.0752,OFICIAL
NACIONAL,BRASIL,2025-14,CULINARIOS,VIVA,FAB_VIVA,N,62459.59,285674.82,0.21863877,0.21863877,617.100,4135.800,0.14920934,1659,1,30,0.8326,0.0088,0.0451,OFICIAL
NACIONAL,BRASIL,2025-14,CULINARIOS,NOVA,FAB_NOVA,N,36837.70,285674.82,0.12894976,0.12894976,347.300,4135.800,0.08397408,1056,2,33,0.8326,0.0088,0.0451,OFICIAL
NACIONAL,BRASIL,2025-14,CULINARIOS,PRIME,FAB_PRIME,N,33741.10,285674.82,0.11811016,0.11811016,744.600,4135.800,0.18003772,1322,3,21,0.8326,0.0088,0.0451,OFICIAL
NACIONAL,BRASIL,2025-14,CULINARIOS,NINHO,NESTLE,Y,28634.06,285674.82,0.10023306,0.10023306,350.200,4135.800,0.08467527,843,4,20,0.8326,0.0088,0.0451,OFICIAL
NACIONAL,BRASIL,2025-14,CULINARIOS,DELTA,FAB_DELTA,N,24843.86,285674.82,0.08696552,0.08696552,370.000,4135.800,0.08946274,743,5,19,0.8326,0.0088,0.0451,OFICIAL
NACIONAL,BRASIL,2025-14,CULINARIOS,BETA,FAB_BETA,N,22131.57,285674.82,0.0774712,0.0774712,278.400,4135.800,0.06731467,918,6,23,0.8326,0.0088,0.0451,OFICIAL
NACIONAL,BRASIL,2025-14,CULINARIOS,MAGGI,NESTLE,Y,17208.57,285674.82,0.06023832,0.06023832,248.200,4135.800,0.06001257,585,7,18,0.8326,0.0088,0.0451,OFICIAL
NACIONAL,BRASIL,2025-14,CULINARIOS,NESCAFE,NESTLE,Y,15656.40,285674.82,0.05480497,0.05480497,537.600,4135.800,0.12998694,687,8,11,0.8326,0.0088,0.0451,OFICIAL
NACIONAL,BRASIL,2025-14,CULINARIOS,SOLAR,FAB_SOLAR,N,11048.45,285674.82,0.03867492,0.03867492,117.300,4135.800,0.02836211,485,9,12,0.8326,0.0088,0.0451,OFICIAL
NACIONAL,BRASIL,2025-14,CULINARIOS,NESQUIK,NESTLE,Y,7707.72,285674.82,0.02698075,0.02698075,93.500,4135.800,0.02260748,250,10,10,0.8326,0.0088,0.0451,OFICIAL
NACIONAL,BRASIL,2025-14,CULINARIOS,ALPHA,FAB_ALPHA,N,7221.55,285674.82,0.02527892,0.02527892,205.100,4135.800,0.04959137,418,11,13,0.8326,0.0088,0.0451,OFICIAL
NACIONAL,BRASIL,2025-14,CULINARIOS,MOCA,NESTLE,Y,6289.48,285674.82,0.02201622,0.02201622,126.400,4135.800,0.03056241,188,12,8,0.8326,0.0088,0.0451,OFICIAL
NACIONAL,BRASIL,2025-14,CULINARIOS,KITKAT,NESTLE,Y,6141.43,285674.82,0.02149797,0.02149797,39.600,4135.800,0.00957493,165,13,7,0.8326,0.0088,0.0451,OFICIAL
NACIONAL,BRASIL,2025-14,CULINARIOS,GAROTO,NESTLE,Y,5753.34,285674.82,0.02013947,0.02013947,60.500,4135.800,0.01462837,241,14,9,0.8326,0.0088,0.0451,OFICIAL
NACIONAL,BRASIL,2025-14,LACTEOS,VIVA,FAB_VIVA,N,49940.51,293405.41,0.17020992,0.17020992,552.500,4534.500,0.12184364,1534,1,34,0.8326,0.0088,0.0076,OFICIAL
NACIONAL,BRASIL,2025-14,LACTEOS,ALPHA,FAB_ALPHA,N,44157.78,293405.41,0.15050091,0.15050091,776.300,4534.500,0.17119859,1562,2,32,0.8326,0.0088,0.0076,OFICIAL
NACIONAL,BRASIL,2025-14,LACTEOS,SOLAR,FAB_SOLAR,N,34212.71,293405.41,0.11660559,0.11660559,564.100,4534.500,0.12440181,1216,3,33,0.8326,0.0088,0.0076,OFICIAL
NACIONAL,BRASIL,2025-14,LACTEOS,DELTA,FAB_DELTA,N,34131.12,293405.41,0.11632751,0.11632751,854.800,4534.500,0.18851031,1251,4,33,0.8326,0.0088,0.0076,OFICIAL
NACIONAL,BRASIL,2025-14,LACTEOS,BETA,FAB_BETA,N,29945.63,293405.41,0.1020623,0.1020623,343.200,4534.500,0.0756864,985,5,21,0.8326,0.0088,0.0076,OFICIAL
NACIONAL,BRASIL,2025-14,LACTEOS,NOVA,FAB_NOVA,N,16708.40,293405.41,0.05694646,0.05694646,278.400,4534.500,0.06139596,632,6,21,0.8326,0.0088,0.0076,OFICIAL
NACIONAL,BRASIL,2025-14,LACTEOS,MOCA,NESTLE,Y,14846.83,293405.41,0.05060176,0.05060176,174.500,4534.500,0.03848274,417,7,17,0.8326,0.0088,0.0076,OFICIAL
NACIONAL,BRASIL,2025-14,LACTEOS,GAROTO,NESTLE,Y,12615.58,293405.41,0.04299709,0.04299709,291.900,4534.500,0.06437314,387,8,10,0.8326,0.0088,0.0076,OFICIAL
NACIONAL,BRASIL,2025-14,LACTEOS,NESQUIK,NESTLE,Y,12265.43,293405.41,0.04180369,0.04180369,213.500,4534.500,0.04708347,348,9,12,0.8326,0.0088,0.0076,OFICIAL
NACIONAL,BRASIL,2025-14,LACTEOS,KITKAT,NESTLE,Y,11182.75,293405.41,0.03811365,0.03811365,61.300,4534.500,0.01351858,351,10,8,0.8326,0.0088,0.0076,OFICIAL
NACIONAL,BRASIL,2025-14,LACTEOS,NESCAFE,NESTLE,Y,10291.89,293405.41,0.03507737,0.03507737,116.500,4534.500,0.02569192,279,11,15,0.8326,0.0088,0.0076,OFICIAL
NACIONAL,BRASIL,2025-14,LACTEOS,NINHO,NESTLE,Y,9383.79,293405.41,0.03198233,0.03198233,140.500,4534.500,0.03098467,511,12,12,0.8326,0.0088,0.0076,OFICIAL
NACIONAL,BRASIL,2025-14,LACTEOS,PRIME,FAB_PRIME,N,7075.01,293405.41,0.02411343,0.02411343,93.400,4534.500,0.02059764,302,13,15,0.8326,0.0088,0.0076,OFICIAL
NACIONAL,BRASIL,2025-14,LACTEOS,MAGGI,NESTLE,Y,6647.98,293405.41,0.022658,0.022658,73.600,4534.500,0.01623112,293,14,8,0.8326,0.0088,0.0076,OFICIAL
NACIONAL,BRASIL,2025-14,NUTRICAO,DELTA,FAB_DELTA,N,30437.05,281350.93,0.1081818,0.1081818,549.600,5405.800,0.10166858,1315,1,26,0.8326,0.0088,0.0349,OFICIAL
NACIONAL,BRASIL,2025-14,NUTRICAO,PRIME,FAB_PRIME,N,29970.12,281350.93,0.1065222,0.1065222,441.800,5405.800,0.08172703,974,2,20,0.8326,0.0088,0.0349,OFICIAL
NACIONAL,BRASIL,2025-14,NUTRICAO,BETA,FAB_BETA,N,29937.51,281350.93,0.10640629,0.10640629,726.300,5405.800,0.13435569,1392,3,30,0.8326,0.0088,0.0349,OFICIAL
NACIONAL,BRASIL,2025-14,NUTRICAO,ALPHA,FAB_ALPHA,N,28497.39,281350.93,0.10128771,0.10128771,394.100,5405.800,0.07290318,1046,4,40,0.8326,0.0088,0.0349,OFICIAL
NACIONAL,BRASIL,2025-14,NUTRICAO,SOLAR,FAB_SOLAR,N,28233.55,281350.93,0.10034994,0.10034994,446.300,5405.800,0.08255947,897,5,28,0.8326,0.0088,0.0349,OFICIAL
NACIONAL,BRASIL,2025-14,NUTRICAO,VIVA,FAB_VIVA,N,22328.94,281350.93,0.07936331,0.07936331,348.600,5405.800,0.06448629,865,6,17,0.8326,0.0088,0.0349,OFICIAL
NACIONAL,BRASIL,2025-14,NUTRICAO,KITKAT,NESTLE,Y,20196.92,281350.93,0.07178551,0.07178551,359.400,5405.800,0.06648415,928,7,20,0.8326,0.0088,0.0349,OFICIAL
NACIONAL,BRASIL,2025-14,NUTRICAO,NESQUIK,NESTLE,Y,18044.96,281350.93,0.06413684,0.06413684,403.300,5405.800,0.07460505,1196,8,45,0.8326,0.0088,0.0349,OFICIAL
NACIONAL,BRASIL,2025-14,NUTRICAO,NOVA,FAB_NOVA,N,18004.55,281350.93,0.06399321,0.06399321,445.700,5405.800,0.08244848,901,9,18,0.8326,0.0088,0.0349,OFICIAL
NACIONAL,BRASIL,2025-14,NUTRICAO,MOCA,NESTLE,Y,13355.19,281350.93,0.04746809,0.04746809,525.800,5405.800,0.0972659,764,10,16,0.8326,0.0088,0.0349,OFICIAL
NACIONAL,BRASIL,2025-14,NUTRICAO,GAROTO,NESTLE,Y,11367.67,281350.93,0.04040388,0.04040388,204.900,5405.800,0.03790373,380,11,10,0.8326,0.0088,0.0349,OFICIAL
NACIONAL,BRASIL,2025-14,NUTRICAO,NESCAFE,NESTLE,Y,11217.37,281350.93,0.03986967,0.03986967,263.500,5405.800,0.04874394,435,12,13,0.8326,0.0088,0.0349,OFICIAL
NACIONAL,BRASIL,2025-14,NUTRICAO,NINHO,NESTLE,Y,9974.14,281350.93,0.03545089,0.03545089,151.900,5405.800,0.02809945,427,13,9,0.8326,0.0088,0.0349,OFICIAL
NACIONAL,BRASIL,2025-14,NUTRICAO,MAGGI,NESTLE,Y,9785.57,281350.93,0.03478066,0.03478066,144.600,5405.800,0.02674905,225,14,9,0.8326,0.0088,0.0349,OFICIAL
NACIONAL,BRASIL,2025-15,BEBIDAS,BETA,FAB_BETA,N,49591.47,302703.00,0.1638288,,1099.100,5191.300,0.21171961,1862,1,29,0.7761,0.0148,0.0136,NAO_OFICIAL_COBERTURA
NACIONAL,BRASIL,2025-15,BEBIDAS,NINHO,NESTLE,Y,31477.78,302703.00,0.10398899,,479.200,5191.300,0.09230829,1391,2,34,0.7761,0.0148,0.0136,NAO_OFICIAL_COBERTURA
NACIONAL,BRASIL,2025-15,BEBIDAS,SOLAR,FAB_SOLAR,N,29633.80,302703.00,0.09789728,,554.000,5191.300,0.10671701,1062,3,28,0.7761,0.0148,0.0136,NAO_OFICIAL_COBERTURA
NACIONAL,BRASIL,2025-15,BEBIDAS,DELTA,FAB_DELTA,N,27919.58,302703.00,0.09223424,,351.500,5191.300,0.06770944,818,4,26,0.7761,0.0148,0.0136,NAO_OFICIAL_COBERTURA
NACIONAL,BRASIL,2025-15,BEBIDAS,ALPHA,FAB_ALPHA,N,25357.32,302703.00,0.08376964,,433.800,5191.300,0.08356288,668,5,19,0.7761,0.0148,0.0136,NAO_OFICIAL_COBERTURA
NACIONAL,BRASIL,2025-15,BEBIDAS,GAROTO,NESTLE,Y,23082.18,302703.00,0.07625356,,316.600,5191.300,0.06098665,755,6,19,0.7761,0.0148,0.0136,NAO_OFICIAL_COBERTURA
NACIONAL,BRASIL,2025-15,BEBIDAS,PRIME,FAB_PRIME,N,23026.74,302703.00,0.07607041,,457.700,5191.300,0.08816674,762,7,25,0.7761,0.0148,0.0136,NAO_OFICIAL_COBERTURA
NACIONAL,BRASIL,2025-15,BEBIDAS,NESCAFE,NESTLE,Y,20459.69,302703.00,0.06758998,,379.000,5191.300,0.07300676,1014,8,32,0.7761,0.0148,0.0136,NAO_OFICIAL_COBERTURA
NACIONAL,BRASIL,2025-15,BEBIDAS,MAGGI,NESTLE,Y,19521.06,302703.00,0.06448915,,326.500,5191.300,0.06289369,878,9,17,0.7761,0.0148,0.0136,NAO_OFICIAL_COBERTURA
NACIONAL,BRASIL,2025-15,BEBIDAS,NOVA,FAB_NOVA,N,17761.27,302703.00,0.05867557,,220.800,5191.300,0.0425327,497,10,12,0.7761,0.0148,0.0136,NAO_OFICIAL_COBERTURA
NACIONAL,BRASIL,2025-15,BEBIDAS,NESQUIK,NESTLE,Y,10367.42,302703.00,0.03424948,,185.100,5191.300,0.03565581,667,11,14,0.7761,0.0148,0.0136,NAO_OFICIAL_COBERTURA
NACIONAL,BRASIL,2025-15,BEBIDAS,VIVA,FAB_VIVA,N,9592.83,302703.00,0.03169057,,214.900,5191.300,0.04139618,402,12,14,0.7761,0.0148,0.0136,NAO_OFICIAL_COBERTURA
NACIONAL,BRASIL,2025-15,BEBIDAS,KITKAT,NESTLE,Y,8669.28,302703.00,0.02863956,,72.800,5191.300,0.01402346,401,13,8,0.7761,0.0148,0.0136,NAO_OFICIAL_COBERTURA
NACIONAL,BRASIL,2025-15,BEBIDAS,MOCA,NESTLE,Y,6242.58,302703.00,0.02062279,,100.300,5191.300,0.01932079,323,14,12,0.7761,0.0148,0.0136,NAO_OFICIAL_COBERTURA
NACIONAL,BRASIL,2025-15,CHOCOLATES,BETA,FAB_BETA,N,64031.67,327463.81,0.19553816,,999.800,5597.600,0.17861226,2029,1,31,0.7761,0.0148,0.0452,NAO_OFICIAL_COBERTURA
NACIONAL,BRASIL,2025-15,CHOCOLATES,NOVA,FAB_NOVA,N,41253.19,327463.81,0.12597786,,838.600,5597.600,0.14981421,1513,2,27,0.7761,0.0148,0.0452,NAO_OFICIAL_COBERTURA
NACIONAL,BRASIL,2025-15,CHOCOLATES,NINHO,NESTLE,Y,39597.33,327463.81,0.12092124,,546.800,5597.600,0.09768472,1276,3,24,0.7761,0.0148,0.0452,NAO_OFICIAL_COBERTURA
NACIONAL,BRASIL,2025-15,CHOCOLATES,VIVA,FAB_VIVA,N,34317.77,327463.81,0.10479866,,477.500,5597.600,0.08530442,987,4,31,0.7761,0.0148,0.0452,NAO_OFICIAL_COBERTURA
NACIONAL,BRASIL,2025-15,CHOCOLATES,PRIME,FAB_PRIME,N,28826.47,327463.81,0.08802948,,605.300,5597.600,0.10813563,829,5,23,0.7761,0.0148,0.0452,NAO_OFICIAL_COBERTURA
NACIONAL,BRASIL,2025-15,CHOCOLATES,MAGGI,NESTLE,Y,21240.44,327463.81,0.06486347,,297.100,5597.600,0.05307632,554,6,11,0.7761,0.0148,0.0452,NAO_OFICIAL_COBERTURA
NACIONAL,BRASIL,2025-15,CHOCOLATES,ALPHA,FAB_ALPHA,N,20586.54,327463.81,0.06286661,,413.800,5597.600,0.07392454,691,7,22,0.7761,0.0148,0.0452,NAO_OFICIAL_COBERTURA
NACIONAL,BRASIL,2025-15,CHOCOLATES,SOLAR,FAB_SOLAR,N,15991.12,327463.81,0.04883324,,445.900,5597.600,0.07965914,670,8,23,0.7761,0.0148,0.0452,NAO_OFICIAL_COBERTURA
NACIONAL,BRASIL,2025-15,CHOCOLATES,NESQUIK,NESTLE,Y,15811.47,327463.81,0.04828463,,165.700,5597.600,0.02960197,529,9,15,0.7761,0.0148,0.0452,NAO_OFICIAL_COBERTURA
NACIONAL,BRASIL,2025-15,CHOCOLATES,NESCAFE,NESTLE,Y,14933.16,327463.81,0.04560247,,141.500,5597.600,0.02527869,427,10,14,0.7761,0.0148,0.0452,NAO_OFICIAL_COBERTURA
NACIONAL,BRASIL,2025-15,CHOCOLATES,KITKAT,NESTLE,Y,14511.21,327463.81,0.04431394,,291.400,5597.600,0.05205802,445,11,18,0.7761,0.0148,0.0452,NAO_OFICIAL_COBERTURA
NACIONAL,BRASIL,2025-15,CHOCOLATES,MOCA,NESTLE,Y,7731.17,327463.81,0.02360923,,184.600,5597.600,0.03297842,271,12,10,0.7761,0.0148,0.0452,NAO_OFICIAL_COBERTURA
NACIONAL,BRASIL,2025-15,CHOCOLATES,DELTA,FAB_DELTA,N,6877.06,327463.81,0.02100098,,178.300,5597.600,0.03185294,269,13,16,0.7761,0.0148,0.0452,NAO_OFICIAL_COBERTURA
NACIONAL,BRASIL,2025-15,CHOCOLATES,GAROTO,NESTLE,Y,1755.21,327463.81,0.00536001,,11.300,5597.600,0.00201872,70,14,3,0.7761,0.0148,0.0452,NAO_OFICIAL_COBERTURA
NACIONAL,BRASIL,2025-15,CULINARIOS,VIVA,FAB_VIVA,N,68240.19,376718.23,0.18114385,,680.700,5688.300,0.11966668,2026,1,31,0.7761,0.0148,0.0297,NAO_OFICIAL_COBERTURA
NACIONAL,BRASIL,2025-15,CULINARIOS,ALPHA,FAB_ALPHA,N,36440.35,376718.23,0.09673105,,254.600,5688.300,0.04475854,1222,2,16,0.7761,0.0148,0.0297,NAO_OFICIAL_COBERTURA
NACIONAL,BRASIL,2025-15,CULINARIOS,NOVA,FAB_NOVA,N,34288.14,376718.23,0.091018,,509.100,5688.300,0.0894995,1034,3,35,0.7761,0.0148,0.0297,NAO_OFICIAL_COBERTURA
NACIONAL,BRASIL,2025-15,CULINARIOS,KITKAT,NESTLE,Y,30522.26,376718.23,0.08102146,,552.100,5688.300,0.09705888,690,4,16,0.7761,0.0148,0.0297,NAO_OFICIAL_COBERTURA
NACIONAL,BRASIL,2025-15,CULINARIOS,BETA,FAB_BETA,N,30237.69,376718.23,0.08026607,,419.800,5688.300,0.07380061,824,5,19,0.7761,0.0148,0.0297,NAO_OFICIAL_COBERTURA
NACIONAL,BRASIL,2025-15,CULINARIOS,PRIME,FAB_PRIME,N,28259.81,376718.23,0.07501578,,459.200,5688.300,0.08072711,1104,6,30,0.7761,0.0148,0.0297,NAO_OFICIAL_COBERTURA
NACIONAL,BRASIL,2025-15,CULINARIOS,NINHO,NESTLE,Y,27869.64,376718.23,0.07398007,,698.300,5688.300,0.12276075,1135,7,17,0.7761,0.0148,0.0297,NAO_OFICIAL_COBERTURA
NACIONAL,BRASIL,2025-15,CULINARIOS,MAGGI,NESTLE,Y,24982.74,376718.23,0.06631678,,433.500,5688.300,0.07620906,793,8,15,0.7761,0.0148,0.0297,NAO_OFICIAL_COBERTURA
NACIONAL,BRASIL,2025-15,CULINARIOS,DELTA,FAB_DELTA,N,24386.76,376718.23,0.06473475,,470.600,5688.300,0.08273122,881,9,27,0.7761,0.0148,0.0297,NAO_OFICIAL_COBERTURA
NACIONAL,BRASIL,2025-15,CULINARIOS,SOLAR,FAB_SOLAR,N,24314.67,376718.23,0.06454339,,421.300,5688.300,0.07406431,684,10,12,0.7761,0.0148,0.0297,NAO_OFICIAL_COBERTURA
NACIONAL,BRASIL,2025-15,CULINARIOS,NESCAFE,NESTLE,Y,18362.58,376718.23,0.04874354,,357.100,5688.300,0.06277798,609,11,15,0.7761,0.0148,0.0297,NAO_OFICIAL_COBERTURA
NACIONAL,BRASIL,2025-15,CULINARIOS,NESQUIK,NESTLE,Y,10100.92,376718.23,0.02681293,,200.300,5688.300,0.03521263,394,12,15,0.7761,0.0148,0.0297,NAO_OFICIAL_COBERTURA
NACIONAL,BRASIL,2025-15,CULINARIOS,MOCA,NESTLE,Y,9637.94,376718.23,0.02558395,,76.100,5688.300,0.01337834,364,13,10,0.7761,0.0148,0.0297,NAO_OFICIAL_COBERTURA
NACIONAL,BRASIL,2025-15,CULINARIOS,GAROTO,NESTLE,Y,9074.54,376718.23,0.0240884,,155.600,5688.300,0.02735439,304,14,10,0.7761,0.0148,0.0297,NAO_OFICIAL_COBERTURA
NACIONAL,BRASIL,2025-15,LACTEOS,VIVA,FAB_VIVA,N,42603.14,310592.78,0.13716719,,600.400,5052.600,0.11882991,1464,1,41,0.7761,0.0148,0.0393,NAO_OFICIAL_COBERTURA
NACIONAL,BRASIL,2025-15,LACTEOS,ALPHA,FAB_ALPHA,N,41738.95,310592.78,0.1343848,,452.900,5052.600,0.08963702,1207,2,32,0.7761,0.0148,0.0393,NAO_OFICIAL_COBERTURA
NACIONAL,BRASIL,2025-15,LACTEOS,DELTA,FAB_DELTA,N,37666.98,310592.78,0.12127449,,692.800,5052.600,0.13711752,1177,3,30,0.7761,0.0148,0.0393,NAO_OFICIAL_COBERTURA
NACIONAL,BRASIL,2025-15,LACTEOS,MOCA,NESTLE,Y,28440.11,310592.78,0.0915672,,604.400,5052.600,0.11962158,1005,4,18,0.7761,0.0148,0.0393,NAO_OFICIAL_COBERTURA
NACIONAL,BRASIL,2025-15,LACTEOS,SOLAR,FAB_SOLAR,N,28207.13,310592.78,0.09081708,,425.600,5052.600,0.08423386,1044,5,37,0.7761,0.0148,0.0393,NAO_OFICIAL_COBERTURA
NACIONAL,BRASIL,2025-15,LACTEOS,NOVA,FAB_NOVA,N,27391.60,310592.78,0.08819136,,442.000,5052.600,0.08747971,903,6,25,0.7761,0.0148,0.0393,NAO_OFICIAL_COBERTURA
NACIONAL,BRASIL,2025-15,LACTEOS,PRIME,FAB_PRIME,N,25294.75,310592.78,0.08144024,,425.800,5052.600,0.08427344,765,7,18,0.7761,0.0148,0.0393,NAO_OFICIAL_COBERTURA
NACIONAL,BRASIL,2025-15,LACTEOS,NESCAFE,NESTLE,Y,23921.62,310592.78,0.07701924,,459.300,5052.600,0.09090369,880,8,18,0.7761,0.0148,0.0393,NAO_OFICIAL_COBERTURA
NACIONAL,BRASIL,2025-15,LACTEOS,NINHO,NESTLE,Y,18294.22,310592.78,0.05890098,,277.500,5052.600,0.05492222,700,9,13,0.7761,0.0148,0.0393,NAO_OFICIAL_COBERTURA
NACIONAL,BRASIL,2025-15,LACTEOS,NESQUIK,NESTLE,Y,13461.12,310592.78,0.04334009,,320.500,5052.600,0.06343269,635,10,17,0.7761,0.0148,0.0393,NAO_OFICIAL_COBERTURA
NACIONAL,BRASIL,2025-15,LACTEOS,BETA,FAB_BETA,N,11540.49,310592.78,0.03715634,,199.300,5052.600,0.03944504,437,11,23,0.7761,0.0148,0.0393,NAO_OFICIAL_COBERTURA
NACIONAL,BRASIL,2025-15,LACTEOS,GAROTO,NESTLE,Y,5480.74,310592.78,0.01764606,,45.300,5052.600,0.00896568,186,12,8,0.7761,0.0148,0.0393,NAO_OFICIAL_COBERTURA
NACIONAL,BRASIL,2025-15,LACTEOS,MAGGI,NESTLE,Y,5364.55,310592.78,0.01727197,,85.500,5052.600,0.01692198,135,13,5,0.7761,0.0148,0.0393,NAO_OFICIAL_COBERTURA
NACIONAL,BRASIL,2025-15,LACTEOS,KITKAT,NESTLE,Y,1187.38,310592.78,0.00382295,,21.300,5052.600,0.00421565,45,14,3,0.7761,0.0148,0.0393,NAO_OFICIAL_COBERTURA
NACIONAL,BRASIL,2025-15,NUTRICAO,PRIME,FAB_PRIME,N,50614.66,272763.49,0.18556244,,701.000,3879.800,0.18067942,1526,1,37,0.7761,0.0148,0.0701,NAO_OFICIAL_COBERTURA
NACIONAL,BRASIL,2025-15,NUTRICAO,DELTA,FAB_DELTA,N,33149.03,272763.49,0.1215303,,203.600,3879.800,0.05247693,1069,2,31,0.7761,0.0148,0.0701,NAO_OFICIAL_COBERTURA
NACIONAL,BRASIL,2025-15,NUTRICAO,SOLAR,FAB_SOLAR,N,30022.37,272763.49,0.11006741,,311.400,3879.800,0.08026187,1280,3,28,0.7761,0.0148,0.0701,NAO_OFICIAL_COBERTURA
NACIONAL,BRASIL,2025-15,NUTRICAO,BETA,FAB_BETA,N,22387.30,272763.49,0.08207587,,346.300,3879.800,0.08925718,757,4,26,0.7761,0.0148,0.0701,NAO_OFICIAL_COBERTURA
NACIONAL,BRASIL,2025-15,NUTRICAO,ALPHA,FAB_ALPHA,N,20964.94,272763.49,0.07686124,,311.900,3879.800,0.08039074,660,5,18,0.7761,0.0148,0.0701,NAO_OFICIAL_COBERTURA
NACIONAL,BRASIL,2025-15,NUTRICAO,NOVA,FAB_NOVA,N,18637.19,272763.49,0.06832729,,257.200,3879.800,0.06629208,613,6,23,0.7761,0.0148,0.0701,NAO_OFICIAL_COBERTURA
NACIONAL,BRASIL,2025-15,NUTRICAO,NINHO,NESTLE,Y,17804.43,272763.49,0.06527424,,254.700,3879.800,0.06564771,617,7,15,0.7761,0.0148,0.0701,NAO_OFICIAL_COBERTURA
NACIONAL,BRASIL,2025-15,NUTRICAO,VIVA,FAB_VIVA,N,16460.27,272763.49,0.06034631,,249.200,3879.800,0.06423012,550,8,15,0.7761,0.0148,0.0701,NAO_OFICIAL_COBERTURA
NACIONAL,BRASIL,2025-15,NUTRICAO,NESCAFE,NESTLE,Y,15210.78,272763.49,0.05576545,,347.800,3879.800,0.0896438,642,9,13,0.7761,0.0148,0.0701,NAO_OFICIAL_COBERTURA
NACIONAL,BRASIL,2025-15,NUTRICAO,NESQUIK,NESTLE,Y,14632.38,272763.49,0.05364494,,359.900,3879.800,0.09276251,934,10,36,0.7761,0.0148,0.0701,NAO_OFICIAL_COBERTURA
NACIONAL,BRASIL,2025-15,NUTRICAO,MOCA,NESTLE,Y,11183.06,272763.49,0.04099911,,195.100,3879.800,0.0502861,420,11,13,0.7761,0.0148,0.0701,NAO_OFICIAL_COBERTURA
NACIONAL,BRASIL,2025-15,NUTRICAO,KITKAT,NESTLE,Y,9798.11,272763.49,0.03592163,,121.500,3879.800,0.03131605,377,12,9,0.7761,0.0148,0.0701,NAO_OFICIAL_COBERTURA
NACIONAL,BRASIL,2025-15,NUTRICAO,MAGGI,NESTLE,Y,8946.60,272763.49,0.03279984,,167.400,3879.800,0.04314655,467,13,6,0.7761,0.0148,0.0701,NAO_OFICIAL_COBERTURA
NACIONAL,BRASIL,2025-15,NUTRICAO,GAROTO,NESTLE,Y,2952.37,272763.49,0.01082392,,52.800,3879.800,0.01360895,96,14,5,0.7761,0.0148,0.0701,NAO_OFICIAL_COBERTURA
NACIONAL,BRASIL,2025-16,BEBIDAS,VIVA,FAB_VIVA,N,45504.44,323840.59,0.14051494,0.14051494,510.400,5345.400,0.09548397,1219,1,17,0.8566,0.0058,0.0262,OFICIAL
NACIONAL,BRASIL,2025-16,BEBIDAS,SOLAR,FAB_SOLAR,N,42494.96,323840.59,0.13122185,0.13122185,666.700,5345.400,0.12472406,1508,2,38,0.8566,0.0058,0.0262,OFICIAL
NACIONAL,BRASIL,2025-16,BEBIDAS,PRIME,FAB_PRIME,N,31078.44,323840.59,0.09596833,0.09596833,813.700,5345.400,0.15222434,974,3,14,0.8566,0.0058,0.0262,OFICIAL
NACIONAL,BRASIL,2025-16,BEBIDAS,ALPHA,FAB_ALPHA,N,30996.87,323840.59,0.09571644,0.09571644,252.700,5345.400,0.04727429,950,4,21,0.8566,0.0058,0.0262,OFICIAL
NACIONAL,BRASIL,2025-16,BEBIDAS,DELTA,FAB_DELTA,N,27137.46,323840.59,0.08379882,0.08379882,386.200,5345.400,0.07224904,834,5,19,0.8566,0.0058,0.0262,OFICIAL
NACIONAL,BRASIL,2025-16,BEBIDAS,GAROTO,NESTLE,Y,25475.17,323840.59,0.07866577,0.07866577,455.300,5345.400,0.08517604,877,6,15,0.8566,0.0058,0.0262,OFICIAL
NACIONAL,BRASIL,2025-16,BEBIDAS,NOVA,FAB_NOVA,N,23104.42,323840.59,0.07134504,0.07134504,418.600,5345.400,0.07831032,713,7,23,0.8566,0.0058,0.0262,OFICIAL
NACIONAL,BRASIL,2025-16,BEBIDAS,NESCAFE,NESTLE,Y,22328.24,323840.59,0.06894824,0.06894824,646.700,5345.400,0.12098253,1272,8,32,0.8566,0.0058,0.0262,OFICIAL
NACIONAL,BRASIL,2025-16,BEBIDAS,NINHO,NESTLE,Y,22157.42,323840.59,0.06842076,0.06842076,388.600,5345.400,0.07269802,1000,9,36,0.8566,0.0058,0.0262,OFICIAL
NACIONAL,BRASIL,2025-16,BEBIDAS,BETA,FAB_BETA,N,19728.11,323840.59,0.0609192,0.0609192,205.900,5345.400,0.0385191,624,10,24,0.8566,0.0058,0.0262,OFICIAL
NACIONAL,BRASIL,2025-16,BEBIDAS,KITKAT,NESTLE,Y,13317.86,323840.59,0.04112474,0.04112474,165.500,5345.400,0.0309612,497,11,13,0.8566,0.0058,0.0262,OFICIAL
NACIONAL,BRASIL,2025-16,BEBIDAS,MAGGI,NESTLE,Y,9274.28,323840.59,0.02863841,0.02863841,266.000,5345.400,0.04976241,316,12,5,0.8566,0.0058,0.0262,OFICIAL
NACIONAL,BRASIL,2025-16,BEBIDAS,NESQUIK,NESTLE,Y,8304.10,323840.59,0.02564255,0.02564255,116.800,5345.400,0.02185056,382,13,9,0.8566,0.0058,0.0262,OFICIAL
NACIONAL,BRASIL,2025-16,BEBIDAS,MOCA,NESTLE,Y,2938.82,323840.59,0.0090749,0.0090749,52.300,5345.400,0.00978411,139,14,3,0.8566,0.0058,0.0262,OFICIAL
NACIONAL,BRASIL,2025-16,CHOCOLATES,ALPHA,FAB_ALPHA,N,43524.21,338179.37,0.12870155,0.12870155,465.500,4571.100,0.10183544,1378,1,28,0.8566,0.0058,0.0217,OFICIAL
NACIONAL,BRASIL,2025-16,CHOCOLATES,BETA,FAB_BETA,N,38952.60,338179.37,0.11518325,0.11518325,798.200,4571.100,0.1746188,1408,2,42,0.8566,0.0058,0.0217,OFICIAL
NACIONAL,BRASIL,2025-16,CHOCOLATES,PRIME,FAB_PRIME,N,38408.17,338179.37,0.11357337,0.11357337,510.700,4571.100,0.11172366,1226,3,28,0.8566,0.0058,0.0217,OFICIAL
NACIONAL,BRASIL,2025-16,CHOCOLATES,SOLAR,FAB_SOLAR,N,38324.50,338179.37,0.11332595,0.11332595,535.600,4571.100,0.11717092,1535,4,27,0.8566,0.0058,0.0217,OFICIAL
NACIONAL,BRASIL,2025-16,CHOCOLATES,DELTA,FAB_DELTA,N,27133.72,338179.37,0.0802347,0.0802347,370.200,4571.100,0.08098707,847,5,16,0.8566,0.0058,0.0217,OFICIAL
NACIONAL,BRASIL,2025-16,CHOCOLATES,NINHO,NESTLE,Y,26429.51,338179.37,0.07815234,0.07815234,300.300,4571.100,0.06569535,749,6,19,0.8566,0.0058,0.0217,OFICIAL
NACIONAL,BRASIL,2025-16,CHOCOLATES,NESCAFE,NESTLE,Y,24615.19,338179.37,0.07278738,0.07278738,343.300,4571.100,0.07510227,665,7,19,0.8566,0.0058,0.0217,OFICIAL
NACIONAL,BRASIL,2025-16,CHOCOLATES,NESQUIK,NESTLE,Y,22666.18,338179.37,0.06702414,0.06702414,181.900,4571.100,0.03979349,531,8,9,0.8566,0.0058,0.0217,OFICIAL
NACIONAL,BRASIL,2025-16,CHOCOLATES,MOCA,NESTLE,Y,19283.78,338179.37,0.05702234,0.05702234,224.900,4571.100,0.04920041,650,9,15,0.8566,0.0058,0.0217,OFICIAL
NACIONAL,BRASIL,2025-16,CHOCOLATES,VIVA,FAB_VIVA,N,17374.05,338179.37,0.05137525,0.05137525,249.300,4571.100,0.05453829,647,10,24,0.8566,0.0058,0.0217,OFICIAL
NACIONAL,BRASIL,2025-16,CHOCOLATES,NOVA,FAB_NOVA,N,17054.93,338179.37,0.05043161,0.05043161,231.100,4571.100,0.05055676,613,11,19,0.8566,0.0058,0.0217,OFICIAL
NACIONAL,BRASIL,2025-16,CHOCOLATES,KITKAT,NESTLE,Y,12564.40,338179.37,0.03715306,0.03715306,147.200,4571.100,0.03220231,418,12,10,0.8566,0.0058,0.0217,OFICIAL
NACIONAL,BRASIL,2025-16,CHOCOLATES,MAGGI,NESTLE,Y,9640.19,338179.37,0.02850614,0.02850614,191.900,4571.100,0.04198114,365,13,9,0.8566,0.0058,0.0217,OFICIAL
NACIONAL,BRASIL,2025-16,CHOCOLATES,GAROTO,NESTLE,Y,2207.94,338179.37,0.0065289,0.0065289,21.000,4571.100,0.00459408,86,14,4,0.8566,0.0058,0.0217,OFICIAL
NACIONAL,BRASIL,2025-16,CULINARIOS,PRIME,FAB_PRIME,N,32031.98,257701.19,0.12429892,0.12429892,534.100,4990.300,0.10702763,1084,1,28,0.8566,0.0058,0.0288,OFICIAL
NACIONAL,BRASIL,2025-16,CULINARIOS,VIVA,FAB_VIVA,N,30462.46,257701.19,0.11820846,0.11820846,517.300,4990.300,0.1036611,997,2,35,0.8566,0.0058,0.0288,OFICIAL
NACIONAL,BRASIL,2025-16,CULINARIOS,NESCAFE,NESTLE,Y,26761.00,257701.19,0.10384508,0.10384508,573.900,4990.300,0.11500311,729,3,14,0.8566,0.0058,0.0288,OFICIAL
NACIONAL,BRASIL,2025-16,CULINARIOS,NOVA,FAB_NOVA,N,25992.83,257701.19,0.10086422,0.10086422,765.800,4990.300,0.15345771,1148,4,26,0.8566,0.0058,0.0288,OFICIAL
NACIONAL,BRASIL,2025-16,CULINARIOS,SOLAR,FAB_SOLAR,N,23668.08,257701.19,0.09184311,0.09184311,402.800,4990.300,0.08071659,967,5,24,0.8566,0.0058,0.0288,OFICIAL
NACIONAL,BRASIL,2025-16,CULINARIOS,BETA,FAB_BETA,N,22483.22,257701.19,0.08724531,0.08724531,471.400,4990.300,0.09446326,836,6,23,0.8566,0.0058,0.0288,OFICIAL
NACIONAL,BRASIL,2025-16,CULINARIOS,GAROTO,NESTLE,Y,17786.03,257701.19,0.06901804,0.06901804,451.500,4990.300,0.09047552,710,7,13,0.8566,0.0058,0.0288,OFICIAL
NACIONAL,BRASIL,2025-16,CULINARIOS,NESQUIK,NESTLE,Y,16678.04,257701.19,0.06471852,0.06471852,338.900,4990.300,0.06791175,594,8,13,0.8566,0.0058,0.0288,OFICIAL
NACIONAL,BRASIL,2025-16,CULINARIOS,MAGGI,NESTLE,Y,16147.25,257701.19,0.06265881,0.06265881,160.400,4990.300,0.03214236,426,9,11,0.8566,0.0058,0.0288,OFICIAL
NACIONAL,BRASIL,2025-16,CULINARIOS,DELTA,FAB_DELTA,N,13308.08,257701.19,0.05164152,0.05164152,222.200,4990.300,0.04452638,517,10,18,0.8566,0.0058,0.0288,OFICIAL
NACIONAL,BRASIL,2025-16,CULINARIOS,NINHO,NESTLE,Y,10566.48,257701.19,0.04100284,0.04100284,68.400,4990.300,0.01370659,405,11,15,0.8566,0.0058,0.0288,OFICIAL
NACIONAL,BRASIL,2025-16,CULINARIOS,MOCA,NESTLE,Y,8194.02,257701.19,0.03179659,0.03179659,112.900,4990.300,0.02262389,299,12,13,0.8566,0.0058,0.0288,OFICIAL
NACIONAL,BRASIL,2025-16,CULINARIOS,KITKAT,NESTLE,Y,7121.29,257701.19,0.0276339,0.0276339,233.000,4990.300,0.04669058,391,13,12,0.8566,0.0058,0.0288,OFICIAL
NACIONAL,BRASIL,2025-16,CULINARIOS,ALPHA,FAB_ALPHA,N,6500.43,257701.19,0.02522468,0.02522468,137.700,4990.300,0.02759353,254,14,7,0.8566,0.0058,0.0288,OFICIAL
NACIONAL,BRASIL,2025-16,LACTEOS,VIVA,FAB_VIVA,N,41095.14,293271.91,0.14012641,0.14012641,575.700,4262.100,0.13507426,1291,1,30,0.8566,0.0058,0.0174,OFICIAL
NACIONAL,BRASIL,2025-16,LACTEOS,DELTA,FAB_DELTA,N,33440.80,293271.91,0.1140266,0.1140266,537.800,4262.100,0.12618193,1180,2,35,0.8566,0.0058,0.0174,OFICIAL
NACIONAL,BRASIL,2025-16,LACTEOS,ALPHA,FAB_ALPHA,N,29772.94,293271.91,0.10151992,0.10151992,435.900,4262.100,0.10227353,955,3,32,0.8566,0.0058,0.0174,OFICIAL
NACIONAL,BRASIL,2025-16,LACTEOS,SOLAR,FAB_SOLAR,N,28030.94,293271.91,0.09558004,0.09558004,444.100,4262.100,0.10419746,1158,4,29,0.8566,0.0058,0.0174,OFICIAL
NACIONAL,BRASIL,2025-16,LACTEOS,PRIME,FAB_PRIME,N,26102.65,293271.91,0.08900494,0.08900494,334.000,4262.100,0.07836513,736,5,22,0.8566,0.0058,0.0174,OFICIAL
NACIONAL,BRASIL,2025-16,LACTEOS,NESQUIK,NESTLE,Y,24650.31,293271.91,0.08405275,0.08405275,302.100,4262.100,0.07088055,736,6,21,0.8566,0.0058,0.0174,OFICIAL
NACIONAL,BRASIL,2025-16,LACTEOS,BETA,FAB_BETA,N,22892.01,293271.91,0.07805729,0.07805729,370.200,4262.100,0.08685859,743,7,21,0.8566,0.0058,0.0174,OFICIAL
NACIONAL,BRASIL,2025-16,LACTEOS,NESCAFE,NESTLE,Y,22526.32,293271.91,0.07681036,0.07681036,191.800,4262.100,0.04500129,712,8,15,0.8566,0.0058,0.0174,OFICIAL
NACIONAL,BRASIL,2025-16,LACTEOS,GAROTO,NESTLE,Y,17789.56,293271.91,0.06065893,0.06065893,237.600,4262.100,0.05574717,571,9,14,0.8566,0.0058,0.0174,OFICIAL
NACIONAL,BRASIL,2025-16,LACTEOS,MOCA,NESTLE,Y,16679.18,293271.91,0.05687275,0.05687275,309.500,4262.100,0.07261679,550,10,20,0.8566,0.0058,0.0174,OFICIAL
NACIONAL,BRASIL,2025-16,LACTEOS,NOVA,FAB_NOVA,N,13565.97,293271.91,0.04625731,0.04625731,175.600,4262.100,0.04120035,401,11,17,0.8566,0.0058,0.0174,OFICIAL
NACIONAL,BRASIL,2025-16,LACTEOS,NINHO,NESTLE,Y,8077.36,293271.91,0.02754222,0.02754222,142.200,4262.100,0.03336383,434,12,15,0.8566,0.0058,0.0174,OFICIAL
NACIONAL,BRASIL,2025-16,LACTEOS,MAGGI,NESTLE,Y,4858.93,293271.91,0.016568,0.016568,98.900,4262.100,0.02320452,198,13,6,0.8566,0.0058,0.0174,OFICIAL
NACIONAL,BRASIL,2025-16,LACTEOS,KITKAT,NESTLE,Y,3789.80,293271.91,0.01292248,0.01292248,106.700,4262.100,0.02503461,139,14,5,0.8566,0.0058,0.0174,OFICIAL
NACIONAL,BRASIL,2025-16,NUTRICAO,NESCAFE,NESTLE,Y,47024.78,333571.59,0.14097358,0.14097358,2395.000,6561.700,0.36499688,2767,1,10,0.8566,0.0058,0.0302,OFICIAL
NACIONAL,BRASIL,2025-16,NUTRICAO,DELTA,FAB_DELTA,N,45268.44,333571.59,0.13570832,0.13570832,473.800,6561.700,0.0722069,1650,2,32,0.8566,0.0058,0.0302,OFICIAL
NACIONAL,BRASIL,2025-16,NUTRICAO,ALPHA,FAB_ALPHA,N,34747.84,333571.59,0.10416906,0.10416906,372.600,6561.700,0.05678407,1117,3,21,0.8566,0.0058,0.0302,OFICIAL
NACIONAL,BRASIL,2025-16,NUTRICAO,NESQUIK,NESTLE,Y,30454.17,333571.59,0.09129725,0.09129725,504.500,6561.700,0.07688556,1425,4,36,0.8566,0.0058,0.0302,OFICIAL
NACIONAL,BRASIL,2025-16,NUTRICAO,SOLAR,FAB_SOLAR,N,27742.34,333571.59,0.08316757,0.08316757,491.700,6561.700,0.07493485,897,5,28,0.8566,0.0058,0.0302,OFICIAL
NACIONAL,BRASIL,2025-16,NUTRICAO,BETA,FAB_BETA,N,21384.06,333571.59,0.06410636,0.06410636,312.400,6561.700,0.04760961,719,6,26,0.8566,0.0058,0.0302,OFICIAL
NACIONAL,BRASIL,2025-16,NUTRICAO,NOVA,FAB_NOVA,N,21044.54,333571.59,0.06308853,0.06308853,198.700,6561.700,0.03028179,733,7,20,0.8566,0.0058,0.0302,OFICIAL
NACIONAL,BRASIL,2025-16,NUTRICAO,NINHO,NESTLE,Y,20133.16,333571.59,0.06035634,0.06035634,407.000,6561.700,0.06202661,747,8,17,0.8566,0.0058,0.0302,OFICIAL
NACIONAL,BRASIL,2025-16,NUTRICAO,MOCA,NESTLE,Y,19580.96,333571.59,0.05870092,0.05870092,330.000,6561.700,0.05029185,633,9,17,0.8566,0.0058,0.0302,OFICIAL
NACIONAL,BRASIL,2025-16,NUTRICAO,PRIME,FAB_PRIME,N,18042.06,333571.59,0.05408752,0.05408752,189.600,6561.700,0.02889495,601,10,24,0.8566,0.0058,0.0302,OFICIAL
NACIONAL,BRASIL,2025-16,NUTRICAO,GAROTO,NESTLE,Y,17571.54,333571.59,0.05267697,0.05267697,197.800,6561.700,0.03014463,502,11,13,0.8566,0.0058,0.0302,OFICIAL
NACIONAL,BRASIL,2025-16,NUTRICAO,KITKAT,NESTLE,Y,14544.76,333571.59,0.04360311,0.04360311,445.800,6561.700,0.06793971,575,12,16,0.8566,0.0058,0.0302,OFICIAL
NACIONAL,BRASIL,2025-16,NUTRICAO,VIVA,FAB_VIVA,N,9067.10,333571.59,0.02718187,0.02718187,148.100,6561.700,0.02257037,342,13,16,0.8566,0.0058,0.0302,OFICIAL
NACIONAL,BRASIL,2025-16,NUTRICAO,MAGGI,NESTLE,Y,6965.84,333571.59,0.02088259,0.02088259,94.700,6561.700,0.01443224,199,14,7,0.8566,0.0058,0.0302,OFICIAL
NACIONAL,BRASIL,2025-17,BEBIDAS,SOLAR,FAB_SOLAR,N,27492.28,247632.28,0.11102058,0.11102058,450.600,4707.400,0.09572163,872,1,21,0.8229,0.0142,0.0593,OFICIAL
NACIONAL,BRASIL,2025-17,BEBIDAS,PRIME,FAB_PRIME,N,27256.93,247632.28,0.11007018,0.11007018,527.500,4707.400,0.11205761,1082,2,26,0.8229,0.0142,0.0593,OFICIAL
NACIONAL,BRASIL,2025-17,BEBIDAS,MOCA,NESTLE,Y,25972.01,247632.28,0.10488136,0.10488136,772.800,4707.400,0.16416706,1016,3,20,0.8229,0.0142,0.0593,OFICIAL
NACIONAL,BRASIL,2025-17,BEBIDAS,NINHO,NESTLE,Y,24731.45,247632.28,0.09987167,0.09987167,523.900,4707.400,0.11129286,1229,4,39,0.8229,0.0142,0.0593,OFICIAL
NACIONAL,BRASIL,2025-17,BEBIDAS,NOVA,FAB_NOVA,N,20808.05,247632.28,0.08402802,0.08402802,308.400,4707.400,0.06551387,690,5,19,0.8229,0.0142,0.0593,OFICIAL
NACIONAL,BRASIL,2025-17,BEBIDAS,ALPHA,FAB_ALPHA,N,20353.65,247632.28,0.08219304,0.08219304,267.500,4707.400,0.05682542,854,6,20,0.8229,0.0142,0.0593,OFICIAL
NACIONAL,BRASIL,2025-17,BEBIDAS,NESCAFE,NESTLE,Y,20023.53,247632.28,0.08085993,0.08085993,411.100,4707.400,0.08733059,1103,7,33,0.8229,0.0142,0.0593,OFICIAL
NACIONAL,BRASIL,2025-17,BEBIDAS,BETA,FAB_BETA,N,16440.29,247632.28,0.06638993,0.06638993,347.600,4707.400,0.07384119,560,8,14,0.8229,0.0142,0.0593,OFICIAL
NACIONAL,BRASIL,2025-17,BEBIDAS,VIVA,FAB_VIVA,N,15496.00,247632.28,0.06257666,0.06257666,223.900,4707.400,0.04756341,502,9,14,0.8229,0.0142,0.0593,OFICIAL
NACIONAL,BRASIL,2025-17,BEBIDAS,DELTA,FAB_DELTA,N,14839.00,247632.28,0.05992353,0.05992353,274.800,4707.400,0.05837617,510,10,16,0.8229,0.0142,0.0593,OFICIAL
NACIONAL,BRASIL,2025-17,BEBIDAS,GAROTO,NESTLE,Y,12672.05,247632.28,0.05117285,0.05117285,160.800,4707.400,0.03415898,396,11,14,0.8229,0.0142,0.0593,OFICIAL
NACIONAL,BRASIL,2025-17,BEBIDAS,NESQUIK,NESTLE,Y,8678.77,247632.28,0.03504701,0.03504701,233.400,4707.400,0.04958151,293,12,9,0.8229,0.0142,0.0593,OFICIAL
NACIONAL,BRASIL,2025-17,BEBIDAS,MAGGI,NESTLE,Y,6781.82,247632.28,0.02738666,0.02738666,129.800,4707.400,0.02757361,257,13,9,0.8229,0.0142,0.0593,OFICIAL
NACIONAL,BRASIL,2025-17,BEBIDAS,KITKAT,NESTLE,Y,6086.45,247632.28,0.02457858,0.02457858,75.300,4707.400,0.01599609,187,14,8,0.8229,0.0142,0.0593,OFICIAL
NACIONAL,BRASIL,2025-17,CHOCOLATES,VIVA,FAB_VIVA,N,46510.91,305243.72,0.15237303,0.15237303,659.300,5217.000,0.12637531,1367,1,31,0.8229,0.0142,0.0353,OFICIAL
NACIONAL,BRASIL,2025-17,CHOCOLATES,ALPHA,FAB_ALPHA,N,37381.44,305243.72,0.12246424,0.12246424,504.100,5217.000,0.09662641,1204,2,22,0.8229,0.0142,0.0353,OFICIAL
NACIONAL,BRASIL,2025-17,CHOCOLATES,DELTA,FAB_DELTA,N,34631.73,305243.72,0.113456,0.113456,480.400,5217.000,0.09208357,1202,3,25,0.8229,0.0142,0.0353,OFICIAL
NACIONAL,BRASIL,2025-17,CHOCOLATES,BETA,FAB_BETA,N,30566.46,305243.72,0.10013788,0.10013788,480.500,5217.000,0.09210274,1141,4,32,0.8229,0.0142,0.0353,OFICIAL
NACIONAL,BRASIL,2025-17,CHOCOLATES,NOVA,FAB_NOVA,N,26079.41,305243.72,0.08543799,0.08543799,763.600,5217.000,0.14636764,1177,5,29,0.8229,0.0142,0.0353,OFICIAL
NACIONAL,BRASIL,2025-17,CHOCOLATES,PRIME,FAB_PRIME,N,25984.65,305243.72,0.08512755,0.08512755,421.200,5217.000,0.08073606,961,6,25,0.8229,0.0142,0.0353,OFICIAL
NACIONAL,BRASIL,2025-17,CHOCOLATES,NINHO,NESTLE,Y,23311.63,305243.72,0.07637055,0.07637055,373.900,5217.000,0.07166954,1089,7,22,0.8229,0.0142,0.0353,OFICIAL
NACIONAL,BRASIL,2025-17,CHOCOLATES,MOCA,NESTLE,Y,14719.94,305243.72,0.04822356,0.04822356,182.000,5217.000,0.03488595,398,8,10,0.8229,0.0142,0.0353,OFICIAL
NACIONAL,BRASIL,2025-17,CHOCOLATES,NESCAFE,NESTLE,Y,13690.52,305243.72,0.04485111,0.04485111,320.900,5217.000,0.06151045,596,9,10,0.8229,0.0142,0.0353,OFICIAL
NACIONAL,BRASIL,2025-17,CHOCOLATES,MAGGI,NESTLE,Y,13309.48,305243.72,0.0436028,0.0436028,134.500,5217.000,0.0257811,346,10,15,0.8229,0.0142,0.0353,OFICIAL
NACIONAL,BRASIL,2025-17,CHOCOLATES,NESQUIK,NESTLE,Y,12238.17,305243.72,0.04009311,0.04009311,156.800,5217.000,0.03005559,381,11,10,0.8229,0.0142,0.0353,OFICIAL
NACIONAL,BRASIL,2025-17,CHOCOLATES,KITKAT,NESTLE,Y,11712.73,305243.72,0.03837173,0.03837173,477.300,5217.000,0.09148936,574,12,11,0.8229,0.0142,0.0353,OFICIAL
NACIONAL,BRASIL,2025-17,CHOCOLATES,SOLAR,FAB_SOLAR,N,9602.24,305243.72,0.03145762,0.03145762,201.200,5217.000,0.03856623,474,13,16,0.8229,0.0142,0.0353,OFICIAL
NACIONAL,BRASIL,2025-17,CHOCOLATES,GAROTO,NESTLE,Y,5504.41,305243.72,0.01803284,0.01803284,61.300,5217.000,0.01175005,156,14,8,0.8229,0.0142,0.0353,OFICIAL
NACIONAL,BRASIL,2025-17,CULINARIOS,BETA,FAB_BETA,N,56421.78,328629.82,0.17168795,0.17168795,564.200,4585.000,0.12305344,1666,1,27,0.8229,0.0142,0.0498,OFICIAL
NACIONAL,BRASIL,2025-17,CULINARIOS,VIVA,FAB_VIVA,N,51876.54,328629.82,0.15785707,0.15785707,734.800,4585.000,0.16026172,1736,2,36,0.8229,0.0142,0.0498,OFICIAL
NACIONAL,BRASIL,2025-17,CULINARIOS,NOVA,FAB_NOVA,N,46162.41,328629.82,0.14046933,0.14046933,575.000,4585.000,0.12540894,1610,3,24,0.8229,0.0142,0.0498,OFICIAL
NACIONAL,BRASIL,2025-17,CULINARIOS,PRIME,FAB_PRIME,N,35603.90,328629.82,0.10834044,0.10834044,543.100,4585.000,0.11845147,1222,4,27,0.8229,0.0142,0.0498,OFICIAL
NACIONAL,BRASIL,2025-17,CULINARIOS,ALPHA,FAB_ALPHA,N,22631.59,328629.82,0.06886651,0.06886651,368.500,4585.000,0.08037077,599,5,14,0.8229,0.0142,0.0498,OFICIAL
NACIONAL,BRASIL,2025-17,CULINARIOS,SOLAR,FAB_SOLAR,N,20732.10,328629.82,0.06308648,0.06308648,422.000,4585.000,0.09203926,827,6,15,0.8229,0.0142,0.0498,OFICIAL
NACIONAL,BRASIL,2025-17,CULINARIOS,NINHO,NESTLE,Y,16910.71,328629.82,0.05145823,0.05145823,185.300,4585.000,0.04041439,679,7,21,0.8229,0.0142,0.0498,OFICIAL
NACIONAL,BRASIL,2025-17,CULINARIOS,DELTA,FAB_DELTA,N,14968.32,328629.82,0.04554766,0.04554766,171.300,4585.000,0.03736096,484,8,17,0.8229,0.0142,0.0498,OFICIAL
NACIONAL,BRASIL,2025-17,CULINARIOS,MOCA,NESTLE,Y,13227.93,328629.82,0.04025176,0.04025176,316.300,4585.000,0.06898582,577,9,19,0.8229,0.0142,0.0498,OFICIAL
NACIONAL,BRASIL,2025-17,CULINARIOS,MAGGI,NESTLE,Y,12907.00,328629.82,0.03927519,0.03927519,264.200,4585.000,0.05762268,398,10,13,0.8229,0.0142,0.0498,OFICIAL
NACIONAL,BRASIL,2025-17,CULINARIOS,KITKAT,NESTLE,Y,11343.84,328629.82,0.0345186,0.0345186,135.100,4585.000,0.02946565,364,11,11,0.8229,0.0142,0.0498,OFICIAL
NACIONAL,BRASIL,2025-17,CULINARIOS,GAROTO,NESTLE,Y,9997.00,328629.82,0.03042025,0.03042025,73.300,4585.000,0.01598691,330,12,9,0.8229,0.0142,0.0498,OFICIAL
NACIONAL,BRASIL,2025-17,CULINARIOS,NESCAFE,NESTLE,Y,8377.01,328629.82,0.02549072,0.02549072,174.200,4585.000,0.03799346,292,13,8,0.8229,0.0142,0.0498,OFICIAL
NACIONAL,BRASIL,2025-17,CULINARIOS,NESQUIK,NESTLE,Y,7469.69,328629.82,0.0227298,0.0227298,57.700,4585.000,0.01258451,168,14,6,0.8229,0.0142,0.0498,OFICIAL
NACIONAL,BRASIL,2025-17,LACTEOS,DELTA,FAB_DELTA,N,60587.65,319057.40,0.18989577,0.18989577,821.700,5173.900,0.15881637,1841,1,37,0.8229,0.0142,0.0376,OFICIAL
NACIONAL,BRASIL,2025-17,LACTEOS,VIVA,FAB_VIVA,N,43465.00,319057.40,0.13622941,0.13622941,708.800,5173.900,0.1369953,1276,2,30,0.8229,0.0142,0.0376,OFICIAL
NACIONAL,BRASIL,2025-17,LACTEOS,ALPHA,FAB_ALPHA,N,30923.49,319057.40,0.0969214,0.0969214,374.900,5173.900,0.07245985,885,3,27,0.8229,0.0142,0.0376,OFICIAL
NACIONAL,BRASIL,2025-17,LACTEOS,BETA,FAB_BETA,N,30405.52,319057.40,0.09529796,0.09529796,742.000,5173.900,0.14341213,1522,4,22,0.8229,0.0142,0.0376,OFICIAL
NACIONAL,BRASIL,2025-17,LACTEOS,NOVA,FAB_NOVA,N,23885.09,319057.40,0.07486142,0.07486142,355.100,5173.900,0.06863295,804,5,27,0.8229,0.0142,0.0376,OFICIAL
NACIONAL,BRASIL,2025-17,LACTEOS,PRIME,FAB_PRIME,N,22520.30,319057.40,0.07058385,0.07058385,451.400,5173.900,0.0872456,668,6,21,0.8229,0.0142,0.0376,OFICIAL
NACIONAL,BRASIL,2025-17,LACTEOS,SOLAR,FAB_SOLAR,N,19729.62,319057.40,0.06183721,0.06183721,420.500,5173.900,0.08127331,983,7,30,0.8229,0.0142,0.0376,OFICIAL
NACIONAL,BRASIL,2025-17,LACTEOS,MOCA,NESTLE,Y,17981.05,319057.40,0.05635679,0.05635679,291.000,5173.900,0.05624384,659,8,20,0.8229,0.0142,0.0376,OFICIAL
NACIONAL,BRASIL,2025-17,LACTEOS,GAROTO,NESTLE,Y,14703.91,319057.40,0.04608547,0.04608547,290.100,5173.900,0.05606989,697,9,18,0.8229,0.0142,0.0376,OFICIAL
NACIONAL,BRASIL,2025-17,LACTEOS,KITKAT,NESTLE,Y,13998.42,319057.40,0.0438743,0.0438743,308.600,5173.900,0.05964553,553,10,12,0.8229,0.0142,0.0376,OFICIAL
NACIONAL,BRASIL,2025-17,LACTEOS,NESQUIK,NESTLE,Y,13887.78,319057.40,0.04352753,0.04352753,147.100,5173.900,0.02843116,343,11,11,0.8229,0.0142,0.0376,OFICIAL
NACIONAL,BRASIL,2025-17,LACTEOS,MAGGI,NESTLE,Y,9989.08,319057.40,0.0313081,0.0313081,58.700,5173.900,0.01134541,287,12,8,0.8229,0.0142,0.0376,OFICIAL
NACIONAL,BRASIL,2025-17,LACTEOS,NINHO,NESTLE,Y,9230.39,319057.40,0.02893019,0.02893019,136.100,5173.900,0.02630511,374,13,12,0.8229,0.0142,0.0376,OFICIAL
NACIONAL,BRASIL,2025-17,LACTEOS,NESCAFE,NESTLE,Y,7750.10,319057.40,0.02429061,0.02429061,67.900,5173.900,0.01312356,326,14,9,0.8229,0.0142,0.0376,OFICIAL
NACIONAL,BRASIL,2025-17,NUTRICAO,DELTA,FAB_DELTA,N,37691.84,248853.03,0.15146225,0.15146225,785.600,4174.500,0.1881902,1439,1,27,0.8229,0.0142,0.0406,OFICIAL
NACIONAL,BRASIL,2025-17,NUTRICAO,SOLAR,FAB_SOLAR,N,36187.81,248853.03,0.1454184,0.1454184,412.200,4174.500,0.09874236,1090,2,20,0.8229,0.0142,0.0406,OFICIAL
NACIONAL,BRASIL,2025-17,NUTRICAO,ALPHA,FAB_ALPHA,N,29430.83,248853.03,0.11826591,0.11826591,581.800,4174.500,0.13936998,1173,3,23,0.8229,0.0142,0.0406,OFICIAL
NACIONAL,BRASIL,2025-17,NUTRICAO,NESQUIK,NESTLE,Y,27594.42,248853.03,0.11088641,0.11088641,582.000,4174.500,0.13941789,1626,4,42,0.8229,0.0142,0.0406,OFICIAL
NACIONAL,BRASIL,2025-17,NUTRICAO,NOVA,FAB_NOVA,N,24098.97,248853.03,0.09684017,0.09684017,250.200,4174.500,0.05993532,766,5,24,0.8229,0.0142,0.0406,OFICIAL
NACIONAL,BRASIL,2025-17,NUTRICAO,MOCA,NESTLE,Y,19829.04,248853.03,0.07968173,0.07968173,260.500,4174.500,0.06240268,609,6,14,0.8229,0.0142,0.0406,OFICIAL
NACIONAL,BRASIL,2025-17,NUTRICAO,BETA,FAB_BETA,N,16143.08,248853.03,0.06486994,0.06486994,292.100,4174.500,0.06997245,688,7,27,0.8229,0.0142,0.0406,OFICIAL
NACIONAL,BRASIL,2025-17,NUTRICAO,NINHO,NESTLE,Y,14058.65,248853.03,0.05649379,0.05649379,277.100,4174.500,0.06637921,596,8,17,0.8229,0.0142,0.0406,OFICIAL
NACIONAL,BRASIL,2025-17,NUTRICAO,PRIME,FAB_PRIME,N,12533.02,248853.03,0.05036314,0.05036314,229.000,4174.500,0.05485687,524,9,20,0.8229,0.0142,0.0406,OFICIAL
NACIONAL,BRASIL,2025-17,NUTRICAO,VIVA,FAB_VIVA,N,8314.34,248853.03,0.03341064,0.03341064,142.000,4174.500,0.03401605,341,10,11,0.8229,0.0142,0.0406,OFICIAL
NACIONAL,BRASIL,2025-17,NUTRICAO,KITKAT,NESTLE,Y,7131.27,248853.03,0.02865655,0.02865655,105.100,4174.500,0.02517667,246,11,9,0.8229,0.0142,0.0406,OFICIAL
NACIONAL,BRASIL,2025-17,NUTRICAO,NESCAFE,NESTLE,Y,6140.84,248853.03,0.02467657,0.02467657,91.500,4174.500,0.02191879,251,12,7,0.8229,0.0142,0.0406,OFICIAL
NACIONAL,BRASIL,2025-17,NUTRICAO,MAGGI,NESTLE,Y,5072.98,248853.03,0.02038545,0.02038545,28.400,4174.500,0.00680321,129,13,5,0.8229,0.0142,0.0406,OFICIAL
NACIONAL,BRASIL,2025-17,NUTRICAO,GAROTO,NESTLE,Y,4625.94,248853.03,0.01858904,0.01858904,137.000,4174.500,0.0328183,172,14,5,0.8229,0.0142,0.0406,OFICIAL
NACIONAL,BRASIL,2025-18,BEBIDAS,NESQUIK,NESTLE,Y,26673.35,235022.57,0.11349272,0.11349272,453.400,3770.900,0.12023655,771,1,14,0.8709,0.0116,0.0534,OFICIAL
NACIONAL,BRASIL,2025-18,BEBIDAS,NOVA,FAB_NOVA,N,25612.72,235022.57,0.10897983,0.10897983,248.800,3770.900,0.06597894,673,2,17,0.8709,0.0116,0.0534,OFICIAL
NACIONAL,BRASIL,2025-18,BEBIDAS,NINHO,NESTLE,Y,23922.48,235022.57,0.10178801,0.10178801,426.600,3770.900,0.11312949,1313,3,43,0.8709,0.0116,0.0534,OFICIAL
NACIONAL,BRASIL,2025-18,BEBIDAS,NESCAFE,NESTLE,Y,21327.25,235022.57,0.09074554,0.09074554,470.800,3770.900,0.12485083,1079,4,31,0.8709,0.0116,0.0534,OFICIAL
NACIONAL,BRASIL,2025-18,BEBIDAS,ALPHA,FAB_ALPHA,N,20262.53,235022.57,0.08621525,0.08621525,312.000,3770.900,0.08273887,664,5,20,0.8709,0.0116,0.0534,OFICIAL
NACIONAL,BRASIL,2025-18,BEBIDAS,SOLAR,FAB_SOLAR,N,19377.68,235022.57,0.08245029,0.08245029,287.400,3770.900,0.07621523,956,6,21,0.8709,0.0116,0.0534,OFICIAL
NACIONAL,BRASIL,2025-18,BEBIDAS,PRIME,FAB_PRIME,N,18514.84,235022.57,0.07877899,0.07877899,227.900,3770.900,0.0604365,714,7,14,0.8709,0.0116,0.0534,OFICIAL
NACIONAL,BRASIL,2025-18,BEBIDAS,MAGGI,NESTLE,Y,16568.37,235022.57,0.07049693,0.07049693,272.800,3770.900,0.07234347,649,8,16,0.8709,0.0116,0.0534,OFICIAL
NACIONAL,BRASIL,2025-18,BEBIDAS,GAROTO,NESTLE,Y,14153.57,235022.57,0.06022217,0.06022217,192.000,3770.900,0.05091623,583,9,18,0.8709,0.0116,0.0534,OFICIAL
NACIONAL,BRASIL,2025-18,BEBIDAS,VIVA,FAB_VIVA,N,13004.56,235022.57,0.05533324,0.05533324,151.000,3770.900,0.04004349,460,10,18,0.8709,0.0116,0.0534,OFICIAL
NACIONAL,BRASIL,2025-18,BEBIDAS,MOCA,NESTLE,Y,10178.13,235022.57,0.04330703,0.04330703,223.500,3770.900,0.05926967,440,11,13,0.8709,0.0116,0.0534,OFICIAL
NACIONAL,BRASIL,2025-18,BEBIDAS,KITKAT,NESTLE,Y,9984.38,235022.57,0.04248264,0.04248264,114.300,3770.900,0.03031107,311,12,9,0.8709,0.0116,0.0534,OFICIAL
NACIONAL,BRASIL,2025-18,BEBIDAS,BETA,FAB_BETA,N,8299.95,235022.57,0.03531554,0.03531554,205.800,3770.900,0.05457583,407,13,15,0.8709,0.0116,0.0534,OFICIAL
NACIONAL,BRASIL,2025-18,BEBIDAS,DELTA,FAB_DELTA,N,7142.76,235022.57,0.0303918,0.0303918,184.600,3770.900,0.04895383,333,14,15,0.8709,0.0116,0.0534,OFICIAL
NACIONAL,BRASIL,2025-18,CHOCOLATES,VIVA,FAB_VIVA,N,77955.09,342217.07,0.22779428,0.22779428,1460.900,5364.300,0.27233749,2173,1,35,0.8709,0.0116,0.0558,OFICIAL
NACIONAL,BRASIL,2025-18,CHOCOLATES,NESQUIK,NESTLE,Y,44950.75,342217.07,0.13135157,0.13135157,623.600,5364.300,0.11625002,1230,2,18,0.8709,0.0116,0.0558,OFICIAL
NACIONAL,BRASIL,2025-18,CHOCOLATES,MAGGI,NESTLE,Y,38670.77,342217.07,0.1130007,0.1130007,251.800,5364.300,0.04693995,1012,3,12,0.8709,0.0116,0.0558,OFICIAL
NACIONAL,BRASIL,2025-18,CHOCOLATES,NOVA,FAB_NOVA,N,26843.38,342217.07,0.07843963,0.07843963,307.700,5364.300,0.0573607,749,4,23,0.8709,0.0116,0.0558,OFICIAL
NACIONAL,BRASIL,2025-18,CHOCOLATES,PRIME,FAB_PRIME,N,24392.02,342217.07,0.07127646,0.07127646,391.000,5364.300,0.07288929,887,5,24,0.8709,0.0116,0.0558,OFICIAL
NACIONAL,BRASIL,2025-18,CHOCOLATES,NESCAFE,NESTLE,Y,23423.80,342217.07,0.0684472,0.0684472,322.400,5364.300,0.06010104,806,6,18,0.8709,0.0116,0.0558,OFICIAL
NACIONAL,BRASIL,2025-18,CHOCOLATES,SOLAR,FAB_SOLAR,N,17526.73,342217.07,0.05121524,0.05121524,676.300,5364.300,0.12607423,1008,7,17,0.8709,0.0116,0.0558,OFICIAL
NACIONAL,BRASIL,2025-18,CHOCOLATES,DELTA,FAB_DELTA,N,16125.04,342217.07,0.04711933,0.04711933,138.900,5364.300,0.02589341,438,8,14,0.8709,0.0116,0.0558,OFICIAL
NACIONAL,BRASIL,2025-18,CHOCOLATES,KITKAT,NESTLE,Y,14982.02,342217.07,0.04377929,0.04377929,201.600,5364.300,0.03758179,475,9,14,0.8709,0.0116,0.0558,OFICIAL
NACIONAL,BRASIL,2025-18,CHOCOLATES,NINHO,NESTLE,Y,14950.69,342217.07,0.04368774,0.04368774,244.300,5364.300,0.04554182,679,10,18,0.8709,0.0116,0.0558,OFICIAL
NACIONAL,BRASIL,2025-18,CHOCOLATES,ALPHA,FAB_ALPHA,N,13962.05,342217.07,0.04079881,0.04079881,197.200,5364.300,0.03676155,494,11,16,0.8709,0.0116,0.0558,OFICIAL
NACIONAL,BRASIL,2025-18,CHOCOLATES,BETA,FAB_BETA,N,13504.94,342217.07,0.03946308,0.03946308,305.100,5364.300,0.05687601,593,12,19,0.8709,0.0116,0.0558,OFICIAL
NACIONAL,BRASIL,2025-18,CHOCOLATES,MOCA,NESTLE,Y,8036.19,342217.07,0.02348273,0.02348273,143.600,5364.300,0.02676957,420,13,13,0.8709,0.0116,0.0558,OFICIAL
NACIONAL,BRASIL,2025-18,CHOCOLATES,GAROTO,NESTLE,Y,6893.60,342217.07,0.02014394,0.02014394,99.900,5364.300,0.01862312,202,14,6,0.8709,0.0116,0.0558,OFICIAL
NACIONAL,BRASIL,2025-18,CULINARIOS,VIVA,FAB_VIVA,N,46935.20,318573.12,0.14732944,0.14732944,840.600,5375.900,0.15636452,1615,1,38,0.8709,0.0116,0.062,OFICIAL
NACIONAL,BRASIL,2025-18,CULINARIOS,NOVA,FAB_NOVA,N,45095.00,318573.12,0.14155306,0.14155306,782.500,5375.900,0.14555702,1656,2,44,0.8709,0.0116,0.062,OFICIAL
NACIONAL,BRASIL,2025-18,CULINARIOS,DELTA,FAB_DELTA,N,30940.43,318573.12,0.09712191,0.09712191,396.600,5375.900,0.07377369,1033,3,22,0.8709,0.0116,0.062,OFICIAL
NACIONAL,BRASIL,2025-18,CULINARIOS,KITKAT,NESTLE,Y,26783.39,318573.12,0.08407298,0.08407298,346.100,5375.900,0.06437992,906,4,24,0.8709,0.0116,0.062,OFICIAL
NACIONAL,BRASIL,2025-18,CULINARIOS,BETA,FAB_BETA,N,25318.08,318573.12,0.07947337,0.07947337,406.700,5375.900,0.07565245,817,5,23,0.8709,0.0116,0.062,OFICIAL
NACIONAL,BRASIL,2025-18,CULINARIOS,ALPHA,FAB_ALPHA,N,24332.90,318573.12,0.07638089,0.07638089,184.100,5375.900,0.03424543,708,6,19,0.8709,0.0116,0.062,OFICIAL
NACIONAL,BRASIL,2025-18,CULINARIOS,PRIME,FAB_PRIME,N,24239.07,318573.12,0.07608636,0.07608636,474.900,5375.900,0.0883387,826,7,25,0.8709,0.0116,0.062,OFICIAL
NACIONAL,BRASIL,2025-18,CULINARIOS,NESQUIK,NESTLE,Y,21579.60,318573.12,0.0677383,0.0677383,603.100,5375.900,0.11218587,866,8,11,0.8709,0.0116,0.062,OFICIAL
NACIONAL,BRASIL,2025-18,CULINARIOS,MOCA,NESTLE,Y,15679.04,318573.12,0.04921646,0.04921646,319.900,5375.900,0.05950632,511,9,9,0.8709,0.0116,0.062,OFICIAL
NACIONAL,BRASIL,2025-18,CULINARIOS,NESCAFE,NESTLE,Y,13738.04,318573.12,0.04312366,0.04312366,139.200,5375.900,0.02589334,480,10,9,0.8709,0.0116,0.062,OFICIAL
NACIONAL,BRASIL,2025-18,CULINARIOS,MAGGI,NESTLE,Y,13510.87,318573.12,0.04241058,0.04241058,280.100,5375.900,0.0521029,395,11,19,0.8709,0.0116,0.062,OFICIAL
NACIONAL,BRASIL,2025-18,CULINARIOS,NINHO,NESTLE,Y,11769.53,318573.12,0.03694452,0.03694452,418.200,5375.900,0.07779163,715,12,17,0.8709,0.0116,0.062,OFICIAL
NACIONAL,BRASIL,2025-18,CULINARIOS,SOLAR,FAB_SOLAR,N,10666.49,318573.12,0.03348208,0.03348208,114.900,5375.900,0.02137317,333,13,17,0.8709,0.0116,0.062,OFICIAL
NACIONAL,BRASIL,2025-18,CULINARIOS,GAROTO,NESTLE,Y,7985.48,318573.12,0.0250664,0.0250664,69.000,5375.900,0.01283506,244,14,10,0.8709,0.0116,0.062,OFICIAL
NACIONAL,BRASIL,2025-18,LACTEOS,SOLAR,FAB_SOLAR,N,55981.81,329303.98,0.17000041,0.17000041,733.800,4341.400,0.16902382,1896,1,36,0.8709,0.0116,0.0666,OFICIAL
NACIONAL,BRASIL,2025-18,LACTEOS,VIVA,FAB_VIVA,N,44424.08,329303.98,0.13490296,0.13490296,371.700,4341.400,0.08561754,1406,2,40,0.8709,0.0116,0.0666,OFICIAL
NACIONAL,BRASIL,2025-18,LACTEOS,DELTA,FAB_DELTA,N,36150.11,329303.98,0.10977732,0.10977732,514.900,4341.400,0.11860229,1178,3,24,0.8709,0.0116,0.0666,OFICIAL
NACIONAL,BRASIL,2025-18,LACTEOS,KITKAT,NESTLE,Y,28087.84,329303.98,0.08529457,0.08529457,207.500,4341.400,0.04779564,914,4,15,0.8709,0.0116,0.0666,OFICIAL
NACIONAL,BRASIL,2025-18,LACTEOS,NESQUIK,NESTLE,Y,26533.22,329303.98,0.08057364,0.08057364,415.800,4341.400,0.09577556,958,5,16,0.8709,0.0116,0.0666,OFICIAL
NACIONAL,BRASIL,2025-18,LACTEOS,ALPHA,FAB_ALPHA,N,21092.63,329303.98,0.06405216,0.06405216,356.200,4341.400,0.08204727,760,6,31,0.8709,0.0116,0.0666,OFICIAL
NACIONAL,BRASIL,2025-18,LACTEOS,GAROTO,NESTLE,Y,20503.31,329303.98,0.06226256,0.06226256,359.200,4341.400,0.08273829,729,7,8,0.8709,0.0116,0.0666,OFICIAL
NACIONAL,BRASIL,2025-18,LACTEOS,PRIME,FAB_PRIME,N,17861.99,329303.98,0.05424165,0.05424165,232.800,4341.400,0.05362326,745,8,16,0.8709,0.0116,0.0666,OFICIAL
NACIONAL,BRASIL,2025-18,LACTEOS,NESCAFE,NESTLE,Y,17200.64,329303.98,0.05223332,0.05223332,175.800,4341.400,0.04049385,569,9,19,0.8709,0.0116,0.0666,OFICIAL
NACIONAL,BRASIL,2025-18,LACTEOS,BETA,FAB_BETA,N,17135.21,329303.98,0.05203463,0.05203463,165.300,4341.400,0.03807528,552,10,23,0.8709,0.0116,0.0666,OFICIAL
NACIONAL,BRASIL,2025-18,LACTEOS,MOCA,NESTLE,Y,15966.45,329303.98,0.04848545,0.04848545,189.700,4341.400,0.04369558,424,11,15,0.8709,0.0116,0.0666,OFICIAL
NACIONAL,BRASIL,2025-18,LACTEOS,NINHO,NESTLE,Y,14573.13,329303.98,0.04425434,0.04425434,348.000,4341.400,0.08015847,548,12,14,0.8709,0.0116,0.0666,OFICIAL
NACIONAL,BRASIL,2025-18,LACTEOS,NOVA,FAB_NOVA,N,7785.95,329303.98,0.02364366,0.02364366,234.500,4341.400,0.05401483,412,13,10,0.8709,0.0116,0.0666,OFICIAL
NACIONAL,BRASIL,2025-18,LACTEOS,MAGGI,NESTLE,Y,6007.61,329303.98,0.01824336,0.01824336,36.200,4341.400,0.00833832,147,14,8,0.8709,0.0116,0.0666,OFICIAL
NACIONAL,BRASIL,2025-18,NUTRICAO,BETA,FAB_BETA,N,39836.84,287268.20,0.13867473,0.13867473,853.400,5310.300,0.16070655,1619,1,34,0.8709,0.0116,0.0511,OFICIAL
NACIONAL,BRASIL,2025-18,NUTRICAO,ALPHA,FAB_ALPHA,N,32105.00,287268.20,0.11175967,0.11175967,578.400,5310.300,0.1089204,1094,2,28,0.8709,0.0116,0.0511,OFICIAL
NACIONAL,BRASIL,2025-18,NUTRICAO,PRIME,FAB_PRIME,N,30611.92,287268.20,0.10656216,0.10656216,769.200,5310.300,0.14485057,1097,3,23,0.8709,0.0116,0.0511,OFICIAL
NACIONAL,BRASIL,2025-18,NUTRICAO,NOVA,FAB_NOVA,N,30333.80,287268.20,0.10559401,0.10559401,371.500,5310.300,0.06995838,871,4,21,0.8709,0.0116,0.0511,OFICIAL
NACIONAL,BRASIL,2025-18,NUTRICAO,SOLAR,FAB_SOLAR,N,30304.86,287268.20,0.10549326,0.10549326,531.000,5310.300,0.09999435,910,5,25,0.8709,0.0116,0.0511,OFICIAL
NACIONAL,BRASIL,2025-18,NUTRICAO,NINHO,NESTLE,Y,21453.92,287268.20,0.07468254,0.07468254,310.100,5310.300,0.05839595,626,6,15,0.8709,0.0116,0.0511,OFICIAL
NACIONAL,BRASIL,2025-18,NUTRICAO,MOCA,NESTLE,Y,20099.79,287268.20,0.06996873,0.06996873,333.100,5310.300,0.06272715,637,7,14,0.8709,0.0116,0.0511,OFICIAL
NACIONAL,BRASIL,2025-18,NUTRICAO,DELTA,FAB_DELTA,N,16130.75,287268.20,0.05615223,0.05615223,304.000,5310.300,0.05724724,760,8,31,0.8709,0.0116,0.0511,OFICIAL
NACIONAL,BRASIL,2025-18,NUTRICAO,NESQUIK,NESTLE,Y,13983.78,287268.20,0.04867848,0.04867848,540.400,5310.300,0.1017645,1048,9,38,0.8709,0.0116,0.0511,OFICIAL
NACIONAL,BRASIL,2025-18,NUTRICAO,KITKAT,NESTLE,Y,13476.36,287268.20,0.04691212,0.04691212,195.700,5310.300,0.03685291,354,10,11,0.8709,0.0116,0.0511,OFICIAL
NACIONAL,BRASIL,2025-18,NUTRICAO,GAROTO,NESTLE,Y,13276.56,287268.20,0.0462166,0.0462166,266.200,5310.300,0.05012899,371,11,15,0.8709,0.0116,0.0511,OFICIAL
NACIONAL,BRASIL,2025-18,NUTRICAO,MAGGI,NESTLE,Y,12480.67,287268.20,0.04344605,0.04344605,60.700,5310.300,0.01143062,436,12,10,0.8709,0.0116,0.0511,OFICIAL
NACIONAL,BRASIL,2025-18,NUTRICAO,VIVA,FAB_VIVA,N,10030.98,287268.20,0.03491852,0.03491852,140.700,5310.300,0.02649568,374,13,12,0.8709,0.0116,0.0511,OFICIAL
NACIONAL,BRASIL,2025-18,NUTRICAO,NESCAFE,NESTLE,Y,3142.97,287268.20,0.01094089,0.01094089,55.900,5310.300,0.01052671,162,14,7,0.8709,0.0116,0.0511,OFICIAL
NACIONAL,BRASIL,2025-19,BEBIDAS,SOLAR,FAB_SOLAR,N,45165.17,359491.71,0.12563619,0.12563619,766.800,5620.500,0.13642914,1428,1,34,0.8202,0.013,0.0776,OFICIAL
NACIONAL,BRASIL,2025-19,BEBIDAS,ALPHA,FAB_ALPHA,N,42810.84,359491.71,0.11908714,0.11908714,540.600,5620.500,0.09618361,1527,2,29,0.8202,0.013,0.0776,OFICIAL
NACIONAL,BRASIL,2025-19,BEBIDAS,VIVA,FAB_VIVA,N,36069.08,359491.71,0.10033355,0.10033355,596.300,5620.500,0.10609376,1036,3,23,0.8202,0.013,0.0776,OFICIAL
NACIONAL,BRASIL,2025-19,BEBIDAS,NINHO,NESTLE,Y,33006.02,359491.71,0.09181302,0.09181302,691.200,5620.500,0.12297838,1418,4,45,0.8202,0.013,0.0776,OFICIAL
NACIONAL,BRASIL,2025-19,BEBIDAS,GAROTO,NESTLE,Y,27643.13,359491.71,0.07689504,0.07689504,324.200,5620.500,0.0576817,843,5,17,0.8202,0.013,0.0776,OFICIAL
NACIONAL,BRASIL,2025-19,BEBIDAS,NESCAFE,NESTLE,Y,27506.87,359491.71,0.07651601,0.07651601,357.900,5620.500,0.06367761,1150,6,35,0.8202,0.013,0.0776,OFICIAL
NACIONAL,BRASIL,2025-19,BEBIDAS,PRIME,FAB_PRIME,N,27466.42,359491.71,0.07640349,0.07640349,315.200,5620.500,0.05608042,817,7,32,0.8202,0.013,0.0776,OFICIAL
NACIONAL,BRASIL,2025-19,BEBIDAS,BETA,FAB_BETA,N,24061.50,359491.71,0.066932,0.066932,269.400,5620.500,0.04793168,819,8,23,0.8202,0.013,0.0776,OFICIAL
NACIONAL,BRASIL,2025-19,BEBIDAS,DELTA,FAB_DELTA,N,19627.00,359491.71,0.05459653,0.05459653,340.500,5620.500,0.0605818,704,9,19,0.8202,0.013,0.0776,OFICIAL
NACIONAL,BRASIL,2025-19,BEBIDAS,MOCA,NESTLE,Y,19114.75,359491.71,0.0531716,0.0531716,464.700,5620.500,0.08267948,689,10,16,0.8202,0.013,0.0776,OFICIAL
NACIONAL,BRASIL,2025-19,BEBIDAS,KITKAT,NESTLE,Y,18819.48,359491.71,0.05235025,0.05235025,301.500,5620.500,0.05364291,500,11,11,0.8202,0.013,0.0776,OFICIAL
NACIONAL,BRASIL,2025-19,BEBIDAS,NESQUIK,NESTLE,Y,17090.30,359491.71,0.04754018,0.04754018,287.700,5620.500,0.05118762,605,12,19,0.8202,0.013,0.0776,OFICIAL
NACIONAL,BRASIL,2025-19,BEBIDAS,NOVA,FAB_NOVA,N,13325.63,359491.71,0.03706798,0.03706798,228.200,5620.500,0.04060137,715,13,15,0.8202,0.013,0.0776,OFICIAL
NACIONAL,BRASIL,2025-19,BEBIDAS,MAGGI,NESTLE,Y,7785.52,359491.71,0.02165702,0.02165702,136.300,5620.500,0.02425051,211,14,7,0.8202,0.013,0.0776,OFICIAL
NACIONAL,BRASIL,2025-19,CHOCOLATES,NOVA,FAB_NOVA,N,42602.28,298910.19,0.14252535,0.14252535,1086.500,4764.900,0.22802157,1385,1,26,0.8202,0.013,0.0239,OFICIAL
NACIONAL,BRASIL,2025-19,CHOCOLATES,VIVA,FAB_VIVA,N,39682.38,298910.19,0.13275687,0.13275687,537.200,4764.900,0.11274109,1260,2,31,0.8202,0.013,0.0239,OFICIAL
NACIONAL,BRASIL,2025-19,CHOCOLATES,SOLAR,FAB_SOLAR,N,37074.29,298910.19,0.12403154,0.12403154,438.900,4764.900,0.09211106,1159,3,27,0.8202,0.013,0.0239,OFICIAL
NACIONAL,BRASIL,2025-19,CHOCOLATES,BETA,FAB_BETA,N,31271.11,298910.19,0.10461708,0.10461708,502.200,4764.900,0.10539571,970,4,21,0.8202,0.013,0.0239,OFICIAL
NACIONAL,BRASIL,2025-19,CHOCOLATES,ALPHA,FAB_ALPHA,N,25601.42,298910.19,0.0856492,0.0856492,402.500,4764.900,0.08447187,1034,5,25,0.8202,0.013,0.0239,OFICIAL
NACIONAL,BRASIL,2025-19,CHOCOLATES,DELTA,FAB_DELTA,N,23420.26,298910.19,0.07835216,0.07835216,278.800,4764.900,0.0585112,808,6,23,0.8202,0.013,0.0239,OFICIAL
NACIONAL,BRASIL,2025-19,CHOCOLATES,NESQUIK,NESTLE,Y,21768.37,298910.19,0.07282579,0.07282579,408.700,4764.900,0.08577305,872,7,17,0.8202,0.013,0.0239,OFICIAL
NACIONAL,BRASIL,2025-19,CHOCOLATES,NINHO,NESTLE,Y,16163.31,298910.19,0.05407414,0.05407414,229.900,4764.900,0.04824865,523,8,12,0.8202,0.013,0.0239,OFICIAL
NACIONAL,BRASIL,2025-19,CHOCOLATES,PRIME,FAB_PRIME,N,15726.23,298910.19,0.05261189,0.05261189,266.300,4764.900,0.05588785,650,9,24,0.8202,0.013,0.0239,OFICIAL
NACIONAL,BRASIL,2025-19,CHOCOLATES,MAGGI,NESTLE,Y,11296.00,298910.19,0.03779062,0.03779062,134.100,4764.900,0.0281433,468,10,15,0.8202,0.013,0.0239,OFICIAL
NACIONAL,BRASIL,2025-19,CHOCOLATES,KITKAT,NESTLE,Y,11162.78,298910.19,0.03734493,0.03734493,199.100,4764.900,0.04178472,500,11,14,0.8202,0.013,0.0239,OFICIAL
NACIONAL,BRASIL,2025-19,CHOCOLATES,MOCA,NESTLE,Y,9058.78,298910.19,0.03030603,0.03030603,127.200,4764.900,0.02669521,457,12,13,0.8202,0.013,0.0239,OFICIAL
NACIONAL,BRASIL,2025-19,CHOCOLATES,NESCAFE,NESTLE,Y,9014.99,298910.19,0.03015953,0.03015953,126.700,4764.900,0.02659027,344,13,14,0.8202,0.013,0.0239,OFICIAL
NACIONAL,BRASIL,2025-19,CHOCOLATES,GAROTO,NESTLE,Y,5067.99,298910.19,0.01695489,0.01695489,26.800,4764.900,0.00562446,117,14,6,0.8202,0.013,0.0239,OFICIAL
NACIONAL,BRASIL,2025-19,CULINARIOS,MAGGI,NESTLE,Y,46121.38,284771.59,0.1619592,0.1619592,701.600,4661.000,0.15052564,1187,1,15,0.8202,0.013,0.0194,OFICIAL
NACIONAL,BRASIL,2025-19,CULINARIOS,VIVA,FAB_VIVA,N,44869.86,284771.59,0.15756438,0.15756438,566.800,4661.000,0.12160481,1487,2,37,0.8202,0.013,0.0194,OFICIAL
NACIONAL,BRASIL,2025-19,CULINARIOS,NOVA,FAB_NOVA,N,35861.38,284771.59,0.12593033,0.12593033,656.000,4661.000,0.14074233,1356,3,38,0.8202,0.013,0.0194,OFICIAL
NACIONAL,BRASIL,2025-19,CULINARIOS,NESQUIK,NESTLE,Y,32473.13,284771.59,0.1140322,0.1140322,837.600,4661.000,0.17970393,1049,4,12,0.8202,0.013,0.0194,OFICIAL
NACIONAL,BRASIL,2025-19,CULINARIOS,SOLAR,FAB_SOLAR,N,17931.00,284771.59,0.06296625,0.06296625,275.200,4661.000,0.05904312,580,5,18,0.8202,0.013,0.0194,OFICIAL
NACIONAL,BRASIL,2025-19,CULINARIOS,GAROTO,NESTLE,Y,17781.07,284771.59,0.06243976,0.06243976,229.400,4661.000,0.04921691,615,6,17,0.8202,0.013,0.0194,OFICIAL
NACIONAL,BRASIL,2025-19,CULINARIOS,NINHO,NESTLE,Y,15412.05,284771.59,0.05412074,0.05412074,289.100,4661.000,0.06202532,559,7,16,0.8202,0.013,0.0194,OFICIAL
NACIONAL,BRASIL,2025-19,CULINARIOS,DELTA,FAB_DELTA,N,14580.70,284771.59,0.05120139,0.05120139,154.600,4661.000,0.03316885,657,8,21,0.8202,0.013,0.0194,OFICIAL
NACIONAL,BRASIL,2025-19,CULINARIOS,PRIME,FAB_PRIME,N,13911.44,284771.59,0.04885122,0.04885122,238.800,4661.000,0.05123364,606,9,26,0.8202,0.013,0.0194,OFICIAL
NACIONAL,BRASIL,2025-19,CULINARIOS,BETA,FAB_BETA,N,11801.33,284771.59,0.04144139,0.04144139,247.400,4661.000,0.05307874,452,10,16,0.8202,0.013,0.0194,OFICIAL
NACIONAL,BRASIL,2025-19,CULINARIOS,MOCA,NESTLE,Y,11782.43,284771.59,0.04137502,0.04137502,213.300,4661.000,0.04576271,321,11,10,0.8202,0.013,0.0194,OFICIAL
NACIONAL,BRASIL,2025-19,CULINARIOS,NESCAFE,NESTLE,Y,10847.03,284771.59,0.03809028,0.03809028,63.800,4661.000,0.01368805,330,12,7,0.8202,0.013,0.0194,OFICIAL
NACIONAL,BRASIL,2025-19,CULINARIOS,KITKAT,NESTLE,Y,7247.47,284771.59,0.02545012,0.02545012,100.500,4661.000,0.0215619,313,13,11,0.8202,0.013,0.0194,OFICIAL
NACIONAL,BRASIL,2025-19,CULINARIOS,ALPHA,FAB_ALPHA,N,4151.32,284771.59,0.01457772,0.01457772,86.900,4661.000,0.01864407,266,14,7,0.8202,0.013,0.0194,OFICIAL
NACIONAL,BRASIL,2025-19,LACTEOS,DELTA,FAB_DELTA,N,47248.73,335221.65,0.14094773,0.14094773,764.900,4855.900,0.15751972,1748,1,40,0.8202,0.013,0.0964,OFICIAL
NACIONAL,BRASIL,2025-19,LACTEOS,VIVA,FAB_VIVA,N,44551.81,335221.65,0.13290254,0.13290254,708.400,4855.900,0.14588439,1546,2,43,0.8202,0.013,0.0964,OFICIAL
NACIONAL,BRASIL,2025-19,LACTEOS,NOVA,FAB_NOVA,N,42639.79,335221.65,0.1271988,0.1271988,703.500,4855.900,0.14487531,1561,3,31,0.8202,0.013,0.0964,OFICIAL
NACIONAL,BRASIL,2025-19,LACTEOS,SOLAR,FAB_SOLAR,N,33912.84,335221.65,0.10116542,0.10116542,356.700,4855.900,0.07345703,1120,4,32,0.8202,0.013,0.0964,OFICIAL
NACIONAL,BRASIL,2025-19,LACTEOS,NESCAFE,NESTLE,Y,30306.05,335221.65,0.090406,0.090406,381.300,4855.900,0.07852303,867,5,17,0.8202,0.013,0.0964,OFICIAL
NACIONAL,BRASIL,2025-19,LACTEOS,MOCA,NESTLE,Y,26507.68,335221.65,0.07907508,0.07907508,294.400,4855.900,0.06062728,761,6,15,0.8202,0.013,0.0964,OFICIAL
NACIONAL,BRASIL,2025-19,LACTEOS,ALPHA,FAB_ALPHA,N,20398.96,335221.65,0.06085216,0.06085216,292.800,4855.900,0.06029778,819,7,28,0.8202,0.013,0.0964,OFICIAL
NACIONAL,BRASIL,2025-19,LACTEOS,BETA,FAB_BETA,N,20128.39,335221.65,0.06004502,0.06004502,191.700,4855.900,0.03947775,737,8,16,0.8202,0.013,0.0964,OFICIAL
NACIONAL,BRASIL,2025-19,LACTEOS,PRIME,FAB_PRIME,N,17158.34,335221.65,0.05118506,0.05118506,231.800,4855.900,0.04773574,582,9,24,0.8202,0.013,0.0964,OFICIAL
NACIONAL,BRASIL,2025-19,LACTEOS,KITKAT,NESTLE,Y,16754.71,335221.65,0.04998099,0.04998099,279.000,4855.900,0.05745588,820,10,16,0.8202,0.013,0.0964,OFICIAL
NACIONAL,BRASIL,2025-19,LACTEOS,GAROTO,NESTLE,Y,14355.65,335221.65,0.04282435,0.04282435,184.400,4855.900,0.03797442,392,11,12,0.8202,0.013,0.0964,OFICIAL
NACIONAL,BRASIL,2025-19,LACTEOS,MAGGI,NESTLE,Y,8926.41,335221.65,0.02662838,0.02662838,276.500,4855.900,0.05694104,252,12,10,0.8202,0.013,0.0964,OFICIAL
NACIONAL,BRASIL,2025-19,LACTEOS,NESQUIK,NESTLE,Y,6180.26,335221.65,0.01843634,0.01843634,99.000,4855.900,0.02038757,255,13,13,0.8202,0.013,0.0964,OFICIAL
NACIONAL,BRASIL,2025-19,LACTEOS,NINHO,NESTLE,Y,6152.03,335221.65,0.01835213,0.01835213,91.500,4855.900,0.01884306,215,14,9,0.8202,0.013,0.0964,OFICIAL
NACIONAL,BRASIL,2025-19,NUTRICAO,DELTA,FAB_DELTA,N,43654.79,295716.98,0.14762355,0.14762355,1209.700,5143.600,0.23518547,1724,1,32,0.8202,0.013,0.0341,OFICIAL
NACIONAL,BRASIL,2025-19,NUTRICAO,ALPHA,FAB_ALPHA,N,41642.84,295716.98,0.14081992,0.14081992,814.900,5143.600,0.15842989,1384,2,31,0.8202,0.013,0.0341,OFICIAL
NACIONAL,BRASIL,2025-19,NUTRICAO,BETA,FAB_BETA,N,27562.32,295716.98,0.09320506,0.09320506,305.000,5143.600,0.05929699,778,3,26,0.8202,0.013,0.0341,OFICIAL
NACIONAL,BRASIL,2025-19,NUTRICAO,VIVA,FAB_VIVA,N,25605.53,295716.98,0.08658796,0.08658796,399.300,5143.600,0.07763045,755,4,22,0.8202,0.013,0.0341,OFICIAL
NACIONAL,BRASIL,2025-19,NUTRICAO,PRIME,FAB_PRIME,N,23939.48,295716.98,0.08095403,0.08095403,459.800,5143.600,0.08939264,835,5,31,0.8202,0.013,0.0341,OFICIAL
NACIONAL,BRASIL,2025-19,NUTRICAO,NESQUIK,NESTLE,Y,22168.07,295716.98,0.0749638,0.0749638,528.900,5143.600,0.10282681,1226,6,39,0.8202,0.013,0.0341,OFICIAL
NACIONAL,BRASIL,2025-19,NUTRICAO,GAROTO,NESTLE,Y,20539.31,295716.98,0.06945597,0.06945597,220.600,5143.600,0.04288825,568,7,16,0.8202,0.013,0.0341,OFICIAL
NACIONAL,BRASIL,2025-19,NUTRICAO,NESCAFE,NESTLE,Y,17862.65,295716.98,0.06040455,0.06040455,131.500,5143.600,0.02556575,560,8,11,0.8202,0.013,0.0341,OFICIAL
NACIONAL,BRASIL,2025-19,NUTRICAO,SOLAR,FAB_SOLAR,N,17669.13,295716.98,0.05975014,0.05975014,252.800,5143.600,0.04914846,653,9,14,0.8202,0.013,0.0341,OFICIAL
NACIONAL,BRASIL,2025-19,NUTRICAO,MOCA,NESTLE,Y,14406.42,295716.98,0.04871692,0.04871692,230.800,5143.600,0.0448713,587,10,16,0.8202,0.013,0.0341,OFICIAL
NACIONAL,BRASIL,2025-19,NUTRICAO,NOVA,FAB_NOVA,N,10625.71,295716.98,0.03593203,0.03593203,107.600,5143.600,0.0209192,459,11,17,0.8202,0.013,0.0341,OFICIAL
NACIONAL,BRASIL,2025-19,NUTRICAO,KITKAT,NESTLE,Y,10336.51,295716.98,0.03495406,0.03495406,187.400,5143.600,0.03643363,437,12,15,0.8202,0.013,0.0341,OFICIAL
NACIONAL,BRASIL,2025-19,NUTRICAO,MAGGI,NESTLE,Y,10176.46,295716.98,0.03441284,0.03441284,155.800,5143.600,0.03029007,279,13,7,0.8202,0.013,0.0341,OFICIAL
NACIONAL,BRASIL,2025-19,NUTRICAO,NINHO,NESTLE,Y,9527.76,295716.98,0.03221918,0.03221918,139.500,5143.600,0.02712108,316,14,11,0.8202,0.013,0.0341,OFICIAL
NACIONAL,BRASIL,2025-20,BEBIDAS,ALPHA,FAB_ALPHA,N,40183.25,270363.31,0.14862686,0.14862686,712.300,4617.800,0.15425094,1503,1,29,0.8615,0.013,0.0571,OFICIAL
NACIONAL,BRASIL,2025-20,BEBIDAS,BETA,FAB_BETA,N,31840.83,270363.31,0.11777053,0.11777053,417.100,4617.800,0.0903244,826,2,24,0.8615,0.013,0.0571,OFICIAL
NACIONAL,BRASIL,2025-20,BEBIDAS,NOVA,FAB_NOVA,N,27602.50,270363.31,0.1020941,0.1020941,553.500,4617.800,0.11986227,1001,3,18,0.8615,0.013,0.0571,OFICIAL
NACIONAL,BRASIL,2025-20,BEBIDAS,SOLAR,FAB_SOLAR,N,24844.57,270363.31,0.09189328,0.09189328,328.500,4617.800,0.07113777,920,4,24,0.8615,0.013,0.0571,OFICIAL
NACIONAL,BRASIL,2025-20,BEBIDAS,NINHO,NESTLE,Y,20403.10,270363.31,0.07546549,0.07546549,417.300,4617.800,0.09036771,1052,5,44,0.8615,0.013,0.0571,OFICIAL
NACIONAL,BRASIL,2025-20,BEBIDAS,VIVA,FAB_VIVA,N,20145.98,270363.31,0.07451447,0.07451447,278.700,4617.800,0.06035342,713,6,18,0.8615,0.013,0.0571,OFICIAL
NACIONAL,BRASIL,2025-20,BEBIDAS,NESQUIK,NESTLE,Y,19007.23,270363.31,0.07030255,0.07030255,273.100,4617.800,0.05914072,527,7,14,0.8615,0.013,0.0571,OFICIAL
NACIONAL,BRASIL,2025-20,BEBIDAS,NESCAFE,NESTLE,Y,16667.73,270363.31,0.06164938,0.06164938,392.500,4617.800,0.08499718,902,8,29,0.8615,0.013,0.0571,OFICIAL
NACIONAL,BRASIL,2025-20,BEBIDAS,PRIME,FAB_PRIME,N,16530.77,270363.31,0.0611428,0.0611428,220.700,4617.800,0.04779332,502,9,14,0.8615,0.013,0.0571,OFICIAL
NACIONAL,BRASIL,2025-20,BEBIDAS,KITKAT,NESTLE,Y,15421.09,270363.31,0.0570384,0.0570384,342.600,4617.800,0.07419117,496,10,6,0.8615,0.013,0.0571,OFICIAL
NACIONAL,BRASIL,2025-20,BEBIDAS,MAGGI,NESTLE,Y,14876.21,270363.31,0.05502304,0.05502304,141.300,4617.800,0.03059899,406,11,12,0.8615,0.013,0.0571,OFICIAL
NACIONAL,BRASIL,2025-20,BEBIDAS,DELTA,FAB_DELTA,N,11915.19,270363.31,0.04407103,0.04407103,196.000,4617.800,0.04244445,478,12,14,0.8615,0.013,0.0571,OFICIAL
NACIONAL,BRASIL,2025-20,BEBIDAS,GAROTO,NESTLE,Y,6572.35,270363.31,0.02430933,0.02430933,165.600,4617.800,0.03586123,266,13,11,0.8615,0.013,0.0571,OFICIAL
NACIONAL,BRASIL,2025-20,BEBIDAS,MOCA,NESTLE,Y,4352.51,270363.31,0.01609875,0.01609875,178.600,4617.800,0.03867643,269,14,7,0.8615,0.013,0.0571,OFICIAL
NACIONAL,BRASIL,2025-20,CHOCOLATES,VIVA,FAB_VIVA,N,48914.93,301634.23,0.16216638,0.16216638,1058.500,5211.700,0.20310072,1616,1,30,0.8615,0.013,0.0964,OFICIAL
NACIONAL,BRASIL,2025-20,CHOCOLATES,DELTA,FAB_DELTA,N,37547.93,301634.23,0.12448166,0.12448166,416.700,5211.700,0.07995472,1122,2,26,0.8615,0.013,0.0964,OFICIAL
NACIONAL,BRASIL,2025-20,CHOCOLATES,BETA,FAB_BETA,N,31962.72,301634.23,0.10596516,0.10596516,517.100,5211.700,0.09921906,1212,3,28,0.8615,0.013,0.0964,OFICIAL
NACIONAL,BRASIL,2025-20,CHOCOLATES,NOVA,FAB_NOVA,N,26468.35,301634.23,0.08774982,0.08774982,514.800,5211.700,0.09877775,937,4,28,0.8615,0.013,0.0964,OFICIAL
NACIONAL,BRASIL,2025-20,CHOCOLATES,SOLAR,FAB_SOLAR,N,23974.94,301634.23,0.07948349,0.07948349,355.400,5211.700,0.06819272,768,5,25,0.8615,0.013,0.0964,OFICIAL
NACIONAL,BRASIL,2025-20,CHOCOLATES,ALPHA,FAB_ALPHA,N,22208.74,301634.23,0.07362805,0.07362805,267.900,5211.700,0.05140357,731,6,22,0.8615,0.013,0.0964,OFICIAL
NACIONAL,BRASIL,2025-20,CHOCOLATES,NESCAFE,NESTLE,Y,19939.82,301634.23,0.06610596,0.06610596,345.500,5211.700,0.06629315,827,7,21,0.8615,0.013,0.0964,OFICIAL
NACIONAL,BRASIL,2025-20,CHOCOLATES,NESQUIK,NESTLE,Y,17898.62,301634.23,0.05933882,0.05933882,183.400,5211.700,0.03519005,458,8,17,0.8615,0.013,0.0964,OFICIAL
NACIONAL,BRASIL,2025-20,CHOCOLATES,MOCA,NESTLE,Y,15255.20,301634.23,0.05057516,0.05057516,173.100,5211.700,0.03321373,463,9,17,0.8615,0.013,0.0964,OFICIAL
NACIONAL,BRASIL,2025-20,CHOCOLATES,PRIME,FAB_PRIME,N,14955.34,301634.23,0.04958104,0.04958104,372.700,5211.700,0.07151217,699,10,26,0.8615,0.013,0.0964,OFICIAL
NACIONAL,BRASIL,2025-20,CHOCOLATES,MAGGI,NESTLE,Y,13893.66,301634.23,0.04606128,0.04606128,408.100,5211.700,0.07830458,585,11,13,0.8615,0.013,0.0964,OFICIAL
NACIONAL,BRASIL,2025-20,CHOCOLATES,KITKAT,NESTLE,Y,12484.73,301634.23,0.0413903,0.0413903,291.700,5211.700,0.05597022,563,12,11,0.8615,0.013,0.0964,OFICIAL
NACIONAL,BRASIL,2025-20,CHOCOLATES,NINHO,NESTLE,Y,9602.86,301634.23,0.03183611,0.03183611,200.200,5211.700,0.03841357,304,13,11,0.8615,0.013,0.0964,OFICIAL
NACIONAL,BRASIL,2025-20,CHOCOLATES,GAROTO,NESTLE,Y,6526.39,301634.23,0.02163677,0.02163677,106.600,5211.700,0.02045398,196,14,7,0.8615,0.013,0.0964,OFICIAL
NACIONAL,BRASIL,2025-20,CULINARIOS,VIVA,FAB_VIVA,N,34587.50,258987.16,0.13354909,0.13354909,566.100,4403.700,0.12855099,1160,1,26,0.8615,0.013,0.0278,OFICIAL
NACIONAL,BRASIL,2025-20,CULINARIOS,PRIME,FAB_PRIME,N,28602.53,258987.16,0.11043995,0.11043995,571.600,4403.700,0.12979994,1134,2,29,0.8615,0.013,0.0278,OFICIAL
NACIONAL,BRASIL,2025-20,CULINARIOS,NINHO,NESTLE,Y,28276.44,258987.16,0.10918086,0.10918086,401.500,4403.700,0.09117333,902,3,21,0.8615,0.013,0.0278,OFICIAL
NACIONAL,BRASIL,2025-20,CULINARIOS,MAGGI,NESTLE,Y,23817.57,258987.16,0.09196429,0.09196429,303.300,4403.700,0.0688739,716,4,17,0.8615,0.013,0.0278,OFICIAL
NACIONAL,BRASIL,2025-20,CULINARIOS,NOVA,FAB_NOVA,N,20995.65,258987.16,0.0810683,0.0810683,404.900,4403.700,0.09194541,776,5,27,0.8615,0.013,0.0278,OFICIAL
NACIONAL,BRASIL,2025-20,CULINARIOS,SOLAR,FAB_SOLAR,N,17993.87,258987.16,0.06947785,0.06947785,381.700,4403.700,0.08667711,756,6,21,0.8615,0.013,0.0278,OFICIAL
NACIONAL,BRASIL,2025-20,CULINARIOS,GAROTO,NESTLE,Y,17025.91,258987.16,0.06574036,0.06574036,376.600,4403.700,0.085519,608,7,12,0.8615,0.013,0.0278,OFICIAL
NACIONAL,BRASIL,2025-20,CULINARIOS,KITKAT,NESTLE,Y,17004.08,258987.16,0.06565607,0.06565607,202.300,4403.700,0.04593864,699,8,19,0.8615,0.013,0.0278,OFICIAL
NACIONAL,BRASIL,2025-20,CULINARIOS,BETA,FAB_BETA,N,15978.67,258987.16,0.06169677,0.06169677,236.100,4403.700,0.05361401,598,9,24,0.8615,0.013,0.0278,OFICIAL
NACIONAL,BRASIL,2025-20,CULINARIOS,MOCA,NESTLE,Y,15744.37,258987.16,0.06079209,0.06079209,388.100,4403.700,0.08813044,589,10,12,0.8615,0.013,0.0278,OFICIAL
NACIONAL,BRASIL,2025-20,CULINARIOS,ALPHA,FAB_ALPHA,N,14720.88,258987.16,0.05684019,0.05684019,269.600,4403.700,0.06122125,485,11,18,0.8615,0.013,0.0278,OFICIAL
NACIONAL,BRASIL,2025-20,CULINARIOS,DELTA,FAB_DELTA,N,14179.35,258987.16,0.05474924,0.05474924,128.100,4403.700,0.02908918,498,12,14,0.8615,0.013,0.0278,OFICIAL
NACIONAL,BRASIL,2025-20,CULINARIOS,NESQUIK,NESTLE,Y,8558.79,258987.16,0.03304716,0.03304716,146.300,4403.700,0.03322206,278,13,7,0.8615,0.013,0.0278,OFICIAL
NACIONAL,BRASIL,2025-20,CULINARIOS,NESCAFE,NESTLE,Y,1501.55,258987.16,0.00579778,0.00579778,27.500,4403.700,0.00624475,35,14,2,0.8615,0.013,0.0278,OFICIAL
NACIONAL,BRASIL,2025-20,LACTEOS,VIVA,FAB_VIVA,N,50800.10,352998.35,0.1439103,0.1439103,751.400,5561.000,0.13511958,1434,1,35,0.8615,0.013,0.0638,OFICIAL
NACIONAL,BRASIL,2025-20,LACTEOS,SOLAR,FAB_SOLAR,N,45633.18,352998.35,0.12927307,0.12927307,520.400,5561.000,0.09358029,1561,2,30,0.8615,0.013,0.0638,OFICIAL
NACIONAL,BRASIL,2025-20,LACTEOS,ALPHA,FAB_ALPHA,N,33925.36,352998.35,0.09610628,0.09610628,404.600,5561.000,0.0727567,1265,3,22,0.8615,0.013,0.0638,OFICIAL
NACIONAL,BRASIL,2025-20,LACTEOS,DELTA,FAB_DELTA,N,27704.32,352998.35,0.07848286,0.07848286,459.400,5561.000,0.08261104,1041,4,31,0.8615,0.013,0.0638,OFICIAL
NACIONAL,BRASIL,2025-20,LACTEOS,BETA,FAB_BETA,N,27329.40,352998.35,0.07742076,0.07742076,476.700,5561.000,0.08572199,1047,5,25,0.8615,0.013,0.0638,OFICIAL
NACIONAL,BRASIL,2025-20,LACTEOS,NINHO,NESTLE,Y,24313.82,352998.35,0.068878,0.068878,251.500,5561.000,0.04522568,774,6,13,0.8615,0.013,0.0638,OFICIAL
NACIONAL,BRASIL,2025-20,LACTEOS,MOCA,NESTLE,Y,24194.57,352998.35,0.06854018,0.06854018,356.100,5561.000,0.06403525,721,7,21,0.8615,0.013,0.0638,OFICIAL
NACIONAL,BRASIL,2025-20,LACTEOS,NOVA,FAB_NOVA,N,22972.92,352998.35,0.0650794,0.0650794,437.900,5561.000,0.07874483,896,8,22,0.8615,0.013,0.0638,OFICIAL
NACIONAL,BRASIL,2025-20,LACTEOS,PRIME,FAB_PRIME,N,21399.18,352998.35,0.06062119,0.06062119,182.000,5561.000,0.03272793,523,9,15,0.8615,0.013,0.0638,OFICIAL
NACIONAL,BRASIL,2025-20,LACTEOS,NESCAFE,NESTLE,Y,19836.14,352998.35,0.05619329,0.05619329,332.800,5561.000,0.05984535,563,10,15,0.8615,0.013,0.0638,OFICIAL
NACIONAL,BRASIL,2025-20,LACTEOS,NESQUIK,NESTLE,Y,17437.78,352998.35,0.04939904,0.04939904,296.600,5561.000,0.05333573,762,11,12,0.8615,0.013,0.0638,OFICIAL
NACIONAL,BRASIL,2025-20,LACTEOS,KITKAT,NESTLE,Y,16716.47,352998.35,0.04735566,0.04735566,322.600,5561.000,0.05801115,955,12,13,0.8615,0.013,0.0638,OFICIAL
NACIONAL,BRASIL,2025-20,LACTEOS,MAGGI,NESTLE,Y,10454.21,352998.35,0.02961546,0.02961546,547.500,5561.000,0.09845352,677,13,10,0.8615,0.013,0.0638,OFICIAL
NACIONAL,BRASIL,2025-20,LACTEOS,GAROTO,NESTLE,Y,10280.90,352998.35,0.0291245,0.0291245,221.500,5561.000,0.03983097,531,14,16,0.8615,0.013,0.0638,OFICIAL
NACIONAL,BRASIL,2025-20,NUTRICAO,ALPHA,FAB_ALPHA,N,79678.48,353161.44,0.22561489,0.22561489,1146.600,5600.200,0.20474269,2556,1,37,0.8615,0.013,0.0283,OFICIAL
NACIONAL,BRASIL,2025-20,NUTRICAO,KITKAT,NESTLE,Y,51913.82,353161.44,0.14699742,0.14699742,580.000,5600.200,0.10356773,1234,2,22,0.8615,0.013,0.0283,OFICIAL
NACIONAL,BRASIL,2025-20,NUTRICAO,NESQUIK,NESTLE,Y,36030.20,353161.44,0.1020219,0.1020219,643.500,5600.200,0.11490661,1583,3,49,0.8615,0.013,0.0283,OFICIAL
NACIONAL,BRASIL,2025-20,NUTRICAO,BETA,FAB_BETA,N,33895.52,353161.44,0.09597741,0.09597741,653.900,5600.200,0.11676369,1175,4,24,0.8615,0.013,0.0283,OFICIAL
NACIONAL,BRASIL,2025-20,NUTRICAO,NOVA,FAB_NOVA,N,33369.77,353161.44,0.09448871,0.09448871,551.400,5600.200,0.09846077,1156,5,29,0.8615,0.013,0.0283,OFICIAL
NACIONAL,BRASIL,2025-20,NUTRICAO,SOLAR,FAB_SOLAR,N,23420.12,353161.44,0.06631562,0.06631562,393.200,5600.200,0.07021178,935,6,21,0.8615,0.013,0.0283,OFICIAL
NACIONAL,BRASIL,2025-20,NUTRICAO,GAROTO,NESTLE,Y,18481.51,353161.44,0.05233162,0.05233162,91.000,5600.200,0.01624942,620,7,9,0.8615,0.013,0.0283,OFICIAL
NACIONAL,BRASIL,2025-20,NUTRICAO,MOCA,NESTLE,Y,16107.09,353161.44,0.04560829,0.04560829,467.100,5600.200,0.08340774,644,8,20,0.8615,0.013,0.0283,OFICIAL
NACIONAL,BRASIL,2025-20,NUTRICAO,PRIME,FAB_PRIME,N,15808.43,353161.44,0.04476262,0.04476262,353.900,5600.200,0.06319417,600,9,21,0.8615,0.013,0.0283,OFICIAL
NACIONAL,BRASIL,2025-20,NUTRICAO,DELTA,FAB_DELTA,N,12902.95,353161.44,0.03653556,0.03653556,143.600,5600.200,0.02564194,533,10,17,0.8615,0.013,0.0283,OFICIAL
NACIONAL,BRASIL,2025-20,NUTRICAO,VIVA,FAB_VIVA,N,12617.20,353161.44,0.03572644,0.03572644,177.900,5600.200,0.03176672,522,11,12,0.8615,0.013,0.0283,OFICIAL
NACIONAL,BRASIL,2025-20,NUTRICAO,NINHO,NESTLE,Y,10166.26,353161.44,0.02878644,0.02878644,215.500,5600.200,0.03848077,384,12,16,0.8615,0.013,0.0283,OFICIAL
NACIONAL,BRASIL,2025-20,NUTRICAO,NESCAFE,NESTLE,Y,6696.99,353161.44,0.01896297,0.01896297,161.100,5600.200,0.02876683,251,13,10,0.8615,0.013,0.0283,OFICIAL
NACIONAL,BRASIL,2025-20,NUTRICAO,MAGGI,NESTLE,Y,2073.10,353161.44,0.00587012,0.00587012,21.500,5600.200,0.00383915,88,14,5,0.8615,0.013,0.0283,OFICIAL
NACIONAL,BRASIL,2025-21,BEBIDAS,SOLAR,FAB_SOLAR,N,54274.27,368263.73,0.14737881,0.14737881,941.300,6050.800,0.15556621,1736,1,37,0.805,0.0108,0.0266,OFICIAL
NACIONAL,BRASIL,2025-21,BEBIDAS,NOVA,FAB_NOVA,N,39578.44,368263.73,0.10747309,0.10747309,577.600,6050.800,0.09545845,1197,2,26,0.805,0.0108,0.0266,OFICIAL
NACIONAL,BRASIL,2025-21,BEBIDAS,PRIME,FAB_PRIME,N,38830.64,368263.73,0.10544248,0.10544248,838.700,6050.800,0.13860977,1309,3,20,0.805,0.0108,0.0266,OFICIAL
NACIONAL,BRASIL,2025-21,BEBIDAS,NINHO,NESTLE,Y,33590.44,368263.73,0.091213,0.091213,496.300,6050.800,0.08202221,1427,4,40,0.805,0.0108,0.0266,OFICIAL
NACIONAL,BRASIL,2025-21,BEBIDAS,DELTA,FAB_DELTA,N,32512.33,368263.73,0.08828545,0.08828545,580.700,6050.800,0.09597078,1196,5,25,0.805,0.0108,0.0266,OFICIAL
NACIONAL,BRASIL,2025-21,BEBIDAS,ALPHA,FAB_ALPHA,N,29590.47,368263.73,0.0803513,0.0803513,569.200,6050.800,0.09407021,869,6,19,0.805,0.0108,0.0266,OFICIAL
NACIONAL,BRASIL,2025-21,BEBIDAS,KITKAT,NESTLE,Y,26014.99,368263.73,0.07064228,0.07064228,189.900,6050.800,0.03138428,684,7,11,0.805,0.0108,0.0266,OFICIAL
NACIONAL,BRASIL,2025-21,BEBIDAS,GAROTO,NESTLE,Y,22486.62,368263.73,0.06106119,0.06106119,363.700,6050.800,0.06010775,907,8,20,0.805,0.0108,0.0266,OFICIAL
NACIONAL,BRASIL,2025-21,BEBIDAS,VIVA,FAB_VIVA,N,22430.68,368263.73,0.06090928,0.06090928,342.200,6050.800,0.05655451,756,9,22,0.805,0.0108,0.0266,OFICIAL
NACIONAL,BRASIL,2025-21,BEBIDAS,NESCAFE,NESTLE,Y,19903.67,368263.73,0.05404733,0.05404733,410.200,6050.800,0.06779269,1099,10,30,0.805,0.0108,0.0266,OFICIAL
NACIONAL,BRASIL,2025-21,BEBIDAS,BETA,FAB_BETA,N,17434.17,368263.73,0.04734153,0.04734153,270.800,6050.800,0.04475441,675,11,17,0.805,0.0108,0.0266,OFICIAL
NACIONAL,BRASIL,2025-21,BEBIDAS,MOCA,NESTLE,Y,11915.61,368263.73,0.03235619,0.03235619,283.700,6050.800,0.04688636,401,12,12,0.805,0.0108,0.0266,OFICIAL
NACIONAL,BRASIL,2025-21,BEBIDAS,NESQUIK,NESTLE,Y,9877.37,368263.73,0.02682146,0.02682146,84.000,6050.800,0.01388246,313,13,16,0.805,0.0108,0.0266,OFICIAL
NACIONAL,BRASIL,2025-21,BEBIDAS,MAGGI,NESTLE,Y,9824.03,368263.73,0.02667662,0.02667662,102.500,6050.800,0.01693991,235,14,10,0.805,0.0108,0.0266,OFICIAL
NACIONAL,BRASIL,2025-21,CHOCOLATES,PRIME,FAB_PRIME,N,62852.43,294871.70,0.21315179,0.21315179,828.000,4376.700,0.18918363,1734,1,42,0.805,0.0108,0.0597,OFICIAL
NACIONAL,BRASIL,2025-21,CHOCOLATES,VIVA,FAB_VIVA,N,32536.04,294871.70,0.11033965,0.11033965,451.200,4376.700,0.10309137,1048,2,32,0.805,0.0108,0.0597,OFICIAL
NACIONAL,BRASIL,2025-21,CHOCOLATES,BETA,FAB_BETA,N,27948.96,294871.70,0.09478346,0.09478346,290.400,4376.700,0.06635136,972,3,31,0.805,0.0108,0.0597,OFICIAL
NACIONAL,BRASIL,2025-21,CHOCOLATES,NINHO,NESTLE,Y,24728.55,294871.70,0.08386207,0.08386207,398.700,4376.700,0.09109603,764,4,20,0.805,0.0108,0.0597,OFICIAL
NACIONAL,BRASIL,2025-21,CHOCOLATES,NESCAFE,NESTLE,Y,21825.98,294871.70,0.07401856,0.07401856,389.500,4376.700,0.08899399,656,5,12,0.805,0.0108,0.0597,OFICIAL
NACIONAL,BRASIL,2025-21,CHOCOLATES,MOCA,NESTLE,Y,19304.15,294871.70,0.06546627,0.06546627,150.100,4376.700,0.03429525,448,6,8,0.805,0.0108,0.0597,OFICIAL
NACIONAL,BRASIL,2025-21,CHOCOLATES,ALPHA,FAB_ALPHA,N,19026.75,294871.70,0.06452552,0.06452552,230.600,4376.700,0.0526881,743,7,13,0.805,0.0108,0.0597,OFICIAL
NACIONAL,BRASIL,2025-21,CHOCOLATES,NOVA,FAB_NOVA,N,17479.33,294871.70,0.05927775,0.05927775,465.800,4376.700,0.10642722,725,8,20,0.805,0.0108,0.0597,OFICIAL
NACIONAL,BRASIL,2025-21,CHOCOLATES,DELTA,FAB_DELTA,N,17425.46,294871.70,0.05909506,0.05909506,191.100,4376.700,0.04366303,608,9,16,0.805,0.0108,0.0597,OFICIAL
NACIONAL,BRASIL,2025-21,CHOCOLATES,NESQUIK,NESTLE,Y,15613.71,294871.70,0.05295086,0.05295086,321.400,4376.700,0.07343432,618,10,16,0.805,0.0108,0.0597,OFICIAL
NACIONAL,BRASIL,2025-21,CHOCOLATES,KITKAT,NESTLE,Y,12435.57,294871.70,0.04217282,0.04217282,166.700,4376.700,0.03808806,319,11,9,0.805,0.0108,0.0597,OFICIAL
NACIONAL,BRASIL,2025-21,CHOCOLATES,SOLAR,FAB_SOLAR,N,11081.63,294871.70,0.03758119,0.03758119,215.000,4376.700,0.04912377,367,12,13,0.805,0.0108,0.0597,OFICIAL
NACIONAL,BRASIL,2025-21,CHOCOLATES,GAROTO,NESTLE,Y,7715.22,294871.70,0.02616467,0.02616467,159.500,4376.700,0.03644298,353,13,8,0.805,0.0108,0.0597,OFICIAL
NACIONAL,BRASIL,2025-21,CHOCOLATES,MAGGI,NESTLE,Y,4897.92,294871.70,0.01661034,0.01661034,118.700,4376.700,0.02712089,196,14,9,0.805,0.0108,0.0597,OFICIAL
NACIONAL,BRASIL,2025-21,CULINARIOS,VIVA,FAB_VIVA,N,49820.29,305502.55,0.16307651,0.16307651,788.900,4728.500,0.16683938,1562,1,33,0.805,0.0108,0.0856,OFICIAL
NACIONAL,BRASIL,2025-21,CULINARIOS,NOVA,FAB_NOVA,N,43456.55,305502.55,0.14224611,0.14224611,836.500,4728.500,0.176906,1913,2,30,0.805,0.0108,0.0856,OFICIAL
NACIONAL,BRASIL,2025-21,CULINARIOS,PRIME,FAB_PRIME,N,31965.63,305502.55,0.10463294,0.10463294,600.100,4728.500,0.12691128,701,3,22,0.805,0.0108,0.0856,OFICIAL
NACIONAL,BRASIL,2025-21,CULINARIOS,DELTA,FAB_DELTA,N,31478.40,305502.55,0.10303809,0.10303809,552.700,4728.500,0.11688696,1278,4,26,0.805,0.0108,0.0856,OFICIAL
NACIONAL,BRASIL,2025-21,CULINARIOS,SOLAR,FAB_SOLAR,N,25942.34,305502.55,0.08491693,0.08491693,215.700,4728.500,0.045617,675,5,14,0.805,0.0108,0.0856,OFICIAL
NACIONAL,BRASIL,2025-21,CULINARIOS,ALPHA,FAB_ALPHA,N,22395.08,305502.55,0.07330571,0.07330571,307.500,4728.500,0.06503119,770,6,22,0.805,0.0108,0.0856,OFICIAL
NACIONAL,BRASIL,2025-21,CULINARIOS,BETA,FAB_BETA,N,20537.66,305502.55,0.06722582,0.06722582,235.000,4728.500,0.04969864,680,7,20,0.805,0.0108,0.0856,OFICIAL
NACIONAL,BRASIL,2025-21,CULINARIOS,NESCAFE,NESTLE,Y,18882.46,305502.55,0.06180786,0.06180786,207.200,4728.500,0.04381939,705,8,12,0.805,0.0108,0.0856,OFICIAL
NACIONAL,BRASIL,2025-21,CULINARIOS,GAROTO,NESTLE,Y,13339.68,305502.55,0.04366471,0.04366471,306.500,4728.500,0.06481971,637,9,14,0.805,0.0108,0.0856,OFICIAL
NACIONAL,BRASIL,2025-21,CULINARIOS,KITKAT,NESTLE,Y,13085.59,305502.55,0.042833,0.042833,195.700,4728.500,0.04138733,505,10,15,0.805,0.0108,0.0856,OFICIAL
NACIONAL,BRASIL,2025-21,CULINARIOS,NESQUIK,NESTLE,Y,12878.05,305502.55,0.04215366,0.04215366,210.200,4728.500,0.04445384,613,11,13,0.805,0.0108,0.0856,OFICIAL
NACIONAL,BRASIL,2025-21,CULINARIOS,MOCA,NESTLE,Y,9517.93,305502.55,0.03115499,0.03115499,58.000,4728.500,0.01226605,239,12,6,0.805,0.0108,0.0856,OFICIAL
NACIONAL,BRASIL,2025-21,CULINARIOS,MAGGI,NESTLE,Y,6522.43,305502.55,0.02134984,0.02134984,98.500,4728.500,0.02083113,338,13,14,0.805,0.0108,0.0856,OFICIAL
NACIONAL,BRASIL,2025-21,CULINARIOS,NINHO,NESTLE,Y,5680.46,305502.55,0.01859382,0.01859382,116.000,4728.500,0.02453209,180,14,10,0.805,0.0108,0.0856,OFICIAL
NACIONAL,BRASIL,2025-21,LACTEOS,DELTA,FAB_DELTA,N,71621.73,334737.62,0.21396379,0.21396379,959.600,4722.800,0.20318455,2362,1,39,0.805,0.0108,0.0505,OFICIAL
NACIONAL,BRASIL,2025-21,LACTEOS,KITKAT,NESTLE,Y,49756.39,334737.62,0.14864296,0.14864296,377.500,4722.800,0.0799314,1314,2,14,0.805,0.0108,0.0505,OFICIAL
NACIONAL,BRASIL,2025-21,LACTEOS,VIVA,FAB_VIVA,N,33960.16,334737.62,0.10145307,0.10145307,790.500,4722.800,0.16737952,1313,3,34,0.805,0.0108,0.0505,OFICIAL
NACIONAL,BRASIL,2025-21,LACTEOS,BETA,FAB_BETA,N,33396.58,334737.62,0.09976943,0.09976943,634.700,4722.800,0.13439062,1077,4,30,0.805,0.0108,0.0505,OFICIAL
NACIONAL,BRASIL,2025-21,LACTEOS,SOLAR,FAB_SOLAR,N,28557.39,334737.62,0.08531276,0.08531276,356.800,4722.800,0.0755484,893,5,30,0.805,0.0108,0.0505,OFICIAL
NACIONAL,BRASIL,2025-21,LACTEOS,ALPHA,FAB_ALPHA,N,24499.38,334737.62,0.0731898,0.0731898,284.300,4722.800,0.06019734,743,6,26,0.805,0.0108,0.0505,OFICIAL
NACIONAL,BRASIL,2025-21,LACTEOS,MAGGI,NESTLE,Y,15000.72,334737.62,0.04481337,0.04481337,138.600,4722.800,0.029347,331,7,12,0.805,0.0108,0.0505,OFICIAL
NACIONAL,BRASIL,2025-21,LACTEOS,NINHO,NESTLE,Y,14149.96,334737.62,0.04227179,0.04227179,96.900,4722.800,0.02051749,374,8,13,0.805,0.0108,0.0505,OFICIAL
NACIONAL,BRASIL,2025-21,LACTEOS,PRIME,FAB_PRIME,N,12755.75,334737.62,0.03810671,0.03810671,85.700,4722.800,0.01814602,301,9,12,0.805,0.0108,0.0505,OFICIAL
NACIONAL,BRASIL,2025-21,LACTEOS,MOCA,NESTLE,Y,12090.07,334737.62,0.03611805,0.03611805,267.300,4722.800,0.05659778,429,10,17,0.805,0.0108,0.0505,OFICIAL
NACIONAL,BRASIL,2025-21,LACTEOS,NOVA,FAB_NOVA,N,11665.75,334737.62,0.03485043,0.03485043,124.000,4722.800,0.02625561,442,11,16,0.805,0.0108,0.0505,OFICIAL
NACIONAL,BRASIL,2025-21,LACTEOS,NESCAFE,NESTLE,Y,11351.12,334737.62,0.0339105,0.0339105,225.600,4722.800,0.04776827,358,12,12,0.805,0.0108,0.0505,OFICIAL
NACIONAL,BRASIL,2025-21,LACTEOS,NESQUIK,NESTLE,Y,10745.81,334737.62,0.03210219,0.03210219,177.300,4722.800,0.03754129,536,13,14,0.805,0.0108,0.0505,OFICIAL
NACIONAL,BRASIL,2025-21,LACTEOS,GAROTO,NESTLE,Y,5186.81,334737.62,0.01549515,0.01549515,204.000,4722.800,0.04319472,383,14,9,0.805,0.0108,0.0505,OFICIAL
NACIONAL,BRASIL,2025-21,NUTRICAO,ALPHA,FAB_ALPHA,N,52776.69,261906.07,0.20150999,0.20150999,777.800,4539.200,0.17135178,1893,1,37,0.805,0.0108,0.033,OFICIAL
NACIONAL,BRASIL,2025-21,NUTRICAO,SOLAR,FAB_SOLAR,N,27871.18,261906.07,0.1064167,0.1064167,370.400,4539.200,0.08160028,1010,2,24,0.805,0.0108,0.033,OFICIAL
NACIONAL,BRASIL,2025-21,NUTRICAO,NOVA,FAB_NOVA,N,25575.13,261906.07,0.09765001,0.09765001,358.200,4539.200,0.07891258,813,3,21,0.805,0.0108,0.033,OFICIAL
NACIONAL,BRASIL,2025-21,NUTRICAO,DELTA,FAB_DELTA,N,25140.41,261906.07,0.09599018,0.09599018,585.200,4539.200,0.1289214,1088,4,20,0.805,0.0108,0.033,OFICIAL
NACIONAL,BRASIL,2025-21,NUTRICAO,BETA,FAB_BETA,N,18226.19,261906.07,0.06959056,0.06959056,289.600,4539.200,0.06379979,690,5,26,0.805,0.0108,0.033,OFICIAL
NACIONAL,BRASIL,2025-21,NUTRICAO,NESQUIK,NESTLE,Y,17914.11,261906.07,0.06839899,0.06839899,510.300,4539.200,0.11242069,1175,6,44,0.805,0.0108,0.033,OFICIAL
NACIONAL,BRASIL,2025-21,NUTRICAO,PRIME,FAB_PRIME,N,17186.95,261906.07,0.06562257,0.06562257,213.700,4539.200,0.04707878,614,7,19,0.805,0.0108,0.033,OFICIAL
NACIONAL,BRASIL,2025-21,NUTRICAO,VIVA,FAB_VIVA,N,15791.05,261906.07,0.0602928,0.0602928,293.300,4539.200,0.06461491,536,8,20,0.805,0.0108,0.033,OFICIAL
NACIONAL,BRASIL,2025-21,NUTRICAO,MAGGI,NESTLE,Y,12770.41,261906.07,0.0487595,0.0487595,325.700,4539.200,0.07175273,358,9,9,0.805,0.0108,0.033,OFICIAL
NACIONAL,BRASIL,2025-21,NUTRICAO,MOCA,NESTLE,Y,12684.53,261906.07,0.0484316,0.0484316,221.700,4539.200,0.04884121,490,10,14,0.805,0.0108,0.033,OFICIAL
NACIONAL,BRASIL,2025-21,NUTRICAO,KITKAT,NESTLE,Y,11604.86,261906.07,0.04430924,0.04430924,216.600,4539.200,0.04771766,364,11,14,0.805,0.0108,0.033,OFICIAL
NACIONAL,BRASIL,2025-21,NUTRICAO,GAROTO,NESTLE,Y,8623.36,261906.07,0.03292539,0.03292539,110.800,4539.200,0.02440959,288,12,13,0.805,0.0108,0.033,OFICIAL
NACIONAL,BRASIL,2025-21,NUTRICAO,NESCAFE,NESTLE,Y,8490.97,261906.07,0.03241991,0.03241991,155.300,4539.200,0.03421308,296,13,9,0.805,0.0108,0.033,OFICIAL
NACIONAL,BRASIL,2025-21,NUTRICAO,NINHO,NESTLE,Y,7250.23,261906.07,0.02768256,0.02768256,110.600,4539.200,0.02436553,276,14,11,0.805,0.0108,0.033,OFICIAL
NACIONAL,BRASIL,2025-22,BEBIDAS,MOCA,NESTLE,Y,43174.19,317229.37,0.13609771,0.13609771,621.300,4990.400,0.12449904,1096,1,20,0.8236,0.0158,0.099,OFICIAL
NACIONAL,BRASIL,2025-22,BEBIDAS,SOLAR,FAB_SOLAR,N,34204.87,317229.37,0.10782378,0.10782378,464.500,4990.400,0.09307871,1317,2,32,0.8236,0.0158,0.099,OFICIAL
NACIONAL,BRASIL,2025-22,BEBIDAS,NESQUIK,NESTLE,Y,33851.96,317229.37,0.1067113,0.1067113,465.100,4990.400,0.09319894,1126,3,20,0.8236,0.0158,0.099,OFICIAL
NACIONAL,BRASIL,2025-22,BEBIDAS,NINHO,NESTLE,Y,33677.79,317229.37,0.10616227,0.10616227,694.800,4990.400,0.13922732,1745,4,40,0.8236,0.0158,0.099,OFICIAL
NACIONAL,BRASIL,2025-22,BEBIDAS,NESCAFE,NESTLE,Y,23584.59,317229.37,0.07434554,0.07434554,507.700,4990.400,0.10173533,1409,5,32,0.8236,0.0158,0.099,OFICIAL
NACIONAL,BRASIL,2025-22,BEBIDAS,DELTA,FAB_DELTA,N,22891.97,317229.37,0.0721622,0.0721622,234.800,4990.400,0.04705034,721,6,21,0.8236,0.0158,0.099,OFICIAL
NACIONAL,BRASIL,2025-22,BEBIDAS,PRIME,FAB_PRIME,N,22415.79,317229.37,0.07066114,0.07066114,340.900,4990.400,0.06831116,785,7,26,0.8236,0.0158,0.099,OFICIAL
NACIONAL,BRASIL,2025-22,BEBIDAS,NOVA,FAB_NOVA,N,21466.71,317229.37,0.06766936,0.06766936,373.800,4990.400,0.07490382,626,8,16,0.8236,0.0158,0.099,OFICIAL
NACIONAL,BRASIL,2025-22,BEBIDAS,BETA,FAB_BETA,N,18503.81,317229.37,0.05832944,0.05832944,356.400,4990.400,0.07141712,596,9,20,0.8236,0.0158,0.099,OFICIAL
NACIONAL,BRASIL,2025-22,BEBIDAS,GAROTO,NESTLE,Y,17496.43,317229.37,0.05515388,0.05515388,264.700,4990.400,0.05304184,525,10,17,0.8236,0.0158,0.099,OFICIAL
NACIONAL,BRASIL,2025-22,BEBIDAS,MAGGI,NESTLE,Y,12990.29,317229.37,0.0409492,0.0409492,97.800,4990.400,0.01959763,361,11,9,0.8236,0.0158,0.099,OFICIAL
NACIONAL,BRASIL,2025-22,BEBIDAS,KITKAT,NESTLE,Y,12740.67,317229.37,0.04016233,0.04016233,188.800,4990.400,0.03783264,446,12,15,0.8236,0.0158,0.099,OFICIAL
NACIONAL,BRASIL,2025-22,BEBIDAS,VIVA,FAB_VIVA,N,12335.87,317229.37,0.03888628,0.03888628,190.700,4990.400,0.03821337,499,13,18,0.8236,0.0158,0.099,OFICIAL
NACIONAL,BRASIL,2025-22,BEBIDAS,ALPHA,FAB_ALPHA,N,7894.43,317229.37,0.02488556,0.02488556,189.100,4990.400,0.03789275,314,14,15,0.8236,0.0158,0.099,OFICIAL
NACIONAL,BRASIL,2025-22,CHOCOLATES,VIVA,FAB_VIVA,N,34420.34,272293.57,0.12640893,0.12640893,702.700,4841.300,0.14514696,1600,1,32,0.8236,0.0158,0.0261,OFICIAL
NACIONAL,BRASIL,2025-22,CHOCOLATES,PRIME,FAB_PRIME,N,34045.54,272293.57,0.12503248,0.12503248,640.800,4841.300,0.13236114,1273,2,33,0.8236,0.0158,0.0261,OFICIAL
NACIONAL,BRASIL,2025-22,CHOCOLATES,BETA,FAB_BETA,N,33671.62,272293.57,0.12365926,0.12365926,457.400,4841.300,0.09447876,1043,3,30,0.8236,0.0158,0.0261,OFICIAL
NACIONAL,BRASIL,2025-22,CHOCOLATES,DELTA,FAB_DELTA,N,29228.83,272293.57,0.10734308,0.10734308,500.400,4841.300,0.10336067,1009,4,28,0.8236,0.0158,0.0261,OFICIAL
NACIONAL,BRASIL,2025-22,CHOCOLATES,MAGGI,NESTLE,Y,25898.90,272293.57,0.09511389,0.09511389,412.300,4841.300,0.08516308,772,5,13,0.8236,0.0158,0.0261,OFICIAL
NACIONAL,BRASIL,2025-22,CHOCOLATES,SOLAR,FAB_SOLAR,N,22631.74,272293.57,0.08311522,0.08311522,411.700,4841.300,0.08503914,817,6,26,0.8236,0.0158,0.0261,OFICIAL
NACIONAL,BRASIL,2025-22,CHOCOLATES,NOVA,FAB_NOVA,N,22215.67,272293.57,0.0815872,0.0815872,411.900,4841.300,0.08508045,938,7,24,0.8236,0.0158,0.0261,OFICIAL
NACIONAL,BRASIL,2025-22,CHOCOLATES,MOCA,NESTLE,Y,19843.28,272293.57,0.07287458,0.07287458,184.100,4841.300,0.03802698,641,8,16,0.8236,0.0158,0.0261,OFICIAL
NACIONAL,BRASIL,2025-22,CHOCOLATES,ALPHA,FAB_ALPHA,N,11737.89,272293.57,0.04310748,0.04310748,254.600,4841.300,0.05258918,460,9,17,0.8236,0.0158,0.0261,OFICIAL
NACIONAL,BRASIL,2025-22,CHOCOLATES,NESCAFE,NESTLE,Y,11263.57,272293.57,0.04136554,0.04136554,303.900,4841.300,0.0627724,455,10,16,0.8236,0.0158,0.0261,OFICIAL
NACIONAL,BRASIL,2025-22,CHOCOLATES,NINHO,NESTLE,Y,10311.17,272293.57,0.03786784,0.03786784,197.700,4841.300,0.04083614,449,11,16,0.8236,0.0158,0.0261,OFICIAL
NACIONAL,BRASIL,2025-22,CHOCOLATES,NESQUIK,NESTLE,Y,8929.00,272293.57,0.03279181,0.03279181,145.900,4841.300,0.03013653,498,12,14,0.8236,0.0158,0.0261,OFICIAL
NACIONAL,BRASIL,2025-22,CHOCOLATES,KITKAT,NESTLE,Y,5643.10,272293.57,0.02072432,0.02072432,185.900,4841.300,0.03839878,365,13,14,0.8236,0.0158,0.0261,OFICIAL
NACIONAL,BRASIL,2025-22,CHOCOLATES,GAROTO,NESTLE,Y,2452.92,272293.57,0.00900837,0.00900837,32.000,4841.300,0.00660979,105,14,5,0.8236,0.0158,0.0261,OFICIAL
NACIONAL,BRASIL,2025-22,CULINARIOS,BETA,FAB_BETA,N,63599.05,347003.53,0.1832807,0.1832807,648.100,4911.800,0.13194755,2018,1,31,0.8236,0.0158,0.0419,OFICIAL
NACIONAL,BRASIL,2025-22,CULINARIOS,ALPHA,FAB_ALPHA,N,33424.79,347003.53,0.09632406,0.09632406,378.400,4911.800,0.07703897,963,2,21,0.8236,0.0158,0.0419,OFICIAL
NACIONAL,BRASIL,2025-22,CULINARIOS,NOVA,FAB_NOVA,N,32300.06,347003.53,0.0930828,0.0930828,461.900,4911.800,0.09403885,1193,3,38,0.8236,0.0158,0.0419,OFICIAL
NACIONAL,BRASIL,2025-22,CULINARIOS,VIVA,FAB_VIVA,N,28800.05,347003.53,0.08299642,0.08299642,450.800,4911.800,0.09177898,797,4,26,0.8236,0.0158,0.0419,OFICIAL
NACIONAL,BRASIL,2025-22,CULINARIOS,PRIME,FAB_PRIME,N,27024.44,347003.53,0.07787944,0.07787944,476.400,4911.800,0.09699092,909,5,24,0.8236,0.0158,0.0419,OFICIAL
NACIONAL,BRASIL,2025-22,CULINARIOS,NINHO,NESTLE,Y,25936.81,347003.53,0.07474509,0.07474509,392.500,4911.800,0.07990961,724,6,23,0.8236,0.0158,0.0419,OFICIAL
NACIONAL,BRASIL,2025-22,CULINARIOS,KITKAT,NESTLE,Y,23480.16,347003.53,0.06766548,0.06766548,281.600,4911.800,0.05733132,688,7,16,0.8236,0.0158,0.0419,OFICIAL
NACIONAL,BRASIL,2025-22,CULINARIOS,GAROTO,NESTLE,Y,22492.13,347003.53,0.06481816,0.06481816,667.400,4911.800,0.13587687,947,8,16,0.8236,0.0158,0.0419,OFICIAL
NACIONAL,BRASIL,2025-22,CULINARIOS,SOLAR,FAB_SOLAR,N,21736.10,347003.53,0.06263942,0.06263942,216.400,4911.800,0.04405717,654,9,19,0.8236,0.0158,0.0419,OFICIAL
NACIONAL,BRASIL,2025-22,CULINARIOS,MAGGI,NESTLE,Y,17783.42,347003.53,0.05124853,0.05124853,190.400,4911.800,0.03876379,505,10,11,0.8236,0.0158,0.0419,OFICIAL
NACIONAL,BRASIL,2025-22,CULINARIOS,MOCA,NESTLE,Y,17403.66,347003.53,0.05015413,0.05015413,234.500,4911.800,0.04774217,659,11,9,0.8236,0.0158,0.0419,OFICIAL
NACIONAL,BRASIL,2025-22,CULINARIOS,NESCAFE,NESTLE,Y,13826.62,347003.53,0.03984576,0.03984576,318.100,4911.800,0.06476241,640,12,11,0.8236,0.0158,0.0419,OFICIAL
NACIONAL,BRASIL,2025-22,CULINARIOS,DELTA,FAB_DELTA,N,11449.26,347003.53,0.03299465,0.03299465,112.000,4911.800,0.02280223,473,13,15,0.8236,0.0158,0.0419,OFICIAL
NACIONAL,BRASIL,2025-22,CULINARIOS,NESQUIK,NESTLE,Y,7746.98,347003.53,0.02232536,0.02232536,83.300,4911.800,0.01695916,333,14,12,0.8236,0.0158,0.0419,OFICIAL
NACIONAL,BRASIL,2025-22,LACTEOS,NESCAFE,NESTLE,Y,65952.50,368504.69,0.1789733,0.1789733,729.700,5583.600,0.1306863,1569,1,19,0.8236,0.0158,0.0438,OFICIAL
NACIONAL,BRASIL,2025-22,LACTEOS,DELTA,FAB_DELTA,N,44007.25,368504.69,0.11942114,0.11942114,537.500,5583.600,0.09626406,2049,2,40,0.8236,0.0158,0.0438,OFICIAL
NACIONAL,BRASIL,2025-22,LACTEOS,PRIME,FAB_PRIME,N,33506.78,368504.69,0.09092633,0.09092633,510.600,5583.600,0.09144638,754,3,14,0.8236,0.0158,0.0438,OFICIAL
NACIONAL,BRASIL,2025-22,LACTEOS,BETA,FAB_BETA,N,33010.82,368504.69,0.08958046,0.08958046,686.500,5583.600,0.12294935,1097,4,27,0.8236,0.0158,0.0438,OFICIAL
NACIONAL,BRASIL,2025-22,LACTEOS,SOLAR,FAB_SOLAR,N,31382.68,368504.69,0.08516223,0.08516223,481.500,5583.600,0.08623469,1461,5,36,0.8236,0.0158,0.0438,OFICIAL
NACIONAL,BRASIL,2025-22,LACTEOS,NESQUIK,NESTLE,Y,31161.76,368504.69,0.08456272,0.08456272,548.900,5583.600,0.09830575,1242,6,31,0.8236,0.0158,0.0438,OFICIAL
NACIONAL,BRASIL,2025-22,LACTEOS,NOVA,FAB_NOVA,N,31045.25,368504.69,0.08424655,0.08424655,526.000,5583.600,0.09420446,955,7,20,0.8236,0.0158,0.0438,OFICIAL
NACIONAL,BRASIL,2025-22,LACTEOS,ALPHA,FAB_ALPHA,N,26421.91,368504.69,0.07170034,0.07170034,437.300,5583.600,0.07831865,940,8,32,0.8236,0.0158,0.0438,OFICIAL
NACIONAL,BRASIL,2025-22,LACTEOS,VIVA,FAB_VIVA,N,19026.92,368504.69,0.05163278,0.05163278,350.500,5583.600,0.06277312,750,9,26,0.8236,0.0158,0.0438,OFICIAL
NACIONAL,BRASIL,2025-22,LACTEOS,NINHO,NESTLE,Y,16681.68,368504.69,0.04526857,0.04526857,184.700,5583.600,0.03307902,567,10,13,0.8236,0.0158,0.0438,OFICIAL
NACIONAL,BRASIL,2025-22,LACTEOS,GAROTO,NESTLE,Y,15763.37,368504.69,0.04277658,0.04277658,184.500,5583.600,0.0330432,587,11,18,0.8236,0.0158,0.0438,OFICIAL
NACIONAL,BRASIL,2025-22,LACTEOS,MOCA,NESTLE,Y,8680.56,368504.69,0.02355617,0.02355617,178.700,5583.600,0.03200444,420,12,14,0.8236,0.0158,0.0438,OFICIAL
NACIONAL,BRASIL,2025-22,LACTEOS,KITKAT,NESTLE,Y,6999.78,368504.69,0.01899509,0.01899509,47.200,5583.600,0.00845333,303,13,9,0.8236,0.0158,0.0438,OFICIAL
NACIONAL,BRASIL,2025-22,LACTEOS,MAGGI,NESTLE,Y,4863.43,368504.69,0.01319774,0.01319774,180.000,5583.600,0.03223727,349,14,9,0.8236,0.0158,0.0438,OFICIAL
NACIONAL,BRASIL,2025-22,NUTRICAO,BETA,FAB_BETA,N,42015.73,276920.22,0.15172503,0.15172503,737.400,4347.500,0.16961472,1448,1,27,0.8236,0.0158,0.0687,OFICIAL
NACIONAL,BRASIL,2025-22,NUTRICAO,DELTA,FAB_DELTA,N,39786.43,276920.22,0.1436747,0.1436747,480.600,4347.500,0.11054629,1172,2,22,0.8236,0.0158,0.0687,OFICIAL
NACIONAL,BRASIL,2025-22,NUTRICAO,NESQUIK,NESTLE,Y,24962.64,276920.22,0.0901438,0.0901438,652.800,4347.500,0.15015526,1589,3,37,0.8236,0.0158,0.0687,OFICIAL
NACIONAL,BRASIL,2025-22,NUTRICAO,NOVA,FAB_NOVA,N,23606.12,276920.22,0.0852452,0.0852452,434.800,4347.500,0.1000115,779,4,21,0.8236,0.0158,0.0687,OFICIAL
NACIONAL,BRASIL,2025-22,NUTRICAO,PRIME,FAB_PRIME,N,21324.91,276920.22,0.07700741,0.07700741,296.700,4347.500,0.06824612,603,5,20,0.8236,0.0158,0.0687,OFICIAL
NACIONAL,BRASIL,2025-22,NUTRICAO,MOCA,NESTLE,Y,19885.95,276920.22,0.07181112,0.07181112,148.400,4347.500,0.03413456,519,6,20,0.8236,0.0158,0.0687,OFICIAL
NACIONAL,BRASIL,2025-22,NUTRICAO,ALPHA,FAB_ALPHA,N,18238.90,276920.22,0.06586337,0.06586337,352.400,4347.500,0.08105808,886,7,24,0.8236,0.0158,0.0687,OFICIAL
NACIONAL,BRASIL,2025-22,NUTRICAO,NESCAFE,NESTLE,Y,17583.27,276920.22,0.0634958,0.0634958,118.500,4347.500,0.02725704,464,8,14,0.8236,0.0158,0.0687,OFICIAL
NACIONAL,BRASIL,2025-22,NUTRICAO,KITKAT,NESTLE,Y,14811.86,276920.22,0.05348782,0.05348782,215.800,4347.500,0.04963772,531,9,9,0.8236,0.0158,0.0687,OFICIAL
NACIONAL,BRASIL,2025-22,NUTRICAO,GAROTO,NESTLE,Y,12003.52,276920.22,0.04334649,0.04334649,234.100,4347.500,0.05384704,659,10,13,0.8236,0.0158,0.0687,OFICIAL
NACIONAL,BRASIL,2025-22,NUTRICAO,VIVA,FAB_VIVA,N,11372.82,276920.22,0.04106894,0.04106894,147.600,4347.500,0.03395055,504,11,12,0.8236,0.0158,0.0687,OFICIAL
NACIONAL,BRASIL,2025-22,NUTRICAO,SOLAR,FAB_SOLAR,N,10707.42,276920.22,0.03866608,0.03866608,143.800,4347.500,0.03307648,472,12,17,0.8236,0.0158,0.0687,OFICIAL
NACIONAL,BRASIL,2025-22,NUTRICAO,NINHO,NESTLE,Y,10699.73,276920.22,0.03863831,0.03863831,220.400,4347.500,0.0506958,408,13,13,0.8236,0.0158,0.0687,OFICIAL
NACIONAL,BRASIL,2025-22,NUTRICAO,MAGGI,NESTLE,Y,9920.92,276920.22,0.03582591,0.03582591,164.200,4347.500,0.03776883,392,14,10,0.8236,0.0158,0.0687,OFICIAL
NACIONAL,BRASIL,2025-23,BEBIDAS,ALPHA,FAB_ALPHA,N,56962.97,281670.46,0.20223267,0.20223267,687.000,5230.200,0.13135253,1828,1,36,0.8814,0.0117,0.0866,OFICIAL
NACIONAL,BRASIL,2025-23,BEBIDAS,NESCAFE,NESTLE,Y,30307.40,281670.46,0.10759879,0.10759879,573.000,5230.200,0.10955604,1583,2,36,0.8814,0.0117,0.0866,OFICIAL
NACIONAL,BRASIL,2025-23,BEBIDAS,PRIME,FAB_PRIME,N,29727.69,281670.46,0.10554067,0.10554067,838.000,5230.200,0.16022332,1110,3,24,0.8814,0.0117,0.0866,OFICIAL
NACIONAL,BRASIL,2025-23,BEBIDAS,NESQUIK,NESTLE,Y,22668.75,281670.46,0.08047969,0.08047969,336.100,5230.200,0.0642614,641,4,18,0.8814,0.0117,0.0866,OFICIAL
NACIONAL,BRASIL,2025-23,BEBIDAS,NINHO,NESTLE,Y,22391.97,281670.46,0.07949705,0.07949705,536.900,5230.200,0.10265382,1427,5,33,0.8814,0.0117,0.0866,OFICIAL
NACIONAL,BRASIL,2025-23,BEBIDAS,DELTA,FAB_DELTA,N,18071.02,281670.46,0.0641566,0.0641566,348.400,5230.200,0.06661313,561,6,18,0.8814,0.0117,0.0866,OFICIAL
NACIONAL,BRASIL,2025-23,BEBIDAS,NOVA,FAB_NOVA,N,17651.73,281670.46,0.06266802,0.06266802,293.400,5230.200,0.05609728,443,7,14,0.8814,0.0117,0.0866,OFICIAL
NACIONAL,BRASIL,2025-23,BEBIDAS,GAROTO,NESTLE,Y,16987.80,281670.46,0.0603109,0.0603109,416.500,5230.200,0.07963367,658,8,19,0.8814,0.0117,0.0866,OFICIAL
NACIONAL,BRASIL,2025-23,BEBIDAS,BETA,FAB_BETA,N,16739.22,281670.46,0.05942838,0.05942838,325.300,5230.200,0.06219647,632,9,18,0.8814,0.0117,0.0866,OFICIAL
NACIONAL,BRASIL,2025-23,BEBIDAS,SOLAR,FAB_SOLAR,N,16392.14,281670.46,0.05819616,0.05819616,253.900,5230.200,0.04854499,606,10,22,0.8814,0.0117,0.0866,OFICIAL
NACIONAL,BRASIL,2025-23,BEBIDAS,VIVA,FAB_VIVA,N,14312.34,281670.46,0.05081236,0.05081236,235.900,5230.200,0.04510344,497,11,16,0.8814,0.0117,0.0866,OFICIAL
NACIONAL,BRASIL,2025-23,BEBIDAS,MOCA,NESTLE,Y,8448.69,281670.46,0.02999495,0.02999495,173.800,5230.200,0.03323009,466,12,13,0.8814,0.0117,0.0866,OFICIAL
NACIONAL,BRASIL,2025-23,BEBIDAS,MAGGI,NESTLE,Y,7899.14,281670.46,0.02804391,0.02804391,153.700,5230.200,0.02938702,218,13,5,0.8814,0.0117,0.0866,OFICIAL
NACIONAL,BRASIL,2025-23,BEBIDAS,KITKAT,NESTLE,Y,3109.60,281670.46,0.01103985,0.01103985,58.300,5230.200,0.0111468,166,14,10,0.8814,0.0117,0.0866,OFICIAL
NACIONAL,BRASIL,2025-23,CHOCOLATES,BETA,FAB_BETA,N,61388.38,315986.10,0.19427557,0.19427557,790.300,4919.400,0.16064967,1904,1,34,0.8814,0.0117,0.0454,OFICIAL
NACIONAL,BRASIL,2025-23,CHOCOLATES,VIVA,FAB_VIVA,N,30821.72,315986.10,0.09754138,0.09754138,512.800,4919.400,0.10424035,1391,2,33,0.8814,0.0117,0.0454,OFICIAL
NACIONAL,BRASIL,2025-23,CHOCOLATES,DELTA,FAB_DELTA,N,27631.84,315986.10,0.08744638,0.08744638,617.900,4919.400,0.12560475,1107,3,23,0.8814,0.0117,0.0454,OFICIAL
NACIONAL,BRASIL,2025-23,CHOCOLATES,PRIME,FAB_PRIME,N,26648.90,315986.10,0.08433567,0.08433567,480.000,4919.400,0.09757287,1237,4,34,0.8814,0.0117,0.0454,OFICIAL
NACIONAL,BRASIL,2025-23,CHOCOLATES,ALPHA,FAB_ALPHA,N,24936.21,315986.10,0.07891553,0.07891553,233.600,4919.400,0.04748547,911,5,22,0.8814,0.0117,0.0454,OFICIAL
NACIONAL,BRASIL,2025-23,CHOCOLATES,NESCAFE,NESTLE,Y,22211.01,315986.10,0.0702911,0.0702911,426.700,4919.400,0.08673822,679,6,16,0.8814,0.0117,0.0454,OFICIAL
NACIONAL,BRASIL,2025-23,CHOCOLATES,NOVA,FAB_NOVA,N,20715.65,315986.10,0.06555874,0.06555874,320.400,4919.400,0.06512989,832,7,23,0.8814,0.0117,0.0454,OFICIAL
NACIONAL,BRASIL,2025-23,CHOCOLATES,NESQUIK,NESTLE,Y,19313.89,315986.10,0.06112259,0.06112259,489.500,4919.400,0.099504,760,8,17,0.8814,0.0117,0.0454,OFICIAL
NACIONAL,BRASIL,2025-23,CHOCOLATES,MOCA,NESTLE,Y,16084.49,315986.10,0.05090252,0.05090252,328.200,4919.400,0.06671545,472,9,13,0.8814,0.0117,0.0454,OFICIAL
NACIONAL,BRASIL,2025-23,CHOCOLATES,GAROTO,NESTLE,Y,15862.10,315986.10,0.05019873,0.05019873,63.300,4919.400,0.01286742,421,10,4,0.8814,0.0117,0.0454,OFICIAL
NACIONAL,BRASIL,2025-23,CHOCOLATES,NINHO,NESTLE,Y,15577.41,315986.10,0.04929777,0.04929777,121.100,4919.400,0.02461682,465,11,15,0.8814,0.0117,0.0454,OFICIAL
NACIONAL,BRASIL,2025-23,CHOCOLATES,MAGGI,NESTLE,Y,12465.98,315986.10,0.03945104,0.03945104,81.300,4919.400,0.01652641,352,12,8,0.8814,0.0117,0.0454,OFICIAL
NACIONAL,BRASIL,2025-23,CHOCOLATES,SOLAR,FAB_SOLAR,N,11851.19,315986.10,0.03750542,0.03750542,195.500,4919.400,0.03974062,360,13,15,0.8814,0.0117,0.0454,OFICIAL
NACIONAL,BRASIL,2025-23,CHOCOLATES,KITKAT,NESTLE,Y,10477.33,315986.10,0.03315757,0.03315757,258.800,4919.400,0.05260804,740,14,16,0.8814,0.0117,0.0454,OFICIAL
NACIONAL,BRASIL,2025-23,CULINARIOS,NINHO,NESTLE,Y,47184.39,270496.37,0.17443632,0.17443632,704.100,4171.800,0.16877607,1404,1,23,0.8814,0.0117,0.0549,OFICIAL
NACIONAL,BRASIL,2025-23,CULINARIOS,NOVA,FAB_NOVA,N,31782.85,270496.37,0.11749825,0.11749825,470.500,4171.800,0.11278105,992,2,29,0.8814,0.0117,0.0549,OFICIAL
NACIONAL,BRASIL,2025-23,CULINARIOS,VIVA,FAB_VIVA,N,26700.48,270496.37,0.0987092,0.0987092,355.200,4171.800,0.0851431,1241,3,26,0.8814,0.0117,0.0549,OFICIAL
NACIONAL,BRASIL,2025-23,CULINARIOS,BETA,FAB_BETA,N,25678.74,270496.37,0.09493192,0.09493192,378.300,4171.800,0.09068028,968,4,25,0.8814,0.0117,0.0549,OFICIAL
NACIONAL,BRASIL,2025-23,CULINARIOS,PRIME,FAB_PRIME,N,23496.40,270496.37,0.08686401,0.08686401,425.900,4171.800,0.10209022,871,5,20,0.8814,0.0117,0.0549,OFICIAL
NACIONAL,BRASIL,2025-23,CULINARIOS,ALPHA,FAB_ALPHA,N,19897.06,270496.37,0.07355759,0.07355759,534.900,4171.800,0.12821804,626,6,16,0.8814,0.0117,0.0549,OFICIAL
NACIONAL,BRASIL,2025-23,CULINARIOS,NESQUIK,NESTLE,Y,19686.96,270496.37,0.07278087,0.07278087,313.500,4171.800,0.07514742,539,7,19,0.8814,0.0117,0.0549,OFICIAL
NACIONAL,BRASIL,2025-23,CULINARIOS,GAROTO,NESTLE,Y,15040.57,270496.37,0.05560359,0.05560359,364.400,4171.800,0.08734839,637,8,19,0.8814,0.0117,0.0549,OFICIAL
NACIONAL,BRASIL,2025-23,CULINARIOS,MAGGI,NESTLE,Y,13892.39,270496.37,0.05135888,0.05135888,90.600,4171.800,0.02171724,380,9,10,0.8814,0.0117,0.0549,OFICIAL
NACIONAL,BRASIL,2025-23,CULINARIOS,SOLAR,FAB_SOLAR,N,13197.03,270496.37,0.0487882,0.0487882,166.100,4171.800,0.03981495,504,10,17,0.8814,0.0117,0.0549,OFICIAL
NACIONAL,BRASIL,2025-23,CULINARIOS,DELTA,FAB_DELTA,N,11892.11,270496.37,0.04396403,0.04396403,150.800,4171.800,0.03614747,329,11,8,0.8814,0.0117,0.0549,OFICIAL
NACIONAL,BRASIL,2025-23,CULINARIOS,MOCA,NESTLE,Y,10980.59,270496.37,0.04059422,0.04059422,81.400,4171.800,0.01951196,395,12,10,0.8814,0.0117,0.0549,OFICIAL
NACIONAL,BRASIL,2025-23,CULINARIOS,KITKAT,NESTLE,Y,6410.28,270496.37,0.02369821,0.02369821,62.700,4171.800,0.01502948,282,13,12,0.8814,0.0117,0.0549,OFICIAL
NACIONAL,BRASIL,2025-23,CULINARIOS,NESCAFE,NESTLE,Y,4656.52,270496.37,0.01721472,0.01721472,73.400,4171.800,0.01759432,289,14,9,0.8814,0.0117,0.0549,OFICIAL
NACIONAL,BRASIL,2025-23,LACTEOS,ALPHA,FAB_ALPHA,N,58148.97,318049.67,0.18282984,0.18282984,801.200,4903.400,0.16339683,1543,1,32,0.8814,0.0117,0.047,OFICIAL
NACIONAL,BRASIL,2025-23,LACTEOS,DELTA,FAB_DELTA,N,51984.96,318049.67,0.16344919,0.16344919,891.300,4903.400,0.18177183,1899,2,39,0.8814,0.0117,0.047,OFICIAL
NACIONAL,BRASIL,2025-23,LACTEOS,VIVA,FAB_VIVA,N,34855.12,318049.67,0.10959018,0.10959018,456.700,4903.400,0.09313945,1293,3,31,0.8814,0.0117,0.047,OFICIAL
NACIONAL,BRASIL,2025-23,LACTEOS,PRIME,FAB_PRIME,N,32629.62,318049.67,0.10259284,0.10259284,457.200,4903.400,0.09324142,1196,4,23,0.8814,0.0117,0.047,OFICIAL
NACIONAL,BRASIL,2025-23,LACTEOS,SOLAR,FAB_SOLAR,N,29666.64,318049.67,0.09327675,0.09327675,495.800,4903.400,0.10111351,987,5,33,0.8814,0.0117,0.047,OFICIAL
NACIONAL,BRASIL,2025-23,LACTEOS,NESCAFE,NESTLE,Y,20595.26,318049.67,0.06475485,0.06475485,498.000,4903.400,0.10156218,781,6,18,0.8814,0.0117,0.047,OFICIAL
NACIONAL,BRASIL,2025-23,LACTEOS,MOCA,NESTLE,Y,19515.33,318049.67,0.06135938,0.06135938,311.400,4903.400,0.06350695,568,7,17,0.8814,0.0117,0.047,OFICIAL
NACIONAL,BRASIL,2025-23,LACTEOS,BETA,FAB_BETA,N,18447.11,318049.67,0.05800072,0.05800072,316.400,4903.400,0.06452666,763,8,22,0.8814,0.0117,0.047,OFICIAL
NACIONAL,BRASIL,2025-23,LACTEOS,NOVA,FAB_NOVA,N,14039.16,318049.67,0.04414141,0.04414141,245.900,4903.400,0.05014888,553,9,24,0.8814,0.0117,0.047,OFICIAL
NACIONAL,BRASIL,2025-23,LACTEOS,NESQUIK,NESTLE,Y,12272.18,318049.67,0.03858573,0.03858573,191.300,4903.400,0.03901375,490,10,18,0.8814,0.0117,0.047,OFICIAL
NACIONAL,BRASIL,2025-23,LACTEOS,MAGGI,NESTLE,Y,10722.05,318049.67,0.03371187,0.03371187,80.500,4903.400,0.01641718,301,11,8,0.8814,0.0117,0.047,OFICIAL
NACIONAL,BRASIL,2025-23,LACTEOS,KITKAT,NESTLE,Y,5834.55,318049.67,0.01834478,0.01834478,63.300,4903.400,0.01290941,283,12,7,0.8814,0.0117,0.047,OFICIAL
NACIONAL,BRASIL,2025-23,LACTEOS,NINHO,NESTLE,Y,5810.36,318049.67,0.01826872,0.01826872,59.600,4903.400,0.01215483,181,13,6,0.8814,0.0117,0.047,OFICIAL
NACIONAL,BRASIL,2025-23,LACTEOS,GAROTO,NESTLE,Y,3528.36,318049.67,0.01109374,0.01109374,34.800,4903.400,0.00709712,103,14,4,0.8814,0.0117,0.047,OFICIAL
NACIONAL,BRASIL,2025-23,NUTRICAO,ALPHA,FAB_ALPHA,N,37397.37,287044.62,0.13028417,0.13028417,543.600,4443.000,0.12234976,1333,1,30,0.8814,0.0117,0.1437,OFICIAL
NACIONAL,BRASIL,2025-23,NUTRICAO,BETA,FAB_BETA,N,31609.21,287044.62,0.1101195,0.1101195,273.500,4443.000,0.06155751,872,2,29,0.8814,0.0117,0.1437,OFICIAL
NACIONAL,BRASIL,2025-23,NUTRICAO,PRIME,FAB_PRIME,N,29366.68,287044.62,0.10230702,0.10230702,347.600,4443.000,0.07823543,1038,3,24,0.8814,0.0117,0.1437,OFICIAL
NACIONAL,BRASIL,2025-23,NUTRICAO,SOLAR,FAB_SOLAR,N,26516.55,287044.62,0.0923778,0.0923778,240.000,4443.000,0.05401756,772,4,17,0.8814,0.0117,0.1437,OFICIAL
NACIONAL,BRASIL,2025-23,NUTRICAO,DELTA,FAB_DELTA,N,24222.55,287044.62,0.08438601,0.08438601,508.100,4443.000,0.11435967,1080,5,30,0.8814,0.0117,0.1437,OFICIAL
NACIONAL,BRASIL,2025-23,NUTRICAO,NOVA,FAB_NOVA,N,23059.81,287044.62,0.08033528,0.08033528,359.300,4443.000,0.08086878,683,6,20,0.8814,0.0117,0.1437,OFICIAL
NACIONAL,BRASIL,2025-23,NUTRICAO,NESQUIK,NESTLE,Y,20463.23,287044.62,0.07128937,0.07128937,714.800,4443.000,0.16088229,1472,7,40,0.8814,0.0117,0.1437,OFICIAL
NACIONAL,BRASIL,2025-23,NUTRICAO,GAROTO,NESTLE,Y,19890.75,287044.62,0.06929498,0.06929498,479.500,4443.000,0.10792257,746,8,16,0.8814,0.0117,0.1437,OFICIAL
NACIONAL,BRASIL,2025-23,NUTRICAO,NESCAFE,NESTLE,Y,19272.55,287044.62,0.0671413,0.0671413,150.900,4443.000,0.03396354,471,9,7,0.8814,0.0117,0.1437,OFICIAL
NACIONAL,BRASIL,2025-23,NUTRICAO,KITKAT,NESTLE,Y,16547.92,287044.62,0.0576493,0.0576493,199.300,4443.000,0.04485708,541,10,14,0.8814,0.0117,0.1437,OFICIAL
NACIONAL,BRASIL,2025-23,NUTRICAO,NINHO,NESTLE,Y,15075.70,287044.62,0.05252041,0.05252041,191.400,4443.000,0.043079,512,11,15,0.8814,0.0117,0.1437,OFICIAL
NACIONAL,BRASIL,2025-23,NUTRICAO,VIVA,FAB_VIVA,N,13287.75,287044.62,0.04629158,0.04629158,182.100,4443.000,0.04098582,400,12,17,0.8814,0.0117,0.1437,OFICIAL
NACIONAL,BRASIL,2025-23,NUTRICAO,MOCA,NESTLE,Y,7578.48,287044.62,0.02640175,0.02640175,186.300,4443.000,0.04193113,252,13,4,0.8814,0.0117,0.1437,OFICIAL
NACIONAL,BRASIL,2025-23,NUTRICAO,MAGGI,NESTLE,Y,2756.07,287044.62,0.00960154,0.00960154,66.600,4443.000,0.01498987,90,14,4,0.8814,0.0117,0.1437,OFICIAL
NACIONAL,BRASIL,2025-24,BEBIDAS,NESCAFE,NESTLE,Y,44024.77,300899.50,0.14631055,0.14631055,419.300,4763.100,0.0880309,1932,1,32,0.8658,0.0118,0.0945,OFICIAL
NACIONAL,BRASIL,2025-24,BEBIDAS,SOLAR,FAB_SOLAR,N,39912.43,300899.50,0.13264372,0.13264372,456.700,4763.100,0.09588293,1257,2,22,0.8658,0.0118,0.0945,OFICIAL
NACIONAL,BRASIL,2025-24,BEBIDAS,NINHO,NESTLE,Y,34566.74,300899.50,0.11487802,0.11487802,729.000,4763.100,0.15305158,1727,3,40,0.8658,0.0118,0.0945,OFICIAL
NACIONAL,BRASIL,2025-24,BEBIDAS,NESQUIK,NESTLE,Y,27165.15,300899.50,0.09027981,0.09027981,364.700,4763.100,0.07656778,850,4,22,0.8658,0.0118,0.0945,OFICIAL
NACIONAL,BRASIL,2025-24,BEBIDAS,NOVA,FAB_NOVA,N,24725.85,300899.50,0.08217312,0.08217312,514.700,4763.100,0.10805988,823,5,20,0.8658,0.0118,0.0945,OFICIAL
NACIONAL,BRASIL,2025-24,BEBIDAS,BETA,FAB_BETA,N,23243.99,300899.50,0.07724835,0.07724835,252.800,4763.100,0.05307468,822,6,26,0.8658,0.0118,0.0945,OFICIAL
NACIONAL,BRASIL,2025-24,BEBIDAS,GAROTO,NESTLE,Y,20475.28,300899.50,0.06804691,0.06804691,224.000,4763.100,0.0470282,553,7,18,0.8658,0.0118,0.0945,OFICIAL
NACIONAL,BRASIL,2025-24,BEBIDAS,ALPHA,FAB_ALPHA,N,20015.64,300899.50,0.06651935,0.06651935,334.900,4763.100,0.07031135,780,8,20,0.8658,0.0118,0.0945,OFICIAL
NACIONAL,BRASIL,2025-24,BEBIDAS,PRIME,FAB_PRIME,N,19463.99,300899.50,0.06468602,0.06468602,465.100,4763.100,0.09764649,827,9,27,0.8658,0.0118,0.0945,OFICIAL
NACIONAL,BRASIL,2025-24,BEBIDAS,DELTA,FAB_DELTA,N,13143.60,300899.50,0.04368103,0.04368103,310.600,4763.100,0.06520963,659,10,16,0.8658,0.0118,0.0945,OFICIAL
NACIONAL,BRASIL,2025-24,BEBIDAS,VIVA,FAB_VIVA,N,11526.20,300899.50,0.03830581,0.03830581,301.700,4763.100,0.0633411,454,11,16,0.8658,0.0118,0.0945,OFICIAL
NACIONAL,BRASIL,2025-24,BEBIDAS,MOCA,NESTLE,Y,9642.93,300899.50,0.03204701,0.03204701,158.600,4763.100,0.03329764,333,12,15,0.8658,0.0118,0.0945,OFICIAL
NACIONAL,BRASIL,2025-24,BEBIDAS,KITKAT,NESTLE,Y,6839.98,300899.50,0.02273178,0.02273178,77.100,4763.100,0.01618694,217,13,9,0.8658,0.0118,0.0945,OFICIAL
NACIONAL,BRASIL,2025-24,BEBIDAS,MAGGI,NESTLE,Y,6152.95,300899.50,0.02044852,0.02044852,153.900,4763.100,0.03231089,309,14,10,0.8658,0.0118,0.0945,OFICIAL
NACIONAL,BRASIL,2025-24,CHOCOLATES,NESCAFE,NESTLE,Y,44959.65,305462.99,0.14718526,0.14718526,474.400,4506.600,0.10526783,1273,1,22,0.8658,0.0118,0.0461,OFICIAL
NACIONAL,BRASIL,2025-24,CHOCOLATES,DELTA,FAB_DELTA,N,34269.26,305462.99,0.11218793,0.11218793,477.400,4506.600,0.10593352,1238,2,28,0.8658,0.0118,0.0461,OFICIAL
NACIONAL,BRASIL,2025-24,CHOCOLATES,VIVA,FAB_VIVA,N,32822.47,305462.99,0.10745154,0.10745154,566.700,4506.600,0.1257489,1219,3,30,0.8658,0.0118,0.0461,OFICIAL
NACIONAL,BRASIL,2025-24,CHOCOLATES,KITKAT,NESTLE,Y,24570.71,305462.99,0.0804376,0.0804376,395.400,4506.600,0.08773798,876,4,17,0.8658,0.0118,0.0461,OFICIAL
NACIONAL,BRASIL,2025-24,CHOCOLATES,NOVA,FAB_NOVA,N,23537.60,305462.99,0.07705549,0.07705549,266.100,4506.600,0.05904673,864,5,23,0.8658,0.0118,0.0461,OFICIAL
NACIONAL,BRASIL,2025-24,CHOCOLATES,ALPHA,FAB_ALPHA,N,20615.52,305462.99,0.06748942,0.06748942,279.500,4506.600,0.06202015,723,6,21,0.8658,0.0118,0.0461,OFICIAL
NACIONAL,BRASIL,2025-24,CHOCOLATES,BETA,FAB_BETA,N,20324.01,305462.99,0.0665351,0.0665351,252.400,4506.600,0.05600675,893,7,26,0.8658,0.0118,0.0461,OFICIAL
NACIONAL,BRASIL,2025-24,CHOCOLATES,SOLAR,FAB_SOLAR,N,18547.07,305462.99,0.0607179,0.0607179,400.200,4506.600,0.08880309,706,8,18,0.8658,0.0118,0.0461,OFICIAL
NACIONAL,BRASIL,2025-24,CHOCOLATES,NINHO,NESTLE,Y,17564.03,305462.99,0.0574997,0.0574997,265.900,4506.600,0.05900235,545,9,19,0.8658,0.0118,0.0461,OFICIAL
NACIONAL,BRASIL,2025-24,CHOCOLATES,NESQUIK,NESTLE,Y,16492.50,305462.99,0.05399181,0.05399181,168.500,4506.600,0.03738961,504,10,16,0.8658,0.0118,0.0461,OFICIAL
NACIONAL,BRASIL,2025-24,CHOCOLATES,PRIME,FAB_PRIME,N,16426.74,305462.99,0.05377653,0.05377653,340.300,4506.600,0.07551147,615,11,22,0.8658,0.0118,0.0461,OFICIAL
NACIONAL,BRASIL,2025-24,CHOCOLATES,MOCA,NESTLE,Y,14296.60,305462.99,0.04680305,0.04680305,111.600,4506.600,0.02476368,388,12,8,0.8658,0.0118,0.0461,OFICIAL
NACIONAL,BRASIL,2025-24,CHOCOLATES,GAROTO,NESTLE,Y,12071.31,305462.99,0.03951808,0.03951808,381.300,4506.600,0.08460924,582,13,8,0.8658,0.0118,0.0461,OFICIAL
NACIONAL,BRASIL,2025-24,CHOCOLATES,MAGGI,NESTLE,Y,8965.52,305462.99,0.02935059,0.02935059,126.900,4506.600,0.0281587,234,14,9,0.8658,0.0118,0.0461,OFICIAL
NACIONAL,BRASIL,2025-24,CULINARIOS,NOVA,FAB_NOVA,N,46996.55,271591.86,0.17304108,0.17304108,711.300,3822.400,0.18608728,1459,1,41,0.8658,0.0118,0.0378,OFICIAL
NACIONAL,BRASIL,2025-24,CULINARIOS,VIVA,FAB_VIVA,N,39702.04,271591.86,0.14618273,0.14618273,426.700,3822.400,0.11163144,1253,2,32,0.8658,0.0118,0.0378,OFICIAL
NACIONAL,BRASIL,2025-24,CULINARIOS,BETA,FAB_BETA,N,33932.92,271591.86,0.12494086,0.12494086,376.700,3822.400,0.09855065,1135,3,28,0.8658,0.0118,0.0378,OFICIAL
NACIONAL,BRASIL,2025-24,CULINARIOS,NINHO,NESTLE,Y,27652.08,271591.86,0.10181483,0.10181483,397.700,3822.400,0.10404458,794,4,20,0.8658,0.0118,0.0378,OFICIAL
NACIONAL,BRASIL,2025-24,CULINARIOS,PRIME,FAB_PRIME,N,27084.17,271591.86,0.09972379,0.09972379,368.700,3822.400,0.09645772,1135,5,32,0.8658,0.0118,0.0378,OFICIAL
NACIONAL,BRASIL,2025-24,CULINARIOS,KITKAT,NESTLE,Y,18764.73,271591.86,0.06909165,0.06909165,126.000,3822.400,0.03296358,589,6,14,0.8658,0.0118,0.0378,OFICIAL
NACIONAL,BRASIL,2025-24,CULINARIOS,MAGGI,NESTLE,Y,17306.90,271591.86,0.06372393,0.06372393,141.000,3822.400,0.03688782,580,7,17,0.8658,0.0118,0.0378,OFICIAL
NACIONAL,BRASIL,2025-24,CULINARIOS,DELTA,FAB_DELTA,N,16074.14,271591.86,0.05918491,0.05918491,428.400,3822.400,0.11207618,598,8,18,0.8658,0.0118,0.0378,OFICIAL
NACIONAL,BRASIL,2025-24,CULINARIOS,GAROTO,NESTLE,Y,8747.75,271591.86,0.03220918,0.03220918,160.400,3822.400,0.04196316,354,9,15,0.8658,0.0118,0.0378,OFICIAL
NACIONAL,BRASIL,2025-24,CULINARIOS,SOLAR,FAB_SOLAR,N,8252.90,271591.86,0.03038714,0.03038714,186.100,3822.400,0.04868669,383,10,14,0.8658,0.0118,0.0378,OFICIAL
NACIONAL,BRASIL,2025-24,CULINARIOS,ALPHA,FAB_ALPHA,N,7241.08,271591.86,0.02666162,0.02666162,67.800,3822.400,0.01773755,174,11,7,0.8658,0.0118,0.0378,OFICIAL
NACIONAL,BRASIL,2025-24,CULINARIOS,MOCA,NESTLE,Y,7161.38,271591.86,0.02636817,0.02636817,174.300,3822.400,0.04559962,310,12,13,0.8658,0.0118,0.0378,OFICIAL
NACIONAL,BRASIL,2025-24,CULINARIOS,NESQUIK,NESTLE,Y,6953.01,271591.86,0.02560095,0.02560095,106.400,3822.400,0.02783591,380,13,11,0.8658,0.0118,0.0378,OFICIAL
NACIONAL,BRASIL,2025-24,CULINARIOS,NESCAFE,NESTLE,Y,5722.21,271591.86,0.02106915,0.02106915,150.900,3822.400,0.03947782,295,14,8,0.8658,0.0118,0.0378,OFICIAL
NACIONAL,BRASIL,2025-24,LACTEOS,DELTA,FAB_DELTA,N,49200.20,350461.05,0.14038707,0.14038707,1092.600,5075.300,0.21527791,1715,1,35,0.8658,0.0118,0.0308,OFICIAL
NACIONAL,BRASIL,2025-24,LACTEOS,BETA,FAB_BETA,N,45578.59,350461.05,0.13005323,0.13005323,335.300,5075.300,0.06606506,1240,2,26,0.8658,0.0118,0.0308,OFICIAL
NACIONAL,BRASIL,2025-24,LACTEOS,NOVA,FAB_NOVA,N,36001.04,350461.05,0.1027248,0.1027248,497.300,5075.300,0.09798436,1268,3,21,0.8658,0.0118,0.0308,OFICIAL
NACIONAL,BRASIL,2025-24,LACTEOS,PRIME,FAB_PRIME,N,33479.50,350461.05,0.09552987,0.09552987,459.800,5075.300,0.09059563,1009,4,19,0.8658,0.0118,0.0308,OFICIAL
NACIONAL,BRASIL,2025-24,LACTEOS,SOLAR,FAB_SOLAR,N,31746.95,350461.05,0.09058624,0.09058624,659.600,5075.300,0.12996276,1028,5,37,0.8658,0.0118,0.0308,OFICIAL
NACIONAL,BRASIL,2025-24,LACTEOS,VIVA,FAB_VIVA,N,26904.44,350461.05,0.0767687,0.0767687,436.500,5075.300,0.08600477,955,6,38,0.8658,0.0118,0.0308,OFICIAL
NACIONAL,BRASIL,2025-24,LACTEOS,NESCAFE,NESTLE,Y,25924.34,350461.05,0.0739721,0.0739721,222.100,5075.300,0.04376096,542,7,11,0.8658,0.0118,0.0308,OFICIAL
NACIONAL,BRASIL,2025-24,LACTEOS,ALPHA,FAB_ALPHA,N,22337.42,350461.05,0.06373724,0.06373724,202.200,5075.300,0.03984001,604,8,26,0.8658,0.0118,0.0308,OFICIAL
NACIONAL,BRASIL,2025-24,LACTEOS,KITKAT,NESTLE,Y,22137.02,350461.05,0.06316542,0.06316542,296.900,5075.300,0.05849901,552,9,12,0.8658,0.0118,0.0308,OFICIAL
NACIONAL,BRASIL,2025-24,LACTEOS,NINHO,NESTLE,Y,17862.01,350461.05,0.05096718,0.05096718,142.100,5075.300,0.02799834,536,10,17,0.8658,0.0118,0.0308,OFICIAL
NACIONAL,BRASIL,2025-24,LACTEOS,NESQUIK,NESTLE,Y,14978.07,350461.05,0.04273819,0.04273819,111.900,5075.300,0.02204796,420,11,17,0.8658,0.0118,0.0308,OFICIAL
NACIONAL,BRASIL,2025-24,LACTEOS,GAROTO,NESTLE,Y,9726.53,350461.05,0.02775353,0.02775353,396.800,5075.300,0.07818257,561,12,12,0.8658,0.0118,0.0308,OFICIAL
NACIONAL,BRASIL,2025-24,LACTEOS,MAGGI,NESTLE,Y,8328.75,350461.05,0.02376512,0.02376512,95.800,5075.300,0.01887573,326,13,11,0.8658,0.0118,0.0308,OFICIAL
NACIONAL,BRASIL,2025-24,LACTEOS,MOCA,NESTLE,Y,6256.19,350461.05,0.01785131,0.01785131,126.400,5075.300,0.02490493,307,14,11,0.8658,0.0118,0.0308,OFICIAL
NACIONAL,BRASIL,2025-24,NUTRICAO,VIVA,FAB_VIVA,N,31700.81,293960.09,0.10784052,0.10784052,609.900,4667.400,0.13067232,1042,1,25,0.8658,0.0118,0.0334,OFICIAL
NACIONAL,BRASIL,2025-24,NUTRICAO,ALPHA,FAB_ALPHA,N,30462.21,293960.09,0.10362703,0.10362703,617.100,4667.400,0.13221494,1037,2,26,0.8658,0.0118,0.0334,OFICIAL
NACIONAL,BRASIL,2025-24,NUTRICAO,KITKAT,NESTLE,Y,30276.15,293960.09,0.10299408,0.10299408,419.200,4667.400,0.08981446,1038,3,22,0.8658,0.0118,0.0334,OFICIAL
NACIONAL,BRASIL,2025-24,NUTRICAO,NINHO,NESTLE,Y,29866.71,293960.09,0.10160124,0.10160124,362.200,4667.400,0.07760209,937,4,25,0.8658,0.0118,0.0334,OFICIAL
NACIONAL,BRASIL,2025-24,NUTRICAO,PRIME,FAB_PRIME,N,27558.56,293960.09,0.09374933,0.09374933,351.000,4667.400,0.07520247,869,5,30,0.8658,0.0118,0.0334,OFICIAL
NACIONAL,BRASIL,2025-24,NUTRICAO,BETA,FAB_BETA,N,26547.81,293960.09,0.09031093,0.09031093,375.100,4667.400,0.08036594,1074,6,29,0.8658,0.0118,0.0334,OFICIAL
NACIONAL,BRASIL,2025-24,NUTRICAO,MOCA,NESTLE,Y,24434.64,293960.09,0.0831223,0.0831223,288.900,4667.400,0.06189742,931,7,18,0.8658,0.0118,0.0334,OFICIAL
NACIONAL,BRASIL,2025-24,NUTRICAO,SOLAR,FAB_SOLAR,N,21484.14,293960.09,0.07308523,0.07308523,342.500,4667.400,0.07338133,888,8,20,0.8658,0.0118,0.0334,OFICIAL
NACIONAL,BRASIL,2025-24,NUTRICAO,DELTA,FAB_DELTA,N,18866.93,293960.09,0.06418194,0.06418194,303.300,4667.400,0.06498265,885,9,29,0.8658,0.0118,0.0334,OFICIAL
NACIONAL,BRASIL,2025-24,NUTRICAO,NESQUIK,NESTLE,Y,17481.73,293960.09,0.05946974,0.05946974,433.200,4667.400,0.09281399,1310,10,34,0.8658,0.0118,0.0334,OFICIAL
NACIONAL,BRASIL,2025-24,NUTRICAO,NOVA,FAB_NOVA,N,12713.85,293960.09,0.04325026,0.04325026,204.900,4667.400,0.04390024,552,11,19,0.8658,0.0118,0.0334,OFICIAL
NACIONAL,BRASIL,2025-24,NUTRICAO,GAROTO,NESTLE,Y,11409.17,293960.09,0.03881197,0.03881197,146.200,4667.400,0.03132365,289,12,11,0.8658,0.0118,0.0334,OFICIAL
NACIONAL,BRASIL,2025-24,NUTRICAO,NESCAFE,NESTLE,Y,6019.73,293960.09,0.02047805,0.02047805,93.900,4667.400,0.02011827,293,13,7,0.8658,0.0118,0.0334,OFICIAL
NACIONAL,BRASIL,2025-24,NUTRICAO,MAGGI,NESTLE,Y,5137.65,293960.09,0.01747737,0.01747737,120.000,4667.400,0.02571025,156,14,5,0.8658,0.0118,0.0334,OFICIAL
NACIONAL,BRASIL,2025-25,BEBIDAS,DELTA,FAB_DELTA,N,50691.71,389998.68,0.12997918,0.12997918,817.500,5866.500,0.13935055,1520,1,24,0.8427,0.0115,0.2116,OFICIAL
NACIONAL,BRASIL,2025-25,BEBIDAS,NESQUIK,NESTLE,Y,45491.97,389998.68,0.11664647,0.11664647,464.700,5866.500,0.07921248,1178,2,14,0.8427,0.0115,0.2116,OFICIAL
NACIONAL,BRASIL,2025-25,BEBIDAS,SOLAR,FAB_SOLAR,N,41050.28,389998.68,0.10525748,0.10525748,703.600,5866.500,0.11993523,1308,3,31,0.8427,0.0115,0.2116,OFICIAL
NACIONAL,BRASIL,2025-25,BEBIDAS,MAGGI,NESTLE,Y,40343.45,389998.68,0.10344509,0.10344509,275.000,5866.500,0.04687633,395,4,10,0.8427,0.0115,0.2116,OFICIAL
NACIONAL,BRASIL,2025-25,BEBIDAS,NESCAFE,NESTLE,Y,38557.41,389998.68,0.09886549,0.09886549,852.600,5866.500,0.14533367,2088,5,36,0.8427,0.0115,0.2116,OFICIAL
NACIONAL,BRASIL,2025-25,BEBIDAS,ALPHA,FAB_ALPHA,N,37628.35,389998.68,0.09648328,0.09648328,530.900,5866.500,0.09049689,1286,6,24,0.8427,0.0115,0.2116,OFICIAL
NACIONAL,BRASIL,2025-25,BEBIDAS,NINHO,NESTLE,Y,33390.81,389998.68,0.08561775,0.08561775,772.700,5866.500,0.13171397,1879,7,37,0.8427,0.0115,0.2116,OFICIAL
NACIONAL,BRASIL,2025-25,BEBIDAS,BETA,FAB_BETA,N,25764.50,389998.68,0.06606304,0.06606304,543.900,5866.500,0.09271286,1116,8,30,0.8427,0.0115,0.2116,OFICIAL
NACIONAL,BRASIL,2025-25,BEBIDAS,GAROTO,NESTLE,Y,24863.53,389998.68,0.06375286,0.06375286,181.300,5866.500,0.03090429,620,9,17,0.8427,0.0115,0.2116,OFICIAL
NACIONAL,BRASIL,2025-25,BEBIDAS,NOVA,FAB_NOVA,N,16957.45,389998.68,0.04348079,0.04348079,237.800,5866.500,0.04053524,723,10,19,0.8427,0.0115,0.2116,OFICIAL
NACIONAL,BRASIL,2025-25,BEBIDAS,PRIME,FAB_PRIME,N,12021.09,389998.68,0.03082341,0.03082341,126.400,5866.500,0.02154607,400,11,14,0.8427,0.0115,0.2116,OFICIAL
NACIONAL,BRASIL,2025-25,BEBIDAS,VIVA,FAB_VIVA,N,8875.15,389998.68,0.02275687,0.02275687,118.700,5866.500,0.02023353,309,12,12,0.8427,0.0115,0.2116,OFICIAL
NACIONAL,BRASIL,2025-25,BEBIDAS,KITKAT,NESTLE,Y,7830.50,389998.68,0.02007827,0.02007827,106.300,5866.500,0.01811983,153,13,5,0.8427,0.0115,0.2116,OFICIAL
NACIONAL,BRASIL,2025-25,BEBIDAS,MOCA,NESTLE,Y,6532.48,389998.68,0.01675001,0.01675001,135.100,5866.500,0.02302906,295,14,10,0.8427,0.0115,0.2116,OFICIAL
NACIONAL,BRASIL,2025-25,CHOCOLATES,VIVA,FAB_VIVA,N,45825.23,311511.80,0.14710592,0.14710592,352.400,4170.100,0.08450637,1259,1,32,0.8427,0.0115,0.0355,OFICIAL
NACIONAL,BRASIL,2025-25,CHOCOLATES,SOLAR,FAB_SOLAR,N,34901.66,311511.80,0.11203961,0.11203961,316.800,4170.100,0.0759694,1183,2,22,0.8427,0.0115,0.0355,OFICIAL
NACIONAL,BRASIL,2025-25,CHOCOLATES,ALPHA,FAB_ALPHA,N,32847.87,311511.80,0.10544663,0.10544663,506.300,4170.100,0.12141196,1153,3,27,0.8427,0.0115,0.0355,OFICIAL
NACIONAL,BRASIL,2025-25,CHOCOLATES,BETA,FAB_BETA,N,32251.51,311511.80,0.10353223,0.10353223,514.100,4170.100,0.12328242,1283,4,33,0.8427,0.0115,0.0355,OFICIAL
NACIONAL,BRASIL,2025-25,CHOCOLATES,PRIME,FAB_PRIME,N,30165.04,311511.80,0.09683434,0.09683434,490.000,4170.100,0.11750318,909,5,19,0.8427,0.0115,0.0355,OFICIAL
NACIONAL,BRASIL,2025-25,CHOCOLATES,NOVA,FAB_NOVA,N,28916.03,311511.80,0.09282483,0.09282483,494.200,4170.100,0.11851035,1055,6,29,0.8427,0.0115,0.0355,OFICIAL
NACIONAL,BRASIL,2025-25,CHOCOLATES,NESCAFE,NESTLE,Y,26941.12,311511.80,0.08648507,0.08648507,362.900,4170.100,0.08702429,1024,7,16,0.8427,0.0115,0.0355,OFICIAL
NACIONAL,BRASIL,2025-25,CHOCOLATES,KITKAT,NESTLE,Y,16127.06,311511.80,0.0517703,0.0517703,139.400,4170.100,0.03342846,495,8,15,0.8427,0.0115,0.0355,OFICIAL
NACIONAL,BRASIL,2025-25,CHOCOLATES,NESQUIK,NESTLE,Y,14545.23,311511.80,0.04669239,0.04669239,176.100,4170.100,0.0422292,466,9,15,0.8427,0.0115,0.0355,OFICIAL
NACIONAL,BRASIL,2025-25,CHOCOLATES,DELTA,FAB_DELTA,N,14127.10,311511.80,0.04535013,0.04535013,257.900,4170.100,0.06184504,588,10,25,0.8427,0.0115,0.0355,OFICIAL
NACIONAL,BRASIL,2025-25,CHOCOLATES,MAGGI,NESTLE,Y,11899.47,311511.80,0.0381991,0.0381991,233.400,4170.100,0.05596988,601,11,15,0.8427,0.0115,0.0355,OFICIAL
NACIONAL,BRASIL,2025-25,CHOCOLATES,NINHO,NESTLE,Y,11196.07,311511.80,0.03594108,0.03594108,104.600,4170.100,0.02508333,429,12,13,0.8427,0.0115,0.0355,OFICIAL
NACIONAL,BRASIL,2025-25,CHOCOLATES,MOCA,NESTLE,Y,7577.28,311511.80,0.02432422,0.02432422,157.300,4170.100,0.03772092,268,13,8,0.8427,0.0115,0.0355,OFICIAL
NACIONAL,BRASIL,2025-25,CHOCOLATES,GAROTO,NESTLE,Y,4191.13,311511.80,0.01345416,0.01345416,64.700,4170.100,0.01551522,122,14,4,0.8427,0.0115,0.0355,OFICIAL
NACIONAL,BRASIL,2025-25,CULINARIOS,NOVA,FAB_NOVA,N,73329.68,401355.89,0.18270488,0.18270488,1424.600,5366.900,0.26544188,2209,1,36,0.8427,0.0115,0.04,OFICIAL
NACIONAL,BRASIL,2025-25,CULINARIOS,SOLAR,FAB_SOLAR,N,63446.83,401355.89,0.15808122,0.15808122,338.500,5366.900,0.06307179,1331,2,19,0.8427,0.0115,0.04,OFICIAL
NACIONAL,BRASIL,2025-25,CULINARIOS,PRIME,FAB_PRIME,N,39305.96,401355.89,0.09793293,0.09793293,528.200,5366.900,0.09841808,1280,3,27,0.8427,0.0115,0.04,OFICIAL
NACIONAL,BRASIL,2025-25,CULINARIOS,BETA,FAB_BETA,N,36523.51,401355.89,0.09100031,0.09100031,676.700,5366.900,0.12608769,1222,4,38,0.8427,0.0115,0.04,OFICIAL
NACIONAL,BRASIL,2025-25,CULINARIOS,VIVA,FAB_VIVA,N,27103.11,401355.89,0.06752887,0.06752887,478.300,5366.900,0.08912035,1146,5,31,0.8427,0.0115,0.04,OFICIAL
NACIONAL,BRASIL,2025-25,CULINARIOS,GAROTO,NESTLE,Y,26819.05,401355.89,0.06682112,0.06682112,125.100,5366.900,0.02330955,626,6,11,0.8427,0.0115,0.04,OFICIAL
NACIONAL,BRASIL,2025-25,CULINARIOS,ALPHA,FAB_ALPHA,N,26315.93,401355.89,0.06556757,0.06556757,174.700,5366.900,0.03255138,754,7,16,0.8427,0.0115,0.04,OFICIAL
NACIONAL,BRASIL,2025-25,CULINARIOS,NINHO,NESTLE,Y,26306.39,401355.89,0.0655438,0.0655438,603.900,5366.900,0.11252306,902,8,18,0.8427,0.0115,0.04,OFICIAL
NACIONAL,BRASIL,2025-25,CULINARIOS,DELTA,FAB_DELTA,N,25117.37,401355.89,0.06258129,0.06258129,374.200,5366.900,0.06972368,758,9,23,0.8427,0.0115,0.04,OFICIAL
NACIONAL,BRASIL,2025-25,CULINARIOS,MOCA,NESTLE,Y,17317.66,401355.89,0.04314789,0.04314789,152.200,5366.900,0.02835902,629,10,14,0.8427,0.0115,0.04,OFICIAL
NACIONAL,BRASIL,2025-25,CULINARIOS,KITKAT,NESTLE,Y,10856.67,401355.89,0.02704998,0.02704998,93.200,5366.900,0.0173657,415,11,12,0.8427,0.0115,0.04,OFICIAL
NACIONAL,BRASIL,2025-25,CULINARIOS,MAGGI,NESTLE,Y,10145.98,401355.89,0.02527926,0.02527926,89.600,5366.900,0.01669493,328,12,10,0.8427,0.0115,0.04,OFICIAL
NACIONAL,BRASIL,2025-25,CULINARIOS,NESCAFE,NESTLE,Y,10131.45,401355.89,0.02524306,0.02524306,70.200,5366.900,0.01308018,489,13,8,0.8427,0.0115,0.04,OFICIAL
NACIONAL,BRASIL,2025-25,CULINARIOS,NESQUIK,NESTLE,Y,8636.30,401355.89,0.02151781,0.02151781,237.500,5366.900,0.04425273,315,14,9,0.8427,0.0115,0.04,OFICIAL
NACIONAL,BRASIL,2025-25,LACTEOS,VIVA,FAB_VIVA,N,50317.66,286470.60,0.17564686,0.17564686,738.100,4541.600,0.16251982,1945,1,27,0.8427,0.0115,0.051,OFICIAL
NACIONAL,BRASIL,2025-25,LACTEOS,DELTA,FAB_DELTA,N,34208.25,286470.60,0.11941278,0.11941278,603.100,4541.600,0.13279461,1399,2,40,0.8427,0.0115,0.051,OFICIAL
NACIONAL,BRASIL,2025-25,LACTEOS,ALPHA,FAB_ALPHA,N,33637.85,286470.60,0.11742165,0.11742165,309.100,4541.600,0.06805971,1142,3,23,0.8427,0.0115,0.051,OFICIAL
NACIONAL,BRASIL,2025-25,LACTEOS,SOLAR,FAB_SOLAR,N,31693.20,286470.60,0.11063334,0.11063334,507.700,4541.600,0.1117888,962,4,28,0.8427,0.0115,0.051,OFICIAL
NACIONAL,BRASIL,2025-25,LACTEOS,BETA,FAB_BETA,N,26360.20,286470.60,0.09201712,0.09201712,545.400,4541.600,0.12008984,1267,5,33,0.8427,0.0115,0.051,OFICIAL
NACIONAL,BRASIL,2025-25,LACTEOS,MOCA,NESTLE,Y,23438.25,286470.60,0.0818173,0.0818173,184.800,4541.600,0.04069051,664,6,21,0.8427,0.0115,0.051,OFICIAL
NACIONAL,BRASIL,2025-25,LACTEOS,GAROTO,NESTLE,Y,20400.44,286470.60,0.07121303,0.07121303,298.200,4541.600,0.06565968,695,7,20,0.8427,0.0115,0.051,OFICIAL
NACIONAL,BRASIL,2025-25,LACTEOS,NESCAFE,NESTLE,Y,16703.08,286470.60,0.05830644,0.05830644,234.100,4541.600,0.05154571,475,8,16,0.8427,0.0115,0.051,OFICIAL
NACIONAL,BRASIL,2025-25,LACTEOS,NOVA,FAB_NOVA,N,13771.19,286470.60,0.04807191,0.04807191,124.500,4541.600,0.02741325,561,9,13,0.8427,0.0115,0.051,OFICIAL
NACIONAL,BRASIL,2025-25,LACTEOS,NINHO,NESTLE,Y,9813.15,286470.60,0.03425535,0.03425535,214.300,4541.600,0.04718601,361,10,13,0.8427,0.0115,0.051,OFICIAL
NACIONAL,BRASIL,2025-25,LACTEOS,KITKAT,NESTLE,Y,8990.31,286470.60,0.03138301,0.03138301,321.100,4541.600,0.07070196,434,11,10,0.8427,0.0115,0.051,OFICIAL
NACIONAL,BRASIL,2025-25,LACTEOS,PRIME,FAB_PRIME,N,8357.12,286470.60,0.0291727,0.0291727,170.100,4541.600,0.03745376,347,12,9,0.8427,0.0115,0.051,OFICIAL
NACIONAL,BRASIL,2025-25,LACTEOS,NESQUIK,NESTLE,Y,6470.51,286470.60,0.022587,0.022587,186.500,4541.600,0.04106482,231,13,11,0.8427,0.0115,0.051,OFICIAL
NACIONAL,BRASIL,2025-25,LACTEOS,MAGGI,NESTLE,Y,2309.39,286470.60,0.00806153,0.00806153,104.600,4541.600,0.02303153,195,14,5,0.8427,0.0115,0.051,OFICIAL
NACIONAL,BRASIL,2025-25,NUTRICAO,NINHO,NESTLE,Y,36785.73,275094.35,0.13372041,0.13372041,316.100,4532.100,0.06974692,1150,1,26,0.8427,0.0115,0.0346,OFICIAL
NACIONAL,BRASIL,2025-25,NUTRICAO,NOVA,FAB_NOVA,N,33336.13,275094.35,0.12118071,0.12118071,616.800,4532.100,0.13609585,1023,2,17,0.8427,0.0115,0.0346,OFICIAL
NACIONAL,BRASIL,2025-25,NUTRICAO,PRIME,FAB_PRIME,N,27637.27,275094.35,0.1004647,0.1004647,352.000,4532.100,0.07766819,948,3,20,0.8427,0.0115,0.0346,OFICIAL
NACIONAL,BRASIL,2025-25,NUTRICAO,NESQUIK,NESTLE,Y,26747.71,275094.35,0.09723104,0.09723104,685.800,4532.100,0.15132058,1876,4,41,0.8427,0.0115,0.0346,OFICIAL
NACIONAL,BRASIL,2025-25,NUTRICAO,BETA,FAB_BETA,N,21900.47,275094.35,0.07961076,0.07961076,231.400,4532.100,0.05105801,861,5,30,0.8427,0.0115,0.0346,OFICIAL
NACIONAL,BRASIL,2025-25,NUTRICAO,ALPHA,FAB_ALPHA,N,21590.80,275094.35,0.07848507,0.07848507,373.100,4532.100,0.08232387,761,6,22,0.8427,0.0115,0.0346,OFICIAL
NACIONAL,BRASIL,2025-25,NUTRICAO,DELTA,FAB_DELTA,N,19824.71,275094.35,0.07206513,0.07206513,309.600,4532.100,0.0683127,700,7,22,0.8427,0.0115,0.0346,OFICIAL
NACIONAL,BRASIL,2025-25,NUTRICAO,KITKAT,NESTLE,Y,16435.97,275094.35,0.05974667,0.05974667,190.500,4532.100,0.04203349,554,8,15,0.8427,0.0115,0.0346,OFICIAL
NACIONAL,BRASIL,2025-25,NUTRICAO,SOLAR,FAB_SOLAR,N,14694.21,275094.35,0.05341516,0.05341516,347.500,4532.100,0.07667527,569,9,15,0.8427,0.0115,0.0346,OFICIAL
NACIONAL,BRASIL,2025-25,NUTRICAO,NESCAFE,NESTLE,Y,14398.85,275094.35,0.0523415,0.0523415,182.600,4532.100,0.04029037,504,10,13,0.8427,0.0115,0.0346,OFICIAL
NACIONAL,BRASIL,2025-25,NUTRICAO,MAGGI,NESTLE,Y,13092.07,275094.35,0.0475912,0.0475912,193.800,4532.100,0.04276163,492,11,11,0.8427,0.0115,0.0346,OFICIAL
NACIONAL,BRASIL,2025-25,NUTRICAO,MOCA,NESTLE,Y,12631.49,275094.35,0.04591694,0.04591694,302.600,4532.100,0.06676816,376,12,13,0.8427,0.0115,0.0346,OFICIAL
NACIONAL,BRASIL,2025-25,NUTRICAO,VIVA,FAB_VIVA,N,9846.72,275094.35,0.03579397,0.03579397,265.800,4532.100,0.05864831,442,13,13,0.8427,0.0115,0.0346,OFICIAL
NACIONAL,BRASIL,2025-25,NUTRICAO,GAROTO,NESTLE,Y,6172.22,275094.35,0.02243674,0.02243674,164.500,4532.100,0.03629664,260,14,9,0.8427,0.0115,0.0346,OFICIAL
NACIONAL,BRASIL,2025-26,BEBIDAS,NESQUIK,NESTLE,Y,49793.78,355901.60,0.13990884,0.13990884,682.800,5899.700,0.1157347,1293,1,20,0.8512,0.0175,0.1133,OFICIAL
NACIONAL,BRASIL,2025-26,BEBIDAS,SOLAR,FAB_SOLAR,N,45221.73,355901.60,0.12706245,0.12706245,561.300,5899.700,0.09514043,1487,2,32,0.8512,0.0175,0.1133,OFICIAL
NACIONAL,BRASIL,2025-26,BEBIDAS,VIVA,FAB_VIVA,N,34368.95,355901.60,0.09656869,0.09656869,435.600,5899.700,0.07383426,983,3,27,0.8512,0.0175,0.1133,OFICIAL
NACIONAL,BRASIL,2025-26,BEBIDAS,NESCAFE,NESTLE,Y,31242.30,355901.60,0.08778353,0.08778353,663.000,5899.700,0.1123786,1728,4,25,0.8512,0.0175,0.1133,OFICIAL
NACIONAL,BRASIL,2025-26,BEBIDAS,KITKAT,NESTLE,Y,30290.82,355901.60,0.0851101,0.0851101,153.300,5899.700,0.02598437,849,5,12,0.8512,0.0175,0.1133,OFICIAL
NACIONAL,BRASIL,2025-26,BEBIDAS,PRIME,FAB_PRIME,N,27206.56,355901.60,0.07644405,0.07644405,714.800,5899.700,0.1211587,1243,6,32,0.8512,0.0175,0.1133,OFICIAL
NACIONAL,BRASIL,2025-26,BEBIDAS,NINHO,NESTLE,Y,26095.12,355901.60,0.07332117,0.07332117,825.900,5899.700,0.13999017,1781,7,37,0.8512,0.0175,0.1133,OFICIAL
NACIONAL,BRASIL,2025-26,BEBIDAS,BETA,FAB_BETA,N,23963.89,355901.60,0.06733291,0.06733291,273.600,5899.700,0.04637524,641,8,21,0.8512,0.0175,0.1133,OFICIAL
NACIONAL,BRASIL,2025-26,BEBIDAS,DELTA,FAB_DELTA,N,22909.87,355901.60,0.06437136,0.06437136,539.900,5899.700,0.09151313,785,9,19,0.8512,0.0175,0.1133,OFICIAL
NACIONAL,BRASIL,2025-26,BEBIDAS,ALPHA,FAB_ALPHA,N,19603.73,355901.60,0.05508188,0.05508188,350.000,5899.700,0.05932505,766,10,21,0.8512,0.0175,0.1133,OFICIAL
NACIONAL,BRASIL,2025-26,BEBIDAS,GAROTO,NESTLE,Y,14818.67,355901.60,0.04163699,0.04163699,222.300,5899.700,0.03767988,562,11,13,0.8512,0.0175,0.1133,OFICIAL
NACIONAL,BRASIL,2025-26,BEBIDAS,MOCA,NESTLE,Y,12142.75,355901.60,0.03411828,0.03411828,210.200,5899.700,0.03562893,349,12,9,0.8512,0.0175,0.1133,OFICIAL
NACIONAL,BRASIL,2025-26,BEBIDAS,NOVA,FAB_NOVA,N,9475.91,355901.60,0.02662508,0.02662508,147.900,5899.700,0.02506907,364,13,14,0.8512,0.0175,0.1133,OFICIAL
NACIONAL,BRASIL,2025-26,BEBIDAS,MAGGI,NESTLE,Y,8767.52,355901.60,0.02463467,0.02463467,119.100,5899.700,0.02018747,243,14,7,0.8512,0.0175,0.1133,OFICIAL
NACIONAL,BRASIL,2025-26,CHOCOLATES,BETA,FAB_BETA,N,54216.55,306861.50,0.17668085,0.17668085,927.800,4946.400,0.18757076,1593,1,38,0.8512,0.0175,0.0477,OFICIAL
NACIONAL,BRASIL,2025-26,CHOCOLATES,VIVA,FAB_VIVA,N,39409.90,306861.50,0.12842895,0.12842895,621.700,4946.400,0.12568737,1411,2,38,0.8512,0.0175,0.0477,OFICIAL
NACIONAL,BRASIL,2025-26,CHOCOLATES,NINHO,NESTLE,Y,33460.95,306861.50,0.10904252,0.10904252,288.700,4946.400,0.05836568,925,3,25,0.8512,0.0175,0.0477,OFICIAL
NACIONAL,BRASIL,2025-26,CHOCOLATES,ALPHA,FAB_ALPHA,N,31020.77,306861.50,0.10109046,0.10109046,444.100,4946.400,0.08978247,1222,4,24,0.8512,0.0175,0.0477,OFICIAL
NACIONAL,BRASIL,2025-26,CHOCOLATES,PRIME,FAB_PRIME,N,29750.21,306861.50,0.09694996,0.09694996,445.200,4946.400,0.09000485,1088,5,30,0.8512,0.0175,0.0477,OFICIAL
NACIONAL,BRASIL,2025-26,CHOCOLATES,DELTA,FAB_DELTA,N,27194.01,306861.50,0.08861982,0.08861982,607.600,4946.400,0.12283681,939,6,27,0.8512,0.0175,0.0477,OFICIAL
NACIONAL,BRASIL,2025-26,CHOCOLATES,NESCAFE,NESTLE,Y,19769.37,306861.50,0.06442441,0.06442441,207.200,4946.400,0.04188905,584,7,19,0.8512,0.0175,0.0477,OFICIAL
NACIONAL,BRASIL,2025-26,CHOCOLATES,KITKAT,NESTLE,Y,15079.37,306861.50,0.04914064,0.04914064,427.400,4946.400,0.08640628,785,8,18,0.8512,0.0175,0.0477,OFICIAL
NACIONAL,BRASIL,2025-26,CHOCOLATES,NOVA,FAB_NOVA,N,14441.79,306861.50,0.04706289,0.04706289,218.000,4946.400,0.04407246,493,9,21,0.8512,0.0175,0.0477,OFICIAL
NACIONAL,BRASIL,2025-26,CHOCOLATES,SOLAR,FAB_SOLAR,N,14263.51,306861.50,0.04648191,0.04648191,425.700,4946.400,0.08606259,689,10,15,0.8512,0.0175,0.0477,OFICIAL
NACIONAL,BRASIL,2025-26,CHOCOLATES,NESQUIK,NESTLE,Y,14197.25,306861.50,0.04626599,0.04626599,163.600,4946.400,0.03307456,610,11,11,0.8512,0.0175,0.0477,OFICIAL
NACIONAL,BRASIL,2025-26,CHOCOLATES,MAGGI,NESTLE,Y,8102.64,306861.50,0.02640488,0.02640488,73.100,4946.400,0.01477842,286,12,7,0.8512,0.0175,0.0477,OFICIAL
NACIONAL,BRASIL,2025-26,CHOCOLATES,MOCA,NESTLE,Y,5955.18,306861.50,0.01940674,0.01940674,96.300,4946.400,0.0194687,217,13,7,0.8512,0.0175,0.0477,OFICIAL
NACIONAL,BRASIL,2025-26,CULINARIOS,DELTA,FAB_DELTA,N,42678.46,288689.19,0.14783532,0.14783532,463.900,4543.200,0.10210865,1193,1,24,0.8512,0.0175,0.0333,OFICIAL
NACIONAL,BRASIL,2025-26,CULINARIOS,NOVA,FAB_NOVA,N,35407.54,288689.19,0.12264934,0.12264934,462.400,4543.200,0.10177848,1039,2,32,0.8512,0.0175,0.0333,OFICIAL
NACIONAL,BRASIL,2025-26,CULINARIOS,VIVA,FAB_VIVA,N,34599.32,288689.19,0.11984972,0.11984972,563.200,4543.200,0.12396549,1220,3,25,0.8512,0.0175,0.0333,OFICIAL
NACIONAL,BRASIL,2025-26,CULINARIOS,SOLAR,FAB_SOLAR,N,24710.09,288689.19,0.0855941,0.0855941,391.400,4543.200,0.08615073,827,4,23,0.8512,0.0175,0.0333,OFICIAL
NACIONAL,BRASIL,2025-26,CULINARIOS,MOCA,NESTLE,Y,23822.39,288689.19,0.08251916,0.08251916,295.700,4543.200,0.06508628,738,5,12,0.8512,0.0175,0.0333,OFICIAL
NACIONAL,BRASIL,2025-26,CULINARIOS,PRIME,FAB_PRIME,N,23528.68,288689.19,0.08150177,0.08150177,550.700,4543.200,0.12121412,1009,6,27,0.8512,0.0175,0.0333,OFICIAL
NACIONAL,BRASIL,2025-26,CULINARIOS,MAGGI,NESTLE,Y,20021.67,288689.19,0.06935372,0.06935372,366.300,4543.200,0.08062599,670,7,16,0.8512,0.0175,0.0333,OFICIAL
NACIONAL,BRASIL,2025-26,CULINARIOS,NINHO,NESTLE,Y,17769.06,288689.19,0.06155083,0.06155083,301.700,4543.200,0.06640694,619,8,21,0.8512,0.0175,0.0333,OFICIAL
NACIONAL,BRASIL,2025-26,CULINARIOS,BETA,FAB_BETA,N,17589.92,288689.19,0.0609303,0.0609303,239.800,4543.200,0.05278218,571,9,20,0.8512,0.0175,0.0333,OFICIAL
NACIONAL,BRASIL,2025-26,CULINARIOS,NESCAFE,NESTLE,Y,16528.88,288689.19,0.05725493,0.05725493,374.800,4543.200,0.08249692,726,10,18,0.8512,0.0175,0.0333,OFICIAL
NACIONAL,BRASIL,2025-26,CULINARIOS,NESQUIK,NESTLE,Y,14070.54,288689.19,0.04873941,0.04873941,251.200,4543.200,0.05529142,645,11,9,0.8512,0.0175,0.0333,OFICIAL
NACIONAL,BRASIL,2025-26,CULINARIOS,ALPHA,FAB_ALPHA,N,10032.58,288689.19,0.03475218,0.03475218,174.500,4543.200,0.03840905,313,12,11,0.8512,0.0175,0.0333,OFICIAL
NACIONAL,BRASIL,2025-26,CULINARIOS,GAROTO,NESTLE,Y,4256.00,288689.19,0.0147425,0.0147425,32.100,4543.200,0.0070655,127,13,6,0.8512,0.0175,0.0333,OFICIAL
NACIONAL,BRASIL,2025-26,CULINARIOS,KITKAT,NESTLE,Y,3674.06,288689.19,0.0127267,0.0127267,75.500,4543.200,0.01661824,127,14,10,0.8512,0.0175,0.0333,OFICIAL
NACIONAL,BRASIL,2025-26,LACTEOS,DELTA,FAB_DELTA,N,56085.94,321994.02,0.17418317,0.17418317,682.200,4984.200,0.13687252,1813,1,31,0.8512,0.0175,0.0263,OFICIAL
NACIONAL,BRASIL,2025-26,LACTEOS,ALPHA,FAB_ALPHA,N,45609.75,321994.02,0.14164782,0.14164782,383.900,4984.200,0.07702339,1476,2,29,0.8512,0.0175,0.0263,OFICIAL
NACIONAL,BRASIL,2025-26,LACTEOS,VIVA,FAB_VIVA,N,36429.17,321994.02,0.11313617,0.11313617,690.200,4984.200,0.13847759,1121,3,25,0.8512,0.0175,0.0263,OFICIAL
NACIONAL,BRASIL,2025-26,LACTEOS,SOLAR,FAB_SOLAR,N,34923.15,321994.02,0.108459,0.108459,849.600,4984.200,0.17045865,1351,4,37,0.8512,0.0175,0.0263,OFICIAL
NACIONAL,BRASIL,2025-26,LACTEOS,PRIME,FAB_PRIME,N,22069.78,321994.02,0.06854096,0.06854096,359.200,4984.200,0.07206773,825,5,19,0.8512,0.0175,0.0263,OFICIAL
NACIONAL,BRASIL,2025-26,LACTEOS,NESQUIK,NESTLE,Y,18246.41,321994.02,0.05666692,0.05666692,417.400,4984.200,0.08374463,712,6,18,0.8512,0.0175,0.0263,OFICIAL
NACIONAL,BRASIL,2025-26,LACTEOS,MOCA,NESTLE,Y,17051.85,321994.02,0.05295704,0.05295704,252.700,4984.200,0.05070021,660,7,18,0.8512,0.0175,0.0263,OFICIAL
NACIONAL,BRASIL,2025-26,LACTEOS,BETA,FAB_BETA,N,15961.80,321994.02,0.04957173,0.04957173,240.900,4984.200,0.04833273,471,8,20,0.8512,0.0175,0.0263,OFICIAL
NACIONAL,BRASIL,2025-26,LACTEOS,GAROTO,NESTLE,Y,15713.44,321994.02,0.04880041,0.04880041,163.300,4984.200,0.03276353,474,9,16,0.8512,0.0175,0.0263,OFICIAL
NACIONAL,BRASIL,2025-26,LACTEOS,NINHO,NESTLE,Y,15584.29,321994.02,0.04839932,0.04839932,310.800,4984.200,0.06235705,570,10,21,0.8512,0.0175,0.0263,OFICIAL
NACIONAL,BRASIL,2025-26,LACTEOS,NESCAFE,NESTLE,Y,14159.59,321994.02,0.0439747,0.0439747,185.600,4984.200,0.03723767,637,11,16,0.8512,0.0175,0.0263,OFICIAL
NACIONAL,BRASIL,2025-26,LACTEOS,NOVA,FAB_NOVA,N,14143.88,321994.02,0.04392591,0.04392591,227.400,4984.200,0.04562417,544,12,20,0.8512,0.0175,0.0263,OFICIAL
NACIONAL,BRASIL,2025-26,LACTEOS,KITKAT,NESTLE,Y,10862.68,321994.02,0.03373566,0.03373566,169.000,4984.200,0.03390715,394,13,12,0.8512,0.0175,0.0263,OFICIAL
NACIONAL,BRASIL,2025-26,LACTEOS,MAGGI,NESTLE,Y,5152.29,321994.02,0.0160012,0.0160012,52.000,4984.200,0.01043297,137,14,6,0.8512,0.0175,0.0263,OFICIAL
NACIONAL,BRASIL,2025-26,NUTRICAO,NESQUIK,NESTLE,Y,35395.44,281614.99,0.12568734,0.12568734,776.200,4734.800,0.16393512,2122,1,41,0.8512,0.0175,0.084,OFICIAL
NACIONAL,BRASIL,2025-26,NUTRICAO,PRIME,FAB_PRIME,N,33695.16,281614.99,0.11964974,0.11964974,463.200,4734.800,0.09782884,1144,2,30,0.8512,0.0175,0.084,OFICIAL
NACIONAL,BRASIL,2025-26,NUTRICAO,DELTA,FAB_DELTA,N,30914.66,281614.99,0.10977633,0.10977633,702.200,4734.800,0.14830616,1181,3,30,0.8512,0.0175,0.084,OFICIAL
NACIONAL,BRASIL,2025-26,NUTRICAO,KITKAT,NESTLE,Y,27635.79,281614.99,0.09813324,0.09813324,279.600,4734.800,0.05905212,989,4,21,0.8512,0.0175,0.084,OFICIAL
NACIONAL,BRASIL,2025-26,NUTRICAO,NOVA,FAB_NOVA,N,26486.69,281614.99,0.09405284,0.09405284,555.100,4734.800,0.11723832,920,5,24,0.8512,0.0175,0.084,OFICIAL
NACIONAL,BRASIL,2025-26,NUTRICAO,BETA,FAB_BETA,N,24042.60,281614.99,0.08537401,0.08537401,282.400,4734.800,0.05964349,856,6,26,0.8512,0.0175,0.084,OFICIAL
NACIONAL,BRASIL,2025-26,NUTRICAO,NESCAFE,NESTLE,Y,19695.34,281614.99,0.06993712,0.06993712,92.700,4734.800,0.01957844,505,7,13,0.8512,0.0175,0.084,OFICIAL
NACIONAL,BRASIL,2025-26,NUTRICAO,MOCA,NESTLE,Y,16364.14,281614.99,0.0581082,0.0581082,205.700,4734.800,0.04344428,606,8,16,0.8512,0.0175,0.084,OFICIAL
NACIONAL,BRASIL,2025-26,NUTRICAO,ALPHA,FAB_ALPHA,N,15997.02,281614.99,0.05680458,0.05680458,318.300,4734.800,0.06722565,538,9,17,0.8512,0.0175,0.084,OFICIAL
NACIONAL,BRASIL,2025-26,NUTRICAO,SOLAR,FAB_SOLAR,N,14477.87,281614.99,0.05141015,0.05141015,362.000,4734.800,0.07645518,641,10,23,0.8512,0.0175,0.084,OFICIAL
NACIONAL,BRASIL,2025-26,NUTRICAO,MAGGI,NESTLE,Y,14424.65,281614.99,0.05122117,0.05122117,231.200,4734.800,0.04882994,371,11,15,0.8512,0.0175,0.084,OFICIAL
NACIONAL,BRASIL,2025-26,NUTRICAO,VIVA,FAB_VIVA,N,11637.11,281614.99,0.04132276,0.04132276,253.200,4734.800,0.05347639,406,12,14,0.8512,0.0175,0.084,OFICIAL
NACIONAL,BRASIL,2025-26,NUTRICAO,GAROTO,NESTLE,Y,6101.53,281614.99,0.02166621,0.02166621,124.900,4734.800,0.02637915,196,13,7,0.8512,0.0175,0.084,OFICIAL
NACIONAL,BRASIL,2025-26,NUTRICAO,NINHO,NESTLE,Y,4746.99,281614.99,0.01685631,0.01685631,88.100,4734.800,0.01860691,129,14,9,0.8512,0.0175,0.084,OFICIAL
NACIONAL,BRASIL,2025-27,BEBIDAS,NESQUIK,NESTLE,Y,49569.86,355773.48,0.13932983,0.13932983,426.900,5960.500,0.07162151,1628,1,24,0.842,0.0118,0.0975,OFICIAL
NACIONAL,BRASIL,2025-27,BEBIDAS,VIVA,FAB_VIVA,N,39527.42,355773.48,0.11110277,0.11110277,575.300,5960.500,0.09651875,1254,2,21,0.842,0.0118,0.0975,OFICIAL
NACIONAL,BRASIL,2025-27,BEBIDAS,SOLAR,FAB_SOLAR,N,39110.96,355773.48,0.1099322,0.1099322,694.700,5960.500,0.11655062,1452,3,34,0.842,0.0118,0.0975,OFICIAL
NACIONAL,BRASIL,2025-27,BEBIDAS,NESCAFE,NESTLE,Y,36831.55,355773.48,0.10352528,0.10352528,794.900,5960.500,0.1333613,2096,4,33,0.842,0.0118,0.0975,OFICIAL
NACIONAL,BRASIL,2025-27,BEBIDAS,GAROTO,NESTLE,Y,31607.49,355773.48,0.08884161,0.08884161,340.500,5960.500,0.05712608,831,5,20,0.842,0.0118,0.0975,OFICIAL
NACIONAL,BRASIL,2025-27,BEBIDAS,BETA,FAB_BETA,N,27183.74,355773.48,0.07640744,0.07640744,388.500,5960.500,0.0651791,968,6,24,0.842,0.0118,0.0975,OFICIAL
NACIONAL,BRASIL,2025-27,BEBIDAS,NINHO,NESTLE,Y,25413.85,355773.48,0.07143267,0.07143267,778.600,5960.500,0.13062663,1876,7,40,0.842,0.0118,0.0975,OFICIAL
NACIONAL,BRASIL,2025-27,BEBIDAS,DELTA,FAB_DELTA,N,24257.59,355773.48,0.06818268,0.06818268,333.000,5960.500,0.0558678,860,8,26,0.842,0.0118,0.0975,OFICIAL
NACIONAL,BRASIL,2025-27,BEBIDAS,PRIME,FAB_PRIME,N,23915.61,355773.48,0.06722145,0.06722145,546.600,5960.500,0.09170372,1205,9,24,0.842,0.0118,0.0975,OFICIAL
NACIONAL,BRASIL,2025-27,BEBIDAS,MAGGI,NESTLE,Y,17111.89,355773.48,0.04809771,0.04809771,389.400,5960.500,0.06533009,502,10,11,0.842,0.0118,0.0975,OFICIAL
NACIONAL,BRASIL,2025-27,BEBIDAS,ALPHA,FAB_ALPHA,N,16898.39,355773.48,0.04749761,0.04749761,275.100,5960.500,0.04615385,647,11,23,0.842,0.0118,0.0975,OFICIAL
NACIONAL,BRASIL,2025-27,BEBIDAS,KITKAT,NESTLE,Y,10346.26,355773.48,0.02908103,0.02908103,164.600,5960.500,0.02761513,358,12,9,0.842,0.0118,0.0975,OFICIAL
NACIONAL,BRASIL,2025-27,BEBIDAS,NOVA,FAB_NOVA,N,7395.93,355773.48,0.02078831,0.02078831,136.400,5960.500,0.02288399,252,13,11,0.842,0.0118,0.0975,OFICIAL
NACIONAL,BRASIL,2025-27,BEBIDAS,MOCA,NESTLE,Y,6602.94,355773.48,0.01855939,0.01855939,116.000,5960.500,0.01946145,181,14,10,0.842,0.0118,0.0975,OFICIAL
NACIONAL,BRASIL,2025-27,CHOCOLATES,PRIME,FAB_PRIME,N,46871.65,315315.68,0.14864992,0.14864992,773.400,4302.200,0.17976849,1783,1,37,0.842,0.0118,0.0833,OFICIAL
NACIONAL,BRASIL,2025-27,CHOCOLATES,VIVA,FAB_VIVA,N,45162.65,315315.68,0.14322995,0.14322995,410.700,4302.200,0.09546279,1771,2,33,0.842,0.0118,0.0833,OFICIAL
NACIONAL,BRASIL,2025-27,CHOCOLATES,SOLAR,FAB_SOLAR,N,28038.46,315315.68,0.08892187,0.08892187,387.500,4302.200,0.0900702,870,3,21,0.842,0.0118,0.0833,OFICIAL
NACIONAL,BRASIL,2025-27,CHOCOLATES,NOVA,FAB_NOVA,N,26921.44,315315.68,0.08537933,0.08537933,330.800,4302.200,0.07689089,1092,4,26,0.842,0.0118,0.0833,OFICIAL
NACIONAL,BRASIL,2025-27,CHOCOLATES,DELTA,FAB_DELTA,N,24194.97,315315.68,0.07673253,0.07673253,369.300,4302.200,0.0858398,910,5,23,0.842,0.0118,0.0833,OFICIAL
NACIONAL,BRASIL,2025-27,CHOCOLATES,NESCAFE,NESTLE,Y,24019.51,315315.68,0.07617607,0.07617607,378.600,4302.200,0.08800149,790,6,20,0.842,0.0118,0.0833,OFICIAL
NACIONAL,BRASIL,2025-27,CHOCOLATES,BETA,FAB_BETA,N,21706.24,315315.68,0.06883971,0.06883971,417.500,4302.200,0.09704337,780,7,24,0.842,0.0118,0.0833,OFICIAL
NACIONAL,BRASIL,2025-27,CHOCOLATES,NINHO,NESTLE,Y,20599.53,315315.68,0.06532986,0.06532986,323.400,4302.200,0.07517084,1017,8,28,0.842,0.0118,0.0833,OFICIAL
NACIONAL,BRASIL,2025-27,CHOCOLATES,MAGGI,NESTLE,Y,18645.81,315315.68,0.05913379,0.05913379,173.000,4302.200,0.04021198,589,9,14,0.842,0.0118,0.0833,OFICIAL
NACIONAL,BRASIL,2025-27,CHOCOLATES,KITKAT,NESTLE,Y,17053.01,315315.68,0.05408234,0.05408234,206.800,4302.200,0.04806843,535,10,16,0.842,0.0118,0.0833,OFICIAL
NACIONAL,BRASIL,2025-27,CHOCOLATES,MOCA,NESTLE,Y,16498.90,315315.68,0.05232502,0.05232502,109.000,4302.200,0.02533587,394,11,8,0.842,0.0118,0.0833,OFICIAL
NACIONAL,BRASIL,2025-27,CHOCOLATES,ALPHA,FAB_ALPHA,N,15575.97,315315.68,0.04939802,0.04939802,276.300,4302.200,0.06422296,480,12,20,0.842,0.0118,0.0833,OFICIAL
NACIONAL,BRASIL,2025-27,CHOCOLATES,NESQUIK,NESTLE,Y,9779.98,315315.68,0.03101647,0.03101647,135.800,4302.200,0.03156525,329,13,14,0.842,0.0118,0.0833,OFICIAL
NACIONAL,BRASIL,2025-27,CHOCOLATES,GAROTO,NESTLE,Y,247.56,315315.68,0.00078512,0.00078512,10.100,4302.200,0.00234764,20,14,2,0.842,0.0118,0.0833,OFICIAL
NACIONAL,BRASIL,2025-27,CULINARIOS,VIVA,FAB_VIVA,N,34189.71,265230.81,0.1289055,0.1289055,560.400,4539.400,0.12345244,1016,1,36,0.842,0.0118,0.0517,OFICIAL
NACIONAL,BRASIL,2025-27,CULINARIOS,MOCA,NESTLE,Y,28657.45,265230.81,0.10804721,0.10804721,338.500,4539.400,0.07456933,837,2,14,0.842,0.0118,0.0517,OFICIAL
NACIONAL,BRASIL,2025-27,CULINARIOS,PRIME,FAB_PRIME,N,28026.34,265230.81,0.10566774,0.10566774,427.900,4539.400,0.09426356,987,3,34,0.842,0.0118,0.0517,OFICIAL
NACIONAL,BRASIL,2025-27,CULINARIOS,NOVA,FAB_NOVA,N,23619.76,265230.81,0.08905361,0.08905361,343.600,4539.400,0.07569282,902,4,27,0.842,0.0118,0.0517,OFICIAL
NACIONAL,BRASIL,2025-27,CULINARIOS,ALPHA,FAB_ALPHA,N,21405.91,265230.81,0.08070672,0.08070672,423.000,4539.400,0.09318412,952,5,19,0.842,0.0118,0.0517,OFICIAL
NACIONAL,BRASIL,2025-27,CULINARIOS,NINHO,NESTLE,Y,20276.04,265230.81,0.07644677,0.07644677,171.700,4539.400,0.03782438,557,6,17,0.842,0.0118,0.0517,OFICIAL
NACIONAL,BRASIL,2025-27,CULINARIOS,NESQUIK,NESTLE,Y,19800.80,265230.81,0.07465498,0.07465498,229.400,4539.400,0.05053531,522,7,11,0.842,0.0118,0.0517,OFICIAL
NACIONAL,BRASIL,2025-27,CULINARIOS,SOLAR,FAB_SOLAR,N,16608.91,265230.81,0.06262059,0.06262059,723.400,4539.400,0.15936027,809,8,15,0.842,0.0118,0.0517,OFICIAL
NACIONAL,BRASIL,2025-27,CULINARIOS,KITKAT,NESTLE,Y,16029.34,265230.81,0.06043544,0.06043544,228.900,4539.400,0.05042517,517,9,15,0.842,0.0118,0.0517,OFICIAL
NACIONAL,BRASIL,2025-27,CULINARIOS,DELTA,FAB_DELTA,N,13458.12,265230.81,0.05074116,0.05074116,258.600,4539.400,0.05696788,481,10,16,0.842,0.0118,0.0517,OFICIAL
NACIONAL,BRASIL,2025-27,CULINARIOS,NESCAFE,NESTLE,Y,12072.80,265230.81,0.04551809,0.04551809,117.100,4539.400,0.02579636,311,11,11,0.842,0.0118,0.0517,OFICIAL
NACIONAL,BRASIL,2025-27,CULINARIOS,GAROTO,NESTLE,Y,11993.99,265230.81,0.04522095,0.04522095,271.100,4539.400,0.05972155,458,12,10,0.842,0.0118,0.0517,OFICIAL
NACIONAL,BRASIL,2025-27,CULINARIOS,MAGGI,NESTLE,Y,9745.14,265230.81,0.03674211,0.03674211,169.000,4539.400,0.03722959,403,13,11,0.842,0.0118,0.0517,OFICIAL
NACIONAL,BRASIL,2025-27,CULINARIOS,BETA,FAB_BETA,N,9346.50,265230.81,0.03523912,0.03523912,276.800,4539.400,0.06097722,427,14,18,0.842,0.0118,0.0517,OFICIAL
NACIONAL,BRASIL,2025-27,LACTEOS,MOCA,NESTLE,Y,49733.18,364373.89,0.13648942,0.13648942,456.000,4403.700,0.10354929,1507,1,20,0.842,0.0118,0.0292,OFICIAL
NACIONAL,BRASIL,2025-27,LACTEOS,SOLAR,FAB_SOLAR,N,48158.57,364373.89,0.132168,0.132168,369.300,4403.700,0.0838613,1339,2,31,0.842,0.0118,0.0292,OFICIAL
NACIONAL,BRASIL,2025-27,LACTEOS,BETA,FAB_BETA,N,32644.88,364373.89,0.08959171,0.08959171,448.100,4403.700,0.10175534,821,3,21,0.842,0.0118,0.0292,OFICIAL
NACIONAL,BRASIL,2025-27,LACTEOS,DELTA,FAB_DELTA,N,29497.03,364373.89,0.08095264,0.08095264,446.500,4403.700,0.10139201,915,4,33,0.842,0.0118,0.0292,OFICIAL
NACIONAL,BRASIL,2025-27,LACTEOS,VIVA,FAB_VIVA,N,29102.84,364373.89,0.07987082,0.07987082,565.000,4403.700,0.1283012,1102,5,25,0.842,0.0118,0.0292,OFICIAL
NACIONAL,BRASIL,2025-27,LACTEOS,GAROTO,NESTLE,Y,28810.14,364373.89,0.07906752,0.07906752,368.000,4403.700,0.08356609,729,6,18,0.842,0.0118,0.0292,OFICIAL
NACIONAL,BRASIL,2025-27,LACTEOS,ALPHA,FAB_ALPHA,N,27296.53,364373.89,0.07491352,0.07491352,259.200,4403.700,0.0588596,908,7,24,0.842,0.0118,0.0292,OFICIAL
NACIONAL,BRASIL,2025-27,LACTEOS,NESCAFE,NESTLE,Y,26210.44,364373.89,0.07193282,0.07193282,205.900,4403.700,0.04675614,651,8,15,0.842,0.0118,0.0292,OFICIAL
NACIONAL,BRASIL,2025-27,LACTEOS,NOVA,FAB_NOVA,N,23256.08,364373.89,0.06382477,0.06382477,323.000,4403.700,0.07334741,880,9,24,0.842,0.0118,0.0292,OFICIAL
NACIONAL,BRASIL,2025-27,LACTEOS,NESQUIK,NESTLE,Y,20225.57,364373.89,0.05550774,0.05550774,269.700,4403.700,0.06124395,903,10,19,0.842,0.0118,0.0292,OFICIAL
NACIONAL,BRASIL,2025-27,LACTEOS,PRIME,FAB_PRIME,N,19359.61,364373.89,0.05313117,0.05313117,158.800,4403.700,0.03606059,544,11,21,0.842,0.0118,0.0292,OFICIAL
NACIONAL,BRASIL,2025-27,LACTEOS,NINHO,NESTLE,Y,15413.53,364373.89,0.04230141,0.04230141,281.200,4403.700,0.06385539,463,12,20,0.842,0.0118,0.0292,OFICIAL
NACIONAL,BRASIL,2025-27,LACTEOS,MAGGI,NESTLE,Y,7899.24,364373.89,0.02167894,0.02167894,72.800,4403.700,0.01653155,312,13,10,0.842,0.0118,0.0292,OFICIAL
NACIONAL,BRASIL,2025-27,LACTEOS,KITKAT,NESTLE,Y,6766.25,364373.89,0.01856952,0.01856952,180.200,4403.700,0.04092014,328,14,8,0.842,0.0118,0.0292,OFICIAL
NACIONAL,BRASIL,2025-27,NUTRICAO,NOVA,FAB_NOVA,N,52162.66,328856.78,0.15861817,0.15861817,725.900,5439.100,0.13345958,1349,1,23,0.842,0.0118,0.0421,OFICIAL
NACIONAL,BRASIL,2025-27,NUTRICAO,NINHO,NESTLE,Y,34751.53,328856.78,0.10567375,0.10567375,568.200,5439.100,0.10446581,940,2,16,0.842,0.0118,0.0421,OFICIAL
NACIONAL,BRASIL,2025-27,NUTRICAO,BETA,FAB_BETA,N,30575.27,328856.78,0.09297442,0.09297442,614.200,5439.100,0.11292309,1322,3,38,0.842,0.0118,0.0421,OFICIAL
NACIONAL,BRASIL,2025-27,NUTRICAO,ALPHA,FAB_ALPHA,N,29515.91,328856.78,0.08975308,0.08975308,493.800,5439.100,0.09078708,1110,4,23,0.842,0.0118,0.0421,OFICIAL
NACIONAL,BRASIL,2025-27,NUTRICAO,NESQUIK,NESTLE,Y,27940.76,328856.78,0.08496331,0.08496331,658.900,5439.100,0.12114137,1809,5,41,0.842,0.0118,0.0421,OFICIAL
NACIONAL,BRASIL,2025-27,NUTRICAO,MOCA,NESTLE,Y,27461.95,328856.78,0.08350733,0.08350733,349.500,5439.100,0.06425695,706,6,14,0.842,0.0118,0.0421,OFICIAL
NACIONAL,BRASIL,2025-27,NUTRICAO,VIVA,FAB_VIVA,N,25895.19,328856.78,0.07874306,0.07874306,378.700,5439.100,0.06962549,1001,7,18,0.842,0.0118,0.0421,OFICIAL
NACIONAL,BRASIL,2025-27,NUTRICAO,DELTA,FAB_DELTA,N,20800.45,328856.78,0.06325079,0.06325079,249.200,5439.100,0.0458164,709,8,28,0.842,0.0118,0.0421,OFICIAL
NACIONAL,BRASIL,2025-27,NUTRICAO,SOLAR,FAB_SOLAR,N,20233.28,328856.78,0.06152611,0.06152611,363.900,5439.100,0.06690445,644,9,18,0.842,0.0118,0.0421,OFICIAL
NACIONAL,BRASIL,2025-27,NUTRICAO,NESCAFE,NESTLE,Y,19821.07,328856.78,0.06027265,0.06027265,391.400,5439.100,0.07196043,722,10,16,0.842,0.0118,0.0421,OFICIAL
NACIONAL,BRASIL,2025-27,NUTRICAO,PRIME,FAB_PRIME,N,13876.98,328856.78,0.04219764,0.04219764,185.000,5439.100,0.03401298,475,11,15,0.842,0.0118,0.0421,OFICIAL
NACIONAL,BRASIL,2025-27,NUTRICAO,KITKAT,NESTLE,Y,12557.90,328856.78,0.03818653,0.03818653,199.000,5439.100,0.03658694,385,12,14,0.842,0.0118,0.0421,OFICIAL
NACIONAL,BRASIL,2025-27,NUTRICAO,MAGGI,NESTLE,Y,7129.20,328856.78,0.02167874,0.02167874,207.000,5439.100,0.03805777,264,13,6,0.842,0.0118,0.0421,OFICIAL
NACIONAL,BRASIL,2025-27,NUTRICAO,GAROTO,NESTLE,Y,6134.63,328856.78,0.01865441,0.01865441,54.400,5439.100,0.01000165,232,14,7,0.842,0.0118,0.0421,OFICIAL
NACIONAL,BRASIL,2025-28,BEBIDAS,NESCAFE,NESTLE,Y,34974.33,308983.17,0.1131917,,712.500,4759.500,0.1497006,2067,1,32,0.7878,0.0117,0.141,NAO_OFICIAL_COBERTURA
NACIONAL,BRASIL,2025-28,BEBIDAS,SOLAR,FAB_SOLAR,N,34674.70,308983.17,0.11222197,,404.200,4759.500,0.08492489,1170,2,30,0.7878,0.0117,0.141,NAO_OFICIAL_COBERTURA
NACIONAL,BRASIL,2025-28,BEBIDAS,ALPHA,FAB_ALPHA,N,33649.39,308983.17,0.10890363,,433.600,4759.500,0.09110201,1224,3,27,0.7878,0.0117,0.141,NAO_OFICIAL_COBERTURA
NACIONAL,BRASIL,2025-28,BEBIDAS,NINHO,NESTLE,Y,30747.39,308983.17,0.09951154,,747.500,4759.500,0.15705431,1876,4,35,0.7878,0.0117,0.141,NAO_OFICIAL_COBERTURA
NACIONAL,BRASIL,2025-28,BEBIDAS,PRIME,FAB_PRIME,N,26946.67,308983.17,0.0872108,,395.200,4759.500,0.08303393,953,5,24,0.7878,0.0117,0.141,NAO_OFICIAL_COBERTURA
NACIONAL,BRASIL,2025-28,BEBIDAS,NOVA,FAB_NOVA,N,24084.03,308983.17,0.07794609,,272.100,4759.500,0.05716987,865,6,20,0.7878,0.0117,0.141,NAO_OFICIAL_COBERTURA
NACIONAL,BRASIL,2025-28,BEBIDAS,VIVA,FAB_VIVA,N,22596.34,308983.17,0.0731313,,361.600,4759.500,0.07597437,734,7,20,0.7878,0.0117,0.141,NAO_OFICIAL_COBERTURA
NACIONAL,BRASIL,2025-28,BEBIDAS,BETA,FAB_BETA,N,20106.78,308983.17,0.06507403,,238.500,4759.500,0.05011031,586,8,14,0.7878,0.0117,0.141,NAO_OFICIAL_COBERTURA
NACIONAL,BRASIL,2025-28,BEBIDAS,MOCA,NESTLE,Y,20004.99,308983.17,0.06474459,,255.200,4759.500,0.05361908,555,9,14,0.7878,0.0117,0.141,NAO_OFICIAL_COBERTURA
NACIONAL,BRASIL,2025-28,BEBIDAS,GAROTO,NESTLE,Y,15896.33,308983.17,0.05144724,,329.600,4759.500,0.06925097,554,10,13,0.7878,0.0117,0.141,NAO_OFICIAL_COBERTURA
NACIONAL,BRASIL,2025-28,BEBIDAS,DELTA,FAB_DELTA,N,13851.52,308983.17,0.04482937,,183.600,4759.500,0.03857548,539,11,13,0.7878,0.0117,0.141,NAO_OFICIAL_COBERTURA
NACIONAL,BRASIL,2025-28,BEBIDAS,NESQUIK,NESTLE,Y,12394.50,308983.17,0.04011384,,178.600,4759.500,0.03752495,364,12,9,0.7878,0.0117,0.141,NAO_OFICIAL_COBERTURA
NACIONAL,BRASIL,2025-28,BEBIDAS,KITKAT,NESTLE,Y,10740.21,308983.17,0.03475985,,95.000,4759.500,0.01996008,334,13,11,0.7878,0.0117,0.141,NAO_OFICIAL_COBERTURA
NACIONAL,BRASIL,2025-28,BEBIDAS,MAGGI,NESTLE,Y,8315.99,308983.17,0.02691405,,152.300,4759.500,0.03199916,242,14,9,0.7878,0.0117,0.141,NAO_OFICIAL_COBERTURA
NACIONAL,BRASIL,2025-28,CHOCOLATES,NINHO,NESTLE,Y,42938.72,267988.31,0.16022609,,544.300,4123.300,0.13200592,1264,1,23,0.7878,0.0117,0.0689,NAO_OFICIAL_COBERTURA
NACIONAL,BRASIL,2025-28,CHOCOLATES,DELTA,FAB_DELTA,N,33837.07,267988.31,0.12626323,,975.700,4123.300,0.23663085,1662,2,31,0.7878,0.0117,0.0689,NAO_OFICIAL_COBERTURA
NACIONAL,BRASIL,2025-28,CHOCOLATES,BETA,FAB_BETA,N,27724.91,267988.31,0.10345567,,360.500,4123.300,0.08742997,767,3,23,0.7878,0.0117,0.0689,NAO_OFICIAL_COBERTURA
NACIONAL,BRASIL,2025-28,CHOCOLATES,ALPHA,FAB_ALPHA,N,27372.68,267988.31,0.10214132,,379.700,4123.300,0.09208644,898,4,19,0.7878,0.0117,0.0689,NAO_OFICIAL_COBERTURA
NACIONAL,BRASIL,2025-28,CHOCOLATES,NOVA,FAB_NOVA,N,25345.60,267988.31,0.09457726,,417.600,4123.300,0.1012781,707,5,24,0.7878,0.0117,0.0689,NAO_OFICIAL_COBERTURA
NACIONAL,BRASIL,2025-28,CHOCOLATES,VIVA,FAB_VIVA,N,23251.36,267988.31,0.08676259,,343.700,4123.300,0.08335556,836,6,24,0.7878,0.0117,0.0689,NAO_OFICIAL_COBERTURA
NACIONAL,BRASIL,2025-28,CHOCOLATES,NESQUIK,NESTLE,Y,22207.86,267988.31,0.08286876,,131.300,4123.300,0.03184343,655,7,14,0.7878,0.0117,0.0689,NAO_OFICIAL_COBERTURA
NACIONAL,BRASIL,2025-28,CHOCOLATES,PRIME,FAB_PRIME,N,18714.05,267988.31,0.06983159,,377.600,4123.300,0.09157713,733,8,27,0.7878,0.0117,0.0689,NAO_OFICIAL_COBERTURA
NACIONAL,BRASIL,2025-28,CHOCOLATES,SOLAR,FAB_SOLAR,N,16866.53,267988.31,0.06293756,,162.000,4123.300,0.03928892,466,9,18,0.7878,0.0117,0.0689,NAO_OFICIAL_COBERTURA
NACIONAL,BRASIL,2025-28,CHOCOLATES,NESCAFE,NESTLE,Y,16111.06,267988.31,0.06011852,,233.000,4123.300,0.05650814,562,10,21,0.7878,0.0117,0.0689,NAO_OFICIAL_COBERTURA
NACIONAL,BRASIL,2025-28,CHOCOLATES,MAGGI,NESTLE,Y,5121.20,267988.31,0.01910979,,105.000,4123.300,0.02546504,256,11,9,0.7878,0.0117,0.0689,NAO_OFICIAL_COBERTURA
NACIONAL,BRASIL,2025-28,CHOCOLATES,MOCA,NESTLE,Y,4236.85,267988.31,0.01580983,,45.600,4123.300,0.0110591,181,12,7,0.7878,0.0117,0.0689,NAO_OFICIAL_COBERTURA
NACIONAL,BRASIL,2025-28,CHOCOLATES,KITKAT,NESTLE,Y,3753.52,267988.31,0.01400628,,43.300,4123.300,0.0105013,153,13,5,0.7878,0.0117,0.0689,NAO_OFICIAL_COBERTURA
NACIONAL,BRASIL,2025-28,CHOCOLATES,GAROTO,NESTLE,Y,506.90,267988.31,0.0018915,,4.000,4123.300,0.0009701,38,14,2,0.7878,0.0117,0.0689,NAO_OFICIAL_COBERTURA
NACIONAL,BRASIL,2025-28,CULINARIOS,NINHO,NESTLE,Y,36430.23,306072.37,0.11902489,,333.900,3956.000,0.08440344,1122,1,18,0.7878,0.0117,0.0376,NAO_OFICIAL_COBERTURA
NACIONAL,BRASIL,2025-28,CULINARIOS,VIVA,FAB_VIVA,N,35832.77,306072.37,0.11707287,,597.100,3956.000,0.15093529,1261,2,31,0.7878,0.0117,0.0376,NAO_OFICIAL_COBERTURA
NACIONAL,BRASIL,2025-28,CULINARIOS,BETA,FAB_BETA,N,30837.36,306072.37,0.10075186,,337.900,3956.000,0.08541456,1175,3,29,0.7878,0.0117,0.0376,NAO_OFICIAL_COBERTURA
NACIONAL,BRASIL,2025-28,CULINARIOS,NOVA,FAB_NOVA,N,29217.58,306072.37,0.09545971,,354.700,3956.000,0.08966127,1067,4,33,0.7878,0.0117,0.0376,NAO_OFICIAL_COBERTURA
NACIONAL,BRASIL,2025-28,CULINARIOS,PRIME,FAB_PRIME,N,26759.71,306072.37,0.08742936,,396.800,3956.000,0.10030334,803,5,20,0.7878,0.0117,0.0376,NAO_OFICIAL_COBERTURA
NACIONAL,BRASIL,2025-28,CULINARIOS,KITKAT,NESTLE,Y,25508.73,306072.37,0.08334215,,329.600,3956.000,0.08331648,871,6,21,0.7878,0.0117,0.0376,NAO_OFICIAL_COBERTURA
NACIONAL,BRASIL,2025-28,CULINARIOS,GAROTO,NESTLE,Y,24964.54,306072.37,0.08156417,,345.800,3956.000,0.08741153,773,7,11,0.7878,0.0117,0.0376,NAO_OFICIAL_COBERTURA
NACIONAL,BRASIL,2025-28,CULINARIOS,SOLAR,FAB_SOLAR,N,21928.68,306072.37,0.07164541,,325.700,3956.000,0.08233064,825,8,17,0.7878,0.0117,0.0376,NAO_OFICIAL_COBERTURA
NACIONAL,BRASIL,2025-28,CULINARIOS,ALPHA,FAB_ALPHA,N,19379.86,306072.37,0.0633179,,262.100,3956.000,0.06625379,655,9,19,0.7878,0.0117,0.0376,NAO_OFICIAL_COBERTURA
NACIONAL,BRASIL,2025-28,CULINARIOS,DELTA,FAB_DELTA,N,14219.61,306072.37,0.04645833,,140.100,3956.000,0.03541456,530,10,11,0.7878,0.0117,0.0376,NAO_OFICIAL_COBERTURA
NACIONAL,BRASIL,2025-28,CULINARIOS,MOCA,NESTLE,Y,14080.56,306072.37,0.04600402,,201.800,3956.000,0.05101112,490,11,15,0.7878,0.0117,0.0376,NAO_OFICIAL_COBERTURA
NACIONAL,BRASIL,2025-28,CULINARIOS,NESCAFE,NESTLE,Y,13978.21,306072.37,0.04566962,,189.900,3956.000,0.04800303,392,12,8,0.7878,0.0117,0.0376,NAO_OFICIAL_COBERTURA
NACIONAL,BRASIL,2025-28,CULINARIOS,MAGGI,NESTLE,Y,10051.06,306072.37,0.03283883,,108.500,3956.000,0.02742669,374,13,10,0.7878,0.0117,0.0376,NAO_OFICIAL_COBERTURA
NACIONAL,BRASIL,2025-28,CULINARIOS,NESQUIK,NESTLE,Y,2883.47,306072.37,0.00942088,,32.100,3956.000,0.00811426,98,14,5,0.7878,0.0117,0.0376,NAO_OFICIAL_COBERTURA
NACIONAL,BRASIL,2025-28,LACTEOS,BETA,FAB_BETA,N,45369.40,317946.97,0.14269487,,458.800,5147.800,0.08912545,1454,1,26,0.7878,0.0117,0.0444,NAO_OFICIAL_COBERTURA
NACIONAL,BRASIL,2025-28,LACTEOS,GAROTO,NESTLE,Y,34692.06,317946.97,0.10911272,,382.500,5147.800,0.07430359,1006,2,15,0.7878,0.0117,0.0444,NAO_OFICIAL_COBERTURA
NACIONAL,BRASIL,2025-28,LACTEOS,VIVA,FAB_VIVA,N,34071.77,317946.97,0.1071618,,776.800,5147.800,0.15089941,1296,3,31,0.7878,0.0117,0.0444,NAO_OFICIAL_COBERTURA
NACIONAL,BRASIL,2025-28,LACTEOS,ALPHA,FAB_ALPHA,N,31685.74,317946.97,0.09965731,,364.600,5147.800,0.07082637,973,4,25,0.7878,0.0117,0.0444,NAO_OFICIAL_COBERTURA
NACIONAL,BRASIL,2025-28,LACTEOS,DELTA,FAB_DELTA,N,26844.53,317946.97,0.08443084,,481.000,5147.800,0.09343797,904,5,30,0.7878,0.0117,0.0444,NAO_OFICIAL_COBERTURA
NACIONAL,BRASIL,2025-28,LACTEOS,SOLAR,FAB_SOLAR,N,24751.36,317946.97,0.07784745,,397.400,5147.800,0.07719803,879,6,31,0.7878,0.0117,0.0444,NAO_OFICIAL_COBERTURA
NACIONAL,BRASIL,2025-28,LACTEOS,NESCAFE,NESTLE,Y,21846.24,317946.97,0.06871033,,333.400,5147.800,0.06476553,818,7,23,0.7878,0.0117,0.0444,NAO_OFICIAL_COBERTURA
NACIONAL,BRASIL,2025-28,LACTEOS,NOVA,FAB_NOVA,N,21762.86,317946.97,0.06844808,,419.600,5147.800,0.08151055,826,8,24,0.7878,0.0117,0.0444,NAO_OFICIAL_COBERTURA
NACIONAL,BRASIL,2025-28,LACTEOS,NINHO,NESTLE,Y,18014.92,317946.97,0.05666014,,412.100,5147.800,0.08005362,630,9,19,0.7878,0.0117,0.0444,NAO_OFICIAL_COBERTURA
NACIONAL,BRASIL,2025-28,LACTEOS,MOCA,NESTLE,Y,17076.94,317946.97,0.05371003,,281.500,5147.800,0.05468355,672,10,21,0.7878,0.0117,0.0444,NAO_OFICIAL_COBERTURA
NACIONAL,BRASIL,2025-28,LACTEOS,NESQUIK,NESTLE,Y,14251.55,317946.97,0.04482367,,281.600,5147.800,0.05470298,551,11,14,0.7878,0.0117,0.0444,NAO_OFICIAL_COBERTURA
NACIONAL,BRASIL,2025-28,LACTEOS,PRIME,FAB_PRIME,N,12714.86,317946.97,0.03999051,,247.900,5147.800,0.04815649,485,12,14,0.7878,0.0117,0.0444,NAO_OFICIAL_COBERTURA
NACIONAL,BRASIL,2025-28,LACTEOS,MAGGI,NESTLE,Y,7756.07,317946.97,0.02439423,,198.200,5147.800,0.03850188,383,13,9,0.7878,0.0117,0.0444,NAO_OFICIAL_COBERTURA
NACIONAL,BRASIL,2025-28,LACTEOS,KITKAT,NESTLE,Y,7108.67,317946.97,0.02235804,,112.400,5147.800,0.02183457,309,14,13,0.7878,0.0117,0.0444,NAO_OFICIAL_COBERTURA
NACIONAL,BRASIL,2025-28,NUTRICAO,ALPHA,FAB_ALPHA,N,59073.00,304218.43,0.19417956,,505.800,4739.900,0.10671111,1878,1,23,0.7878,0.0117,0.0703,NAO_OFICIAL_COBERTURA
NACIONAL,BRASIL,2025-28,NUTRICAO,BETA,FAB_BETA,N,35981.02,304218.43,0.11827364,,699.800,4739.900,0.14764025,1460,2,30,0.7878,0.0117,0.0703,NAO_OFICIAL_COBERTURA
NACIONAL,BRASIL,2025-28,NUTRICAO,VIVA,FAB_VIVA,N,28934.18,304218.43,0.09510989,,356.100,4739.900,0.07512817,1105,3,31,0.7878,0.0117,0.0703,NAO_OFICIAL_COBERTURA
NACIONAL,BRASIL,2025-28,NUTRICAO,NESQUIK,NESTLE,Y,22099.54,304218.43,0.07264366,,703.400,4739.900,0.14839976,1720,4,37,0.7878,0.0117,0.0703,NAO_OFICIAL_COBERTURA
NACIONAL,BRASIL,2025-28,NUTRICAO,MOCA,NESTLE,Y,21790.37,304218.43,0.07162738,,277.200,4739.900,0.05848225,893,5,12,0.7878,0.0117,0.0703,NAO_OFICIAL_COBERTURA
NACIONAL,BRASIL,2025-28,NUTRICAO,NOVA,FAB_NOVA,N,20275.09,304218.43,0.06664649,,310.500,4739.900,0.06550771,838,6,19,0.7878,0.0117,0.0703,NAO_OFICIAL_COBERTURA
NACIONAL,BRASIL,2025-28,NUTRICAO,DELTA,FAB_DELTA,N,17074.60,304218.43,0.05612612,,312.800,4739.900,0.06599295,618,7,27,0.7878,0.0117,0.0703,NAO_OFICIAL_COBERTURA
NACIONAL,BRASIL,2025-28,NUTRICAO,SOLAR,FAB_SOLAR,N,16660.38,304218.43,0.05476453,,236.700,4739.900,0.04993776,889,8,18,0.7878,0.0117,0.0703,NAO_OFICIAL_COBERTURA
NACIONAL,BRASIL,2025-28,NUTRICAO,NINHO,NESTLE,Y,16053.75,304218.43,0.05277047,,197.500,4739.900,0.04166755,716,9,19,0.7878,0.0117,0.0703,NAO_OFICIAL_COBERTURA
NACIONAL,BRASIL,2025-28,NUTRICAO,PRIME,FAB_PRIME,N,15796.11,304218.43,0.05192358,,222.700,4739.900,0.04698411,599,10,21,0.7878,0.0117,0.0703,NAO_OFICIAL_COBERTURA
NACIONAL,BRASIL,2025-28,NUTRICAO,KITKAT,NESTLE,Y,15425.82,304218.43,0.0507064,,247.500,4739.900,0.05221629,599,11,16,0.7878,0.0117,0.0703,NAO_OFICIAL_COBERTURA
NACIONAL,BRASIL,2025-28,NUTRICAO,NESCAFE,NESTLE,Y,14989.37,304218.43,0.04927174,,391.800,4739.900,0.08265997,879,12,15,0.7878,0.0117,0.0703,NAO_OFICIAL_COBERTURA
NACIONAL,BRASIL,2025-28,NUTRICAO,GAROTO,NESTLE,Y,10919.08,304218.43,0.03589224,,116.900,4739.900,0.02466297,262,13,11,0.7878,0.0117,0.0703,NAO_OFICIAL_COBERTURA
NACIONAL,BRASIL,2025-28,NUTRICAO,MAGGI,NESTLE,Y,9146.12,304218.43,0.03006432,,161.200,4739.900,0.03400916,300,14,12,0.7878,0.0117,0.0703,NAO_OFICIAL_COBERTURA
NACIONAL,BRASIL,2025-29,BEBIDAS,MAGGI,NESTLE,Y,39885.85,328514.67,0.12141269,0.12141269,302.200,5284.600,0.05718503,1190,1,18,0.8791,0.0163,0.0873,OFICIAL
NACIONAL,BRASIL,2025-29,BEBIDAS,NINHO,NESTLE,Y,39822.08,328514.67,0.12121857,0.12121857,725.300,5284.600,0.13724785,1997,2,41,0.8791,0.0163,0.0873,OFICIAL
NACIONAL,BRASIL,2025-29,BEBIDAS,GAROTO,NESTLE,Y,30116.70,328514.67,0.09167536,0.09167536,313.000,5284.600,0.0592287,943,3,20,0.8791,0.0163,0.0873,OFICIAL
NACIONAL,BRASIL,2025-29,BEBIDAS,SOLAR,FAB_SOLAR,N,27842.13,328514.67,0.08475156,0.08475156,423.800,5284.600,0.08019528,907,4,19,0.8791,0.0163,0.0873,OFICIAL
NACIONAL,BRASIL,2025-29,BEBIDAS,PRIME,FAB_PRIME,N,26801.02,328514.67,0.08158241,0.08158241,732.300,5284.600,0.13857246,1121,5,21,0.8791,0.0163,0.0873,OFICIAL
NACIONAL,BRASIL,2025-29,BEBIDAS,NESCAFE,NESTLE,Y,26155.41,328514.67,0.07961718,0.07961718,448.200,5284.600,0.08481247,1550,6,32,0.8791,0.0163,0.0873,OFICIAL
NACIONAL,BRASIL,2025-29,BEBIDAS,DELTA,FAB_DELTA,N,24998.71,328514.67,0.07609618,0.07609618,537.400,5284.600,0.10169171,1028,7,21,0.8791,0.0163,0.0873,OFICIAL
NACIONAL,BRASIL,2025-29,BEBIDAS,ALPHA,FAB_ALPHA,N,24809.61,328514.67,0.07552055,0.07552055,422.900,5284.600,0.08002498,913,8,27,0.8791,0.0163,0.0873,OFICIAL
NACIONAL,BRASIL,2025-29,BEBIDAS,NOVA,FAB_NOVA,N,22772.55,328514.67,0.06931974,0.06931974,334.400,5284.600,0.0632782,605,9,16,0.8791,0.0163,0.0873,OFICIAL
NACIONAL,BRASIL,2025-29,BEBIDAS,BETA,FAB_BETA,N,16567.84,328514.67,0.05043257,0.05043257,267.400,5284.600,0.05059986,1005,10,19,0.8791,0.0163,0.0873,OFICIAL
NACIONAL,BRASIL,2025-29,BEBIDAS,VIVA,FAB_VIVA,N,16136.54,328514.67,0.04911969,0.04911969,205.800,5284.600,0.03894334,435,11,15,0.8791,0.0163,0.0873,OFICIAL
NACIONAL,BRASIL,2025-29,BEBIDAS,MOCA,NESTLE,Y,15294.79,328514.67,0.0465574,0.0465574,233.200,5284.600,0.04412822,601,12,13,0.8791,0.0163,0.0873,OFICIAL
NACIONAL,BRASIL,2025-29,BEBIDAS,NESQUIK,NESTLE,Y,10332.56,328514.67,0.03145235,0.03145235,246.700,5284.600,0.04668281,383,13,14,0.8791,0.0163,0.0873,OFICIAL
NACIONAL,BRASIL,2025-29,BEBIDAS,KITKAT,NESTLE,Y,6978.88,328514.67,0.02124374,0.02124374,92.000,5284.600,0.01740908,229,14,8,0.8791,0.0163,0.0873,OFICIAL
NACIONAL,BRASIL,2025-29,CHOCOLATES,VIVA,FAB_VIVA,N,48448.00,297216.10,0.16300597,0.16300597,824.300,5182.600,0.15905144,1479,1,34,0.8791,0.0163,0.0302,OFICIAL
NACIONAL,BRASIL,2025-29,CHOCOLATES,BETA,FAB_BETA,N,34166.39,297216.10,0.11495471,0.11495471,747.300,5182.600,0.14419403,1489,2,35,0.8791,0.0163,0.0302,OFICIAL
NACIONAL,BRASIL,2025-29,CHOCOLATES,ALPHA,FAB_ALPHA,N,32356.09,297216.10,0.10886385,0.10886385,596.500,5182.600,0.11509667,1133,3,25,0.8791,0.0163,0.0302,OFICIAL
NACIONAL,BRASIL,2025-29,CHOCOLATES,NOVA,FAB_NOVA,N,31190.64,297216.10,0.10494263,0.10494263,534.600,5182.600,0.10315286,952,4,26,0.8791,0.0163,0.0302,OFICIAL
NACIONAL,BRASIL,2025-29,CHOCOLATES,PRIME,FAB_PRIME,N,30590.83,297216.10,0.10292454,0.10292454,319.300,5182.600,0.06161,1193,5,27,0.8791,0.0163,0.0302,OFICIAL
NACIONAL,BRASIL,2025-29,CHOCOLATES,KITKAT,NESTLE,Y,19672.99,297216.10,0.06619086,0.06619086,189.600,5182.600,0.03658395,544,6,12,0.8791,0.0163,0.0302,OFICIAL
NACIONAL,BRASIL,2025-29,CHOCOLATES,DELTA,FAB_DELTA,N,17972.01,297216.10,0.06046782,0.06046782,281.600,5182.600,0.05433566,480,7,17,0.8791,0.0163,0.0302,OFICIAL
NACIONAL,BRASIL,2025-29,CHOCOLATES,SOLAR,FAB_SOLAR,N,16977.18,297216.10,0.05712066,0.05712066,327.300,5182.600,0.06315363,566,8,22,0.8791,0.0163,0.0302,OFICIAL
NACIONAL,BRASIL,2025-29,CHOCOLATES,NINHO,NESTLE,Y,15759.38,297216.10,0.05302331,0.05302331,362.100,5182.600,0.06986841,597,9,21,0.8791,0.0163,0.0302,OFICIAL
NACIONAL,BRASIL,2025-29,CHOCOLATES,NESCAFE,NESTLE,Y,13174.35,297216.10,0.04432583,0.04432583,291.300,5182.600,0.05620731,534,10,14,0.8791,0.0163,0.0302,OFICIAL
NACIONAL,BRASIL,2025-29,CHOCOLATES,NESQUIK,NESTLE,Y,12327.80,297216.10,0.04147756,0.04147756,276.900,5182.600,0.05342878,517,11,13,0.8791,0.0163,0.0302,OFICIAL
NACIONAL,BRASIL,2025-29,CHOCOLATES,MAGGI,NESTLE,Y,9561.00,297216.10,0.03216851,0.03216851,49.200,5182.600,0.0094933,265,12,7,0.8791,0.0163,0.0302,OFICIAL
NACIONAL,BRASIL,2025-29,CHOCOLATES,MOCA,NESTLE,Y,8434.80,297216.10,0.02837935,0.02837935,266.400,5182.600,0.05140277,564,13,11,0.8791,0.0163,0.0302,OFICIAL
NACIONAL,BRASIL,2025-29,CHOCOLATES,GAROTO,NESTLE,Y,6584.64,297216.10,0.02215439,0.02215439,116.200,5182.600,0.02242118,194,14,10,0.8791,0.0163,0.0302,OFICIAL
NACIONAL,BRASIL,2025-29,CULINARIOS,NOVA,FAB_NOVA,N,45651.41,249079.83,0.18328024,0.18328024,710.400,3951.900,0.17976163,1520,1,46,0.8791,0.0163,0.0274,OFICIAL
NACIONAL,BRASIL,2025-29,CULINARIOS,KITKAT,NESTLE,Y,29955.85,249079.83,0.12026606,0.12026606,572.100,3951.900,0.14476581,832,2,15,0.8791,0.0163,0.0274,OFICIAL
NACIONAL,BRASIL,2025-29,CULINARIOS,MAGGI,NESTLE,Y,23498.44,249079.83,0.094341,0.094341,472.100,3951.900,0.11946152,875,3,16,0.8791,0.0163,0.0274,OFICIAL
NACIONAL,BRASIL,2025-29,CULINARIOS,VIVA,FAB_VIVA,N,21151.96,249079.83,0.0849204,0.0849204,327.700,3951.900,0.08292214,699,4,21,0.8791,0.0163,0.0274,OFICIAL
NACIONAL,BRASIL,2025-29,CULINARIOS,PRIME,FAB_PRIME,N,20900.16,249079.83,0.08390948,0.08390948,279.900,3951.900,0.07082669,812,5,20,0.8791,0.0163,0.0274,OFICIAL
NACIONAL,BRASIL,2025-29,CULINARIOS,GAROTO,NESTLE,Y,17396.51,249079.83,0.06984311,0.06984311,211.800,3951.900,0.05359447,530,6,6,0.8791,0.0163,0.0274,OFICIAL
NACIONAL,BRASIL,2025-29,CULINARIOS,NESQUIK,NESTLE,Y,15322.81,249079.83,0.06151767,0.06151767,461.300,3951.900,0.11672866,421,7,10,0.8791,0.0163,0.0274,OFICIAL
NACIONAL,BRASIL,2025-29,CULINARIOS,BETA,FAB_BETA,N,15164.68,249079.83,0.06088281,0.06088281,217.800,3951.900,0.05511273,491,8,17,0.8791,0.0163,0.0274,OFICIAL
NACIONAL,BRASIL,2025-29,CULINARIOS,SOLAR,FAB_SOLAR,N,11452.49,249079.83,0.04597919,0.04597919,146.400,3951.900,0.03704547,330,9,10,0.8791,0.0163,0.0274,OFICIAL
NACIONAL,BRASIL,2025-29,CULINARIOS,ALPHA,FAB_ALPHA,N,11242.21,249079.83,0.04513497,0.04513497,165.200,3951.900,0.04180268,388,10,13,0.8791,0.0163,0.0274,OFICIAL
NACIONAL,BRASIL,2025-29,CULINARIOS,MOCA,NESTLE,Y,10988.20,249079.83,0.04411517,0.04411517,101.700,3951.900,0.02573446,312,11,11,0.8791,0.0163,0.0274,OFICIAL
NACIONAL,BRASIL,2025-29,CULINARIOS,DELTA,FAB_DELTA,N,10951.68,249079.83,0.04396855,0.04396855,118.800,3951.900,0.03006149,321,12,10,0.8791,0.0163,0.0274,OFICIAL
NACIONAL,BRASIL,2025-29,CULINARIOS,NINHO,NESTLE,Y,10619.12,249079.83,0.0426334,0.0426334,117.000,3951.900,0.02960601,303,13,13,0.8791,0.0163,0.0274,OFICIAL
NACIONAL,BRASIL,2025-29,CULINARIOS,NESCAFE,NESTLE,Y,4784.31,249079.83,0.01920794,0.01920794,49.700,3951.900,0.01257623,122,14,8,0.8791,0.0163,0.0274,OFICIAL
NACIONAL,BRASIL,2025-29,LACTEOS,DELTA,FAB_DELTA,N,80957.71,353436.51,0.22905871,0.22905871,1010.300,5202.400,0.19419883,2788,1,42,0.8791,0.0163,0.0523,OFICIAL
NACIONAL,BRASIL,2025-29,LACTEOS,SOLAR,FAB_SOLAR,N,45536.76,353436.51,0.12884,0.12884,770.200,5202.400,0.14804706,1459,2,30,0.8791,0.0163,0.0523,OFICIAL
NACIONAL,BRASIL,2025-29,LACTEOS,NESCAFE,NESTLE,Y,33207.43,353436.51,0.09395586,0.09395586,313.900,5202.400,0.06033754,883,3,17,0.8791,0.0163,0.0523,OFICIAL
NACIONAL,BRASIL,2025-29,LACTEOS,ALPHA,FAB_ALPHA,N,26864.37,353436.51,0.07600904,0.07600904,466.600,5202.400,0.08968937,1191,4,28,0.8791,0.0163,0.0523,OFICIAL
NACIONAL,BRASIL,2025-29,LACTEOS,NINHO,NESTLE,Y,24187.78,353436.51,0.068436,0.068436,393.300,5202.400,0.07559972,681,5,17,0.8791,0.0163,0.0523,OFICIAL
NACIONAL,BRASIL,2025-29,LACTEOS,BETA,FAB_BETA,N,22282.55,353436.51,0.06304541,0.06304541,242.400,5202.400,0.04659388,784,6,18,0.8791,0.0163,0.0523,OFICIAL
NACIONAL,BRASIL,2025-29,LACTEOS,VIVA,FAB_VIVA,N,21261.85,353436.51,0.06015748,0.06015748,355.000,5202.400,0.06823774,867,7,22,0.8791,0.0163,0.0523,OFICIAL
NACIONAL,BRASIL,2025-29,LACTEOS,PRIME,FAB_PRIME,N,21144.12,353436.51,0.05982438,0.05982438,252.400,5202.400,0.04851607,565,8,18,0.8791,0.0163,0.0523,OFICIAL
NACIONAL,BRASIL,2025-29,LACTEOS,NOVA,FAB_NOVA,N,18920.66,353436.51,0.05353341,0.05353341,232.700,5202.400,0.04472936,806,9,14,0.8791,0.0163,0.0523,OFICIAL
NACIONAL,BRASIL,2025-29,LACTEOS,MOCA,NESTLE,Y,14993.01,353436.51,0.04242066,0.04242066,261.300,5202.400,0.05022682,643,10,20,0.8791,0.0163,0.0523,OFICIAL
NACIONAL,BRASIL,2025-29,LACTEOS,NESQUIK,NESTLE,Y,14723.15,353436.51,0.04165713,0.04165713,213.400,5202.400,0.04101953,440,11,12,0.8791,0.0163,0.0523,OFICIAL
NACIONAL,BRASIL,2025-29,LACTEOS,KITKAT,NESTLE,Y,11995.99,353436.51,0.033941,0.033941,208.300,5202.400,0.04003921,385,12,13,0.8791,0.0163,0.0523,OFICIAL
NACIONAL,BRASIL,2025-29,LACTEOS,GAROTO,NESTLE,Y,11967.60,353436.51,0.03386068,0.03386068,187.000,5202.400,0.03594495,424,13,11,0.8791,0.0163,0.0523,OFICIAL
NACIONAL,BRASIL,2025-29,LACTEOS,MAGGI,NESTLE,Y,5393.53,353436.51,0.01526025,0.01526025,295.600,5202.400,0.05681993,501,14,6,0.8791,0.0163,0.0523,OFICIAL
NACIONAL,BRASIL,2025-29,NUTRICAO,DELTA,FAB_DELTA,N,46939.92,323858.30,0.14493969,0.14493969,660.700,5836.000,0.1132111,1505,1,36,0.8791,0.0163,0.0544,OFICIAL
NACIONAL,BRASIL,2025-29,NUTRICAO,NESQUIK,NESTLE,Y,36937.89,323858.30,0.11405572,0.11405572,776.800,5836.000,0.13310487,2190,2,46,0.8791,0.0163,0.0544,OFICIAL
NACIONAL,BRASIL,2025-29,NUTRICAO,SOLAR,FAB_SOLAR,N,35204.23,323858.30,0.10870257,0.10870257,483.400,5836.000,0.08283071,950,3,14,0.8791,0.0163,0.0544,OFICIAL
NACIONAL,BRASIL,2025-29,NUTRICAO,BETA,FAB_BETA,N,30659.15,323858.30,0.09466841,0.09466841,726.800,5836.000,0.12453735,1721,4,31,0.8791,0.0163,0.0544,OFICIAL
NACIONAL,BRASIL,2025-29,NUTRICAO,ALPHA,FAB_ALPHA,N,30564.63,323858.30,0.09437655,0.09437655,494.800,5836.000,0.0847841,892,5,21,0.8791,0.0163,0.0544,OFICIAL
NACIONAL,BRASIL,2025-29,NUTRICAO,PRIME,FAB_PRIME,N,24650.86,323858.30,0.07611619,0.07611619,478.200,5836.000,0.08193968,1177,6,24,0.8791,0.0163,0.0544,OFICIAL
NACIONAL,BRASIL,2025-29,NUTRICAO,VIVA,FAB_VIVA,N,22262.87,323858.30,0.06874263,0.06874263,458.700,5836.000,0.07859836,874,7,16,0.8791,0.0163,0.0544,OFICIAL
NACIONAL,BRASIL,2025-29,NUTRICAO,NINHO,NESTLE,Y,22153.13,323858.30,0.06840377,0.06840377,322.200,5836.000,0.05520905,719,8,17,0.8791,0.0163,0.0544,OFICIAL
NACIONAL,BRASIL,2025-29,NUTRICAO,KITKAT,NESTLE,Y,19659.87,323858.30,0.06070516,0.06070516,121.400,5836.000,0.02080192,476,9,10,0.8791,0.0163,0.0544,OFICIAL
NACIONAL,BRASIL,2025-29,NUTRICAO,MOCA,NESTLE,Y,16790.26,323858.30,0.05184446,0.05184446,440.200,5836.000,0.07542838,694,10,19,0.8791,0.0163,0.0544,OFICIAL
NACIONAL,BRASIL,2025-29,NUTRICAO,NOVA,FAB_NOVA,N,16299.82,323858.30,0.0503301,0.0503301,568.100,5836.000,0.09734407,1279,11,22,0.8791,0.0163,0.0544,OFICIAL
NACIONAL,BRASIL,2025-29,NUTRICAO,NESCAFE,NESTLE,Y,10622.44,323858.30,0.03279965,0.03279965,170.900,5836.000,0.02928376,389,12,12,0.8791,0.0163,0.0544,OFICIAL
NACIONAL,BRASIL,2025-29,NUTRICAO,GAROTO,NESTLE,Y,6385.89,323858.30,0.01971816,0.01971816,100.900,5836.000,0.01728924,268,13,12,0.8791,0.0163,0.0544,OFICIAL
NACIONAL,BRASIL,2025-29,NUTRICAO,MAGGI,NESTLE,Y,4727.34,323858.30,0.01459694,0.01459694,32.900,5836.000,0.00563742,139,14,7,0.8791,0.0163,0.0544,OFICIAL
NACIONAL,BRASIL,2025-30,BEBIDAS,NESQUIK,NESTLE,Y,33734.09,326239.86,0.10340272,0.10340272,462.100,5993.100,0.07710534,1169,1,21,0.828,0.0114,0.0843,OFICIAL
NACIONAL,BRASIL,2025-30,BEBIDAS,NINHO,NESTLE,Y,30937.34,326239.86,0.09483004,0.09483004,662.000,5993.100,0.11046036,1823,2,41,0.828,0.0114,0.0843,OFICIAL
NACIONAL,BRASIL,2025-30,BEBIDAS,GAROTO,NESTLE,Y,30653.13,326239.86,0.09395887,0.09395887,452.800,5993.100,0.07555355,1086,3,12,0.828,0.0114,0.0843,OFICIAL
NACIONAL,BRASIL,2025-30,BEBIDAS,SOLAR,FAB_SOLAR,N,30442.78,326239.86,0.0933141,0.0933141,359.500,5993.100,0.05998565,1065,4,27,0.828,0.0114,0.0843,OFICIAL
NACIONAL,BRASIL,2025-30,BEBIDAS,PRIME,FAB_PRIME,N,29597.94,326239.86,0.09072447,0.09072447,607.300,5993.100,0.1013332,1115,5,34,0.828,0.0114,0.0843,OFICIAL
NACIONAL,BRASIL,2025-30,BEBIDAS,VIVA,FAB_VIVA,N,24730.86,326239.86,0.07580576,0.07580576,408.200,5993.100,0.06811166,826,6,20,0.828,0.0114,0.0843,OFICIAL
NACIONAL,BRASIL,2025-30,BEBIDAS,NESCAFE,NESTLE,Y,23954.68,326239.86,0.07342659,0.07342659,551.300,5993.100,0.09198912,1387,7,28,0.828,0.0114,0.0843,OFICIAL
NACIONAL,BRASIL,2025-30,BEBIDAS,DELTA,FAB_DELTA,N,21939.38,326239.86,0.06724923,0.06724923,447.200,5993.100,0.07461915,907,8,20,0.828,0.0114,0.0843,OFICIAL
NACIONAL,BRASIL,2025-30,BEBIDAS,NOVA,FAB_NOVA,N,21693.15,326239.86,0.06649448,0.06649448,516.500,5993.100,0.08618244,892,9,18,0.828,0.0114,0.0843,OFICIAL
NACIONAL,BRASIL,2025-30,BEBIDAS,BETA,FAB_BETA,N,21299.47,326239.86,0.06528776,0.06528776,376.200,5993.100,0.06277219,1045,10,25,0.828,0.0114,0.0843,OFICIAL
NACIONAL,BRASIL,2025-30,BEBIDAS,ALPHA,FAB_ALPHA,N,21057.25,326239.86,0.0645453,0.0645453,359.500,5993.100,0.05998565,695,11,25,0.828,0.0114,0.0843,OFICIAL
NACIONAL,BRASIL,2025-30,BEBIDAS,MOCA,NESTLE,Y,17772.19,326239.86,0.05447584,0.05447584,457.000,5993.100,0.07625436,769,12,16,0.828,0.0114,0.0843,OFICIAL
NACIONAL,BRASIL,2025-30,BEBIDAS,KITKAT,NESTLE,Y,14426.83,326239.86,0.04422154,0.04422154,253.400,5993.100,0.04228196,714,13,13,0.828,0.0114,0.0843,OFICIAL
NACIONAL,BRASIL,2025-30,BEBIDAS,MAGGI,NESTLE,Y,4000.77,326239.86,0.01226328,0.01226328,80.100,5993.100,0.01336537,364,14,9,0.828,0.0114,0.0843,OFICIAL
NACIONAL,BRASIL,2025-30,CHOCOLATES,PRIME,FAB_PRIME,N,38806.88,293759.03,0.13210447,0.13210447,435.300,4315.100,0.10087831,939,1,30,0.828,0.0114,0.0348,OFICIAL
NACIONAL,BRASIL,2025-30,CHOCOLATES,VIVA,FAB_VIVA,N,35839.51,293759.03,0.12200309,0.12200309,533.700,4315.100,0.12368195,1428,2,34,0.828,0.0114,0.0348,OFICIAL
NACIONAL,BRASIL,2025-30,CHOCOLATES,BETA,FAB_BETA,N,33914.09,293759.03,0.11544867,0.11544867,477.800,4315.100,0.11072745,1067,3,29,0.828,0.0114,0.0348,OFICIAL
NACIONAL,BRASIL,2025-30,CHOCOLATES,NOVA,FAB_NOVA,N,31297.70,293759.03,0.10654209,0.10654209,346.500,4315.100,0.08029941,872,4,24,0.828,0.0114,0.0348,OFICIAL
NACIONAL,BRASIL,2025-30,CHOCOLATES,DELTA,FAB_DELTA,N,24510.18,293759.03,0.08343635,0.08343635,547.700,4315.100,0.12692637,822,5,18,0.828,0.0114,0.0348,OFICIAL
NACIONAL,BRASIL,2025-30,CHOCOLATES,MOCA,NESTLE,Y,19776.75,293759.03,0.06732304,0.06732304,156.300,4315.100,0.03622164,574,6,10,0.828,0.0114,0.0348,OFICIAL
NACIONAL,BRASIL,2025-30,CHOCOLATES,SOLAR,FAB_SOLAR,N,19238.31,293759.03,0.06549011,0.06549011,565.600,4315.100,0.1310746,819,7,17,0.828,0.0114,0.0348,OFICIAL
NACIONAL,BRASIL,2025-30,CHOCOLATES,ALPHA,FAB_ALPHA,N,17644.73,293759.03,0.06006532,0.06006532,202.900,4315.100,0.04702093,538,8,14,0.828,0.0114,0.0348,OFICIAL
NACIONAL,BRASIL,2025-30,CHOCOLATES,MAGGI,NESTLE,Y,17625.51,293759.03,0.05999989,0.05999989,196.200,4315.100,0.04546824,687,9,13,0.828,0.0114,0.0348,OFICIAL
NACIONAL,BRASIL,2025-30,CHOCOLATES,KITKAT,NESTLE,Y,17558.71,293759.03,0.05977249,0.05977249,261.100,4315.100,0.06050845,463,10,13,0.828,0.0114,0.0348,OFICIAL
NACIONAL,BRASIL,2025-30,CHOCOLATES,NESQUIK,NESTLE,Y,13456.00,293759.03,0.04580625,0.04580625,212.800,4315.100,0.0493152,420,11,13,0.828,0.0114,0.0348,OFICIAL
NACIONAL,BRASIL,2025-30,CHOCOLATES,NINHO,NESTLE,Y,13139.67,293759.03,0.04472942,0.04472942,105.200,4315.100,0.0243795,452,12,15,0.828,0.0114,0.0348,OFICIAL
NACIONAL,BRASIL,2025-30,CHOCOLATES,NESCAFE,NESTLE,Y,8284.01,293759.03,0.02820002,0.02820002,214.400,4315.100,0.04968599,352,13,14,0.828,0.0114,0.0348,OFICIAL
NACIONAL,BRASIL,2025-30,CHOCOLATES,GAROTO,NESTLE,Y,2666.98,293759.03,0.0090788,0.0090788,59.600,4315.100,0.01381196,137,14,6,0.828,0.0114,0.0348,OFICIAL
NACIONAL,BRASIL,2025-30,CULINARIOS,NOVA,FAB_NOVA,N,68789.75,364270.37,0.18884256,0.18884256,853.800,4921.000,0.17350132,2038,1,33,0.828,0.0114,0.0405,OFICIAL
NACIONAL,BRASIL,2025-30,CULINARIOS,VIVA,FAB_VIVA,N,60213.93,364270.37,0.1653001,0.1653001,741.100,4921.000,0.15059947,1829,2,43,0.828,0.0114,0.0405,OFICIAL
NACIONAL,BRASIL,2025-30,CULINARIOS,SOLAR,FAB_SOLAR,N,44406.92,364270.37,0.12190648,0.12190648,480.700,4921.000,0.0976834,1296,3,21,0.828,0.0114,0.0405,OFICIAL
NACIONAL,BRASIL,2025-30,CULINARIOS,BETA,FAB_BETA,N,28992.41,364270.37,0.07959036,0.07959036,274.600,4921.000,0.05580167,1001,4,26,0.828,0.0114,0.0405,OFICIAL
NACIONAL,BRASIL,2025-30,CULINARIOS,KITKAT,NESTLE,Y,25394.77,364270.37,0.06971407,0.06971407,397.000,4921.000,0.08067466,885,5,17,0.828,0.0114,0.0405,OFICIAL
NACIONAL,BRASIL,2025-30,CULINARIOS,NESCAFE,NESTLE,Y,25258.67,364270.37,0.06934045,0.06934045,227.900,4921.000,0.04631173,764,6,12,0.828,0.0114,0.0405,OFICIAL
NACIONAL,BRASIL,2025-30,CULINARIOS,PRIME,FAB_PRIME,N,22025.89,364270.37,0.06046577,0.06046577,564.000,4921.000,0.11461085,835,7,18,0.828,0.0114,0.0405,OFICIAL
NACIONAL,BRASIL,2025-30,CULINARIOS,MOCA,NESTLE,Y,19143.98,364270.37,0.05255432,0.05255432,168.400,4921.000,0.03422069,553,8,14,0.828,0.0114,0.0405,OFICIAL
NACIONAL,BRASIL,2025-30,CULINARIOS,MAGGI,NESTLE,Y,17533.24,364270.37,0.04813249,0.04813249,243.100,4921.000,0.04940053,497,9,15,0.828,0.0114,0.0405,OFICIAL
NACIONAL,BRASIL,2025-30,CULINARIOS,NINHO,NESTLE,Y,13926.32,364270.37,0.03823072,0.03823072,367.800,4921.000,0.07474091,652,10,23,0.828,0.0114,0.0405,OFICIAL
NACIONAL,BRASIL,2025-30,CULINARIOS,GAROTO,NESTLE,Y,11121.83,364270.37,0.0305318,0.0305318,108.600,4921.000,0.02206869,333,11,11,0.828,0.0114,0.0405,OFICIAL
NACIONAL,BRASIL,2025-30,CULINARIOS,NESQUIK,NESTLE,Y,10692.62,364270.37,0.02935353,0.02935353,199.600,4921.000,0.04056086,376,12,11,0.828,0.0114,0.0405,OFICIAL
NACIONAL,BRASIL,2025-30,CULINARIOS,DELTA,FAB_DELTA,N,8484.24,364270.37,0.02329105,0.02329105,218.700,4921.000,0.04444219,408,13,17,0.828,0.0114,0.0405,OFICIAL
NACIONAL,BRASIL,2025-30,CULINARIOS,ALPHA,FAB_ALPHA,N,8285.80,364270.37,0.02274629,0.02274629,75.700,4921.000,0.01538305,235,14,9,0.828,0.0114,0.0405,OFICIAL
NACIONAL,BRASIL,2025-30,LACTEOS,SOLAR,FAB_SOLAR,N,56988.36,321075.77,0.17749194,0.17749194,451.300,4390.800,0.10278309,934,1,34,0.828,0.0114,0.1267,OFICIAL
NACIONAL,BRASIL,2025-30,LACTEOS,VIVA,FAB_VIVA,N,31204.99,321075.77,0.09718887,0.09718887,515.500,4390.800,0.11740457,1207,2,28,0.828,0.0114,0.1267,OFICIAL
NACIONAL,BRASIL,2025-30,LACTEOS,DELTA,FAB_DELTA,N,29084.76,321075.77,0.09058535,0.09058535,587.800,4390.800,0.13387082,1245,3,35,0.828,0.0114,0.1267,OFICIAL
NACIONAL,BRASIL,2025-30,LACTEOS,MOCA,NESTLE,Y,27686.06,321075.77,0.08622905,0.08622905,541.800,4390.800,0.12339437,863,4,20,0.828,0.0114,0.1267,OFICIAL
NACIONAL,BRASIL,2025-30,LACTEOS,BETA,FAB_BETA,N,26651.50,321075.77,0.08300689,0.08300689,548.000,4390.800,0.12480641,1288,5,25,0.828,0.0114,0.1267,OFICIAL
NACIONAL,BRASIL,2025-30,LACTEOS,KITKAT,NESTLE,Y,22438.52,321075.77,0.06988544,0.06988544,146.600,4390.800,0.03338799,605,6,14,0.828,0.0114,0.1267,OFICIAL
NACIONAL,BRASIL,2025-30,LACTEOS,NINHO,NESTLE,Y,21153.35,321075.77,0.06588274,0.06588274,202.200,4390.800,0.04605083,521,7,10,0.828,0.0114,0.1267,OFICIAL
NACIONAL,BRASIL,2025-30,LACTEOS,NOVA,FAB_NOVA,N,20218.87,321075.77,0.06297227,0.06297227,329.400,4390.800,0.0750205,705,8,21,0.828,0.0114,0.1267,OFICIAL
NACIONAL,BRASIL,2025-30,LACTEOS,ALPHA,FAB_ALPHA,N,20008.22,321075.77,0.06231619,0.06231619,262.800,4390.800,0.05985242,609,9,16,0.828,0.0114,0.1267,OFICIAL
NACIONAL,BRASIL,2025-30,LACTEOS,PRIME,FAB_PRIME,N,16244.62,321075.77,0.05059435,0.05059435,238.400,4390.800,0.05429534,699,10,17,0.828,0.0114,0.1267,OFICIAL
NACIONAL,BRASIL,2025-30,LACTEOS,NESQUIK,NESTLE,Y,15796.24,321075.77,0.04919786,0.04919786,201.100,4390.800,0.04580031,530,11,16,0.828,0.0114,0.1267,OFICIAL
NACIONAL,BRASIL,2025-30,LACTEOS,GAROTO,NESTLE,Y,12029.76,321075.77,0.03746704,0.03746704,113.600,4390.800,0.02587228,565,12,9,0.828,0.0114,0.1267,OFICIAL
NACIONAL,BRASIL,2025-30,LACTEOS,NESCAFE,NESTLE,Y,10926.48,321075.77,0.03403085,0.03403085,185.200,4390.800,0.0421791,480,13,18,0.828,0.0114,0.1267,OFICIAL
NACIONAL,BRASIL,2025-30,LACTEOS,MAGGI,NESTLE,Y,10644.04,321075.77,0.03315118,0.03315118,67.100,4390.800,0.01528195,339,14,12,0.828,0.0114,0.1267,OFICIAL
NACIONAL,BRASIL,2025-30,NUTRICAO,BETA,FAB_BETA,N,60692.59,281232.62,0.21580921,0.21580921,1170.900,4754.800,0.24625641,1858,1,34,0.828,0.0114,0.0555,OFICIAL
NACIONAL,BRASIL,2025-30,NUTRICAO,DELTA,FAB_DELTA,N,30576.56,281232.62,0.10872338,0.10872338,391.400,4754.800,0.08231682,970,2,33,0.828,0.0114,0.0555,OFICIAL
NACIONAL,BRASIL,2025-30,NUTRICAO,SOLAR,FAB_SOLAR,N,28149.43,281232.62,0.10009305,0.10009305,422.400,4754.800,0.08883654,862,3,18,0.828,0.0114,0.0555,OFICIAL
NACIONAL,BRASIL,2025-30,NUTRICAO,VIVA,FAB_VIVA,N,23638.31,281232.62,0.08405252,0.08405252,282.200,4754.800,0.05935055,1057,4,22,0.828,0.0114,0.0555,OFICIAL
NACIONAL,BRASIL,2025-30,NUTRICAO,MOCA,NESTLE,Y,23628.27,281232.62,0.08401682,0.08401682,348.600,4754.800,0.07331539,867,5,22,0.828,0.0114,0.0555,OFICIAL
NACIONAL,BRASIL,2025-30,NUTRICAO,PRIME,FAB_PRIME,N,19122.13,281232.62,0.067994,0.067994,372.300,4754.800,0.07829982,811,6,32,0.828,0.0114,0.0555,OFICIAL
NACIONAL,BRASIL,2025-30,NUTRICAO,NOVA,FAB_NOVA,N,18957.86,281232.62,0.06740989,0.06740989,307.300,4754.800,0.06462943,714,7,18,0.828,0.0114,0.0555,OFICIAL
NACIONAL,BRASIL,2025-30,NUTRICAO,NESQUIK,NESTLE,Y,17320.39,281232.62,0.06158741,0.06158741,451.000,4754.800,0.09485152,1252,8,35,0.828,0.0114,0.0555,OFICIAL
NACIONAL,BRASIL,2025-30,NUTRICAO,KITKAT,NESTLE,Y,13879.23,281232.62,0.04935142,0.04935142,166.100,4754.800,0.03493312,438,9,17,0.828,0.0114,0.0555,OFICIAL
NACIONAL,BRASIL,2025-30,NUTRICAO,NINHO,NESTLE,Y,12221.81,281232.62,0.04345801,0.04345801,185.800,4754.800,0.0390763,375,10,10,0.828,0.0114,0.0555,OFICIAL
NACIONAL,BRASIL,2025-30,NUTRICAO,GAROTO,NESTLE,Y,10952.50,281232.62,0.03894463,0.03894463,329.900,4754.800,0.06938252,517,11,15,0.828,0.0114,0.0555,OFICIAL
NACIONAL,BRASIL,2025-30,NUTRICAO,NESCAFE,NESTLE,Y,10399.20,281232.62,0.03697722,0.03697722,119.500,4754.800,0.0251325,350,12,10,0.828,0.0114,0.0555,OFICIAL
NACIONAL,BRASIL,2025-30,NUTRICAO,ALPHA,FAB_ALPHA,N,7612.73,281232.62,0.02706916,0.02706916,119.400,4754.800,0.02511147,313,13,16,0.828,0.0114,0.0555,OFICIAL
NACIONAL,BRASIL,2025-30,NUTRICAO,MAGGI,NESTLE,Y,4081.61,281232.62,0.01451329,0.01451329,88.000,4754.800,0.01850761,150,14,6,0.828,0.0114,0.0555,OFICIAL
NACIONAL,BRASIL,2025-31,BEBIDAS,NINHO,NESTLE,Y,44911.57,299598.43,0.14990589,0.14990589,711.900,4819.500,0.14771242,2348,1,41,0.8565,0.01,0.1385,OFICIAL
NACIONAL,BRASIL,2025-31,BEBIDAS,NESCAFE,NESTLE,Y,39272.99,299598.43,0.13108543,0.13108543,652.500,4819.500,0.13538749,2256,2,34,0.8565,0.01,0.1385,OFICIAL
NACIONAL,BRASIL,2025-31,BEBIDAS,PRIME,FAB_PRIME,N,32710.46,299598.43,0.10918101,0.10918101,332.300,4819.500,0.06894906,1069,3,25,0.8565,0.01,0.1385,OFICIAL
NACIONAL,BRASIL,2025-31,BEBIDAS,BETA,FAB_BETA,N,29210.54,299598.43,0.09749898,0.09749898,628.100,4819.500,0.13032472,1215,4,27,0.8565,0.01,0.1385,OFICIAL
NACIONAL,BRASIL,2025-31,BEBIDAS,VIVA,FAB_VIVA,N,28724.19,299598.43,0.09587564,0.09587564,364.100,4819.500,0.07554726,964,5,20,0.8565,0.01,0.1385,OFICIAL
NACIONAL,BRASIL,2025-31,BEBIDAS,SOLAR,FAB_SOLAR,N,24494.56,299598.43,0.08175797,0.08175797,363.800,4819.500,0.07548501,845,6,26,0.8565,0.01,0.1385,OFICIAL
NACIONAL,BRASIL,2025-31,BEBIDAS,ALPHA,FAB_ALPHA,N,21589.14,299598.43,0.07206026,0.07206026,317.800,4819.500,0.06594045,931,7,22,0.8565,0.01,0.1385,OFICIAL
NACIONAL,BRASIL,2025-31,BEBIDAS,NOVA,FAB_NOVA,N,18357.02,299598.43,0.06127208,0.06127208,309.100,4819.500,0.06413528,622,8,15,0.8565,0.01,0.1385,OFICIAL
NACIONAL,BRASIL,2025-31,BEBIDAS,DELTA,FAB_DELTA,N,15226.02,299598.43,0.05082143,0.05082143,325.000,4819.500,0.06743438,622,9,24,0.8565,0.01,0.1385,OFICIAL
NACIONAL,BRASIL,2025-31,BEBIDAS,GAROTO,NESTLE,Y,14040.76,299598.43,0.04686527,0.04686527,198.700,4819.500,0.04122834,512,10,18,0.8565,0.01,0.1385,OFICIAL
NACIONAL,BRASIL,2025-31,BEBIDAS,NESQUIK,NESTLE,Y,11220.37,299598.43,0.03745136,0.03745136,291.000,4819.500,0.06037971,585,11,17,0.8565,0.01,0.1385,OFICIAL
NACIONAL,BRASIL,2025-31,BEBIDAS,MOCA,NESTLE,Y,7920.04,299598.43,0.02643552,0.02643552,58.400,4819.500,0.01211744,365,12,9,0.8565,0.01,0.1385,OFICIAL
NACIONAL,BRASIL,2025-31,BEBIDAS,KITKAT,NESTLE,Y,7577.17,299598.43,0.02529109,0.02529109,189.200,4819.500,0.03925718,263,13,7,0.8565,0.01,0.1385,OFICIAL
NACIONAL,BRASIL,2025-31,BEBIDAS,MAGGI,NESTLE,Y,4343.60,299598.43,0.01449807,0.01449807,77.600,4819.500,0.01610126,166,14,8,0.8565,0.01,0.1385,OFICIAL
NACIONAL,BRASIL,2025-31,CHOCOLATES,BETA,FAB_BETA,N,40086.29,265663.71,0.1508911,0.1508911,576.300,4431.100,0.130058,1433,1,42,0.8565,0.01,0.0897,OFICIAL
NACIONAL,BRASIL,2025-31,CHOCOLATES,NESCAFE,NESTLE,Y,35928.05,265663.71,0.13523883,0.13523883,639.500,4431.100,0.14432082,1281,2,20,0.8565,0.01,0.0897,OFICIAL
NACIONAL,BRASIL,2025-31,CHOCOLATES,ALPHA,FAB_ALPHA,N,34835.43,265663.71,0.13112604,0.13112604,514.300,4431.100,0.11606599,1103,3,25,0.8565,0.01,0.0897,OFICIAL
NACIONAL,BRASIL,2025-31,CHOCOLATES,PRIME,FAB_PRIME,N,26456.40,265663.71,0.09958605,0.09958605,627.600,4431.100,0.14163526,1084,4,26,0.8565,0.01,0.0897,OFICIAL
NACIONAL,BRASIL,2025-31,CHOCOLATES,VIVA,FAB_VIVA,N,24671.75,265663.71,0.09286835,0.09286835,409.700,4431.100,0.09246011,874,5,32,0.8565,0.01,0.0897,OFICIAL
NACIONAL,BRASIL,2025-31,CHOCOLATES,SOLAR,FAB_SOLAR,N,19276.38,265663.71,0.07255933,0.07255933,274.900,4431.100,0.06203877,528,6,20,0.8565,0.01,0.0897,OFICIAL
NACIONAL,BRASIL,2025-31,CHOCOLATES,KITKAT,NESTLE,Y,16479.30,265663.71,0.06203068,0.06203068,187.200,4431.100,0.04224685,448,7,11,0.8565,0.01,0.0897,OFICIAL
NACIONAL,BRASIL,2025-31,CHOCOLATES,NOVA,FAB_NOVA,N,14426.16,265663.71,0.05430234,0.05430234,165.000,4431.100,0.0372368,580,8,21,0.8565,0.01,0.0897,OFICIAL
NACIONAL,BRASIL,2025-31,CHOCOLATES,MOCA,NESTLE,Y,12894.55,265663.71,0.04853711,0.04853711,158.500,4431.100,0.0357699,422,9,8,0.8565,0.01,0.0897,OFICIAL
NACIONAL,BRASIL,2025-31,CHOCOLATES,DELTA,FAB_DELTA,N,12189.89,265663.71,0.04588466,0.04588466,300.200,4431.100,0.06774841,621,10,21,0.8565,0.01,0.0897,OFICIAL
NACIONAL,BRASIL,2025-31,CHOCOLATES,NESQUIK,NESTLE,Y,9257.42,265663.71,0.03484639,0.03484639,199.500,4431.100,0.04502268,253,11,11,0.8565,0.01,0.0897,OFICIAL
NACIONAL,BRASIL,2025-31,CHOCOLATES,NINHO,NESTLE,Y,7968.07,265663.71,0.02999307,0.02999307,154.400,4431.100,0.03484462,306,12,14,0.8565,0.01,0.0897,OFICIAL
NACIONAL,BRASIL,2025-31,CHOCOLATES,MAGGI,NESTLE,Y,7395.19,265663.71,0.02783666,0.02783666,123.100,4431.100,0.02778091,372,13,12,0.8565,0.01,0.0897,OFICIAL
NACIONAL,BRASIL,2025-31,CHOCOLATES,GAROTO,NESTLE,Y,3798.83,265663.71,0.01429939,0.01429939,100.900,4431.100,0.02277087,180,14,6,0.8565,0.01,0.0897,OFICIAL
NACIONAL,BRASIL,2025-31,CULINARIOS,NOVA,FAB_NOVA,N,44233.31,300418.17,0.14723913,0.14723913,913.700,5022.900,0.18190687,1437,1,36,0.8565,0.01,0.0421,OFICIAL
NACIONAL,BRASIL,2025-31,CULINARIOS,PRIME,FAB_PRIME,N,38688.40,300418.17,0.12878182,0.12878182,627.300,5022.900,0.12488801,1441,2,38,0.8565,0.01,0.0421,OFICIAL
NACIONAL,BRASIL,2025-31,CULINARIOS,VIVA,FAB_VIVA,N,32630.69,300418.17,0.10861756,0.10861756,444.800,5022.900,0.08855442,1009,3,29,0.8565,0.01,0.0421,OFICIAL
NACIONAL,BRASIL,2025-31,CULINARIOS,DELTA,FAB_DELTA,N,27264.96,300418.17,0.09075669,0.09075669,582.400,5022.900,0.11594895,1212,4,21,0.8565,0.01,0.0421,OFICIAL
NACIONAL,BRASIL,2025-31,CULINARIOS,BETA,FAB_BETA,N,26820.42,300418.17,0.08927696,0.08927696,503.200,5022.900,0.10018117,981,5,27,0.8565,0.01,0.0421,OFICIAL
NACIONAL,BRASIL,2025-31,CULINARIOS,GAROTO,NESTLE,Y,23922.02,300418.17,0.07962907,0.07962907,307.600,5022.900,0.06123952,661,6,14,0.8565,0.01,0.0421,OFICIAL
NACIONAL,BRASIL,2025-31,CULINARIOS,ALPHA,FAB_ALPHA,N,19720.55,300418.17,0.06564367,0.06564367,294.500,5022.900,0.05863147,540,7,14,0.8565,0.01,0.0421,OFICIAL
NACIONAL,BRASIL,2025-31,CULINARIOS,KITKAT,NESTLE,Y,18791.71,300418.17,0.06255184,0.06255184,324.000,5022.900,0.06450457,514,8,14,0.8565,0.01,0.0421,OFICIAL
NACIONAL,BRASIL,2025-31,CULINARIOS,SOLAR,FAB_SOLAR,N,18482.37,300418.17,0.06152214,0.06152214,261.100,5022.900,0.05198192,712,9,20,0.8565,0.01,0.0421,OFICIAL
NACIONAL,BRASIL,2025-31,CULINARIOS,MAGGI,NESTLE,Y,17615.94,300418.17,0.05863806,0.05863806,403.100,5022.900,0.08025244,704,10,14,0.8565,0.01,0.0421,OFICIAL
NACIONAL,BRASIL,2025-31,CULINARIOS,NINHO,NESTLE,Y,12194.49,300418.17,0.04059172,0.04059172,160.200,5022.900,0.03189393,591,11,19,0.8565,0.01,0.0421,OFICIAL
NACIONAL,BRASIL,2025-31,CULINARIOS,NESQUIK,NESTLE,Y,9006.35,300418.17,0.02997938,0.02997938,47.100,5022.900,0.00937705,196,12,5,0.8565,0.01,0.0421,OFICIAL
NACIONAL,BRASIL,2025-31,CULINARIOS,NESCAFE,NESTLE,Y,6897.56,300418.17,0.02295986,0.02295986,79.000,5022.900,0.01572797,254,13,10,0.8565,0.01,0.0421,OFICIAL
NACIONAL,BRASIL,2025-31,CULINARIOS,MOCA,NESTLE,Y,4149.40,300418.17,0.01381208,0.01381208,74.900,5022.900,0.0149117,145,14,9,0.8565,0.01,0.0421,OFICIAL
NACIONAL,BRASIL,2025-31,LACTEOS,VIVA,FAB_VIVA,N,40852.38,265779.48,0.1537078,0.1537078,590.100,4200.400,0.14048662,2004,1,37,0.8565,0.01,0.0623,OFICIAL
NACIONAL,BRASIL,2025-31,LACTEOS,DELTA,FAB_DELTA,N,37037.86,265779.48,0.1393556,0.1393556,743.800,4200.400,0.17707837,1167,2,36,0.8565,0.01,0.0623,OFICIAL
NACIONAL,BRASIL,2025-31,LACTEOS,NOVA,FAB_NOVA,N,29001.09,265779.48,0.10911711,0.10911711,347.600,4200.400,0.08275402,899,3,30,0.8565,0.01,0.0623,OFICIAL
NACIONAL,BRASIL,2025-31,LACTEOS,SOLAR,FAB_SOLAR,N,26058.52,265779.48,0.09804564,0.09804564,529.700,4200.400,0.12610704,926,4,28,0.8565,0.01,0.0623,OFICIAL
NACIONAL,BRASIL,2025-31,LACTEOS,ALPHA,FAB_ALPHA,N,20963.64,265779.48,0.07887607,0.07887607,256.700,4200.400,0.06111323,630,5,17,0.8565,0.01,0.0623,OFICIAL
NACIONAL,BRASIL,2025-31,LACTEOS,BETA,FAB_BETA,N,18209.92,265779.48,0.06851515,0.06851515,313.200,4200.400,0.07456433,966,6,29,0.8565,0.01,0.0623,OFICIAL
NACIONAL,BRASIL,2025-31,LACTEOS,NESQUIK,NESTLE,Y,17035.28,265779.48,0.06409554,0.06409554,95.800,4200.400,0.02280735,442,7,14,0.8565,0.01,0.0623,OFICIAL
NACIONAL,BRASIL,2025-31,LACTEOS,KITKAT,NESTLE,Y,16030.95,265779.48,0.06031673,0.06031673,335.200,4200.400,0.07980192,574,8,14,0.8565,0.01,0.0623,OFICIAL
NACIONAL,BRASIL,2025-31,LACTEOS,NESCAFE,NESTLE,Y,14074.32,265779.48,0.05295488,0.05295488,212.700,4200.400,0.05063803,615,9,13,0.8565,0.01,0.0623,OFICIAL
NACIONAL,BRASIL,2025-31,LACTEOS,MOCA,NESTLE,Y,13790.62,265779.48,0.05188745,0.05188745,227.100,4200.400,0.05406628,482,10,14,0.8565,0.01,0.0623,OFICIAL
NACIONAL,BRASIL,2025-31,LACTEOS,NINHO,NESTLE,Y,12576.92,265779.48,0.04732088,0.04732088,237.500,4200.400,0.05654223,485,11,14,0.8565,0.01,0.0623,OFICIAL
NACIONAL,BRASIL,2025-31,LACTEOS,GAROTO,NESTLE,Y,10459.81,265779.48,0.03935522,0.03935522,218.300,4200.400,0.05197124,401,12,14,0.8565,0.01,0.0623,OFICIAL
NACIONAL,BRASIL,2025-31,LACTEOS,PRIME,FAB_PRIME,N,6015.43,265779.48,0.02263316,0.02263316,63.000,4200.400,0.01499857,161,13,9,0.8565,0.01,0.0623,OFICIAL
NACIONAL,BRASIL,2025-31,LACTEOS,MAGGI,NESTLE,Y,3672.74,265779.48,0.01381875,0.01381875,29.700,4200.400,0.00707076,134,14,4,0.8565,0.01,0.0623,OFICIAL
NACIONAL,BRASIL,2025-31,NUTRICAO,NOVA,FAB_NOVA,N,43258.98,352365.79,0.12276725,0.12276725,814.900,5209.000,0.15644078,1605,1,25,0.8565,0.01,0.0912,OFICIAL
NACIONAL,BRASIL,2025-31,NUTRICAO,NESQUIK,NESTLE,Y,38986.51,352365.79,0.11064215,0.11064215,662.700,5209.000,0.12722212,2261,2,40,0.8565,0.01,0.0912,OFICIAL
NACIONAL,BRASIL,2025-31,NUTRICAO,ALPHA,FAB_ALPHA,N,36716.18,352365.79,0.10419905,0.10419905,673.800,5209.000,0.12935304,1209,3,26,0.8565,0.01,0.0912,OFICIAL
NACIONAL,BRASIL,2025-31,NUTRICAO,BETA,FAB_BETA,N,30980.27,352365.79,0.08792077,0.08792077,322.100,5209.000,0.06183529,1022,4,23,0.8565,0.01,0.0912,OFICIAL
NACIONAL,BRASIL,2025-31,NUTRICAO,PRIME,FAB_PRIME,N,28533.99,352365.79,0.08097832,0.08097832,458.500,5209.000,0.08802073,1024,5,27,0.8565,0.01,0.0912,OFICIAL
NACIONAL,BRASIL,2025-31,NUTRICAO,MOCA,NESTLE,Y,27277.99,352365.79,0.07741384,0.07741384,233.500,5209.000,0.04482626,665,6,15,0.8565,0.01,0.0912,OFICIAL
NACIONAL,BRASIL,2025-31,NUTRICAO,KITKAT,NESTLE,Y,24823.85,352365.79,0.07044909,0.07044909,274.900,5209.000,0.05277404,674,7,14,0.8565,0.01,0.0912,OFICIAL
NACIONAL,BRASIL,2025-31,NUTRICAO,DELTA,FAB_DELTA,N,23775.63,352365.79,0.06747429,0.06747429,441.200,5209.000,0.08469956,1116,8,27,0.8565,0.01,0.0912,OFICIAL
NACIONAL,BRASIL,2025-31,NUTRICAO,NESCAFE,NESTLE,Y,23219.39,352365.79,0.0658957,0.0658957,258.100,5209.000,0.04954886,634,9,13,0.8565,0.01,0.0912,OFICIAL
NACIONAL,BRASIL,2025-31,NUTRICAO,GAROTO,NESTLE,Y,20888.89,352365.79,0.05928183,0.05928183,214.900,5209.000,0.04125552,576,10,12,0.8565,0.01,0.0912,OFICIAL
NACIONAL,BRASIL,2025-31,NUTRICAO,VIVA,FAB_VIVA,N,20583.56,352365.79,0.05841532,0.05841532,231.900,5209.000,0.0445191,732,11,21,0.8565,0.01,0.0912,OFICIAL
NACIONAL,BRASIL,2025-31,NUTRICAO,SOLAR,FAB_SOLAR,N,17588.38,352365.79,0.04991512,0.04991512,366.500,5209.000,0.07035899,653,12,17,0.8565,0.01,0.0912,OFICIAL
NACIONAL,BRASIL,2025-31,NUTRICAO,NINHO,NESTLE,Y,11287.77,352365.79,0.03203424,0.03203424,192.700,5209.000,0.03699366,309,13,10,0.8565,0.01,0.0912,OFICIAL
NACIONAL,BRASIL,2025-31,NUTRICAO,MAGGI,NESTLE,Y,4444.40,352365.79,0.01261303,0.01261303,63.300,5209.000,0.01215204,137,14,4,0.8565,0.01,0.0912,OFICIAL
NACIONAL,BRASIL,2025-32,BEBIDAS,NESCAFE,NESTLE,Y,34672.01,276576.29,0.12536147,0.12536147,694.500,5173.200,0.13424959,1794,1,32,0.8254,0.0073,0.1616,OFICIAL
NACIONAL,BRASIL,2025-32,BEBIDAS,DELTA,FAB_DELTA,N,31989.72,276576.29,0.11566328,0.11566328,806.400,5173.200,0.15588031,1377,2,29,0.8254,0.0073,0.1616,OFICIAL
NACIONAL,BRASIL,2025-32,BEBIDAS,NINHO,NESTLE,Y,31567.20,276576.29,0.1141356,0.1141356,797.700,5173.200,0.15419856,2004,3,38,0.8254,0.0073,0.1616,OFICIAL
NACIONAL,BRASIL,2025-32,BEBIDAS,SOLAR,FAB_SOLAR,N,30742.33,276576.29,0.11115317,0.11115317,530.600,5173.200,0.10256708,1069,4,25,0.8254,0.0073,0.1616,OFICIAL
NACIONAL,BRASIL,2025-32,BEBIDAS,PRIME,FAB_PRIME,N,24752.06,276576.29,0.08949451,0.08949451,515.900,5173.200,0.09972551,844,5,27,0.8254,0.0073,0.1616,OFICIAL
NACIONAL,BRASIL,2025-32,BEBIDAS,VIVA,FAB_VIVA,N,23388.79,276576.29,0.08456542,0.08456542,360.900,5173.200,0.0697634,912,6,25,0.8254,0.0073,0.1616,OFICIAL
NACIONAL,BRASIL,2025-32,BEBIDAS,NESQUIK,NESTLE,Y,21171.50,276576.29,0.0765485,0.0765485,237.100,5173.200,0.04583237,591,7,20,0.8254,0.0073,0.1616,OFICIAL
NACIONAL,BRASIL,2025-32,BEBIDAS,MOCA,NESTLE,Y,17279.29,276576.29,0.06247567,0.06247567,114.000,5173.200,0.02203665,460,8,12,0.8254,0.0073,0.1616,OFICIAL
NACIONAL,BRASIL,2025-32,BEBIDAS,GAROTO,NESTLE,Y,14078.86,276576.29,0.05090407,0.05090407,193.500,5173.200,0.03740431,509,9,9,0.8254,0.0073,0.1616,OFICIAL
NACIONAL,BRASIL,2025-32,BEBIDAS,ALPHA,FAB_ALPHA,N,13316.62,276576.29,0.04814809,0.04814809,194.800,5173.200,0.03765561,371,10,13,0.8254,0.0073,0.1616,OFICIAL
NACIONAL,BRASIL,2025-32,BEBIDAS,BETA,FAB_BETA,N,13123.16,276576.29,0.04744861,0.04744861,342.700,5173.200,0.06624526,720,11,16,0.8254,0.0073,0.1616,OFICIAL
NACIONAL,BRASIL,2025-32,BEBIDAS,NOVA,FAB_NOVA,N,10601.61,276576.29,0.03833159,0.03833159,154.600,5173.200,0.02988479,481,12,17,0.8254,0.0073,0.1616,OFICIAL
NACIONAL,BRASIL,2025-32,BEBIDAS,KITKAT,NESTLE,Y,6779.67,276576.29,0.02451284,0.02451284,110.700,5173.200,0.02139875,251,13,11,0.8254,0.0073,0.1616,OFICIAL
NACIONAL,BRASIL,2025-32,BEBIDAS,MAGGI,NESTLE,Y,3113.47,276576.29,0.01125718,0.01125718,119.800,5173.200,0.02315781,311,14,7,0.8254,0.0073,0.1616,OFICIAL
NACIONAL,BRASIL,2025-32,CHOCOLATES,VIVA,FAB_VIVA,N,46406.58,297741.09,0.1558622,0.1558622,881.100,4798.200,0.18363136,1633,1,37,0.8254,0.0073,0.0484,OFICIAL
NACIONAL,BRASIL,2025-32,CHOCOLATES,BETA,FAB_BETA,N,37532.20,297741.09,0.1260565,0.1260565,631.800,4798.200,0.13167438,1263,2,36,0.8254,0.0073,0.0484,OFICIAL
NACIONAL,BRASIL,2025-32,CHOCOLATES,NOVA,FAB_NOVA,N,36775.79,297741.09,0.12351601,0.12351601,358.000,4798.200,0.07461131,939,3,25,0.8254,0.0073,0.0484,OFICIAL
NACIONAL,BRASIL,2025-32,CHOCOLATES,PRIME,FAB_PRIME,N,36641.85,297741.09,0.12306615,0.12306615,436.400,4798.200,0.09095077,1176,4,28,0.8254,0.0073,0.0484,OFICIAL
NACIONAL,BRASIL,2025-32,CHOCOLATES,NESCAFE,NESTLE,Y,21235.35,297741.09,0.07132153,0.07132153,321.700,4798.200,0.06704598,696,5,19,0.8254,0.0073,0.0484,OFICIAL
NACIONAL,BRASIL,2025-32,CHOCOLATES,KITKAT,NESTLE,Y,19650.29,297741.09,0.06599791,0.06599791,217.700,4798.200,0.04537118,632,6,14,0.8254,0.0073,0.0484,OFICIAL
NACIONAL,BRASIL,2025-32,CHOCOLATES,SOLAR,FAB_SOLAR,N,18976.88,297741.09,0.06373618,0.06373618,527.700,4798.200,0.10997874,715,7,17,0.8254,0.0073,0.0484,OFICIAL
NACIONAL,BRASIL,2025-32,CHOCOLATES,NINHO,NESTLE,Y,17763.00,297741.09,0.05965922,0.05965922,464.700,4798.200,0.09684882,587,8,13,0.8254,0.0073,0.0484,OFICIAL
NACIONAL,BRASIL,2025-32,CHOCOLATES,MAGGI,NESTLE,Y,16873.66,297741.09,0.05667226,0.05667226,197.700,4798.200,0.04120295,485,9,10,0.8254,0.0073,0.0484,OFICIAL
NACIONAL,BRASIL,2025-32,CHOCOLATES,ALPHA,FAB_ALPHA,N,13613.42,297741.09,0.04572234,0.04572234,280.800,4798.200,0.05852195,494,10,15,0.8254,0.0073,0.0484,OFICIAL
NACIONAL,BRASIL,2025-32,CHOCOLATES,MOCA,NESTLE,Y,13200.96,297741.09,0.04433704,0.04433704,210.600,4798.200,0.04389146,377,11,13,0.8254,0.0073,0.0484,OFICIAL
NACIONAL,BRASIL,2025-32,CHOCOLATES,DELTA,FAB_DELTA,N,9525.95,297741.09,0.03199407,0.03199407,145.700,4798.200,0.03036555,360,12,14,0.8254,0.0073,0.0484,OFICIAL
NACIONAL,BRASIL,2025-32,CHOCOLATES,NESQUIK,NESTLE,Y,8301.01,297741.09,0.02787996,0.02787996,93.900,4798.200,0.01956984,327,13,14,0.8254,0.0073,0.0484,OFICIAL
NACIONAL,BRASIL,2025-32,CHOCOLATES,GAROTO,NESTLE,Y,1244.15,297741.09,0.00417863,0.00417863,30.400,4798.200,0.00633571,40,14,3,0.8254,0.0073,0.0484,OFICIAL
NACIONAL,BRASIL,2025-32,CULINARIOS,NOVA,FAB_NOVA,N,46511.82,298684.27,0.15572236,0.15572236,782.300,4412.700,0.17728375,1494,1,36,0.8254,0.0073,0.0517,OFICIAL
NACIONAL,BRASIL,2025-32,CULINARIOS,SOLAR,FAB_SOLAR,N,35022.81,298684.27,0.11725696,0.11725696,480.100,4412.700,0.1087996,1114,2,23,0.8254,0.0073,0.0517,OFICIAL
NACIONAL,BRASIL,2025-32,CULINARIOS,PRIME,FAB_PRIME,N,33610.12,298684.27,0.11252725,0.11252725,439.700,4412.700,0.09964421,1220,3,29,0.8254,0.0073,0.0517,OFICIAL
NACIONAL,BRASIL,2025-32,CULINARIOS,BETA,FAB_BETA,N,32964.41,298684.27,0.1103654,0.1103654,430.200,4412.700,0.09749133,1194,4,19,0.8254,0.0073,0.0517,OFICIAL
NACIONAL,BRASIL,2025-32,CULINARIOS,MAGGI,NESTLE,Y,31054.67,298684.27,0.10397156,0.10397156,346.900,4412.700,0.078614,925,5,21,0.8254,0.0073,0.0517,OFICIAL
NACIONAL,BRASIL,2025-32,CULINARIOS,VIVA,FAB_VIVA,N,22350.37,298684.27,0.07482942,0.07482942,379.900,4412.700,0.08609242,843,6,33,0.8254,0.0073,0.0517,OFICIAL
NACIONAL,BRASIL,2025-32,CULINARIOS,GAROTO,NESTLE,Y,19145.74,298684.27,0.06410026,0.06410026,127.000,4412.700,0.02878057,610,7,10,0.8254,0.0073,0.0517,OFICIAL
NACIONAL,BRASIL,2025-32,CULINARIOS,NINHO,NESTLE,Y,16008.73,298684.27,0.0535975,0.0535975,350.200,4412.700,0.07936184,709,8,20,0.8254,0.0073,0.0517,OFICIAL
NACIONAL,BRASIL,2025-32,CULINARIOS,NESCAFE,NESTLE,Y,13069.14,298684.27,0.0437557,0.0437557,233.100,4412.700,0.0528248,391,9,12,0.8254,0.0073,0.0517,OFICIAL
NACIONAL,BRASIL,2025-32,CULINARIOS,NESQUIK,NESTLE,Y,11370.34,298684.27,0.03806809,0.03806809,120.600,4412.700,0.02733021,338,10,7,0.8254,0.0073,0.0517,OFICIAL
NACIONAL,BRASIL,2025-32,CULINARIOS,ALPHA,FAB_ALPHA,N,11144.68,298684.27,0.03731258,0.03731258,106.600,4412.700,0.02415755,350,11,9,0.8254,0.0073,0.0517,OFICIAL
NACIONAL,BRASIL,2025-32,CULINARIOS,MOCA,NESTLE,Y,10448.62,298684.27,0.03498216,0.03498216,341.700,4412.700,0.07743558,612,12,11,0.8254,0.0073,0.0517,OFICIAL
NACIONAL,BRASIL,2025-32,CULINARIOS,DELTA,FAB_DELTA,N,9139.37,298684.27,0.03059877,0.03059877,134.100,4412.700,0.03038956,388,13,12,0.8254,0.0073,0.0517,OFICIAL
NACIONAL,BRASIL,2025-32,CULINARIOS,KITKAT,NESTLE,Y,6843.45,298684.27,0.02291199,0.02291199,140.300,4412.700,0.03179459,270,14,9,0.8254,0.0073,0.0517,OFICIAL
NACIONAL,BRASIL,2025-32,LACTEOS,MOCA,NESTLE,Y,53228.16,329897.97,0.16134734,0.16134734,352.300,4272.500,0.08245758,1680,1,13,0.8254,0.0073,0.0234,OFICIAL
NACIONAL,BRASIL,2025-32,LACTEOS,DELTA,FAB_DELTA,N,44295.54,329897.97,0.13427042,0.13427042,570.100,4272.500,0.13343476,1511,2,36,0.8254,0.0073,0.0234,OFICIAL
NACIONAL,BRASIL,2025-32,LACTEOS,NOVA,FAB_NOVA,N,36795.75,329897.97,0.11153676,0.11153676,452.800,4272.500,0.10598011,1097,3,24,0.8254,0.0073,0.0234,OFICIAL
NACIONAL,BRASIL,2025-32,LACTEOS,SOLAR,FAB_SOLAR,N,33681.75,329897.97,0.10209748,0.10209748,642.900,4272.500,0.15047396,1849,4,39,0.8254,0.0073,0.0234,OFICIAL
NACIONAL,BRASIL,2025-32,LACTEOS,VIVA,FAB_VIVA,N,32644.61,329897.97,0.09895366,0.09895366,427.300,4272.500,0.1000117,1415,5,28,0.8254,0.0073,0.0234,OFICIAL
NACIONAL,BRASIL,2025-32,LACTEOS,ALPHA,FAB_ALPHA,N,25150.79,329897.97,0.07623809,0.07623809,261.400,4272.500,0.06118198,869,6,26,0.8254,0.0073,0.0234,OFICIAL
NACIONAL,BRASIL,2025-32,LACTEOS,BETA,FAB_BETA,N,19697.14,329897.97,0.05970676,0.05970676,302.500,4272.500,0.07080164,861,7,19,0.8254,0.0073,0.0234,OFICIAL
NACIONAL,BRASIL,2025-32,LACTEOS,NESQUIK,NESTLE,Y,19244.51,329897.97,0.05833473,0.05833473,258.400,4272.500,0.06047981,550,8,14,0.8254,0.0073,0.0234,OFICIAL
NACIONAL,BRASIL,2025-32,LACTEOS,NINHO,NESTLE,Y,18146.95,329897.97,0.05500777,0.05500777,230.600,4272.500,0.05397308,566,9,18,0.8254,0.0073,0.0234,OFICIAL
NACIONAL,BRASIL,2025-32,LACTEOS,NESCAFE,NESTLE,Y,17665.94,329897.97,0.05354971,0.05354971,220.800,4272.500,0.05167934,543,10,20,0.8254,0.0073,0.0234,OFICIAL
NACIONAL,BRASIL,2025-32,LACTEOS,GAROTO,NESTLE,Y,9487.55,329897.97,0.02875904,0.02875904,168.100,4272.500,0.03934465,544,11,17,0.8254,0.0073,0.0234,OFICIAL
NACIONAL,BRASIL,2025-32,LACTEOS,PRIME,FAB_PRIME,N,9272.81,329897.97,0.02810811,0.02810811,156.700,4272.500,0.03667642,386,12,13,0.8254,0.0073,0.0234,OFICIAL
NACIONAL,BRASIL,2025-32,LACTEOS,KITKAT,NESTLE,Y,5549.72,329897.97,0.01682253,0.01682253,152.200,4272.500,0.03562317,187,13,4,0.8254,0.0073,0.0234,OFICIAL
NACIONAL,BRASIL,2025-32,LACTEOS,MAGGI,NESTLE,Y,5036.75,329897.97,0.0152676,0.0152676,76.400,4272.500,0.0178818,347,14,9,0.8254,0.0073,0.0234,OFICIAL
NACIONAL,BRASIL,2025-32,NUTRICAO,DELTA,FAB_DELTA,N,65031.28,312828.52,0.20788156,0.20788156,660.500,4231.400,0.15609491,2253,1,28,0.8254,0.0073,0.0792,OFICIAL
NACIONAL,BRASIL,2025-32,NUTRICAO,BETA,FAB_BETA,N,34943.94,312828.52,0.11170318,0.11170318,492.300,4231.400,0.11634447,943,2,31,0.8254,0.0073,0.0792,OFICIAL
NACIONAL,BRASIL,2025-32,NUTRICAO,ALPHA,FAB_ALPHA,N,31403.03,312828.52,0.10038417,0.10038417,276.500,4231.400,0.0653448,977,3,30,0.8254,0.0073,0.0792,OFICIAL
NACIONAL,BRASIL,2025-32,NUTRICAO,NESQUIK,NESTLE,Y,27421.07,312828.52,0.08765528,0.08765528,724.500,4231.400,0.17121993,1728,4,38,0.8254,0.0073,0.0792,OFICIAL
NACIONAL,BRASIL,2025-32,NUTRICAO,PRIME,FAB_PRIME,N,25592.32,312828.52,0.08180942,0.08180942,197.900,4231.400,0.04676939,831,5,22,0.8254,0.0073,0.0792,OFICIAL
NACIONAL,BRASIL,2025-32,NUTRICAO,SOLAR,FAB_SOLAR,N,22326.38,312828.52,0.07136939,0.07136939,296.400,4231.400,0.07004774,710,6,20,0.8254,0.0073,0.0792,OFICIAL
NACIONAL,BRASIL,2025-32,NUTRICAO,MOCA,NESTLE,Y,20226.49,312828.52,0.0646568,0.0646568,241.500,4231.400,0.05707331,536,7,18,0.8254,0.0073,0.0792,OFICIAL
NACIONAL,BRASIL,2025-32,NUTRICAO,VIVA,FAB_VIVA,N,17325.52,312828.52,0.05538344,0.05538344,139.000,4231.400,0.03284965,480,8,14,0.8254,0.0073,0.0792,OFICIAL
NACIONAL,BRASIL,2025-32,NUTRICAO,NOVA,FAB_NOVA,N,16970.48,312828.52,0.05424851,0.05424851,256.200,4231.400,0.06054734,671,9,21,0.8254,0.0073,0.0792,OFICIAL
NACIONAL,BRASIL,2025-32,NUTRICAO,GAROTO,NESTLE,Y,14964.10,312828.52,0.04783483,0.04783483,309.400,4231.400,0.07312001,552,10,14,0.8254,0.0073,0.0792,OFICIAL
NACIONAL,BRASIL,2025-32,NUTRICAO,KITKAT,NESTLE,Y,11466.80,312828.52,0.03665523,0.03665523,239.300,4231.400,0.05655339,349,11,13,0.8254,0.0073,0.0792,OFICIAL
NACIONAL,BRASIL,2025-32,NUTRICAO,NINHO,NESTLE,Y,10842.08,312828.52,0.03465822,0.03465822,114.900,4231.400,0.02715413,506,12,14,0.8254,0.0073,0.0792,OFICIAL
NACIONAL,BRASIL,2025-32,NUTRICAO,NESCAFE,NESTLE,Y,8604.53,312828.52,0.02750558,0.02750558,218.200,4231.400,0.05156686,564,13,12,0.8254,0.0073,0.0792,OFICIAL
NACIONAL,BRASIL,2025-32,NUTRICAO,MAGGI,NESTLE,Y,5710.50,312828.52,0.01825441,0.01825441,64.800,4231.400,0.01531408,157,14,6,0.8254,0.0073,0.0792,OFICIAL
NACIONAL,BRASIL,2025-33,BEBIDAS,NINHO,NESTLE,Y,42308.87,324761.45,0.13027676,0.13027676,827.800,5904.200,0.14020528,2230,1,43,0.8381,0.0127,0.1633,OFICIAL
NACIONAL,BRASIL,2025-33,BEBIDAS,BETA,FAB_BETA,N,38789.73,324761.45,0.11944068,0.11944068,1003.400,5904.200,0.16994682,1711,2,26,0.8381,0.0127,0.1633,OFICIAL
NACIONAL,BRASIL,2025-33,BEBIDAS,VIVA,FAB_VIVA,N,32651.20,324761.45,0.10053903,0.10053903,253.000,5904.200,0.04285085,888,3,24,0.8381,0.0127,0.1633,OFICIAL
NACIONAL,BRASIL,2025-33,BEBIDAS,NESCAFE,NESTLE,Y,30185.24,324761.45,0.09294588,0.09294588,746.000,5904.200,0.12635073,1765,4,28,0.8381,0.0127,0.1633,OFICIAL
NACIONAL,BRASIL,2025-33,BEBIDAS,DELTA,FAB_DELTA,N,29339.73,324761.45,0.0903424,0.0903424,472.500,5904.200,0.08002778,817,5,28,0.8381,0.0127,0.1633,OFICIAL
NACIONAL,BRASIL,2025-33,BEBIDAS,PRIME,FAB_PRIME,N,27035.55,324761.45,0.08324741,0.08324741,313.000,5904.200,0.05301311,856,6,26,0.8381,0.0127,0.1633,OFICIAL
NACIONAL,BRASIL,2025-33,BEBIDAS,GAROTO,NESTLE,Y,23417.97,324761.45,0.07210822,0.07210822,436.200,5904.200,0.07387961,919,7,12,0.8381,0.0127,0.1633,OFICIAL
NACIONAL,BRASIL,2025-33,BEBIDAS,SOLAR,FAB_SOLAR,N,22230.46,324761.45,0.06845166,0.06845166,644.300,5904.200,0.10912571,1094,8,25,0.8381,0.0127,0.1633,OFICIAL
NACIONAL,BRASIL,2025-33,BEBIDAS,NESQUIK,NESTLE,Y,21978.49,324761.45,0.0676758,0.0676758,278.500,5904.200,0.04716981,662,9,15,0.8381,0.0127,0.1633,OFICIAL
NACIONAL,BRASIL,2025-33,BEBIDAS,ALPHA,FAB_ALPHA,N,14643.84,324761.45,0.04509107,0.04509107,258.000,5904.200,0.04369771,434,10,20,0.8381,0.0127,0.1633,OFICIAL
NACIONAL,BRASIL,2025-33,BEBIDAS,MOCA,NESTLE,Y,11490.57,324761.45,0.03538157,0.03538157,175.700,5904.200,0.02975848,513,11,12,0.8381,0.0127,0.1633,OFICIAL
NACIONAL,BRASIL,2025-33,BEBIDAS,MAGGI,NESTLE,Y,11330.84,324761.45,0.03488973,0.03488973,135.900,5904.200,0.02301751,437,12,18,0.8381,0.0127,0.1633,OFICIAL
NACIONAL,BRASIL,2025-33,BEBIDAS,NOVA,FAB_NOVA,N,10836.41,324761.45,0.03336729,0.03336729,183.700,5904.200,0.03111344,387,13,14,0.8381,0.0127,0.1633,OFICIAL
NACIONAL,BRASIL,2025-33,BEBIDAS,KITKAT,NESTLE,Y,8522.55,324761.45,0.02624249,0.02624249,176.200,5904.200,0.02984316,304,14,11,0.8381,0.0127,0.1633,OFICIAL
NACIONAL,BRASIL,2025-33,CHOCOLATES,BETA,FAB_BETA,N,46796.43,277897.91,0.16839432,0.16839432,647.400,3599.600,0.17985332,1389,1,30,0.8381,0.0127,0.0221,OFICIAL
NACIONAL,BRASIL,2025-33,CHOCOLATES,VIVA,FAB_VIVA,N,42064.35,277897.91,0.1513662,0.1513662,556.400,3599.600,0.15457273,1270,2,28,0.8381,0.0127,0.0221,OFICIAL
NACIONAL,BRASIL,2025-33,CHOCOLATES,PRIME,FAB_PRIME,N,34718.14,277897.91,0.12493127,0.12493127,356.900,3599.600,0.09914991,1100,3,24,0.8381,0.0127,0.0221,OFICIAL
NACIONAL,BRASIL,2025-33,CHOCOLATES,DELTA,FAB_DELTA,N,30013.02,277897.91,0.10800016,0.10800016,387.100,3599.600,0.10753973,1035,4,22,0.8381,0.0127,0.0221,OFICIAL
NACIONAL,BRASIL,2025-33,CHOCOLATES,ALPHA,FAB_ALPHA,N,25793.26,277897.91,0.0928156,0.0928156,228.700,3599.600,0.06353484,972,5,24,0.8381,0.0127,0.0221,OFICIAL
NACIONAL,BRASIL,2025-33,CHOCOLATES,NOVA,FAB_NOVA,N,18551.32,277897.91,0.06675588,0.06675588,419.500,3599.600,0.11654073,762,6,20,0.8381,0.0127,0.0221,OFICIAL
NACIONAL,BRASIL,2025-33,CHOCOLATES,SOLAR,FAB_SOLAR,N,17282.13,277897.91,0.06218877,0.06218877,187.800,3599.600,0.05217246,642,7,20,0.8381,0.0127,0.0221,OFICIAL
NACIONAL,BRASIL,2025-33,CHOCOLATES,NESCAFE,NESTLE,Y,16157.89,277897.91,0.05814326,0.05814326,224.200,3599.600,0.0622847,629,8,17,0.8381,0.0127,0.0221,OFICIAL
NACIONAL,BRASIL,2025-33,CHOCOLATES,KITKAT,NESTLE,Y,13999.96,277897.91,0.05037807,0.05037807,160.400,3599.600,0.04456051,455,9,20,0.8381,0.0127,0.0221,OFICIAL
NACIONAL,BRASIL,2025-33,CHOCOLATES,NINHO,NESTLE,Y,10813.15,277897.91,0.03891051,0.03891051,184.500,3599.600,0.0512557,429,10,15,0.8381,0.0127,0.0221,OFICIAL
NACIONAL,BRASIL,2025-33,CHOCOLATES,NESQUIK,NESTLE,Y,8820.92,277897.91,0.03174158,0.03174158,90.500,3599.600,0.02514168,222,11,10,0.8381,0.0127,0.0221,OFICIAL
NACIONAL,BRASIL,2025-33,CHOCOLATES,MOCA,NESTLE,Y,5294.67,277897.91,0.01905257,0.01905257,59.800,3599.600,0.01661296,251,12,7,0.8381,0.0127,0.0221,OFICIAL
NACIONAL,BRASIL,2025-33,CHOCOLATES,GAROTO,NESTLE,Y,4905.64,277897.91,0.01765267,0.01765267,72.900,3599.600,0.02025225,130,13,5,0.8381,0.0127,0.0221,OFICIAL
NACIONAL,BRASIL,2025-33,CHOCOLATES,MAGGI,NESTLE,Y,2687.03,277897.91,0.00966913,0.00966913,23.500,3599.600,0.0065285,188,14,3,0.8381,0.0127,0.0221,OFICIAL
NACIONAL,BRASIL,2025-33,CULINARIOS,BETA,FAB_BETA,N,54229.55,310910.39,0.1744218,0.1744218,444.100,4304.500,0.1031711,1419,1,31,0.8381,0.0127,0.0105,OFICIAL
NACIONAL,BRASIL,2025-33,CULINARIOS,VIVA,FAB_VIVA,N,43646.68,310910.39,0.14038347,0.14038347,542.600,4304.500,0.12605413,1205,2,33,0.8381,0.0127,0.0105,OFICIAL
NACIONAL,BRASIL,2025-33,CULINARIOS,PRIME,FAB_PRIME,N,40812.10,310910.39,0.13126644,0.13126644,783.500,4304.500,0.18201882,1400,3,24,0.8381,0.0127,0.0105,OFICIAL
NACIONAL,BRASIL,2025-33,CULINARIOS,MAGGI,NESTLE,Y,25827.32,310910.39,0.08306998,0.08306998,308.000,4304.500,0.07155303,723,4,20,0.8381,0.0127,0.0105,OFICIAL
NACIONAL,BRASIL,2025-33,CULINARIOS,NOVA,FAB_NOVA,N,25531.86,310910.39,0.08211967,0.08211967,410.700,4304.500,0.09541178,908,5,34,0.8381,0.0127,0.0105,OFICIAL
NACIONAL,BRASIL,2025-33,CULINARIOS,NINHO,NESTLE,Y,21927.92,310910.39,0.0705281,0.0705281,414.300,4304.500,0.09624811,798,6,20,0.8381,0.0127,0.0105,OFICIAL
NACIONAL,BRASIL,2025-33,CULINARIOS,DELTA,FAB_DELTA,N,18109.08,310910.39,0.05824534,0.05824534,220.800,4304.500,0.05129516,512,7,21,0.8381,0.0127,0.0105,OFICIAL
NACIONAL,BRASIL,2025-33,CULINARIOS,NESCAFE,NESTLE,Y,16405.57,310910.39,0.05276623,0.05276623,229.900,4304.500,0.05340922,479,8,12,0.8381,0.0127,0.0105,OFICIAL
NACIONAL,BRASIL,2025-33,CULINARIOS,SOLAR,FAB_SOLAR,N,15965.74,310910.39,0.05135158,0.05135158,241.800,4304.500,0.05617377,540,9,17,0.8381,0.0127,0.0105,OFICIAL
NACIONAL,BRASIL,2025-33,CULINARIOS,MOCA,NESTLE,Y,13245.15,310910.39,0.04260118,0.04260118,169.200,4304.500,0.0393077,477,10,16,0.8381,0.0127,0.0105,OFICIAL
NACIONAL,BRASIL,2025-33,CULINARIOS,NESQUIK,NESTLE,Y,11591.89,310910.39,0.0372837,0.0372837,219.400,4304.500,0.05096992,581,11,10,0.8381,0.0127,0.0105,OFICIAL
NACIONAL,BRASIL,2025-33,CULINARIOS,KITKAT,NESTLE,Y,10287.08,310910.39,0.03308696,0.03308696,126.800,4304.500,0.02945754,479,12,10,0.8381,0.0127,0.0105,OFICIAL
NACIONAL,BRASIL,2025-33,CULINARIOS,ALPHA,FAB_ALPHA,N,9604.96,310910.39,0.03089302,0.03089302,148.300,4304.500,0.03445232,318,13,14,0.8381,0.0127,0.0105,OFICIAL
NACIONAL,BRASIL,2025-33,CULINARIOS,GAROTO,NESTLE,Y,3725.49,310910.39,0.01198252,0.01198252,45.100,4304.500,0.01047741,164,14,9,0.8381,0.0127,0.0105,OFICIAL
NACIONAL,BRASIL,2025-33,LACTEOS,SOLAR,FAB_SOLAR,N,40127.33,279082.00,0.1437833,0.1437833,707.200,4271.400,0.16556632,1679,1,36,0.8381,0.0127,0.0578,OFICIAL
NACIONAL,BRASIL,2025-33,LACTEOS,VIVA,FAB_VIVA,N,33698.99,279082.00,0.12074942,0.12074942,570.500,4271.400,0.13356277,1343,2,30,0.8381,0.0127,0.0578,OFICIAL
NACIONAL,BRASIL,2025-33,LACTEOS,DELTA,FAB_DELTA,N,30794.84,279082.00,0.11034334,0.11034334,483.400,4271.400,0.11317133,1361,3,37,0.8381,0.0127,0.0578,OFICIAL
NACIONAL,BRASIL,2025-33,LACTEOS,NOVA,FAB_NOVA,N,29963.82,279082.00,0.10736565,0.10736565,354.600,4271.400,0.08301728,931,4,26,0.8381,0.0127,0.0578,OFICIAL
NACIONAL,BRASIL,2025-33,LACTEOS,PRIME,FAB_PRIME,N,27309.33,279082.00,0.09785414,0.09785414,484.600,4271.400,0.11345226,1047,5,21,0.8381,0.0127,0.0578,OFICIAL
NACIONAL,BRASIL,2025-33,LACTEOS,NESCAFE,NESTLE,Y,22743.07,279082.00,0.08149243,0.08149243,246.400,4271.400,0.057686,646,6,21,0.8381,0.0127,0.0578,OFICIAL
NACIONAL,BRASIL,2025-33,LACTEOS,NINHO,NESTLE,Y,18919.89,279082.00,0.0677933,0.0677933,298.900,4271.400,0.06997706,986,7,15,0.8381,0.0127,0.0578,OFICIAL
NACIONAL,BRASIL,2025-33,LACTEOS,BETA,FAB_BETA,N,18811.92,279082.00,0.06740643,0.06740643,181.700,4271.400,0.04253875,502,8,25,0.8381,0.0127,0.0578,OFICIAL
NACIONAL,BRASIL,2025-33,LACTEOS,ALPHA,FAB_ALPHA,N,15871.36,279082.00,0.05686988,0.05686988,373.800,4271.400,0.08751229,857,9,18,0.8381,0.0127,0.0578,OFICIAL
NACIONAL,BRASIL,2025-33,LACTEOS,MOCA,NESTLE,Y,14076.20,279082.00,0.05043751,0.05043751,155.000,4271.400,0.03628787,551,10,17,0.8381,0.0127,0.0578,OFICIAL
NACIONAL,BRASIL,2025-33,LACTEOS,MAGGI,NESTLE,Y,11520.32,279082.00,0.04127934,0.04127934,98.000,4271.400,0.0229433,420,11,12,0.8381,0.0127,0.0578,OFICIAL
NACIONAL,BRASIL,2025-33,LACTEOS,GAROTO,NESTLE,Y,6505.88,279082.00,0.02331171,0.02331171,136.800,4271.400,0.03202697,427,12,11,0.8381,0.0127,0.0578,OFICIAL
NACIONAL,BRASIL,2025-33,LACTEOS,NESQUIK,NESTLE,Y,5511.44,279082.00,0.01974846,0.01974846,84.000,4271.400,0.01966568,238,13,14,0.8381,0.0127,0.0578,OFICIAL
NACIONAL,BRASIL,2025-33,LACTEOS,KITKAT,NESTLE,Y,3227.61,279082.00,0.0115651,0.0115651,96.500,4271.400,0.02259212,365,14,7,0.8381,0.0127,0.0578,OFICIAL
NACIONAL,BRASIL,2025-33,NUTRICAO,PRIME,FAB_PRIME,N,50363.35,344877.23,0.14603269,0.14603269,465.700,5489.500,0.08483468,1465,1,33,0.8381,0.0127,0.1189,OFICIAL
NACIONAL,BRASIL,2025-33,NUTRICAO,BETA,FAB_BETA,N,44845.07,344877.23,0.13003198,0.13003198,629.900,5489.500,0.11474633,1304,2,28,0.8381,0.0127,0.1189,OFICIAL
NACIONAL,BRASIL,2025-33,NUTRICAO,DELTA,FAB_DELTA,N,40938.17,344877.23,0.1187036,0.1187036,896.200,5489.500,0.16325713,1273,3,29,0.8381,0.0127,0.1189,OFICIAL
NACIONAL,BRASIL,2025-33,NUTRICAO,SOLAR,FAB_SOLAR,N,37179.65,344877.23,0.10780546,0.10780546,801.100,5489.500,0.14593315,1741,4,26,0.8381,0.0127,0.1189,OFICIAL
NACIONAL,BRASIL,2025-33,NUTRICAO,NESQUIK,NESTLE,Y,29608.33,344877.23,0.0858518,0.0858518,540.000,5489.500,0.09836961,1829,5,47,0.8381,0.0127,0.1189,OFICIAL
NACIONAL,BRASIL,2025-33,NUTRICAO,KITKAT,NESTLE,Y,25991.14,344877.23,0.07536346,0.07536346,206.400,5489.500,0.03759905,762,6,15,0.8381,0.0127,0.1189,OFICIAL
NACIONAL,BRASIL,2025-33,NUTRICAO,VIVA,FAB_VIVA,N,19692.35,344877.23,0.05709959,0.05709959,198.000,5489.500,0.03606886,605,7,17,0.8381,0.0127,0.1189,OFICIAL
NACIONAL,BRASIL,2025-33,NUTRICAO,NINHO,NESTLE,Y,18124.12,344877.23,0.05255238,0.05255238,226.900,5489.500,0.04133345,439,8,9,0.8381,0.0127,0.1189,OFICIAL
NACIONAL,BRASIL,2025-33,NUTRICAO,NOVA,FAB_NOVA,N,16356.00,344877.23,0.04742557,0.04742557,253.000,5489.500,0.04608799,838,9,26,0.8381,0.0127,0.1189,OFICIAL
NACIONAL,BRASIL,2025-33,NUTRICAO,MOCA,NESTLE,Y,14422.63,344877.23,0.04181961,0.04181961,257.800,5489.500,0.04696238,415,10,13,0.8381,0.0127,0.1189,OFICIAL
NACIONAL,BRASIL,2025-33,NUTRICAO,NESCAFE,NESTLE,Y,13543.90,344877.23,0.03927166,0.03927166,224.800,5489.500,0.04095091,559,11,14,0.8381,0.0127,0.1189,OFICIAL
NACIONAL,BRASIL,2025-33,NUTRICAO,ALPHA,FAB_ALPHA,N,12587.31,344877.23,0.03649794,0.03649794,356.000,5489.500,0.06485108,544,12,18,0.8381,0.0127,0.1189,OFICIAL
NACIONAL,BRASIL,2025-33,NUTRICAO,MAGGI,NESTLE,Y,10808.54,344877.23,0.03134025,0.03134025,155.100,5489.500,0.02825394,408,13,9,0.8381,0.0127,0.1189,OFICIAL
NACIONAL,BRASIL,2025-33,NUTRICAO,GAROTO,NESTLE,Y,10416.67,344877.23,0.03020399,0.03020399,278.600,5489.500,0.05075143,375,14,10,0.8381,0.0127,0.1189,OFICIAL
NACIONAL,BRASIL,2025-34,BEBIDAS,NESQUIK,NESTLE,Y,42628.58,319243.85,0.13352984,0.13352984,645.800,4862.400,0.13281507,1380,1,18,0.8525,0.0121,0.1148,OFICIAL
NACIONAL,BRASIL,2025-34,BEBIDAS,NESCAFE,NESTLE,Y,38899.48,319243.85,0.1218488,0.1218488,834.600,4862.400,0.17164363,1931,2,31,0.8525,0.0121,0.1148,OFICIAL
NACIONAL,BRASIL,2025-34,BEBIDAS,NINHO,NESTLE,Y,35323.72,319243.85,0.11064808,0.11064808,629.100,4862.400,0.12938055,2185,3,38,0.8525,0.0121,0.1148,OFICIAL
NACIONAL,BRASIL,2025-34,BEBIDAS,SOLAR,FAB_SOLAR,N,32147.28,319243.85,0.1006982,0.1006982,344.500,4862.400,0.07084979,886,4,22,0.8525,0.0121,0.1148,OFICIAL
NACIONAL,BRASIL,2025-34,BEBIDAS,VIVA,FAB_VIVA,N,28252.24,319243.85,0.08849737,0.08849737,248.600,4862.400,0.05112702,907,5,19,0.8525,0.0121,0.1148,OFICIAL
NACIONAL,BRASIL,2025-34,BEBIDAS,ALPHA,FAB_ALPHA,N,25955.04,319243.85,0.08130161,0.08130161,262.600,4862.400,0.05400625,738,6,27,0.8525,0.0121,0.1148,OFICIAL
NACIONAL,BRASIL,2025-34,BEBIDAS,NOVA,FAB_NOVA,N,22323.93,319243.85,0.06992752,0.06992752,666.100,4862.400,0.13698996,1037,7,21,0.8525,0.0121,0.1148,OFICIAL
NACIONAL,BRASIL,2025-34,BEBIDAS,DELTA,FAB_DELTA,N,18974.51,319243.85,0.05943579,0.05943579,369.500,4862.400,0.07599128,975,8,17,0.8525,0.0121,0.1148,OFICIAL
NACIONAL,BRASIL,2025-34,BEBIDAS,GAROTO,NESTLE,Y,17030.38,319243.85,0.05334599,0.05334599,163.100,4862.400,0.03354311,560,9,17,0.8525,0.0121,0.1148,OFICIAL
NACIONAL,BRASIL,2025-34,BEBIDAS,PRIME,FAB_PRIME,N,16292.93,319243.85,0.051036,0.051036,234.300,4862.400,0.04818608,546,10,20,0.8525,0.0121,0.1148,OFICIAL
NACIONAL,BRASIL,2025-34,BEBIDAS,BETA,FAB_BETA,N,12415.80,319243.85,0.03889127,0.03889127,159.700,4862.400,0.03284386,491,11,18,0.8525,0.0121,0.1148,OFICIAL
NACIONAL,BRASIL,2025-34,BEBIDAS,KITKAT,NESTLE,Y,11858.48,319243.85,0.03714552,0.03714552,53.200,4862.400,0.0109411,352,12,5,0.8525,0.0121,0.1148,OFICIAL
NACIONAL,BRASIL,2025-34,BEBIDAS,MAGGI,NESTLE,Y,11286.92,319243.85,0.03535517,0.03535517,182.300,4862.400,0.03749177,333,13,9,0.8525,0.0121,0.1148,OFICIAL
NACIONAL,BRASIL,2025-34,BEBIDAS,MOCA,NESTLE,Y,5854.56,319243.85,0.01833883,0.01833883,69.000,4862.400,0.01419052,199,14,8,0.8525,0.0121,0.1148,OFICIAL
NACIONAL,BRASIL,2025-34,CHOCOLATES,BETA,FAB_BETA,N,48977.07,325163.46,0.15062292,0.15062292,1092.400,5469.200,0.19973671,1810,1,41,0.8525,0.0121,0.07,OFICIAL
NACIONAL,BRASIL,2025-34,CHOCOLATES,VIVA,FAB_VIVA,N,42963.24,325163.46,0.13212813,0.13212813,718.100,5469.200,0.13129891,1525,2,33,0.8525,0.0121,0.07,OFICIAL
NACIONAL,BRASIL,2025-34,CHOCOLATES,PRIME,FAB_PRIME,N,38510.11,325163.46,0.11843308,0.11843308,603.200,5469.200,0.11029035,1108,3,32,0.8525,0.0121,0.07,OFICIAL
NACIONAL,BRASIL,2025-34,CHOCOLATES,NESCAFE,NESTLE,Y,24792.66,325163.46,0.07624676,0.07624676,414.200,5469.200,0.0757332,712,4,17,0.8525,0.0121,0.07,OFICIAL
NACIONAL,BRASIL,2025-34,CHOCOLATES,SOLAR,FAB_SOLAR,N,24290.34,325163.46,0.07470194,0.07470194,461.200,5469.200,0.08432678,920,5,21,0.8525,0.0121,0.07,OFICIAL
NACIONAL,BRASIL,2025-34,CHOCOLATES,DELTA,FAB_DELTA,N,20135.43,325163.46,0.06192402,0.06192402,208.900,5469.200,0.03819571,673,6,20,0.8525,0.0121,0.07,OFICIAL
NACIONAL,BRASIL,2025-34,CHOCOLATES,KITKAT,NESTLE,Y,19855.42,325163.46,0.06106289,0.06106289,139.000,5469.200,0.02541505,877,7,13,0.8525,0.0121,0.07,OFICIAL
NACIONAL,BRASIL,2025-34,CHOCOLATES,NESQUIK,NESTLE,Y,19217.05,325163.46,0.05909966,0.05909966,218.400,5469.200,0.03993271,897,8,17,0.8525,0.0121,0.07,OFICIAL
NACIONAL,BRASIL,2025-34,CHOCOLATES,ALPHA,FAB_ALPHA,N,19109.82,325163.46,0.05876989,0.05876989,263.800,5469.200,0.04823375,618,9,22,0.8525,0.0121,0.07,OFICIAL
NACIONAL,BRASIL,2025-34,CHOCOLATES,NINHO,NESTLE,Y,19009.19,325163.46,0.05846041,0.05846041,185.700,5469.200,0.03395378,590,10,16,0.8525,0.0121,0.07,OFICIAL
NACIONAL,BRASIL,2025-34,CHOCOLATES,MAGGI,NESTLE,Y,16386.52,325163.46,0.05039472,0.05039472,378.600,5469.200,0.06922402,536,11,17,0.8525,0.0121,0.07,OFICIAL
NACIONAL,BRASIL,2025-34,CHOCOLATES,NOVA,FAB_NOVA,N,15928.22,325163.46,0.04898527,0.04898527,493.100,5469.200,0.09015944,726,12,19,0.8525,0.0121,0.07,OFICIAL
NACIONAL,BRASIL,2025-34,CHOCOLATES,MOCA,NESTLE,Y,10206.13,325163.46,0.03138769,0.03138769,170.500,5469.200,0.03117458,384,13,12,0.8525,0.0121,0.07,OFICIAL
NACIONAL,BRASIL,2025-34,CHOCOLATES,GAROTO,NESTLE,Y,5782.26,325163.46,0.01778263,0.01778263,122.100,5469.200,0.02232502,224,14,7,0.8525,0.0121,0.07,OFICIAL
NACIONAL,BRASIL,2025-34,CULINARIOS,NOVA,FAB_NOVA,N,47404.30,299344.96,0.15836011,0.15836011,514.300,5122.800,0.10039432,1442,1,44,0.8525,0.0121,0.0261,OFICIAL
NACIONAL,BRASIL,2025-34,CULINARIOS,VIVA,FAB_VIVA,N,32031.16,299344.96,0.10700417,0.10700417,732.200,5122.800,0.14292965,1265,2,30,0.8525,0.0121,0.0261,OFICIAL
NACIONAL,BRASIL,2025-34,CULINARIOS,MAGGI,NESTLE,Y,31720.88,299344.96,0.10596764,0.10596764,586.200,5122.800,0.11442961,859,3,21,0.8525,0.0121,0.0261,OFICIAL
NACIONAL,BRASIL,2025-34,CULINARIOS,BETA,FAB_BETA,N,27511.13,299344.96,0.09190444,0.09190444,517.100,5122.800,0.10094089,806,4,20,0.8525,0.0121,0.0261,OFICIAL
NACIONAL,BRASIL,2025-34,CULINARIOS,SOLAR,FAB_SOLAR,N,24201.41,299344.96,0.0808479,0.0808479,396.600,5122.800,0.0774186,796,5,20,0.8525,0.0121,0.0261,OFICIAL
NACIONAL,BRASIL,2025-34,CULINARIOS,GAROTO,NESTLE,Y,24091.85,299344.96,0.0804819,0.0804819,360.000,5122.800,0.07027407,784,6,14,0.8525,0.0121,0.0261,OFICIAL
NACIONAL,BRASIL,2025-34,CULINARIOS,PRIME,FAB_PRIME,N,22148.42,299344.96,0.07398962,0.07398962,506.000,5122.800,0.09877411,888,7,23,0.8525,0.0121,0.0261,OFICIAL
NACIONAL,BRASIL,2025-34,CULINARIOS,MOCA,NESTLE,Y,19258.60,299344.96,0.06433581,0.06433581,315.700,5122.800,0.06162645,572,8,18,0.8525,0.0121,0.0261,OFICIAL
NACIONAL,BRASIL,2025-34,CULINARIOS,NINHO,NESTLE,Y,19099.27,299344.96,0.06380355,0.06380355,260.500,5122.800,0.0508511,592,9,22,0.8525,0.0121,0.0261,OFICIAL
NACIONAL,BRASIL,2025-34,CULINARIOS,KITKAT,NESTLE,Y,13667.87,299344.96,0.04565926,0.04565926,191.100,5122.800,0.03730382,419,10,13,0.8525,0.0121,0.0261,OFICIAL
NACIONAL,BRASIL,2025-34,CULINARIOS,NESQUIK,NESTLE,Y,12787.00,299344.96,0.0427166,0.0427166,174.200,5122.800,0.03400484,603,11,13,0.8525,0.0121,0.0261,OFICIAL
NACIONAL,BRASIL,2025-34,CULINARIOS,DELTA,FAB_DELTA,N,11133.46,299344.96,0.03719274,0.03719274,314.200,5122.800,0.06133365,571,12,20,0.8525,0.0121,0.0261,OFICIAL
NACIONAL,BRASIL,2025-34,CULINARIOS,ALPHA,FAB_ALPHA,N,7233.87,299344.96,0.02416566,0.02416566,179.900,5122.800,0.03511751,365,13,8,0.8525,0.0121,0.0261,OFICIAL
NACIONAL,BRASIL,2025-34,CULINARIOS,NESCAFE,NESTLE,Y,7055.74,299344.96,0.0235706,0.0235706,74.800,5122.800,0.01460139,245,14,9,0.8525,0.0121,0.0261,OFICIAL
NACIONAL,BRASIL,2025-34,LACTEOS,ALPHA,FAB_ALPHA,N,30474.83,242287.51,0.12577962,0.12577962,612.500,3752.400,0.16322887,1221,1,38,0.8525,0.0121,0.0557,OFICIAL
NACIONAL,BRASIL,2025-34,LACTEOS,SOLAR,FAB_SOLAR,N,26763.72,242287.51,0.11046265,0.11046265,454.800,3752.400,0.12120243,997,2,29,0.8525,0.0121,0.0557,OFICIAL
NACIONAL,BRASIL,2025-34,LACTEOS,VIVA,FAB_VIVA,N,26461.01,242287.51,0.10921326,0.10921326,351.600,3752.400,0.09370003,894,3,32,0.8525,0.0121,0.0557,OFICIAL
NACIONAL,BRASIL,2025-34,LACTEOS,NESCAFE,NESTLE,Y,20148.84,242287.51,0.08316087,0.08316087,293.800,3752.400,0.07829656,708,4,25,0.8525,0.0121,0.0557,OFICIAL
NACIONAL,BRASIL,2025-34,LACTEOS,NOVA,FAB_NOVA,N,20142.79,242287.51,0.0831359,0.0831359,330.500,3752.400,0.08807696,694,5,22,0.8525,0.0121,0.0557,OFICIAL
NACIONAL,BRASIL,2025-34,LACTEOS,BETA,FAB_BETA,N,18585.87,242287.51,0.07670998,0.07670998,217.600,3752.400,0.05798955,679,6,18,0.8525,0.0121,0.0557,OFICIAL
NACIONAL,BRASIL,2025-34,LACTEOS,NESQUIK,NESTLE,Y,18039.99,242287.51,0.07445695,0.07445695,228.400,3752.400,0.06086771,579,7,15,0.8525,0.0121,0.0557,OFICIAL
NACIONAL,BRASIL,2025-34,LACTEOS,DELTA,FAB_DELTA,N,17823.05,242287.51,0.07356157,0.07356157,221.700,3752.400,0.05908219,558,8,19,0.8525,0.0121,0.0557,OFICIAL
NACIONAL,BRASIL,2025-34,LACTEOS,KITKAT,NESTLE,Y,17203.88,242287.51,0.07100605,0.07100605,559.300,3752.400,0.14905127,655,9,13,0.8525,0.0121,0.0557,OFICIAL
NACIONAL,BRASIL,2025-34,LACTEOS,MOCA,NESTLE,Y,13283.41,242287.51,0.05482499,0.05482499,139.700,3752.400,0.03722951,400,10,18,0.8525,0.0121,0.0557,OFICIAL
NACIONAL,BRASIL,2025-34,LACTEOS,PRIME,FAB_PRIME,N,13040.78,242287.51,0.05382358,0.05382358,134.300,3752.400,0.03579043,367,11,10,0.8525,0.0121,0.0557,OFICIAL
NACIONAL,BRASIL,2025-34,LACTEOS,MAGGI,NESTLE,Y,11067.82,242287.51,0.04568052,0.04568052,53.300,3752.400,0.01420424,258,12,9,0.8525,0.0121,0.0557,OFICIAL
NACIONAL,BRASIL,2025-34,LACTEOS,GAROTO,NESTLE,Y,4709.50,242287.51,0.01943765,0.01943765,52.600,3752.400,0.0140177,150,13,6,0.8525,0.0121,0.0557,OFICIAL
NACIONAL,BRASIL,2025-34,LACTEOS,NINHO,NESTLE,Y,4542.02,242287.51,0.01874641,0.01874641,102.300,3752.400,0.02726255,284,14,11,0.8525,0.0121,0.0557,OFICIAL
NACIONAL,BRASIL,2025-34,NUTRICAO,DELTA,FAB_DELTA,N,39538.42,293857.24,0.13454976,0.13454976,483.700,5515.600,0.08769671,1405,1,29,0.8525,0.0121,0.0786,OFICIAL
NACIONAL,BRASIL,2025-34,NUTRICAO,BETA,FAB_BETA,N,34181.70,293857.24,0.11632077,0.11632077,555.400,5515.600,0.10069621,1233,2,32,0.8525,0.0121,0.0786,OFICIAL
NACIONAL,BRASIL,2025-34,NUTRICAO,NESQUIK,NESTLE,Y,30166.29,293857.24,0.10265628,0.10265628,790.300,5515.600,0.1432845,1902,3,38,0.8525,0.0121,0.0786,OFICIAL
NACIONAL,BRASIL,2025-34,NUTRICAO,NINHO,NESTLE,Y,29002.99,293857.24,0.09869755,0.09869755,640.000,5515.600,0.11603452,1127,4,22,0.8525,0.0121,0.0786,OFICIAL
NACIONAL,BRASIL,2025-34,NUTRICAO,NOVA,FAB_NOVA,N,28590.69,293857.24,0.09729449,0.09729449,622.800,5515.600,0.11291609,1050,5,23,0.8525,0.0121,0.0786,OFICIAL
NACIONAL,BRASIL,2025-34,NUTRICAO,PRIME,FAB_PRIME,N,24798.61,293857.24,0.08438999,0.08438999,444.800,5515.600,0.08064399,814,6,23,0.8525,0.0121,0.0786,OFICIAL
NACIONAL,BRASIL,2025-34,NUTRICAO,ALPHA,FAB_ALPHA,N,18961.97,293857.24,0.06452783,0.06452783,403.500,5515.600,0.07315614,641,7,21,0.8525,0.0121,0.0786,OFICIAL
NACIONAL,BRASIL,2025-34,NUTRICAO,SOLAR,FAB_SOLAR,N,18652.74,293857.24,0.06347552,0.06347552,347.900,5515.600,0.06307564,697,8,24,0.8525,0.0121,0.0786,OFICIAL
NACIONAL,BRASIL,2025-34,NUTRICAO,KITKAT,NESTLE,Y,17496.09,293857.24,0.05953942,0.05953942,318.500,5515.600,0.0577453,632,9,17,0.8525,0.0121,0.0786,OFICIAL
NACIONAL,BRASIL,2025-34,NUTRICAO,GAROTO,NESTLE,Y,15361.97,293857.24,0.05227698,0.05227698,131.000,5515.600,0.02375082,373,10,10,0.8525,0.0121,0.0786,OFICIAL
NACIONAL,BRASIL,2025-34,NUTRICAO,VIVA,FAB_VIVA,N,10405.37,293857.24,0.03540961,0.03540961,388.700,5515.600,0.07047284,639,11,17,0.8525,0.0121,0.0786,OFICIAL
NACIONAL,BRASIL,2025-34,NUTRICAO,MOCA,NESTLE,Y,9832.57,293857.24,0.03346036,0.03346036,85.700,5515.600,0.01553775,319,12,11,0.8525,0.0121,0.0786,OFICIAL
NACIONAL,BRASIL,2025-34,NUTRICAO,NESCAFE,NESTLE,Y,9089.63,293857.24,0.03093213,0.03093213,220.500,5515.600,0.03997752,269,13,9,0.8525,0.0121,0.0786,OFICIAL
NACIONAL,BRASIL,2025-34,NUTRICAO,MAGGI,NESTLE,Y,7778.20,293857.24,0.02646932,0.02646932,82.800,5515.600,0.01501197,283,14,10,0.8525,0.0121,0.0786,OFICIAL
NACIONAL,BRASIL,2025-35,BEBIDAS,BETA,FAB_BETA,N,57703.91,318545.68,0.18114799,0.18114799,663.500,5234.400,0.1267576,1755,1,25,0.8617,0.0126,0.0986,OFICIAL
NACIONAL,BRASIL,2025-35,BEBIDAS,NESCAFE,NESTLE,Y,34054.28,318545.68,0.10690548,0.10690548,718.800,5234.400,0.13732233,2057,2,29,0.8617,0.0126,0.0986,OFICIAL
NACIONAL,BRASIL,2025-35,BEBIDAS,NINHO,NESTLE,Y,30982.30,318545.68,0.09726172,0.09726172,784.000,5234.400,0.14977839,1837,3,35,0.8617,0.0126,0.0986,OFICIAL
NACIONAL,BRASIL,2025-35,BEBIDAS,PRIME,FAB_PRIME,N,25196.00,318545.68,0.07909698,0.07909698,361.900,5234.400,0.06913877,764,4,25,0.8617,0.0126,0.0986,OFICIAL
NACIONAL,BRASIL,2025-35,BEBIDAS,VIVA,FAB_VIVA,N,25075.56,318545.68,0.07871888,0.07871888,240.800,5234.400,0.04600336,786,5,21,0.8617,0.0126,0.0986,OFICIAL
NACIONAL,BRASIL,2025-35,BEBIDAS,NOVA,FAB_NOVA,N,23464.09,318545.68,0.07366005,0.07366005,554.800,5234.400,0.10599114,904,6,20,0.8617,0.0126,0.0986,OFICIAL
NACIONAL,BRASIL,2025-35,BEBIDAS,SOLAR,FAB_SOLAR,N,22099.41,318545.68,0.06937595,0.06937595,385.900,5234.400,0.07372383,830,7,25,0.8617,0.0126,0.0986,OFICIAL
NACIONAL,BRASIL,2025-35,BEBIDAS,NESQUIK,NESTLE,Y,19688.19,318545.68,0.06180649,0.06180649,365.300,5234.400,0.06978832,788,8,21,0.8617,0.0126,0.0986,OFICIAL
NACIONAL,BRASIL,2025-35,BEBIDAS,DELTA,FAB_DELTA,N,16737.74,318545.68,0.05254424,0.05254424,128.500,5234.400,0.02454914,511,9,19,0.8617,0.0126,0.0986,OFICIAL
NACIONAL,BRASIL,2025-35,BEBIDAS,MOCA,NESTLE,Y,15676.15,318545.68,0.04921162,0.04921162,318.800,5234.400,0.06090478,629,10,19,0.8617,0.0126,0.0986,OFICIAL
NACIONAL,BRASIL,2025-35,BEBIDAS,ALPHA,FAB_ALPHA,N,15667.73,318545.68,0.04918519,0.04918519,284.400,5234.400,0.05433287,559,11,20,0.8617,0.0126,0.0986,OFICIAL
NACIONAL,BRASIL,2025-35,BEBIDAS,GAROTO,NESTLE,Y,15540.04,318545.68,0.04878434,0.04878434,125.500,5234.400,0.023976,428,12,12,0.8617,0.0126,0.0986,OFICIAL
NACIONAL,BRASIL,2025-35,BEBIDAS,MAGGI,NESTLE,Y,11853.01,318545.68,0.03720977,0.03720977,248.600,5234.400,0.0474935,458,13,12,0.8617,0.0126,0.0986,OFICIAL
NACIONAL,BRASIL,2025-35,BEBIDAS,KITKAT,NESTLE,Y,4807.27,318545.68,0.01509131,0.01509131,53.600,5234.400,0.01023995,139,14,7,0.8617,0.0126,0.0986,OFICIAL
NACIONAL,BRASIL,2025-35,CHOCOLATES,VIVA,FAB_VIVA,N,41331.46,322762.43,0.12805536,0.12805536,588.200,5557.100,0.10584657,1375,1,40,0.8617,0.0126,0.011,OFICIAL
NACIONAL,BRASIL,2025-35,CHOCOLATES,NOVA,FAB_NOVA,N,39489.74,322762.43,0.12234925,0.12234925,494.100,5557.100,0.08891328,1255,2,27,0.8617,0.0126,0.011,OFICIAL
NACIONAL,BRASIL,2025-35,CHOCOLATES,SOLAR,FAB_SOLAR,N,36417.56,322762.43,0.11283085,0.11283085,541.100,5557.100,0.09737093,1032,3,24,0.8617,0.0126,0.011,OFICIAL
NACIONAL,BRASIL,2025-35,CHOCOLATES,KITKAT,NESTLE,Y,31012.63,322762.43,0.09608501,0.09608501,293.100,5557.100,0.05274334,940,4,12,0.8617,0.0126,0.011,OFICIAL
NACIONAL,BRASIL,2025-35,CHOCOLATES,PRIME,FAB_PRIME,N,30667.03,322762.43,0.09501425,0.09501425,757.600,5557.100,0.1363301,1241,5,22,0.8617,0.0126,0.011,OFICIAL
NACIONAL,BRASIL,2025-35,CHOCOLATES,BETA,FAB_BETA,N,29614.60,322762.43,0.09175355,0.09175355,499.000,5557.100,0.08979504,919,6,37,0.8617,0.0126,0.011,OFICIAL
NACIONAL,BRASIL,2025-35,CHOCOLATES,ALPHA,FAB_ALPHA,N,22577.57,322762.43,0.06995105,0.06995105,714.000,5557.100,0.12848428,849,7,17,0.8617,0.0126,0.011,OFICIAL
NACIONAL,BRASIL,2025-35,CHOCOLATES,DELTA,FAB_DELTA,N,22023.95,322762.43,0.06823579,0.06823579,524.400,5557.100,0.09436577,958,8,24,0.8617,0.0126,0.011,OFICIAL
NACIONAL,BRASIL,2025-35,CHOCOLATES,NESCAFE,NESTLE,Y,20176.22,322762.43,0.06251106,0.06251106,335.700,5557.100,0.06040921,621,9,16,0.8617,0.0126,0.011,OFICIAL
NACIONAL,BRASIL,2025-35,CHOCOLATES,MOCA,NESTLE,Y,19603.76,322762.43,0.06073743,0.06073743,424.200,5557.100,0.07633478,711,10,15,0.8617,0.0126,0.011,OFICIAL
NACIONAL,BRASIL,2025-35,CHOCOLATES,NINHO,NESTLE,Y,9607.80,322762.43,0.02976741,0.02976741,191.200,5557.100,0.03440644,364,11,12,0.8617,0.0126,0.011,OFICIAL
NACIONAL,BRASIL,2025-35,CHOCOLATES,MAGGI,NESTLE,Y,8244.20,322762.43,0.02554263,0.02554263,101.500,5557.100,0.01826492,237,12,7,0.8617,0.0126,0.011,OFICIAL
NACIONAL,BRASIL,2025-35,CHOCOLATES,NESQUIK,NESTLE,Y,8148.55,322762.43,0.02524628,0.02524628,65.200,5557.100,0.01173274,274,13,10,0.8617,0.0126,0.011,OFICIAL
NACIONAL,BRASIL,2025-35,CHOCOLATES,GAROTO,NESTLE,Y,3847.36,322762.43,0.0119201,0.0119201,27.800,5557.100,0.00500261,102,14,5,0.8617,0.0126,0.011,OFICIAL
NACIONAL,BRASIL,2025-35,CULINARIOS,BETA,FAB_BETA,N,50657.64,301329.82,0.1681136,0.1681136,872.600,4442.200,0.1964342,1697,1,25,0.8617,0.0126,0.0318,OFICIAL
NACIONAL,BRASIL,2025-35,CULINARIOS,NINHO,NESTLE,Y,40611.51,301329.82,0.13477428,0.13477428,327.300,4442.200,0.07367971,1573,2,14,0.8617,0.0126,0.0318,OFICIAL
NACIONAL,BRASIL,2025-35,CULINARIOS,VIVA,FAB_VIVA,N,30652.87,301329.82,0.10172531,0.10172531,371.800,4442.200,0.08369727,893,3,27,0.8617,0.0126,0.0318,OFICIAL
NACIONAL,BRASIL,2025-35,CULINARIOS,PRIME,FAB_PRIME,N,29566.30,301329.82,0.0981194,0.0981194,402.100,4442.200,0.09051821,973,4,26,0.8617,0.0126,0.0318,OFICIAL
NACIONAL,BRASIL,2025-35,CULINARIOS,NOVA,FAB_NOVA,N,28537.83,301329.82,0.09470629,0.09470629,558.500,4442.200,0.12572599,1038,5,29,0.8617,0.0126,0.0318,OFICIAL
NACIONAL,BRASIL,2025-35,CULINARIOS,MAGGI,NESTLE,Y,24867.61,301329.82,0.08252622,0.08252622,268.000,4442.200,0.06033047,783,6,17,0.8617,0.0126,0.0318,OFICIAL
NACIONAL,BRASIL,2025-35,CULINARIOS,DELTA,FAB_DELTA,N,18839.09,301329.82,0.06251983,0.06251983,364.400,4442.200,0.08203143,763,7,16,0.8617,0.0126,0.0318,OFICIAL
NACIONAL,BRASIL,2025-35,CULINARIOS,ALPHA,FAB_ALPHA,N,16763.20,301329.82,0.05563074,0.05563074,327.200,4442.200,0.0736572,650,8,14,0.8617,0.0126,0.0318,OFICIAL
NACIONAL,BRASIL,2025-35,CULINARIOS,KITKAT,NESTLE,Y,12851.93,301329.82,0.04265071,0.04265071,138.900,4442.200,0.03126829,528,9,18,0.8617,0.0126,0.0318,OFICIAL
NACIONAL,BRASIL,2025-35,CULINARIOS,SOLAR,FAB_SOLAR,N,11704.55,301329.82,0.03884299,0.03884299,157.500,4442.200,0.03545541,509,10,14,0.8617,0.0126,0.0318,OFICIAL
NACIONAL,BRASIL,2025-35,CULINARIOS,GAROTO,NESTLE,Y,10182.41,301329.82,0.03379158,0.03379158,163.000,4442.200,0.03669353,287,11,8,0.8617,0.0126,0.0318,OFICIAL
NACIONAL,BRASIL,2025-35,CULINARIOS,MOCA,NESTLE,Y,9745.82,301329.82,0.0323427,0.0323427,133.600,4442.200,0.03007519,427,12,15,0.8617,0.0126,0.0318,OFICIAL
NACIONAL,BRASIL,2025-35,CULINARIOS,NESQUIK,NESTLE,Y,8522.02,301329.82,0.02828137,0.02828137,153.600,4442.200,0.03457746,221,13,7,0.8617,0.0126,0.0318,OFICIAL
NACIONAL,BRASIL,2025-35,CULINARIOS,NESCAFE,NESTLE,Y,7827.04,301329.82,0.02597499,0.02597499,203.700,4442.200,0.04585566,307,14,7,0.8617,0.0126,0.0318,OFICIAL
NACIONAL,BRASIL,2025-35,LACTEOS,ALPHA,FAB_ALPHA,N,53586.00,293278.60,0.18271364,0.18271364,774.900,4818.900,0.16080433,1561,1,28,0.8617,0.0126,0.0391,OFICIAL
NACIONAL,BRASIL,2025-35,LACTEOS,SOLAR,FAB_SOLAR,N,34075.54,293278.60,0.11618829,0.11618829,592.400,4818.900,0.12293262,1128,2,37,0.8617,0.0126,0.0391,OFICIAL
NACIONAL,BRASIL,2025-35,LACTEOS,NINHO,NESTLE,Y,27362.15,293278.60,0.09329747,0.09329747,510.700,4818.900,0.10597854,1053,3,19,0.8617,0.0126,0.0391,OFICIAL
NACIONAL,BRASIL,2025-35,LACTEOS,NOVA,FAB_NOVA,N,24165.20,293278.60,0.08239674,0.08239674,373.100,4818.900,0.07742431,760,4,22,0.8617,0.0126,0.0391,OFICIAL
NACIONAL,BRASIL,2025-35,LACTEOS,BETA,FAB_BETA,N,22565.68,293278.60,0.07694281,0.07694281,360.500,4818.900,0.0748096,894,5,25,0.8617,0.0126,0.0391,OFICIAL
NACIONAL,BRASIL,2025-35,LACTEOS,NESQUIK,NESTLE,Y,22029.39,293278.60,0.07511421,0.07511421,172.600,4818.900,0.0358173,690,6,13,0.8617,0.0126,0.0391,OFICIAL
NACIONAL,BRASIL,2025-35,LACTEOS,DELTA,FAB_DELTA,N,21088.99,293278.60,0.0719077,0.0719077,382.400,4818.900,0.07935421,829,7,28,0.8617,0.0126,0.0391,OFICIAL
NACIONAL,BRASIL,2025-35,LACTEOS,VIVA,FAB_VIVA,N,18968.15,293278.60,0.06467622,0.06467622,337.800,4818.900,0.07009899,797,8,23,0.8617,0.0126,0.0391,OFICIAL
NACIONAL,BRASIL,2025-35,LACTEOS,NESCAFE,NESTLE,Y,13875.37,293278.60,0.04731123,0.04731123,336.200,4818.900,0.06976696,490,9,15,0.8617,0.0126,0.0391,OFICIAL
NACIONAL,BRASIL,2025-35,LACTEOS,MAGGI,NESTLE,Y,12785.60,293278.60,0.04359541,0.04359541,247.900,4818.900,0.05144328,389,10,8,0.8617,0.0126,0.0391,OFICIAL
NACIONAL,BRASIL,2025-35,LACTEOS,PRIME,FAB_PRIME,N,12521.93,293278.60,0.04269636,0.04269636,247.600,4818.900,0.05138102,364,11,14,0.8617,0.0126,0.0391,OFICIAL
NACIONAL,BRASIL,2025-35,LACTEOS,GAROTO,NESTLE,Y,12071.13,293278.60,0.04115926,0.04115926,73.000,4818.900,0.01514869,400,12,12,0.8617,0.0126,0.0391,OFICIAL
NACIONAL,BRASIL,2025-35,LACTEOS,KITKAT,NESTLE,Y,10220.87,293278.60,0.03485038,0.03485038,180.800,4818.900,0.03751894,330,13,13,0.8617,0.0126,0.0391,OFICIAL
NACIONAL,BRASIL,2025-35,LACTEOS,MOCA,NESTLE,Y,7962.60,293278.60,0.02715029,0.02715029,229.000,4818.900,0.04752122,447,14,17,0.8617,0.0126,0.0391,OFICIAL
NACIONAL,BRASIL,2025-35,NUTRICAO,NESQUIK,NESTLE,Y,40710.01,258708.37,0.15735869,0.15735869,885.100,4757.000,0.18606264,2173,1,44,0.8617,0.0126,0.0856,OFICIAL
NACIONAL,BRASIL,2025-35,NUTRICAO,ALPHA,FAB_ALPHA,N,38501.68,258708.37,0.14882271,0.14882271,902.800,4757.000,0.18978348,1594,2,24,0.8617,0.0126,0.0856,OFICIAL
NACIONAL,BRASIL,2025-35,NUTRICAO,DELTA,FAB_DELTA,N,29529.69,258708.37,0.11414277,0.11414277,446.900,4757.000,0.09394576,981,3,27,0.8617,0.0126,0.0856,OFICIAL
NACIONAL,BRASIL,2025-35,NUTRICAO,BETA,FAB_BETA,N,22770.42,258708.37,0.08801578,0.08801578,266.800,4757.000,0.05608577,905,4,25,0.8617,0.0126,0.0856,OFICIAL
NACIONAL,BRASIL,2025-35,NUTRICAO,PRIME,FAB_PRIME,N,21857.92,258708.37,0.08448865,0.08448865,320.000,4757.000,0.06726929,710,5,17,0.8617,0.0126,0.0856,OFICIAL
NACIONAL,BRASIL,2025-35,NUTRICAO,VIVA,FAB_VIVA,N,18698.52,258708.37,0.07227644,0.07227644,240.200,4757.000,0.05049401,513,6,14,0.8617,0.0126,0.0856,OFICIAL
NACIONAL,BRASIL,2025-35,NUTRICAO,KITKAT,NESTLE,Y,15320.39,258708.37,0.05921876,0.05921876,225.200,4757.000,0.04734076,566,7,19,0.8617,0.0126,0.0856,OFICIAL
NACIONAL,BRASIL,2025-35,NUTRICAO,NOVA,FAB_NOVA,N,13719.39,258708.37,0.05303033,0.05303033,211.200,4757.000,0.04439773,438,8,18,0.8617,0.0126,0.0856,OFICIAL
NACIONAL,BRASIL,2025-35,NUTRICAO,SOLAR,FAB_SOLAR,N,12253.51,258708.37,0.04736418,0.04736418,257.500,4757.000,0.05413075,590,9,18,0.8617,0.0126,0.0856,OFICIAL
NACIONAL,BRASIL,2025-35,NUTRICAO,NINHO,NESTLE,Y,11388.09,258708.37,0.04401902,0.04401902,135.900,4757.000,0.02856843,379,10,14,0.8617,0.0126,0.0856,OFICIAL
NACIONAL,BRASIL,2025-35,NUTRICAO,NESCAFE,NESTLE,Y,9751.45,258708.37,0.03769283,0.03769283,346.600,4757.000,0.07286105,376,11,10,0.8617,0.0126,0.0856,OFICIAL
NACIONAL,BRASIL,2025-35,NUTRICAO,MOCA,NESTLE,Y,9407.55,258708.37,0.03636353,0.03636353,294.400,4757.000,0.06188774,405,12,15,0.8617,0.0126,0.0856,OFICIAL
NACIONAL,BRASIL,2025-35,NUTRICAO,GAROTO,NESTLE,Y,9206.03,258708.37,0.03558459,0.03558459,137.500,4757.000,0.02890477,329,13,11,0.8617,0.0126,0.0856,OFICIAL
NACIONAL,BRASIL,2025-35,NUTRICAO,MAGGI,NESTLE,Y,5593.72,258708.37,0.02162172,0.02162172,86.900,4757.000,0.01826782,167,14,7,0.8617,0.0126,0.0856,OFICIAL
NACIONAL,BRASIL,2025-36,BEBIDAS,ALPHA,FAB_ALPHA,N,41054.82,274224.41,0.14971249,0.14971249,672.600,4796.400,0.14023017,1356,1,25,0.8342,0.014,0.1249,OFICIAL
NACIONAL,BRASIL,2025-36,BEBIDAS,NESCAFE,NESTLE,Y,38114.67,274224.41,0.1389908,0.1389908,725.900,4796.400,0.15134267,2215,2,33,0.8342,0.014,0.1249,OFICIAL
NACIONAL,BRASIL,2025-36,BEBIDAS,BETA,FAB_BETA,N,33220.11,274224.41,0.12114206,0.12114206,485.900,4796.400,0.10130515,1145,3,26,0.8342,0.014,0.1249,OFICIAL
NACIONAL,BRASIL,2025-36,BEBIDAS,NINHO,NESTLE,Y,28225.72,274224.41,0.10292928,0.10292928,572.500,4796.400,0.11936035,1844,4,36,0.8342,0.014,0.1249,OFICIAL
NACIONAL,BRASIL,2025-36,BEBIDAS,DELTA,FAB_DELTA,N,20381.59,274224.41,0.07432449,0.07432449,293.800,4796.400,0.06125427,625,5,20,0.8342,0.014,0.1249,OFICIAL
NACIONAL,BRASIL,2025-36,BEBIDAS,GAROTO,NESTLE,Y,18508.78,274224.41,0.06749501,0.06749501,200.300,4796.400,0.04176049,499,6,19,0.8342,0.014,0.1249,OFICIAL
NACIONAL,BRASIL,2025-36,BEBIDAS,PRIME,FAB_PRIME,N,17329.59,274224.41,0.06319492,0.06319492,411.500,4796.400,0.08579351,871,7,21,0.8342,0.014,0.1249,OFICIAL
NACIONAL,BRASIL,2025-36,BEBIDAS,VIVA,FAB_VIVA,N,15583.18,274224.41,0.05682638,0.05682638,232.400,4796.400,0.04845301,497,8,22,0.8342,0.014,0.1249,OFICIAL
NACIONAL,BRASIL,2025-36,BEBIDAS,MOCA,NESTLE,Y,11762.89,274224.41,0.04289512,0.04289512,235.700,4796.400,0.04914102,384,9,15,0.8342,0.014,0.1249,OFICIAL
NACIONAL,BRASIL,2025-36,BEBIDAS,NESQUIK,NESTLE,Y,11491.35,274224.41,0.04190491,0.04190491,210.800,4796.400,0.04394963,420,10,17,0.8342,0.014,0.1249,OFICIAL
NACIONAL,BRASIL,2025-36,BEBIDAS,SOLAR,FAB_SOLAR,N,10794.67,274224.41,0.03936437,0.03936437,213.900,4796.400,0.04459595,426,11,15,0.8342,0.014,0.1249,OFICIAL
NACIONAL,BRASIL,2025-36,BEBIDAS,NOVA,FAB_NOVA,N,9912.51,274224.41,0.03614744,0.03614744,187.800,4796.400,0.03915437,351,12,14,0.8342,0.014,0.1249,OFICIAL
NACIONAL,BRASIL,2025-36,BEBIDAS,KITKAT,NESTLE,Y,8977.40,274224.41,0.03273742,0.03273742,195.400,4796.400,0.04073889,329,13,11,0.8342,0.014,0.1249,OFICIAL
NACIONAL,BRASIL,2025-36,BEBIDAS,MAGGI,NESTLE,Y,8867.13,274224.41,0.03233531,0.03233531,157.900,4796.400,0.03292052,224,14,11,0.8342,0.014,0.1249,OFICIAL
NACIONAL,BRASIL,2025-36,CHOCOLATES,NINHO,NESTLE,Y,46431.49,287557.80,0.16146837,0.16146837,681.600,4682.800,0.14555394,1275,1,23,0.8342,0.014,0.0406,OFICIAL
NACIONAL,BRASIL,2025-36,CHOCOLATES,VIVA,FAB_VIVA,N,36351.84,287557.80,0.12641577,0.12641577,762.400,4682.800,0.16280858,1860,2,36,0.8342,0.014,0.0406,OFICIAL
NACIONAL,BRASIL,2025-36,CHOCOLATES,NOVA,FAB_NOVA,N,33970.23,287557.80,0.11813357,0.11813357,470.500,4682.800,0.10047408,1006,3,20,0.8342,0.014,0.0406,OFICIAL
NACIONAL,BRASIL,2025-36,CHOCOLATES,NESQUIK,NESTLE,Y,27520.95,287557.80,0.0957058,0.0957058,410.600,4682.800,0.08768258,1031,4,19,0.8342,0.014,0.0406,OFICIAL
NACIONAL,BRASIL,2025-36,CHOCOLATES,ALPHA,FAB_ALPHA,N,27443.02,287557.80,0.0954348,0.0954348,349.900,4682.800,0.07472025,1047,5,17,0.8342,0.014,0.0406,OFICIAL
NACIONAL,BRASIL,2025-36,CHOCOLATES,PRIME,FAB_PRIME,N,22836.89,287557.80,0.07941669,0.07941669,344.400,4682.800,0.07354574,840,6,25,0.8342,0.014,0.0406,OFICIAL
NACIONAL,BRASIL,2025-36,CHOCOLATES,BETA,FAB_BETA,N,19989.61,287557.80,0.0695151,0.0695151,395.700,4682.800,0.08450073,859,7,26,0.8342,0.014,0.0406,OFICIAL
NACIONAL,BRASIL,2025-36,CHOCOLATES,DELTA,FAB_DELTA,N,16749.88,287557.80,0.05824874,0.05824874,279.700,4682.800,0.05972922,586,8,23,0.8342,0.014,0.0406,OFICIAL
NACIONAL,BRASIL,2025-36,CHOCOLATES,NESCAFE,NESTLE,Y,14617.35,287557.80,0.05083274,0.05083274,337.500,4682.800,0.07207226,504,9,13,0.8342,0.014,0.0406,OFICIAL
NACIONAL,BRASIL,2025-36,CHOCOLATES,MAGGI,NESTLE,Y,10802.35,287557.80,0.03756584,0.03756584,81.500,4682.800,0.01740412,332,10,17,0.8342,0.014,0.0406,OFICIAL
NACIONAL,BRASIL,2025-36,CHOCOLATES,SOLAR,FAB_SOLAR,N,10433.85,287557.80,0.03628436,0.03628436,149.600,4682.800,0.0319467,456,11,16,0.8342,0.014,0.0406,OFICIAL
NACIONAL,BRASIL,2025-36,CHOCOLATES,MOCA,NESTLE,Y,10034.25,287557.80,0.03489472,0.03489472,209.100,4682.800,0.04465277,316,12,10,0.8342,0.014,0.0406,OFICIAL
NACIONAL,BRASIL,2025-36,CHOCOLATES,GAROTO,NESTLE,Y,5894.47,287557.80,0.02049838,0.02049838,50.900,4682.800,0.01086957,135,13,4,0.8342,0.014,0.0406,OFICIAL
NACIONAL,BRASIL,2025-36,CHOCOLATES,KITKAT,NESTLE,Y,4481.62,287557.80,0.01558511,0.01558511,159.400,4682.800,0.03403946,311,14,13,0.8342,0.014,0.0406,OFICIAL
NACIONAL,BRASIL,2025-36,CULINARIOS,DELTA,FAB_DELTA,N,36314.08,311506.96,0.1165755,0.1165755,456.300,4579.100,0.0996484,1052,1,25,0.8342,0.014,0.0357,OFICIAL
NACIONAL,BRASIL,2025-36,CULINARIOS,VIVA,FAB_VIVA,N,32612.69,311506.96,0.10469329,0.10469329,485.200,4579.100,0.10595969,1211,2,31,0.8342,0.014,0.0357,OFICIAL
NACIONAL,BRASIL,2025-36,CULINARIOS,KITKAT,NESTLE,Y,29314.16,311506.96,0.09410435,0.09410435,340.500,4579.100,0.07435959,1002,3,23,0.8342,0.014,0.0357,OFICIAL
NACIONAL,BRASIL,2025-36,CULINARIOS,PRIME,FAB_PRIME,N,28758.22,311506.96,0.09231967,0.09231967,387.300,4579.100,0.08457994,896,4,25,0.8342,0.014,0.0357,OFICIAL
NACIONAL,BRASIL,2025-36,CULINARIOS,NOVA,FAB_NOVA,N,25815.12,311506.96,0.08287173,0.08287173,356.500,4579.100,0.07785373,982,5,28,0.8342,0.014,0.0357,OFICIAL
NACIONAL,BRASIL,2025-36,CULINARIOS,BETA,FAB_BETA,N,25620.38,311506.96,0.08224657,0.08224657,360.000,4579.100,0.07861807,820,6,27,0.8342,0.014,0.0357,OFICIAL
NACIONAL,BRASIL,2025-36,CULINARIOS,NESCAFE,NESTLE,Y,21433.04,311506.96,0.06880437,0.06880437,291.800,4579.100,0.06372431,478,7,9,0.8342,0.014,0.0357,OFICIAL
NACIONAL,BRASIL,2025-36,CULINARIOS,MAGGI,NESTLE,Y,19976.18,311506.96,0.06412756,0.06412756,421.300,4579.100,0.09200498,693,8,17,0.8342,0.014,0.0357,OFICIAL
NACIONAL,BRASIL,2025-36,CULINARIOS,GAROTO,NESTLE,Y,18478.64,311506.96,0.05932015,0.05932015,205.100,4579.100,0.04479046,620,9,16,0.8342,0.014,0.0357,OFICIAL
NACIONAL,BRASIL,2025-36,CULINARIOS,NESQUIK,NESTLE,Y,18151.09,311506.96,0.05826865,0.05826865,351.900,4579.100,0.07684916,528,10,9,0.8342,0.014,0.0357,OFICIAL
NACIONAL,BRASIL,2025-36,CULINARIOS,ALPHA,FAB_ALPHA,N,17654.27,311506.96,0.05667376,0.05667376,255.500,4579.100,0.05579699,577,11,15,0.8342,0.014,0.0357,OFICIAL
NACIONAL,BRASIL,2025-36,CULINARIOS,MOCA,NESTLE,Y,15218.02,311506.96,0.04885291,0.04885291,279.200,4579.100,0.06097268,598,12,7,0.8342,0.014,0.0357,OFICIAL
NACIONAL,BRASIL,2025-36,CULINARIOS,NINHO,NESTLE,Y,13771.81,311506.96,0.04421028,0.04421028,245.200,4579.100,0.05354764,404,13,15,0.8342,0.014,0.0357,OFICIAL
NACIONAL,BRASIL,2025-36,CULINARIOS,SOLAR,FAB_SOLAR,N,8389.26,311506.96,0.02693121,0.02693121,143.300,4579.100,0.03129436,296,14,12,0.8342,0.014,0.0357,OFICIAL
NACIONAL,BRASIL,2025-36,LACTEOS,DELTA,FAB_DELTA,N,62767.45,423096.28,0.14835264,0.14835264,642.800,5973.900,0.1076014,2248,1,42,0.8342,0.014,0.033,OFICIAL
NACIONAL,BRASIL,2025-36,LACTEOS,SOLAR,FAB_SOLAR,N,54034.41,423096.28,0.12771185,0.12771185,815.100,5973.900,0.13644353,2027,2,40,0.8342,0.014,0.033,OFICIAL
NACIONAL,BRASIL,2025-36,LACTEOS,VIVA,FAB_VIVA,N,53966.15,423096.28,0.12755052,0.12755052,900.500,5973.900,0.15073905,2464,3,39,0.8342,0.014,0.033,OFICIAL
NACIONAL,BRASIL,2025-36,LACTEOS,ALPHA,FAB_ALPHA,N,47329.44,423096.28,0.11186447,0.11186447,398.900,5973.900,0.0667738,1272,4,25,0.8342,0.014,0.033,OFICIAL
NACIONAL,BRASIL,2025-36,LACTEOS,MOCA,NESTLE,Y,35156.03,423096.28,0.08309227,0.08309227,478.200,5973.900,0.08004821,1006,5,21,0.8342,0.014,0.033,OFICIAL
NACIONAL,BRASIL,2025-36,LACTEOS,PRIME,FAB_PRIME,N,28417.67,423096.28,0.06716597,0.06716597,537.000,5973.900,0.08989103,1011,6,24,0.8342,0.014,0.033,OFICIAL
NACIONAL,BRASIL,2025-36,LACTEOS,NESCAFE,NESTLE,Y,27402.90,423096.28,0.06476753,0.06476753,332.600,5973.900,0.05567552,739,7,18,0.8342,0.014,0.033,OFICIAL
NACIONAL,BRASIL,2025-36,LACTEOS,NESQUIK,NESTLE,Y,26902.69,423096.28,0.06358527,0.06358527,319.200,5973.900,0.05343243,748,8,17,0.8342,0.014,0.033,OFICIAL
NACIONAL,BRASIL,2025-36,LACTEOS,BETA,FAB_BETA,N,24619.07,423096.28,0.05818787,0.05818787,395.200,5973.900,0.06615444,1060,9,24,0.8342,0.014,0.033,OFICIAL
NACIONAL,BRASIL,2025-36,LACTEOS,NOVA,FAB_NOVA,N,18295.53,423096.28,0.043242,0.043242,551.000,5973.900,0.09223455,983,10,20,0.8342,0.014,0.033,OFICIAL
NACIONAL,BRASIL,2025-36,LACTEOS,NINHO,NESTLE,Y,14494.02,423096.28,0.03425703,0.03425703,159.400,5973.900,0.02668274,494,11,16,0.8342,0.014,0.033,OFICIAL
NACIONAL,BRASIL,2025-36,LACTEOS,KITKAT,NESTLE,Y,12840.98,423096.28,0.03035002,0.03035002,214.100,5973.900,0.03583923,347,12,12,0.8342,0.014,0.033,OFICIAL
NACIONAL,BRASIL,2025-36,LACTEOS,GAROTO,NESTLE,Y,12419.21,423096.28,0.02935315,0.02935315,182.100,5973.900,0.0304826,470,13,12,0.8342,0.014,0.033,OFICIAL
NACIONAL,BRASIL,2025-36,LACTEOS,MAGGI,NESTLE,Y,4450.73,423096.28,0.01051943,0.01051943,47.800,5973.900,0.00800147,141,14,4,0.8342,0.014,0.033,OFICIAL
NACIONAL,BRASIL,2025-36,NUTRICAO,BETA,FAB_BETA,N,47130.71,305751.54,0.15414709,0.15414709,620.900,4281.600,0.14501588,1311,1,29,0.8342,0.014,0.0322,OFICIAL
NACIONAL,BRASIL,2025-36,NUTRICAO,ALPHA,FAB_ALPHA,N,35714.85,305751.54,0.11681004,0.11681004,510.800,4281.600,0.1193012,1203,2,31,0.8342,0.014,0.0322,OFICIAL
NACIONAL,BRASIL,2025-36,NUTRICAO,PRIME,FAB_PRIME,N,32228.76,305751.54,0.10540833,0.10540833,232.700,4281.600,0.05434884,949,3,22,0.8342,0.014,0.0322,OFICIAL
NACIONAL,BRASIL,2025-36,NUTRICAO,DELTA,FAB_DELTA,N,32187.65,305751.54,0.10527388,0.10527388,646.500,4281.600,0.15099496,1356,4,33,0.8342,0.014,0.0322,OFICIAL
NACIONAL,BRASIL,2025-36,NUTRICAO,NESQUIK,NESTLE,Y,28713.40,305751.54,0.09391089,0.09391089,470.900,4281.600,0.10998225,1717,5,36,0.8342,0.014,0.0322,OFICIAL
NACIONAL,BRASIL,2025-36,NUTRICAO,SOLAR,FAB_SOLAR,N,25965.25,305751.54,0.08492271,0.08492271,276.300,4281.600,0.06453195,839,6,26,0.8342,0.014,0.0322,OFICIAL
NACIONAL,BRASIL,2025-36,NUTRICAO,GAROTO,NESTLE,Y,19581.97,305751.54,0.06404537,0.06404537,178.200,4281.600,0.04161996,511,7,13,0.8342,0.014,0.0322,OFICIAL
NACIONAL,BRASIL,2025-36,NUTRICAO,NINHO,NESTLE,Y,19493.28,305751.54,0.0637553,0.0637553,238.500,4281.600,0.05570348,720,8,13,0.8342,0.014,0.0322,OFICIAL
NACIONAL,BRASIL,2025-36,NUTRICAO,KITKAT,NESTLE,Y,16504.90,305751.54,0.05398141,0.05398141,455.100,4281.600,0.10629204,702,9,15,0.8342,0.014,0.0322,OFICIAL
NACIONAL,BRASIL,2025-36,NUTRICAO,MOCA,NESTLE,Y,12585.05,305751.54,0.04116104,0.04116104,91.600,4281.600,0.02139387,355,10,13,0.8342,0.014,0.0322,OFICIAL
NACIONAL,BRASIL,2025-36,NUTRICAO,NOVA,FAB_NOVA,N,11089.83,305751.54,0.03627072,0.03627072,135.200,4281.600,0.03157698,546,11,23,0.8342,0.014,0.0322,OFICIAL
NACIONAL,BRASIL,2025-36,NUTRICAO,MAGGI,NESTLE,Y,10801.96,305751.54,0.03532921,0.03532921,224.000,4281.600,0.05231689,476,12,12,0.8342,0.014,0.0322,OFICIAL
NACIONAL,BRASIL,2025-36,NUTRICAO,VIVA,FAB_VIVA,N,8381.26,305751.54,0.027412,0.027412,154.200,4281.600,0.03601457,290,13,11,0.8342,0.014,0.0322,OFICIAL
NACIONAL,BRASIL,2025-36,NUTRICAO,NESCAFE,NESTLE,Y,5372.67,305751.54,0.01757201,0.01757201,46.700,4281.600,0.01090714,143,14,5,0.8342,0.014,0.0322,OFICIAL
NACIONAL,BRASIL,2025-37,BEBIDAS,NESCAFE,NESTLE,Y,53273.21,317274.54,0.16790887,0.16790887,1080.200,5158.100,0.2094182,2616,1,36,0.8764,0.0176,0.1367,OFICIAL
NACIONAL,BRASIL,2025-37,BEBIDAS,SOLAR,FAB_SOLAR,N,39077.50,317274.54,0.1231662,0.1231662,546.300,5158.100,0.10591109,1117,2,21,0.8764,0.0176,0.1367,OFICIAL
NACIONAL,BRASIL,2025-37,BEBIDAS,NINHO,NESTLE,Y,38127.38,317274.54,0.12017157,0.12017157,962.600,5158.100,0.1866191,2228,3,37,0.8764,0.0176,0.1367,OFICIAL
NACIONAL,BRASIL,2025-37,BEBIDAS,ALPHA,FAB_ALPHA,N,25664.50,317274.54,0.08089051,0.08089051,269.100,5158.100,0.05217037,720,4,23,0.8764,0.0176,0.1367,OFICIAL
NACIONAL,BRASIL,2025-37,BEBIDAS,GAROTO,NESTLE,Y,23225.66,317274.54,0.07320367,0.07320367,209.900,5158.100,0.04069328,768,5,20,0.8764,0.0176,0.1367,OFICIAL
NACIONAL,BRASIL,2025-37,BEBIDAS,MOCA,NESTLE,Y,23165.03,317274.54,0.07301257,0.07301257,352.200,5158.100,0.06828096,725,6,16,0.8764,0.0176,0.1367,OFICIAL
NACIONAL,BRASIL,2025-37,BEBIDAS,DELTA,FAB_DELTA,N,18599.63,317274.54,0.05862314,0.05862314,344.400,5158.100,0.06676877,708,7,17,0.8764,0.0176,0.1367,OFICIAL
NACIONAL,BRASIL,2025-37,BEBIDAS,MAGGI,NESTLE,Y,18037.88,317274.54,0.05685259,0.05685259,214.900,5158.100,0.04166263,484,8,11,0.8764,0.0176,0.1367,OFICIAL
NACIONAL,BRASIL,2025-37,BEBIDAS,NESQUIK,NESTLE,Y,16872.07,317274.54,0.05317814,0.05317814,231.200,5158.100,0.04482271,641,9,18,0.8764,0.0176,0.1367,OFICIAL
NACIONAL,BRASIL,2025-37,BEBIDAS,BETA,FAB_BETA,N,15339.32,317274.54,0.04834715,0.04834715,236.800,5158.100,0.04590838,437,10,15,0.8764,0.0176,0.1367,OFICIAL
NACIONAL,BRASIL,2025-37,BEBIDAS,PRIME,FAB_PRIME,N,14072.25,317274.54,0.04435354,0.04435354,282.500,5158.100,0.05476823,478,11,17,0.8764,0.0176,0.1367,OFICIAL
NACIONAL,BRASIL,2025-37,BEBIDAS,NOVA,FAB_NOVA,N,13779.30,317274.54,0.04343021,0.04343021,138.600,5158.100,0.02687036,390,12,11,0.8764,0.0176,0.1367,OFICIAL
NACIONAL,BRASIL,2025-37,BEBIDAS,VIVA,FAB_VIVA,N,12761.79,317274.54,0.04022318,0.04022318,227.800,5158.100,0.04416355,530,13,16,0.8764,0.0176,0.1367,OFICIAL
NACIONAL,BRASIL,2025-37,BEBIDAS,KITKAT,NESTLE,Y,5279.02,317274.54,0.01663865,0.01663865,61.600,5158.100,0.01194238,189,14,9,0.8764,0.0176,0.1367,OFICIAL
NACIONAL,BRASIL,2025-37,CHOCOLATES,NINHO,NESTLE,Y,49497.32,331279.53,0.14941255,0.14941255,419.800,4467.600,0.09396544,1416,1,23,0.8764,0.0176,0.0645,OFICIAL
NACIONAL,BRASIL,2025-37,CHOCOLATES,ALPHA,FAB_ALPHA,N,35803.35,331279.53,0.10807595,0.10807595,469.800,4467.600,0.10515713,1370,2,27,0.8764,0.0176,0.0645,OFICIAL
NACIONAL,BRASIL,2025-37,CHOCOLATES,BETA,FAB_BETA,N,33983.69,331279.53,0.10258313,0.10258313,693.300,4467.600,0.15518399,1571,3,30,0.8764,0.0176,0.0645,OFICIAL
NACIONAL,BRASIL,2025-37,CHOCOLATES,NESCAFE,NESTLE,Y,33809.77,331279.53,0.10205813,0.10205813,435.200,4467.600,0.09741248,1109,4,20,0.8764,0.0176,0.0645,OFICIAL
NACIONAL,BRASIL,2025-37,CHOCOLATES,DELTA,FAB_DELTA,N,30012.30,331279.53,0.09059509,0.09059509,431.500,4467.600,0.0965843,931,5,26,0.8764,0.0176,0.0645,OFICIAL
NACIONAL,BRASIL,2025-37,CHOCOLATES,NOVA,FAB_NOVA,N,28526.09,331279.53,0.08610882,0.08610882,241.500,4467.600,0.05405587,988,6,17,0.8764,0.0176,0.0645,OFICIAL
NACIONAL,BRASIL,2025-37,CHOCOLATES,SOLAR,FAB_SOLAR,N,22786.86,331279.53,0.06878439,0.06878439,302.700,4467.600,0.0677545,709,7,22,0.8764,0.0176,0.0645,OFICIAL
NACIONAL,BRASIL,2025-37,CHOCOLATES,NESQUIK,NESTLE,Y,21344.81,331279.53,0.06443142,0.06443142,250.800,4467.600,0.05613752,601,8,16,0.8764,0.0176,0.0645,OFICIAL
NACIONAL,BRASIL,2025-37,CHOCOLATES,KITKAT,NESTLE,Y,19679.67,331279.53,0.05940503,0.05940503,492.200,4467.600,0.11017101,944,9,19,0.8764,0.0176,0.0645,OFICIAL
NACIONAL,BRASIL,2025-37,CHOCOLATES,PRIME,FAB_PRIME,N,19611.03,331279.53,0.05919783,0.05919783,192.600,4467.600,0.04311039,944,10,22,0.8764,0.0176,0.0645,OFICIAL
NACIONAL,BRASIL,2025-37,CHOCOLATES,VIVA,FAB_VIVA,N,18831.11,331279.53,0.05684357,0.05684357,252.900,4467.600,0.05660757,721,11,19,0.8764,0.0176,0.0645,OFICIAL
NACIONAL,BRASIL,2025-37,CHOCOLATES,MOCA,NESTLE,Y,8403.19,331279.53,0.02536586,0.02536586,149.500,4467.600,0.03346316,302,12,9,0.8764,0.0176,0.0645,OFICIAL
NACIONAL,BRASIL,2025-37,CHOCOLATES,MAGGI,NESTLE,Y,5384.88,331279.53,0.01625479,0.01625479,88.900,4467.600,0.01989883,188,13,7,0.8764,0.0176,0.0645,OFICIAL
NACIONAL,BRASIL,2025-37,CHOCOLATES,GAROTO,NESTLE,Y,3605.46,331279.53,0.01088344,0.01088344,46.900,4467.600,0.01049781,102,14,4,0.8764,0.0176,0.0645,OFICIAL
NACIONAL,BRASIL,2025-37,CULINARIOS,BETA,FAB_BETA,N,34444.55,243848.38,0.14125396,0.14125396,308.600,4252.500,0.07256908,1136,1,28,0.8764,0.0176,0.0741,OFICIAL
NACIONAL,BRASIL,2025-37,CULINARIOS,PRIME,FAB_PRIME,N,33633.68,243848.38,0.13792866,0.13792866,463.800,4252.500,0.10906526,1243,2,27,0.8764,0.0176,0.0741,OFICIAL
NACIONAL,BRASIL,2025-37,CULINARIOS,VIVA,FAB_VIVA,N,27510.36,243848.38,0.11281748,0.11281748,411.000,4252.500,0.09664903,876,3,28,0.8764,0.0176,0.0741,OFICIAL
NACIONAL,BRASIL,2025-37,CULINARIOS,NOVA,FAB_NOVA,N,24139.81,243848.38,0.09899516,0.09899516,330.400,4252.500,0.07769547,794,4,30,0.8764,0.0176,0.0741,OFICIAL
NACIONAL,BRASIL,2025-37,CULINARIOS,DELTA,FAB_DELTA,N,20865.23,243848.38,0.08556641,0.08556641,384.200,4252.500,0.09034685,727,5,20,0.8764,0.0176,0.0741,OFICIAL
NACIONAL,BRASIL,2025-37,CULINARIOS,SOLAR,FAB_SOLAR,N,18512.94,243848.38,0.07591988,0.07591988,223.000,4252.500,0.05243974,621,6,15,0.8764,0.0176,0.0741,OFICIAL
NACIONAL,BRASIL,2025-37,CULINARIOS,NESCAFE,NESTLE,Y,16873.97,243848.38,0.06919861,0.06919861,282.100,4252.500,0.06633745,483,7,9,0.8764,0.0176,0.0741,OFICIAL
NACIONAL,BRASIL,2025-37,CULINARIOS,ALPHA,FAB_ALPHA,N,13986.65,243848.38,0.05735798,0.05735798,220.200,4252.500,0.05178131,537,8,18,0.8764,0.0176,0.0741,OFICIAL
NACIONAL,BRASIL,2025-37,CULINARIOS,MOCA,NESTLE,Y,12123.72,243848.38,0.04971827,0.04971827,263.800,4252.500,0.0620341,456,9,8,0.8764,0.0176,0.0741,OFICIAL
NACIONAL,BRASIL,2025-37,CULINARIOS,NINHO,NESTLE,Y,10041.57,243848.38,0.04117956,0.04117956,388.400,4252.500,0.09133451,701,10,12,0.8764,0.0176,0.0741,OFICIAL
NACIONAL,BRASIL,2025-37,CULINARIOS,MAGGI,NESTLE,Y,9828.55,243848.38,0.04030599,0.04030599,141.300,4252.500,0.03322751,261,11,13,0.8764,0.0176,0.0741,OFICIAL
NACIONAL,BRASIL,2025-37,CULINARIOS,GAROTO,NESTLE,Y,8340.79,243848.38,0.03420482,0.03420482,445.800,4252.500,0.10483245,555,12,8,0.8764,0.0176,0.0741,OFICIAL
NACIONAL,BRASIL,2025-37,CULINARIOS,KITKAT,NESTLE,Y,6797.11,243848.38,0.02787433,0.02787433,144.000,4252.500,0.03386243,224,13,9,0.8764,0.0176,0.0741,OFICIAL
NACIONAL,BRASIL,2025-37,CULINARIOS,NESQUIK,NESTLE,Y,6749.45,243848.38,0.02767888,0.02767888,245.900,4252.500,0.05782481,370,14,11,0.8764,0.0176,0.0741,OFICIAL
NACIONAL,BRASIL,2025-37,LACTEOS,VIVA,FAB_VIVA,N,40000.73,317217.60,0.12609871,0.12609871,505.800,4379.200,0.11550055,1246,1,36,0.8764,0.0176,0.0429,OFICIAL
NACIONAL,BRASIL,2025-37,LACTEOS,NOVA,FAB_NOVA,N,39071.59,317217.60,0.12316968,0.12316968,710.600,4379.200,0.16226708,1395,2,30,0.8764,0.0176,0.0429,OFICIAL
NACIONAL,BRASIL,2025-37,LACTEOS,ALPHA,FAB_ALPHA,N,37277.58,317217.60,0.11751422,0.11751422,306.800,4379.200,0.07005846,1441,3,23,0.8764,0.0176,0.0429,OFICIAL
NACIONAL,BRASIL,2025-37,LACTEOS,PRIME,FAB_PRIME,N,28371.18,317217.60,0.0894376,0.0894376,481.400,4379.200,0.10992875,921,4,26,0.8764,0.0176,0.0429,OFICIAL
NACIONAL,BRASIL,2025-37,LACTEOS,DELTA,FAB_DELTA,N,28258.83,317217.60,0.08908342,0.08908342,327.900,4379.200,0.07487669,978,5,26,0.8764,0.0176,0.0429,OFICIAL
NACIONAL,BRASIL,2025-37,LACTEOS,NESCAFE,NESTLE,Y,27293.81,317217.60,0.08604129,0.08604129,241.200,4379.200,0.05507855,970,6,17,0.8764,0.0176,0.0429,OFICIAL
NACIONAL,BRASIL,2025-37,LACTEOS,BETA,FAB_BETA,N,25676.38,317217.60,0.08094248,0.08094248,421.100,4379.200,0.09615912,1001,7,26,0.8764,0.0176,0.0429,OFICIAL
NACIONAL,BRASIL,2025-37,LACTEOS,SOLAR,FAB_SOLAR,N,20439.16,317217.60,0.06443262,0.06443262,436.800,4379.200,0.09974425,761,8,26,0.8764,0.0176,0.0429,OFICIAL
NACIONAL,BRASIL,2025-37,LACTEOS,NESQUIK,NESTLE,Y,15908.77,317217.60,0.05015097,0.05015097,271.000,4379.200,0.06188345,480,9,18,0.8764,0.0176,0.0429,OFICIAL
NACIONAL,BRASIL,2025-37,LACTEOS,GAROTO,NESTLE,Y,14596.68,317217.60,0.04601472,0.04601472,159.800,4379.200,0.03649068,637,10,22,0.8764,0.0176,0.0429,OFICIAL
NACIONAL,BRASIL,2025-37,LACTEOS,MOCA,NESTLE,Y,14420.40,317217.60,0.04545902,0.04545902,178.400,4379.200,0.04073803,596,11,21,0.8764,0.0176,0.0429,OFICIAL
NACIONAL,BRASIL,2025-37,LACTEOS,MAGGI,NESTLE,Y,10195.39,317217.60,0.03214005,0.03214005,120.500,4379.200,0.02751644,273,12,6,0.8764,0.0176,0.0429,OFICIAL
NACIONAL,BRASIL,2025-37,LACTEOS,NINHO,NESTLE,Y,8334.38,317217.60,0.02627338,0.02627338,77.500,4379.200,0.0176973,301,13,12,0.8764,0.0176,0.0429,OFICIAL
NACIONAL,BRASIL,2025-37,LACTEOS,KITKAT,NESTLE,Y,7372.72,317217.60,0.02324184,0.02324184,140.400,4379.200,0.03206065,325,14,12,0.8764,0.0176,0.0429,OFICIAL
NACIONAL,BRASIL,2025-37,NUTRICAO,BETA,FAB_BETA,N,43858.34,254040.70,0.17264297,0.17264297,624.700,4658.200,0.1341076,1418,1,31,0.8764,0.0176,0.051,OFICIAL
NACIONAL,BRASIL,2025-37,NUTRICAO,SOLAR,FAB_SOLAR,N,28181.31,254040.70,0.11093226,0.11093226,456.800,4658.200,0.09806363,933,2,20,0.8764,0.0176,0.051,OFICIAL
NACIONAL,BRASIL,2025-37,NUTRICAO,NESQUIK,NESTLE,Y,27796.10,254040.70,0.10941593,0.10941593,904.300,4658.200,0.19413078,2136,3,41,0.8764,0.0176,0.051,OFICIAL
NACIONAL,BRASIL,2025-37,NUTRICAO,KITKAT,NESTLE,Y,24903.82,254040.70,0.09803083,0.09803083,394.500,4658.200,0.08468937,708,4,16,0.8764,0.0176,0.051,OFICIAL
NACIONAL,BRASIL,2025-37,NUTRICAO,NOVA,FAB_NOVA,N,20879.93,254040.70,0.08219128,0.08219128,341.300,4658.200,0.07326864,590,5,23,0.8764,0.0176,0.051,OFICIAL
NACIONAL,BRASIL,2025-37,NUTRICAO,MOCA,NESTLE,Y,20776.76,254040.70,0.08178516,0.08178516,327.100,4658.200,0.07022026,715,6,20,0.8764,0.0176,0.051,OFICIAL
NACIONAL,BRASIL,2025-37,NUTRICAO,ALPHA,FAB_ALPHA,N,20503.31,254040.70,0.08070876,0.08070876,322.500,4658.200,0.06923275,896,7,26,0.8764,0.0176,0.051,OFICIAL
NACIONAL,BRASIL,2025-37,NUTRICAO,PRIME,FAB_PRIME,N,18401.95,254040.70,0.07243702,0.07243702,471.100,4658.200,0.10113349,826,8,21,0.8764,0.0176,0.051,OFICIAL
NACIONAL,BRASIL,2025-37,NUTRICAO,VIVA,FAB_VIVA,N,14070.87,254040.70,0.05538825,0.05538825,141.500,4658.200,0.03037654,431,9,12,0.8764,0.0176,0.051,OFICIAL
NACIONAL,BRASIL,2025-37,NUTRICAO,GAROTO,NESTLE,Y,11513.47,254040.70,0.04532136,0.04532136,190.100,4658.200,0.04080975,383,10,10,0.8764,0.0176,0.051,OFICIAL
NACIONAL,BRASIL,2025-37,NUTRICAO,DELTA,FAB_DELTA,N,10257.45,254040.70,0.04037719,0.04037719,221.600,4658.200,0.04757202,476,11,23,0.8764,0.0176,0.051,OFICIAL
NACIONAL,BRASIL,2025-37,NUTRICAO,MAGGI,NESTLE,Y,6054.40,254040.70,0.0238324,0.0238324,147.600,4658.200,0.03168606,280,12,6,0.8764,0.0176,0.051,OFICIAL
NACIONAL,BRASIL,2025-37,NUTRICAO,NESCAFE,NESTLE,Y,3695.04,254040.70,0.01454507,0.01454507,71.400,4658.200,0.01532781,171,13,9,0.8764,0.0176,0.051,OFICIAL
NACIONAL,BRASIL,2025-37,NUTRICAO,NINHO,NESTLE,Y,3147.95,254040.70,0.01239152,0.01239152,43.700,4658.200,0.00938131,102,14,8,0.8764,0.0176,0.051,OFICIAL
NACIONAL,BRASIL,2025-38,BEBIDAS,NINHO,NESTLE,Y,45482.39,350129.55,0.1299016,0.1299016,857.700,6071.400,0.1412689,2546,1,43,0.8239,0.0154,0.1497,OFICIAL
NACIONAL,BRASIL,2025-38,BEBIDAS,NESCAFE,NESTLE,Y,43606.78,350129.55,0.1245447,0.1245447,1185.600,6071.400,0.19527621,2572,2,29,0.8239,0.0154,0.1497,OFICIAL
NACIONAL,BRASIL,2025-38,BEBIDAS,SOLAR,FAB_SOLAR,N,40736.75,350129.55,0.11634765,0.11634765,566.500,6071.400,0.09330632,1160,3,30,0.8239,0.0154,0.1497,OFICIAL
NACIONAL,BRASIL,2025-38,BEBIDAS,NESQUIK,NESTLE,Y,34944.44,350129.55,0.09980432,0.09980432,369.000,6071.400,0.06077676,1216,4,24,0.8239,0.0154,0.1497,OFICIAL
NACIONAL,BRASIL,2025-38,BEBIDAS,DELTA,FAB_DELTA,N,33586.44,350129.55,0.09592575,0.09592575,466.000,6071.400,0.0767533,1075,5,30,0.8239,0.0154,0.1497,OFICIAL
NACIONAL,BRASIL,2025-38,BEBIDAS,VIVA,FAB_VIVA,N,29545.83,350129.55,0.08438542,0.08438542,434.100,6071.400,0.07149916,691,6,13,0.8239,0.0154,0.1497,OFICIAL
NACIONAL,BRASIL,2025-38,BEBIDAS,ALPHA,FAB_ALPHA,N,23524.52,350129.55,0.06718805,0.06718805,431.200,6071.400,0.07102151,829,7,24,0.8239,0.0154,0.1497,OFICIAL
NACIONAL,BRASIL,2025-38,BEBIDAS,NOVA,FAB_NOVA,N,20701.92,350129.55,0.05912646,0.05912646,247.900,6071.400,0.04083078,764,8,14,0.8239,0.0154,0.1497,OFICIAL
NACIONAL,BRASIL,2025-38,BEBIDAS,MOCA,NESTLE,Y,18158.50,350129.55,0.05186223,0.05186223,354.200,6071.400,0.0583391,601,9,15,0.8239,0.0154,0.1497,OFICIAL
NACIONAL,BRASIL,2025-38,BEBIDAS,MAGGI,NESTLE,Y,17469.07,350129.55,0.04989316,0.04989316,240.200,6071.400,0.03956254,513,10,15,0.8239,0.0154,0.1497,OFICIAL
NACIONAL,BRASIL,2025-38,BEBIDAS,KITKAT,NESTLE,Y,14047.41,350129.55,0.04012061,0.04012061,381.300,6071.400,0.06280265,579,11,19,0.8239,0.0154,0.1497,OFICIAL
NACIONAL,BRASIL,2025-38,BEBIDAS,BETA,FAB_BETA,N,12204.91,350129.55,0.03485827,0.03485827,270.700,6071.400,0.04458609,482,12,20,0.8239,0.0154,0.1497,OFICIAL
NACIONAL,BRASIL,2025-38,BEBIDAS,GAROTO,NESTLE,Y,10951.80,350129.55,0.03127928,0.03127928,194.700,6071.400,0.03206839,362,13,12,0.8239,0.0154,0.1497,OFICIAL
NACIONAL,BRASIL,2025-38,BEBIDAS,PRIME,FAB_PRIME,N,5168.79,350129.55,0.01476251,0.01476251,72.300,6071.400,0.01190829,264,14,14,0.8239,0.0154,0.1497,OFICIAL
NACIONAL,BRASIL,2025-38,CHOCOLATES,PRIME,FAB_PRIME,N,32047.44,234965.38,0.13639218,0.13639218,447.500,3784.800,0.1182361,1072,1,34,0.8239,0.0154,0.0346,OFICIAL
NACIONAL,BRASIL,2025-38,CHOCOLATES,NOVA,FAB_NOVA,N,26716.39,234965.38,0.11370352,0.11370352,609.900,3784.800,0.16114458,904,2,23,0.8239,0.0154,0.0346,OFICIAL
NACIONAL,BRASIL,2025-38,CHOCOLATES,VIVA,FAB_VIVA,N,25007.91,234965.38,0.10643232,0.10643232,390.100,3784.800,0.10307018,814,3,27,0.8239,0.0154,0.0346,OFICIAL
NACIONAL,BRASIL,2025-38,CHOCOLATES,NESCAFE,NESTLE,Y,21424.78,234965.38,0.09118271,0.09118271,297.400,3784.800,0.07857747,738,4,17,0.8239,0.0154,0.0346,OFICIAL
NACIONAL,BRASIL,2025-38,CHOCOLATES,SOLAR,FAB_SOLAR,N,20527.00,234965.38,0.08736181,0.08736181,238.800,3784.800,0.06309448,680,5,19,0.8239,0.0154,0.0346,OFICIAL
NACIONAL,BRASIL,2025-38,CHOCOLATES,DELTA,FAB_DELTA,N,20345.46,234965.38,0.08658918,0.08658918,237.500,3784.800,0.062751,757,6,26,0.8239,0.0154,0.0346,OFICIAL
NACIONAL,BRASIL,2025-38,CHOCOLATES,ALPHA,FAB_ALPHA,N,19570.21,234965.38,0.08328976,0.08328976,321.700,3784.800,0.08499789,661,7,22,0.8239,0.0154,0.0346,OFICIAL
NACIONAL,BRASIL,2025-38,CHOCOLATES,NINHO,NESTLE,Y,15214.63,234965.38,0.06475265,0.06475265,196.700,3784.800,0.05197104,577,8,16,0.8239,0.0154,0.0346,OFICIAL
NACIONAL,BRASIL,2025-38,CHOCOLATES,KITKAT,NESTLE,Y,14011.15,234965.38,0.0596307,0.0596307,212.100,3784.800,0.05603995,493,9,8,0.8239,0.0154,0.0346,OFICIAL
NACIONAL,BRASIL,2025-38,CHOCOLATES,BETA,FAB_BETA,N,13696.32,234965.38,0.0582908,0.0582908,348.400,3784.800,0.09205242,533,10,22,0.8239,0.0154,0.0346,OFICIAL
NACIONAL,BRASIL,2025-38,CHOCOLATES,GAROTO,NESTLE,Y,7739.07,234965.38,0.03293707,0.03293707,93.900,3784.800,0.02480977,168,11,7,0.8239,0.0154,0.0346,OFICIAL
NACIONAL,BRASIL,2025-38,CHOCOLATES,MOCA,NESTLE,Y,6847.50,234965.38,0.02914259,0.02914259,188.600,3784.800,0.0498309,262,12,6,0.8239,0.0154,0.0346,OFICIAL
NACIONAL,BRASIL,2025-38,CHOCOLATES,MAGGI,NESTLE,Y,5939.01,234965.38,0.02527611,0.02527611,136.300,3784.800,0.03601247,275,13,7,0.8239,0.0154,0.0346,OFICIAL
NACIONAL,BRASIL,2025-38,CHOCOLATES,NESQUIK,NESTLE,Y,5878.51,234965.38,0.02501862,0.02501862,65.900,3784.800,0.01741175,197,14,9,0.8239,0.0154,0.0346,OFICIAL
NACIONAL,BRASIL,2025-38,CULINARIOS,NOVA,FAB_NOVA,N,55072.76,266721.93,0.20648006,0.20648006,490.100,4005.000,0.12237204,1581,1,30,0.8239,0.0154,0.0198,OFICIAL
NACIONAL,BRASIL,2025-38,CULINARIOS,NINHO,NESTLE,Y,33581.64,266721.93,0.12590506,0.12590506,587.700,4005.000,0.14674157,1085,2,26,0.8239,0.0154,0.0198,OFICIAL
NACIONAL,BRASIL,2025-38,CULINARIOS,BETA,FAB_BETA,N,22679.72,266721.93,0.08503133,0.08503133,340.700,4005.000,0.08506866,725,3,24,0.8239,0.0154,0.0198,OFICIAL
NACIONAL,BRASIL,2025-38,CULINARIOS,VIVA,FAB_VIVA,N,22340.76,266721.93,0.08376049,0.08376049,349.500,4005.000,0.08726592,697,4,23,0.8239,0.0154,0.0198,OFICIAL
NACIONAL,BRASIL,2025-38,CULINARIOS,NESQUIK,NESTLE,Y,22249.46,266721.93,0.08341819,0.08341819,229.400,4005.000,0.0572784,661,5,13,0.8239,0.0154,0.0198,OFICIAL
NACIONAL,BRASIL,2025-38,CULINARIOS,MAGGI,NESTLE,Y,19010.61,266721.93,0.07127502,0.07127502,306.600,4005.000,0.07655431,572,6,11,0.8239,0.0154,0.0198,OFICIAL
NACIONAL,BRASIL,2025-38,CULINARIOS,PRIME,FAB_PRIME,N,18218.99,266721.93,0.06830706,0.06830706,490.200,4005.000,0.122397,654,7,20,0.8239,0.0154,0.0198,OFICIAL
NACIONAL,BRASIL,2025-38,CULINARIOS,GAROTO,NESTLE,Y,14882.08,266721.93,0.05579624,0.05579624,83.200,4005.000,0.02077403,435,8,12,0.8239,0.0154,0.0198,OFICIAL
NACIONAL,BRASIL,2025-38,CULINARIOS,SOLAR,FAB_SOLAR,N,13813.36,266721.93,0.05178937,0.05178937,409.200,4005.000,0.10217228,684,9,17,0.8239,0.0154,0.0198,OFICIAL
NACIONAL,BRASIL,2025-38,CULINARIOS,DELTA,FAB_DELTA,N,11864.15,266721.93,0.04448134,0.04448134,183.100,4005.000,0.04571785,434,10,19,0.8239,0.0154,0.0198,OFICIAL
NACIONAL,BRASIL,2025-38,CULINARIOS,MOCA,NESTLE,Y,11625.46,266721.93,0.04358644,0.04358644,233.400,4005.000,0.05827715,428,11,12,0.8239,0.0154,0.0198,OFICIAL
NACIONAL,BRASIL,2025-38,CULINARIOS,KITKAT,NESTLE,Y,10552.50,266721.93,0.03956368,0.03956368,103.900,4005.000,0.02594257,428,12,10,0.8239,0.0154,0.0198,OFICIAL
NACIONAL,BRASIL,2025-38,CULINARIOS,ALPHA,FAB_ALPHA,N,7309.65,266721.93,0.02740551,0.02740551,162.400,4005.000,0.04054931,346,13,12,0.8239,0.0154,0.0198,OFICIAL
NACIONAL,BRASIL,2025-38,CULINARIOS,NESCAFE,NESTLE,Y,3520.79,266721.93,0.01320023,0.01320023,35.600,4005.000,0.00888889,100,14,9,0.8239,0.0154,0.0198,OFICIAL
NACIONAL,BRASIL,2025-38,LACTEOS,VIVA,FAB_VIVA,N,45233.08,334772.53,0.13511587,0.13511587,862.900,5001.400,0.17253169,1273,1,39,0.8239,0.0154,0.0711,OFICIAL
NACIONAL,BRASIL,2025-38,LACTEOS,NESCAFE,NESTLE,Y,38651.88,334772.53,0.11545714,0.11545714,405.000,5001.400,0.08097733,1316,2,22,0.8239,0.0154,0.0711,OFICIAL
NACIONAL,BRASIL,2025-38,LACTEOS,SOLAR,FAB_SOLAR,N,36968.40,334772.53,0.11042842,0.11042842,388.900,5001.400,0.07775823,1128,3,27,0.8239,0.0154,0.0711,OFICIAL
NACIONAL,BRASIL,2025-38,LACTEOS,NOVA,FAB_NOVA,N,35914.01,334772.53,0.10727884,0.10727884,404.300,5001.400,0.08083737,1121,4,23,0.8239,0.0154,0.0711,OFICIAL
NACIONAL,BRASIL,2025-38,LACTEOS,DELTA,FAB_DELTA,N,33844.95,334772.53,0.10109835,0.10109835,546.000,5001.400,0.10916943,1184,5,27,0.8239,0.0154,0.0711,OFICIAL
NACIONAL,BRASIL,2025-38,LACTEOS,NINHO,NESTLE,Y,26745.62,334772.53,0.07989192,0.07989192,296.800,5001.400,0.05934338,727,6,16,0.8239,0.0154,0.0711,OFICIAL
NACIONAL,BRASIL,2025-38,LACTEOS,BETA,FAB_BETA,N,24382.74,334772.53,0.07283375,0.07283375,610.200,5001.400,0.12200584,1012,7,28,0.8239,0.0154,0.0711,OFICIAL
NACIONAL,BRASIL,2025-38,LACTEOS,ALPHA,FAB_ALPHA,N,21977.24,334772.53,0.06564828,0.06564828,331.400,5001.400,0.06626145,1054,8,22,0.8239,0.0154,0.0711,OFICIAL
NACIONAL,BRASIL,2025-38,LACTEOS,PRIME,FAB_PRIME,N,20991.82,334772.53,0.06270473,0.06270473,433.600,5001.400,0.08669573,1149,9,19,0.8239,0.0154,0.0711,OFICIAL
NACIONAL,BRASIL,2025-38,LACTEOS,GAROTO,NESTLE,Y,12178.96,334772.53,0.03637981,0.03637981,84.800,5001.400,0.01695525,350,10,10,0.8239,0.0154,0.0711,OFICIAL
NACIONAL,BRASIL,2025-38,LACTEOS,MOCA,NESTLE,Y,11205.26,334772.53,0.03347126,0.03347126,171.100,5001.400,0.03421042,396,11,12,0.8239,0.0154,0.0711,OFICIAL
NACIONAL,BRASIL,2025-38,LACTEOS,NESQUIK,NESTLE,Y,10401.18,334772.53,0.0310694,0.0310694,184.300,5001.400,0.03684968,412,12,13,0.8239,0.0154,0.0711,OFICIAL
NACIONAL,BRASIL,2025-38,LACTEOS,MAGGI,NESTLE,Y,9508.08,334772.53,0.02840161,0.02840161,197.700,5001.400,0.03952893,449,13,9,0.8239,0.0154,0.0711,OFICIAL
NACIONAL,BRASIL,2025-38,LACTEOS,KITKAT,NESTLE,Y,6769.31,334772.53,0.02022063,0.02022063,84.400,5001.400,0.01687527,285,14,8,0.8239,0.0154,0.0711,OFICIAL
NACIONAL,BRASIL,2025-38,NUTRICAO,PRIME,FAB_PRIME,N,41780.20,290461.07,0.14384096,0.14384096,879.900,4892.500,0.1798467,1596,1,33,0.8239,0.0154,0.0856,OFICIAL
NACIONAL,BRASIL,2025-38,NUTRICAO,NESQUIK,NESTLE,Y,37765.01,290461.07,0.13001746,0.13001746,887.500,4892.500,0.1814001,2414,2,46,0.8239,0.0154,0.0856,OFICIAL
NACIONAL,BRASIL,2025-38,NUTRICAO,ALPHA,FAB_ALPHA,N,33251.98,290461.07,0.11447999,0.11447999,418.300,4892.500,0.08549821,1106,3,22,0.8239,0.0154,0.0856,OFICIAL
NACIONAL,BRASIL,2025-38,NUTRICAO,NOVA,FAB_NOVA,N,29829.59,290461.07,0.10269738,0.10269738,493.300,4892.500,0.1008278,883,4,19,0.8239,0.0154,0.0856,OFICIAL
NACIONAL,BRASIL,2025-38,NUTRICAO,DELTA,FAB_DELTA,N,27821.14,290461.07,0.09578268,0.09578268,495.100,4892.500,0.10119571,975,5,30,0.8239,0.0154,0.0856,OFICIAL
NACIONAL,BRASIL,2025-38,NUTRICAO,BETA,FAB_BETA,N,25033.16,290461.07,0.08618422,0.08618422,575.000,4892.500,0.11752683,831,6,28,0.8239,0.0154,0.0856,OFICIAL
NACIONAL,BRASIL,2025-38,NUTRICAO,KITKAT,NESTLE,Y,19072.89,290461.07,0.06566419,0.06566419,239.500,4892.500,0.04895248,797,7,19,0.8239,0.0154,0.0856,OFICIAL
NACIONAL,BRASIL,2025-38,NUTRICAO,VIVA,FAB_VIVA,N,16358.53,290461.07,0.05631918,0.05631918,195.800,4892.500,0.04002044,521,8,15,0.8239,0.0154,0.0856,OFICIAL
NACIONAL,BRASIL,2025-38,NUTRICAO,NESCAFE,NESTLE,Y,15754.69,290461.07,0.05424028,0.05424028,168.200,4892.500,0.03437915,529,9,11,0.8239,0.0154,0.0856,OFICIAL
NACIONAL,BRASIL,2025-38,NUTRICAO,MOCA,NESTLE,Y,12000.34,290461.07,0.0413148,0.0413148,233.800,4892.500,0.04778743,325,10,12,0.8239,0.0154,0.0856,OFICIAL
NACIONAL,BRASIL,2025-38,NUTRICAO,NINHO,NESTLE,Y,9515.45,290461.07,0.03275981,0.03275981,70.000,4892.500,0.01430761,317,11,13,0.8239,0.0154,0.0856,OFICIAL
NACIONAL,BRASIL,2025-38,NUTRICAO,MAGGI,NESTLE,Y,9355.58,290461.07,0.03220941,0.03220941,67.200,4892.500,0.01373531,309,12,10,0.8239,0.0154,0.0856,OFICIAL
NACIONAL,BRASIL,2025-38,NUTRICAO,SOLAR,FAB_SOLAR,N,9126.43,290461.07,0.03142049,0.03142049,111.900,4892.500,0.02287174,349,13,14,0.8239,0.0154,0.0856,OFICIAL
NACIONAL,BRASIL,2025-38,NUTRICAO,GAROTO,NESTLE,Y,3796.08,290461.07,0.01306915,0.01306915,57.000,4892.500,0.01165049,184,14,8,0.8239,0.0154,0.0856,OFICIAL
NACIONAL,BRASIL,2025-39,BEBIDAS,BETA,FAB_BETA,N,42021.51,348920.43,0.12043293,0.12043293,623.100,5892.400,0.10574639,1241,1,23,0.8273,0.0098,0.0904,OFICIAL
NACIONAL,BRASIL,2025-39,BEBIDAS,ALPHA,FAB_ALPHA,N,40851.14,348920.43,0.11707867,0.11707867,817.300,5892.400,0.13870409,1446,2,26,0.8273,0.0098,0.0904,OFICIAL
NACIONAL,BRASIL,2025-39,BEBIDAS,NESCAFE,NESTLE,Y,37993.99,348920.43,0.10889013,0.10889013,829.500,5892.400,0.14077456,2050,3,33,0.8273,0.0098,0.0904,OFICIAL
NACIONAL,BRASIL,2025-39,BEBIDAS,NINHO,NESTLE,Y,35739.28,348920.43,0.10242817,0.10242817,935.400,5892.400,0.15874686,2000,4,39,0.8273,0.0098,0.0904,OFICIAL
NACIONAL,BRASIL,2025-39,BEBIDAS,PRIME,FAB_PRIME,N,27939.29,348920.43,0.08007353,0.08007353,296.700,5892.400,0.050353,808,5,24,0.8273,0.0098,0.0904,OFICIAL
NACIONAL,BRASIL,2025-39,BEBIDAS,VIVA,FAB_VIVA,N,23871.54,348920.43,0.06841543,0.06841543,251.400,5892.400,0.04266513,825,6,20,0.8273,0.0098,0.0904,OFICIAL
NACIONAL,BRASIL,2025-39,BEBIDAS,DELTA,FAB_DELTA,N,21548.91,348920.43,0.06175881,0.06175881,326.400,5892.400,0.05539339,760,7,23,0.8273,0.0098,0.0904,OFICIAL
NACIONAL,BRASIL,2025-39,BEBIDAS,MAGGI,NESTLE,Y,19794.37,348920.43,0.05673033,0.05673033,281.000,5892.400,0.04768855,721,8,15,0.8273,0.0098,0.0904,OFICIAL
NACIONAL,BRASIL,2025-39,BEBIDAS,MOCA,NESTLE,Y,17902.25,348920.43,0.05130754,0.05130754,209.200,5892.400,0.03550336,610,9,13,0.8273,0.0098,0.0904,OFICIAL
NACIONAL,BRASIL,2025-39,BEBIDAS,NESQUIK,NESTLE,Y,17668.31,348920.43,0.05063708,0.05063708,508.100,5892.400,0.08622972,732,10,10,0.8273,0.0098,0.0904,OFICIAL
NACIONAL,BRASIL,2025-39,BEBIDAS,GAROTO,NESTLE,Y,17627.80,348920.43,0.05052097,0.05052097,206.900,5892.400,0.03511303,633,11,17,0.8273,0.0098,0.0904,OFICIAL
NACIONAL,BRASIL,2025-39,BEBIDAS,NOVA,FAB_NOVA,N,16814.60,348920.43,0.04819036,0.04819036,195.900,5892.400,0.03324622,496,12,18,0.8273,0.0098,0.0904,OFICIAL
NACIONAL,BRASIL,2025-39,BEBIDAS,SOLAR,FAB_SOLAR,N,15552.04,348920.43,0.04457188,0.04457188,168.800,5892.400,0.02864707,835,13,23,0.8273,0.0098,0.0904,OFICIAL
NACIONAL,BRASIL,2025-39,BEBIDAS,KITKAT,NESTLE,Y,13595.40,348920.43,0.03896418,0.03896418,242.700,5892.400,0.04118865,543,14,10,0.8273,0.0098,0.0904,OFICIAL
NACIONAL,BRASIL,2025-39,CHOCOLATES,VIVA,FAB_VIVA,N,49731.66,282794.08,0.17585821,0.17585821,672.500,4166.700,0.16139871,1675,1,36,0.8273,0.0098,0.0253,OFICIAL
NACIONAL,BRASIL,2025-39,CHOCOLATES,BETA,FAB_BETA,N,33385.53,282794.08,0.11805597,0.11805597,585.800,4166.700,0.14059088,1066,2,29,0.8273,0.0098,0.0253,OFICIAL
NACIONAL,BRASIL,2025-39,CHOCOLATES,NOVA,FAB_NOVA,N,31742.43,282794.08,0.11224574,0.11224574,305.100,4166.700,0.07322341,938,3,22,0.8273,0.0098,0.0253,OFICIAL
NACIONAL,BRASIL,2025-39,CHOCOLATES,SOLAR,FAB_SOLAR,N,25945.76,282794.08,0.09174789,0.09174789,269.500,4166.700,0.06467948,847,4,17,0.8273,0.0098,0.0253,OFICIAL
NACIONAL,BRASIL,2025-39,CHOCOLATES,NESCAFE,NESTLE,Y,22478.19,282794.08,0.07948607,0.07948607,330.800,4166.700,0.07939136,664,5,16,0.8273,0.0098,0.0253,OFICIAL
NACIONAL,BRASIL,2025-39,CHOCOLATES,PRIME,FAB_PRIME,N,20109.28,282794.08,0.07110927,0.07110927,466.800,4166.700,0.1120311,857,6,27,0.8273,0.0098,0.0253,OFICIAL
NACIONAL,BRASIL,2025-39,CHOCOLATES,ALPHA,FAB_ALPHA,N,19071.12,282794.08,0.06743819,0.06743819,210.000,4166.700,0.0503996,646,7,19,0.8273,0.0098,0.0253,OFICIAL
NACIONAL,BRASIL,2025-39,CHOCOLATES,NESQUIK,NESTLE,Y,18778.99,282794.08,0.06640517,0.06640517,455.200,4166.700,0.10924713,1374,8,14,0.8273,0.0098,0.0253,OFICIAL
NACIONAL,BRASIL,2025-39,CHOCOLATES,DELTA,FAB_DELTA,N,14704.17,282794.08,0.05199603,0.05199603,159.500,4166.700,0.03827969,454,9,19,0.8273,0.0098,0.0253,OFICIAL
NACIONAL,BRASIL,2025-39,CHOCOLATES,MAGGI,NESTLE,Y,14014.53,282794.08,0.04955737,0.04955737,279.300,4166.700,0.06703146,570,10,12,0.8273,0.0098,0.0253,OFICIAL
NACIONAL,BRASIL,2025-39,CHOCOLATES,KITKAT,NESTLE,Y,12807.27,282794.08,0.04528832,0.04528832,227.000,4166.700,0.05447956,478,11,13,0.8273,0.0098,0.0253,OFICIAL
NACIONAL,BRASIL,2025-39,CHOCOLATES,NINHO,NESTLE,Y,12318.58,282794.08,0.04356025,0.04356025,141.200,4166.700,0.03388773,385,12,16,0.8273,0.0098,0.0253,OFICIAL
NACIONAL,BRASIL,2025-39,CHOCOLATES,GAROTO,NESTLE,Y,4195.85,282794.08,0.01483712,0.01483712,34.800,4166.700,0.00835193,132,13,8,0.8273,0.0098,0.0253,OFICIAL
NACIONAL,BRASIL,2025-39,CHOCOLATES,MOCA,NESTLE,Y,3510.72,282794.08,0.0124144,0.0124144,29.200,4166.700,0.00700794,168,14,5,0.8273,0.0098,0.0253,OFICIAL
NACIONAL,BRASIL,2025-39,CULINARIOS,VIVA,FAB_VIVA,N,50671.03,287550.09,0.17621636,0.17621636,930.600,5007.300,0.18584866,1914,1,29,0.8273,0.0098,0.052,OFICIAL
NACIONAL,BRASIL,2025-39,CULINARIOS,PRIME,FAB_PRIME,N,39697.00,287550.09,0.13805247,0.13805247,600.200,5007.300,0.119865,1814,2,20,0.8273,0.0098,0.052,OFICIAL
NACIONAL,BRASIL,2025-39,CULINARIOS,NESCAFE,NESTLE,Y,27557.92,287550.09,0.09583694,0.09583694,356.900,5007.300,0.07127594,873,3,15,0.8273,0.0098,0.052,OFICIAL
NACIONAL,BRASIL,2025-39,CULINARIOS,BETA,FAB_BETA,N,26485.41,287550.09,0.09210712,0.09210712,470.800,5007.300,0.09402273,901,4,25,0.8273,0.0098,0.052,OFICIAL
NACIONAL,BRASIL,2025-39,CULINARIOS,NOVA,FAB_NOVA,N,26134.77,287550.09,0.09088771,0.09088771,521.900,5007.300,0.10422783,913,5,22,0.8273,0.0098,0.052,OFICIAL
NACIONAL,BRASIL,2025-39,CULINARIOS,NINHO,NESTLE,Y,19790.57,287550.09,0.06882477,0.06882477,309.400,5007.300,0.06178979,741,6,23,0.8273,0.0098,0.052,OFICIAL
NACIONAL,BRASIL,2025-39,CULINARIOS,NESQUIK,NESTLE,Y,18524.07,287550.09,0.06442032,0.06442032,326.900,5007.300,0.06528468,526,7,10,0.8273,0.0098,0.052,OFICIAL
NACIONAL,BRASIL,2025-39,CULINARIOS,SOLAR,FAB_SOLAR,N,16413.65,287550.09,0.05708101,0.05708101,290.400,5007.300,0.05799533,593,8,15,0.8273,0.0098,0.052,OFICIAL
NACIONAL,BRASIL,2025-39,CULINARIOS,MAGGI,NESTLE,Y,15016.01,287550.09,0.0522205,0.0522205,204.600,5007.300,0.04086034,508,9,17,0.8273,0.0098,0.052,OFICIAL
NACIONAL,BRASIL,2025-39,CULINARIOS,ALPHA,FAB_ALPHA,N,14195.58,287550.09,0.04936733,0.04936733,319.500,5007.300,0.06380684,474,10,10,0.8273,0.0098,0.052,OFICIAL
NACIONAL,BRASIL,2025-39,CULINARIOS,DELTA,FAB_DELTA,N,12018.45,287550.09,0.04179602,0.04179602,278.100,5007.300,0.05553891,401,11,17,0.8273,0.0098,0.052,OFICIAL
NACIONAL,BRASIL,2025-39,CULINARIOS,MOCA,NESTLE,Y,8742.19,287550.09,0.03040232,0.03040232,234.900,5007.300,0.04691151,353,12,9,0.8273,0.0098,0.052,OFICIAL
NACIONAL,BRASIL,2025-39,CULINARIOS,KITKAT,NESTLE,Y,6551.05,287550.09,0.02278229,0.02278229,99.100,5007.300,0.01979111,289,13,11,0.8273,0.0098,0.052,OFICIAL
NACIONAL,BRASIL,2025-39,CULINARIOS,GAROTO,NESTLE,Y,5752.39,287550.09,0.02000483,0.02000483,64.000,5007.300,0.01278134,138,14,6,0.8273,0.0098,0.052,OFICIAL
NACIONAL,BRASIL,2025-39,LACTEOS,DELTA,FAB_DELTA,N,56294.01,308464.04,0.1824978,0.1824978,578.700,4577.900,0.12641167,2316,1,32,0.8273,0.0098,0.0567,OFICIAL
NACIONAL,BRASIL,2025-39,LACTEOS,ALPHA,FAB_ALPHA,N,39070.90,308464.04,0.12666274,0.12666274,612.800,4577.900,0.1338605,1315,2,31,0.8273,0.0098,0.0567,OFICIAL
NACIONAL,BRASIL,2025-39,LACTEOS,VIVA,FAB_VIVA,N,32523.43,308464.04,0.1054367,0.1054367,788.700,4577.900,0.17228424,1159,3,25,0.8273,0.0098,0.0567,OFICIAL
NACIONAL,BRASIL,2025-39,LACTEOS,NESCAFE,NESTLE,Y,30121.02,308464.04,0.0976484,0.0976484,271.500,4577.900,0.05930667,749,4,16,0.8273,0.0098,0.0567,OFICIAL
NACIONAL,BRASIL,2025-39,LACTEOS,BETA,FAB_BETA,N,26677.79,308464.04,0.0864859,0.0864859,452.000,4577.900,0.09873523,1065,5,26,0.8273,0.0098,0.0567,OFICIAL
NACIONAL,BRASIL,2025-39,LACTEOS,PRIME,FAB_PRIME,N,25772.29,308464.04,0.08355039,0.08355039,386.200,4577.900,0.08436183,972,6,19,0.8273,0.0098,0.0567,OFICIAL
NACIONAL,BRASIL,2025-39,LACTEOS,SOLAR,FAB_SOLAR,N,18121.75,308464.04,0.05874834,0.05874834,322.800,4577.900,0.07051268,637,7,23,0.8273,0.0098,0.0567,OFICIAL
NACIONAL,BRASIL,2025-39,LACTEOS,NOVA,FAB_NOVA,N,17384.30,308464.04,0.05635762,0.05635762,251.700,4577.900,0.05498154,606,8,20,0.8273,0.0098,0.0567,OFICIAL
NACIONAL,BRASIL,2025-39,LACTEOS,MOCA,NESTLE,Y,15297.60,308464.04,0.04959281,0.04959281,204.400,4577.900,0.04464929,534,9,19,0.8273,0.0098,0.0567,OFICIAL
NACIONAL,BRASIL,2025-39,LACTEOS,NINHO,NESTLE,Y,12840.74,308464.04,0.041628,0.041628,171.800,4577.900,0.03752812,358,10,14,0.8273,0.0098,0.0567,OFICIAL
NACIONAL,BRASIL,2025-39,LACTEOS,KITKAT,NESTLE,Y,12303.85,308464.04,0.03988747,0.03988747,232.800,4577.900,0.05085301,328,11,14,0.8273,0.0098,0.0567,OFICIAL
NACIONAL,BRASIL,2025-39,LACTEOS,NESQUIK,NESTLE,Y,11704.28,308464.04,0.03794374,0.03794374,119.400,4577.900,0.02608183,357,12,12,0.8273,0.0098,0.0567,OFICIAL
NACIONAL,BRASIL,2025-39,LACTEOS,GAROTO,NESTLE,Y,6619.42,308464.04,0.02145929,0.02145929,115.300,4577.900,0.02518622,378,13,8,0.8273,0.0098,0.0567,OFICIAL
NACIONAL,BRASIL,2025-39,LACTEOS,MAGGI,NESTLE,Y,3732.66,308464.04,0.01210079,0.01210079,69.800,4577.900,0.01524717,113,14,7,0.8273,0.0098,0.0567,OFICIAL
NACIONAL,BRASIL,2025-39,NUTRICAO,BETA,FAB_BETA,N,53565.71,287894.03,0.18606051,0.18606051,749.100,4723.200,0.1586001,1512,1,24,0.8273,0.0098,0.038,OFICIAL
NACIONAL,BRASIL,2025-39,NUTRICAO,DELTA,FAB_DELTA,N,32223.21,287894.03,0.11192733,0.11192733,507.700,4723.200,0.10749068,1080,2,26,0.8273,0.0098,0.038,OFICIAL
NACIONAL,BRASIL,2025-39,NUTRICAO,ALPHA,FAB_ALPHA,N,32100.30,287894.03,0.1115004,0.1115004,678.700,4723.200,0.14369495,1276,3,28,0.8273,0.0098,0.038,OFICIAL
NACIONAL,BRASIL,2025-39,NUTRICAO,PRIME,FAB_PRIME,N,26632.57,287894.03,0.09250824,0.09250824,276.500,4723.200,0.05854082,936,4,30,0.8273,0.0098,0.038,OFICIAL
NACIONAL,BRASIL,2025-39,NUTRICAO,NESQUIK,NESTLE,Y,24175.97,287894.03,0.08397524,0.08397524,606.600,4723.200,0.12842988,1757,5,36,0.8273,0.0098,0.038,OFICIAL
NACIONAL,BRASIL,2025-39,NUTRICAO,SOLAR,FAB_SOLAR,N,19696.07,287894.03,0.06841431,0.06841431,287.700,4723.200,0.06091209,722,6,16,0.8273,0.0098,0.038,OFICIAL
NACIONAL,BRASIL,2025-39,NUTRICAO,NOVA,FAB_NOVA,N,18741.00,287894.03,0.06509687,0.06509687,359.700,4723.200,0.076156,631,7,18,0.8273,0.0098,0.038,OFICIAL
NACIONAL,BRASIL,2025-39,NUTRICAO,VIVA,FAB_VIVA,N,16954.28,287894.03,0.0588907,0.0588907,124.400,4723.200,0.02633808,405,8,12,0.8273,0.0098,0.038,OFICIAL
NACIONAL,BRASIL,2025-39,NUTRICAO,NESCAFE,NESTLE,Y,15629.60,287894.03,0.05428942,0.05428942,321.700,4723.200,0.0681106,492,9,16,0.8273,0.0098,0.038,OFICIAL
NACIONAL,BRASIL,2025-39,NUTRICAO,KITKAT,NESTLE,Y,14657.97,287894.03,0.05091446,0.05091446,286.100,4723.200,0.06057334,533,10,15,0.8273,0.0098,0.038,OFICIAL
NACIONAL,BRASIL,2025-39,NUTRICAO,NINHO,NESTLE,Y,10449.76,287894.03,0.03629724,0.03629724,248.300,4723.200,0.05257029,360,11,14,0.8273,0.0098,0.038,OFICIAL
NACIONAL,BRASIL,2025-39,NUTRICAO,MOCA,NESTLE,Y,8893.44,287894.03,0.03089137,0.03089137,144.300,4723.200,0.03055132,273,12,10,0.8273,0.0098,0.038,OFICIAL
NACIONAL,BRASIL,2025-39,NUTRICAO,GAROTO,NESTLE,Y,8549.00,287894.03,0.02969495,0.02969495,93.700,4723.200,0.01983825,372,13,9,0.8273,0.0098,0.038,OFICIAL
NACIONAL,BRASIL,2025-39,NUTRICAO,MAGGI,NESTLE,Y,5625.15,287894.03,0.01953896,0.01953896,38.700,4723.200,0.0081936,189,14,4,0.8273,0.0098,0.038,OFICIAL
NACIONAL,BRASIL,2025-40,BEBIDAS,DELTA,FAB_DELTA,N,57824.12,349793.87,0.16530913,0.16530913,1062.300,6242.000,0.17018584,2192,1,34,0.8197,0.0192,0.1115,OFICIAL
NACIONAL,BRASIL,2025-40,BEBIDAS,NESCAFE,NESTLE,Y,39435.17,349793.87,0.11273831,0.11273831,871.700,6242.000,0.13965075,1771,2,32,0.8197,0.0192,0.1115,OFICIAL
NACIONAL,BRASIL,2025-40,BEBIDAS,NINHO,NESTLE,Y,36845.49,349793.87,0.10533486,0.10533486,943.200,6242.000,0.15110541,2111,3,41,0.8197,0.0192,0.1115,OFICIAL
NACIONAL,BRASIL,2025-40,BEBIDAS,SOLAR,FAB_SOLAR,N,28423.69,349793.87,0.0812584,0.0812584,718.000,6242.000,0.11502723,1424,4,28,0.8197,0.0192,0.1115,OFICIAL
NACIONAL,BRASIL,2025-40,BEBIDAS,NOVA,FAB_NOVA,N,28249.82,349793.87,0.08076134,0.08076134,405.600,6242.000,0.06497917,874,5,21,0.8197,0.0192,0.1115,OFICIAL
NACIONAL,BRASIL,2025-40,BEBIDAS,PRIME,FAB_PRIME,N,24861.15,349793.87,0.07107372,0.07107372,290.000,6242.000,0.04645947,927,6,19,0.8197,0.0192,0.1115,OFICIAL
NACIONAL,BRASIL,2025-40,BEBIDAS,NESQUIK,NESTLE,Y,23116.31,349793.87,0.06608552,0.06608552,389.400,6242.000,0.06238385,701,7,17,0.8197,0.0192,0.1115,OFICIAL
NACIONAL,BRASIL,2025-40,BEBIDAS,ALPHA,FAB_ALPHA,N,20119.08,349793.87,0.05751696,0.05751696,396.200,6242.000,0.06347325,778,8,19,0.8197,0.0192,0.1115,OFICIAL
NACIONAL,BRASIL,2025-40,BEBIDAS,MOCA,NESTLE,Y,18162.77,349793.87,0.05192421,0.05192421,155.900,6242.000,0.02497597,655,9,17,0.8197,0.0192,0.1115,OFICIAL
NACIONAL,BRASIL,2025-40,BEBIDAS,GAROTO,NESTLE,Y,16296.13,349793.87,0.04658781,0.04658781,201.400,6242.000,0.0322653,483,10,17,0.8197,0.0192,0.1115,OFICIAL
NACIONAL,BRASIL,2025-40,BEBIDAS,VIVA,FAB_VIVA,N,15188.86,349793.87,0.04342232,0.04342232,205.500,6242.000,0.03292214,706,11,17,0.8197,0.0192,0.1115,OFICIAL
NACIONAL,BRASIL,2025-40,BEBIDAS,MAGGI,NESTLE,Y,13816.94,349793.87,0.03950023,0.03950023,188.500,6242.000,0.03019865,405,12,10,0.8197,0.0192,0.1115,OFICIAL
NACIONAL,BRASIL,2025-40,BEBIDAS,KITKAT,NESTLE,Y,13741.69,349793.87,0.03928511,0.03928511,250.200,6242.000,0.04008331,499,13,10,0.8197,0.0192,0.1115,OFICIAL
NACIONAL,BRASIL,2025-40,BEBIDAS,BETA,FAB_BETA,N,13712.65,349793.87,0.03920209,0.03920209,164.100,6242.000,0.02628965,386,14,16,0.8197,0.0192,0.1115,OFICIAL
NACIONAL,BRASIL,2025-40,CHOCOLATES,PRIME,FAB_PRIME,N,52270.91,323954.48,0.16135264,0.16135264,655.200,6427.500,0.10193699,1459,1,26,0.8197,0.0192,0.0589,OFICIAL
NACIONAL,BRASIL,2025-40,CHOCOLATES,NOVA,FAB_NOVA,N,33782.13,323954.48,0.10428048,0.10428048,757.700,6427.500,0.11788409,1041,2,21,0.8197,0.0192,0.0589,OFICIAL
NACIONAL,BRASIL,2025-40,CHOCOLATES,BETA,FAB_BETA,N,32683.90,323954.48,0.10089041,0.10089041,944.400,6427.500,0.14693116,1730,3,28,0.8197,0.0192,0.0589,OFICIAL
NACIONAL,BRASIL,2025-40,CHOCOLATES,ALPHA,FAB_ALPHA,N,32048.96,323954.48,0.09893044,0.09893044,486.000,6427.500,0.0756126,1156,4,23,0.8197,0.0192,0.0589,OFICIAL
NACIONAL,BRASIL,2025-40,CHOCOLATES,KITKAT,NESTLE,Y,25462.90,323954.48,0.07860024,0.07860024,458.700,6427.500,0.07136523,906,5,10,0.8197,0.0192,0.0589,OFICIAL
NACIONAL,BRASIL,2025-40,CHOCOLATES,NESCAFE,NESTLE,Y,25237.79,323954.48,0.07790536,0.07790536,356.700,6427.500,0.05549592,784,6,19,0.8197,0.0192,0.0589,OFICIAL
NACIONAL,BRASIL,2025-40,CHOCOLATES,DELTA,FAB_DELTA,N,23101.19,323954.48,0.07130999,0.07130999,948.600,6427.500,0.1475846,1252,7,24,0.8197,0.0192,0.0589,OFICIAL
NACIONAL,BRASIL,2025-40,CHOCOLATES,VIVA,FAB_VIVA,N,20278.77,323954.48,0.06259759,0.06259759,345.200,6427.500,0.05370673,973,8,22,0.8197,0.0192,0.0589,OFICIAL
NACIONAL,BRASIL,2025-40,CHOCOLATES,NINHO,NESTLE,Y,19986.73,323954.48,0.06169611,0.06169611,495.800,6427.500,0.0771373,684,9,16,0.8197,0.0192,0.0589,OFICIAL
NACIONAL,BRASIL,2025-40,CHOCOLATES,NESQUIK,NESTLE,Y,19111.34,323954.48,0.05899391,0.05899391,329.300,6427.500,0.05123298,559,10,14,0.8197,0.0192,0.0589,OFICIAL
NACIONAL,BRASIL,2025-40,CHOCOLATES,SOLAR,FAB_SOLAR,N,15135.57,323954.48,0.04672129,0.04672129,282.400,6427.500,0.04393621,657,11,22,0.8197,0.0192,0.0589,OFICIAL
NACIONAL,BRASIL,2025-40,CHOCOLATES,MOCA,NESTLE,Y,11953.55,323954.48,0.03689886,0.03689886,164.300,6427.500,0.02556204,451,12,9,0.8197,0.0192,0.0589,OFICIAL
NACIONAL,BRASIL,2025-40,CHOCOLATES,MAGGI,NESTLE,Y,10473.44,323954.48,0.03232997,0.03232997,146.500,6427.500,0.02279269,365,13,11,0.8197,0.0192,0.0589,OFICIAL
NACIONAL,BRASIL,2025-40,CHOCOLATES,GAROTO,NESTLE,Y,2427.30,323954.48,0.00749272,0.00749272,56.700,6427.500,0.00882147,100,14,4,0.8197,0.0192,0.0589,OFICIAL
NACIONAL,BRASIL,2025-40,CULINARIOS,PRIME,FAB_PRIME,N,53064.88,307544.73,0.17254362,0.17254362,766.600,5171.000,0.14824986,1493,1,34,0.8197,0.0192,0.0177,OFICIAL
NACIONAL,BRASIL,2025-40,CULINARIOS,SOLAR,FAB_SOLAR,N,37066.22,307544.73,0.12052302,0.12052302,517.700,5171.000,0.10011603,1050,2,23,0.8197,0.0192,0.0177,OFICIAL
NACIONAL,BRASIL,2025-40,CULINARIOS,NOVA,FAB_NOVA,N,34890.22,307544.73,0.11344763,0.11344763,478.500,5171.000,0.09253529,1073,3,30,0.8197,0.0192,0.0177,OFICIAL
NACIONAL,BRASIL,2025-40,CULINARIOS,VIVA,FAB_VIVA,N,34033.26,307544.73,0.11066117,0.11066117,591.000,5171.000,0.11429124,836,4,26,0.8197,0.0192,0.0177,OFICIAL
NACIONAL,BRASIL,2025-40,CULINARIOS,BETA,FAB_BETA,N,27734.98,307544.73,0.09018194,0.09018194,557.700,5171.000,0.10785148,1042,5,21,0.8197,0.0192,0.0177,OFICIAL
NACIONAL,BRASIL,2025-40,CULINARIOS,NINHO,NESTLE,Y,21125.03,307544.73,0.06868929,0.06868929,444.800,5171.000,0.08601818,604,6,16,0.8197,0.0192,0.0177,OFICIAL
NACIONAL,BRASIL,2025-40,CULINARIOS,MOCA,NESTLE,Y,18926.22,307544.73,0.06153973,0.06153973,339.700,5171.000,0.06569329,689,7,18,0.8197,0.0192,0.0177,OFICIAL
NACIONAL,BRASIL,2025-40,CULINARIOS,ALPHA,FAB_ALPHA,N,18654.13,307544.73,0.06065501,0.06065501,343.900,5171.000,0.06650551,550,8,20,0.8197,0.0192,0.0177,OFICIAL
NACIONAL,BRASIL,2025-40,CULINARIOS,DELTA,FAB_DELTA,N,16698.71,307544.73,0.05429685,0.05429685,256.800,5171.000,0.04966157,743,9,17,0.8197,0.0192,0.0177,OFICIAL
NACIONAL,BRASIL,2025-40,CULINARIOS,NESCAFE,NESTLE,Y,15211.41,307544.73,0.04946081,0.04946081,339.700,5171.000,0.06569329,657,10,13,0.8197,0.0192,0.0177,OFICIAL
NACIONAL,BRASIL,2025-40,CULINARIOS,KITKAT,NESTLE,Y,11082.08,307544.73,0.03603404,0.03603404,162.200,5171.000,0.03136724,390,11,9,0.8197,0.0192,0.0177,OFICIAL
NACIONAL,BRASIL,2025-40,CULINARIOS,GAROTO,NESTLE,Y,8966.11,307544.73,0.02915384,0.02915384,160.100,5171.000,0.03096113,341,12,9,0.8197,0.0192,0.0177,OFICIAL
NACIONAL,BRASIL,2025-40,CULINARIOS,NESQUIK,NESTLE,Y,5083.93,307544.73,0.0165307,0.0165307,81.700,5171.000,0.01579965,198,13,8,0.8197,0.0192,0.0177,OFICIAL
NACIONAL,BRASIL,2025-40,CULINARIOS,MAGGI,NESTLE,Y,5007.55,307544.73,0.01628235,0.01628235,130.600,5171.000,0.02525624,274,14,14,0.8197,0.0192,0.0177,OFICIAL
NACIONAL,BRASIL,2025-40,LACTEOS,SOLAR,FAB_SOLAR,N,55098.71,359141.97,0.15341763,0.15341763,615.000,5719.200,0.10753252,1876,1,44,0.8197,0.0192,0.0345,OFICIAL
NACIONAL,BRASIL,2025-40,LACTEOS,VIVA,FAB_VIVA,N,52924.87,359141.97,0.14736476,0.14736476,978.700,5719.200,0.17112533,2057,2,32,0.8197,0.0192,0.0345,OFICIAL
NACIONAL,BRASIL,2025-40,LACTEOS,DELTA,FAB_DELTA,N,51598.27,359141.97,0.14367096,0.14367096,940.400,5719.200,0.16442859,1475,3,40,0.8197,0.0192,0.0345,OFICIAL
NACIONAL,BRASIL,2025-40,LACTEOS,ALPHA,FAB_ALPHA,N,50918.90,359141.97,0.14177931,0.14177931,578.100,5719.200,0.10108057,1643,4,35,0.8197,0.0192,0.0345,OFICIAL
NACIONAL,BRASIL,2025-40,LACTEOS,PRIME,FAB_PRIME,N,30268.11,359141.97,0.08427896,0.08427896,245.500,5719.200,0.04292558,715,5,15,0.8197,0.0192,0.0345,OFICIAL
NACIONAL,BRASIL,2025-40,LACTEOS,BETA,FAB_BETA,N,29418.57,359141.97,0.08191348,0.08191348,517.300,5719.200,0.09044971,1021,6,24,0.8197,0.0192,0.0345,OFICIAL
NACIONAL,BRASIL,2025-40,LACTEOS,MOCA,NESTLE,Y,25456.73,359141.97,0.07088208,0.07088208,602.800,5719.200,0.10539936,998,7,18,0.8197,0.0192,0.0345,OFICIAL
NACIONAL,BRASIL,2025-40,LACTEOS,NESCAFE,NESTLE,Y,18008.85,359141.97,0.0501441,0.0501441,336.500,5719.200,0.0588369,529,8,16,0.8197,0.0192,0.0345,OFICIAL
NACIONAL,BRASIL,2025-40,LACTEOS,NOVA,FAB_NOVA,N,14417.61,359141.97,0.0401446,0.0401446,239.500,5719.200,0.04187649,502,9,18,0.8197,0.0192,0.0345,OFICIAL
NACIONAL,BRASIL,2025-40,LACTEOS,GAROTO,NESTLE,Y,13555.86,359141.97,0.03774513,0.03774513,280.800,5719.200,0.04909778,274,10,9,0.8197,0.0192,0.0345,OFICIAL
NACIONAL,BRASIL,2025-40,LACTEOS,NESQUIK,NESTLE,Y,7610.57,359141.97,0.02119098,0.02119098,154.200,5719.200,0.02696181,346,11,11,0.8197,0.0192,0.0345,OFICIAL
NACIONAL,BRASIL,2025-40,LACTEOS,NINHO,NESTLE,Y,5541.20,359141.97,0.015429,0.015429,190.100,5719.200,0.03323891,303,12,12,0.8197,0.0192,0.0345,OFICIAL
NACIONAL,BRASIL,2025-40,LACTEOS,MAGGI,NESTLE,Y,3571.99,359141.97,0.0099459,0.0099459,33.200,5719.200,0.00580501,115,13,6,0.8197,0.0192,0.0345,OFICIAL
NACIONAL,BRASIL,2025-40,LACTEOS,KITKAT,NESTLE,Y,751.73,359141.97,0.00209313,0.00209313,7.100,5719.200,0.00124143,23,14,2,0.8197,0.0192,0.0345,OFICIAL
NACIONAL,BRASIL,2025-40,NUTRICAO,SOLAR,FAB_SOLAR,N,43749.14,339817.03,0.12874322,0.12874322,698.500,5771.100,0.12103412,1631,1,30,0.8197,0.0192,0.0621,OFICIAL
NACIONAL,BRASIL,2025-40,NUTRICAO,ALPHA,FAB_ALPHA,N,41365.02,339817.03,0.12172733,0.12172733,624.600,5771.100,0.10822893,1233,2,30,0.8197,0.0192,0.0621,OFICIAL
NACIONAL,BRASIL,2025-40,NUTRICAO,DELTA,FAB_DELTA,N,40698.21,339817.03,0.11976507,0.11976507,587.600,5771.100,0.10181768,1354,3,31,0.8197,0.0192,0.0621,OFICIAL
NACIONAL,BRASIL,2025-40,NUTRICAO,NINHO,NESTLE,Y,35479.75,339817.03,0.10440839,0.10440839,388.600,5771.100,0.06733552,1006,4,18,0.8197,0.0192,0.0621,OFICIAL
NACIONAL,BRASIL,2025-40,NUTRICAO,NESQUIK,NESTLE,Y,33712.67,339817.03,0.0992083,0.0992083,627.900,5771.100,0.10880075,1756,5,35,0.8197,0.0192,0.0621,OFICIAL
NACIONAL,BRASIL,2025-40,NUTRICAO,PRIME,FAB_PRIME,N,28152.68,339817.03,0.08284658,0.08284658,486.100,5771.100,0.08423004,882,6,28,0.8197,0.0192,0.0621,OFICIAL
NACIONAL,BRASIL,2025-40,NUTRICAO,BETA,FAB_BETA,N,28044.19,339817.03,0.08252732,0.08252732,647.200,5771.100,0.112145,1011,7,28,0.8197,0.0192,0.0621,OFICIAL
NACIONAL,BRASIL,2025-40,NUTRICAO,KITKAT,NESTLE,Y,25865.52,339817.03,0.07611602,0.07611602,252.800,5771.100,0.04380447,806,8,19,0.8197,0.0192,0.0621,OFICIAL
NACIONAL,BRASIL,2025-40,NUTRICAO,GAROTO,NESTLE,Y,20112.16,339817.03,0.05918526,0.05918526,489.400,5771.100,0.08480186,752,9,13,0.8197,0.0192,0.0621,OFICIAL
NACIONAL,BRASIL,2025-40,NUTRICAO,VIVA,FAB_VIVA,N,13927.46,339817.03,0.04098517,0.04098517,279.200,5771.100,0.04837899,480,10,18,0.8197,0.0192,0.0621,OFICIAL
NACIONAL,BRASIL,2025-40,NUTRICAO,MOCA,NESTLE,Y,12454.32,339817.03,0.03665008,0.03665008,243.300,5771.100,0.04215834,420,11,11,0.8197,0.0192,0.0621,OFICIAL
NACIONAL,BRASIL,2025-40,NUTRICAO,NOVA,FAB_NOVA,N,10334.18,339817.03,0.03041101,0.03041101,308.300,5771.100,0.05342136,529,12,19,0.8197,0.0192,0.0621,OFICIAL
NACIONAL,BRASIL,2025-40,NUTRICAO,NESCAFE,NESTLE,Y,5379.51,339817.03,0.01583061,0.01583061,130.600,5771.100,0.02263,233,13,6,0.8197,0.0192,0.0621,OFICIAL
NACIONAL,BRASIL,2025-40,NUTRICAO,MAGGI,NESTLE,Y,542.22,339817.03,0.00159562,0.00159562,7.000,5771.100,0.00121294,14,14,1,0.8197,0.0192,0.0621,OFICIAL
NACIONAL,BRASIL,2025-41,BEBIDAS,NESCAFE,NESTLE,Y,44332.65,363433.27,0.12198292,0.12198292,630.700,5265.900,0.1197706,2140,1,36,0.8374,0.0151,0.067,OFICIAL
NACIONAL,BRASIL,2025-41,BEBIDAS,PRIME,FAB_PRIME,N,39167.56,363433.27,0.10777098,0.10777098,665.700,5265.900,0.12641714,1324,2,22,0.8374,0.0151,0.067,OFICIAL
NACIONAL,BRASIL,2025-41,BEBIDAS,ALPHA,FAB_ALPHA,N,37833.33,363433.27,0.1040998,0.1040998,367.900,5265.900,0.0698646,1004,3,23,0.8374,0.0151,0.067,OFICIAL
NACIONAL,BRASIL,2025-41,BEBIDAS,SOLAR,FAB_SOLAR,N,35873.88,363433.27,0.0987083,0.0987083,724.700,5265.900,0.1376213,1281,4,23,0.8374,0.0151,0.067,OFICIAL
NACIONAL,BRASIL,2025-41,BEBIDAS,NINHO,NESTLE,Y,33902.04,363433.27,0.09328271,0.09328271,743.400,5265.900,0.14117245,1787,5,36,0.8374,0.0151,0.067,OFICIAL
NACIONAL,BRASIL,2025-41,BEBIDAS,GAROTO,NESTLE,Y,29780.08,363433.27,0.08194098,0.08194098,311.500,5265.900,0.05915418,893,6,20,0.8374,0.0151,0.067,OFICIAL
NACIONAL,BRASIL,2025-41,BEBIDAS,DELTA,FAB_DELTA,N,26871.94,363433.27,0.07393913,0.07393913,363.200,5265.900,0.06897207,968,7,24,0.8374,0.0151,0.067,OFICIAL
NACIONAL,BRASIL,2025-41,BEBIDAS,MAGGI,NESTLE,Y,26168.05,363433.27,0.07200235,0.07200235,134.100,5265.900,0.02546573,598,8,9,0.8374,0.0151,0.067,OFICIAL
NACIONAL,BRASIL,2025-41,BEBIDAS,NOVA,FAB_NOVA,N,24878.56,363433.27,0.06845427,0.06845427,307.300,5265.900,0.0583566,1014,9,11,0.8374,0.0151,0.067,OFICIAL
NACIONAL,BRASIL,2025-41,BEBIDAS,BETA,FAB_BETA,N,21431.05,363433.27,0.05896832,0.05896832,310.500,5265.900,0.05896428,577,10,17,0.8374,0.0151,0.067,OFICIAL
NACIONAL,BRASIL,2025-41,BEBIDAS,MOCA,NESTLE,Y,12604.60,363433.27,0.03468202,0.03468202,168.800,5265.900,0.0320553,407,11,10,0.8374,0.0151,0.067,OFICIAL
NACIONAL,BRASIL,2025-41,BEBIDAS,NESQUIK,NESTLE,Y,12594.17,363433.27,0.03465332,0.03465332,222.500,5265.900,0.04225299,519,12,17,0.8374,0.0151,0.067,OFICIAL
NACIONAL,BRASIL,2025-41,BEBIDAS,VIVA,FAB_VIVA,N,9171.55,363433.27,0.02523586,0.02523586,177.500,5265.900,0.03370744,372,13,15,0.8374,0.0151,0.067,OFICIAL
NACIONAL,BRASIL,2025-41,BEBIDAS,KITKAT,NESTLE,Y,8823.81,363433.27,0.02427904,0.02427904,138.100,5265.900,0.02622534,320,14,13,0.8374,0.0151,0.067,OFICIAL
NACIONAL,BRASIL,2025-41,CHOCOLATES,BETA,FAB_BETA,N,39712.39,276987.29,0.14337261,0.14337261,588.200,4656.700,0.12631262,1260,1,35,0.8374,0.0151,0.0305,OFICIAL
NACIONAL,BRASIL,2025-41,CHOCOLATES,SOLAR,FAB_SOLAR,N,35824.07,276987.29,0.12933471,0.12933471,661.900,4656.700,0.14213928,1581,2,25,0.8374,0.0151,0.0305,OFICIAL
NACIONAL,BRASIL,2025-41,CHOCOLATES,NESQUIK,NESTLE,Y,35292.28,276987.29,0.1274148,0.1274148,600.400,4656.700,0.12893251,1125,3,19,0.8374,0.0151,0.0305,OFICIAL
NACIONAL,BRASIL,2025-41,CHOCOLATES,VIVA,FAB_VIVA,N,35194.07,276987.29,0.12706023,0.12706023,436.500,4656.700,0.09373591,1159,4,30,0.8374,0.0151,0.0305,OFICIAL
NACIONAL,BRASIL,2025-41,CHOCOLATES,PRIME,FAB_PRIME,N,21345.48,276987.29,0.07706303,0.07706303,389.400,4656.700,0.08362145,802,5,22,0.8374,0.0151,0.0305,OFICIAL
NACIONAL,BRASIL,2025-41,CHOCOLATES,NOVA,FAB_NOVA,N,20305.31,276987.29,0.07330773,0.07330773,239.700,4656.700,0.05147422,624,6,18,0.8374,0.0151,0.0305,OFICIAL
NACIONAL,BRASIL,2025-41,CHOCOLATES,MAGGI,NESTLE,Y,18426.99,276987.29,0.06652648,0.06652648,328.500,4656.700,0.07054352,641,7,13,0.8374,0.0151,0.0305,OFICIAL
NACIONAL,BRASIL,2025-41,CHOCOLATES,ALPHA,FAB_ALPHA,N,16208.02,276987.29,0.05851539,0.05851539,352.500,4656.700,0.07569738,543,8,22,0.8374,0.0151,0.0305,OFICIAL
NACIONAL,BRASIL,2025-41,CHOCOLATES,DELTA,FAB_DELTA,N,13149.46,276987.29,0.04747315,0.04747315,440.700,4656.700,0.09463783,794,9,21,0.8374,0.0151,0.0305,OFICIAL
NACIONAL,BRASIL,2025-41,CHOCOLATES,MOCA,NESTLE,Y,9809.25,276987.29,0.03541408,0.03541408,100.600,4656.700,0.02160328,377,10,13,0.8374,0.0151,0.0305,OFICIAL
NACIONAL,BRASIL,2025-41,CHOCOLATES,KITKAT,NESTLE,Y,8668.32,276987.29,0.03129501,0.03129501,190.500,4656.700,0.0409088,409,11,14,0.8374,0.0151,0.0305,OFICIAL
NACIONAL,BRASIL,2025-41,CHOCOLATES,NESCAFE,NESTLE,Y,8399.16,276987.29,0.03032327,0.03032327,164.900,4656.700,0.03541134,351,12,14,0.8374,0.0151,0.0305,OFICIAL
NACIONAL,BRASIL,2025-41,CHOCOLATES,GAROTO,NESTLE,Y,7527.37,276987.29,0.02717587,0.02717587,61.700,4656.700,0.01324973,250,13,5,0.8374,0.0151,0.0305,OFICIAL
NACIONAL,BRASIL,2025-41,CHOCOLATES,NINHO,NESTLE,Y,7125.12,276987.29,0.02572364,0.02572364,101.200,4656.700,0.02173213,293,14,13,0.8374,0.0151,0.0305,OFICIAL
NACIONAL,BRASIL,2025-41,CULINARIOS,NOVA,FAB_NOVA,N,57711.18,289997.44,0.19900583,0.19900583,907.000,4812.400,0.18847145,2182,1,48,0.8374,0.0151,0.0426,OFICIAL
NACIONAL,BRASIL,2025-41,CULINARIOS,VIVA,FAB_VIVA,N,47394.18,289997.44,0.16342965,0.16342965,425.400,4812.400,0.08839664,1274,2,26,0.8374,0.0151,0.0426,OFICIAL
NACIONAL,BRASIL,2025-41,CULINARIOS,NINHO,NESTLE,Y,36730.80,289997.44,0.12665905,0.12665905,513.500,4812.400,0.10670352,1081,3,22,0.8374,0.0151,0.0426,OFICIAL
NACIONAL,BRASIL,2025-41,CULINARIOS,PRIME,FAB_PRIME,N,36223.00,289997.44,0.124908,0.124908,697.600,4812.400,0.14495886,1344,4,28,0.8374,0.0151,0.0426,OFICIAL
NACIONAL,BRASIL,2025-41,CULINARIOS,BETA,FAB_BETA,N,21519.38,289997.44,0.07420541,0.07420541,408.400,4812.400,0.0848641,751,5,18,0.8374,0.0151,0.0426,OFICIAL
NACIONAL,BRASIL,2025-41,CULINARIOS,KITKAT,NESTLE,Y,18456.55,289997.44,0.06364384,0.06364384,166.300,4812.400,0.03455656,535,6,15,0.8374,0.0151,0.0426,OFICIAL
NACIONAL,BRASIL,2025-41,CULINARIOS,SOLAR,FAB_SOLAR,N,15321.11,289997.44,0.05283188,0.05283188,119.600,4812.400,0.02485246,545,7,15,0.8374,0.0151,0.0426,OFICIAL
NACIONAL,BRASIL,2025-41,CULINARIOS,GAROTO,NESTLE,Y,13308.57,289997.44,0.04589203,0.04589203,142.900,4812.400,0.02969412,463,8,14,0.8374,0.0151,0.0426,OFICIAL
NACIONAL,BRASIL,2025-41,CULINARIOS,MOCA,NESTLE,Y,12493.59,289997.44,0.04308173,0.04308173,549.500,4812.400,0.11418419,794,9,14,0.8374,0.0151,0.0426,OFICIAL
NACIONAL,BRASIL,2025-41,CULINARIOS,NESQUIK,NESTLE,Y,10174.03,289997.44,0.03508317,0.03508317,405.600,4812.400,0.08428227,510,10,11,0.8374,0.0151,0.0426,OFICIAL
NACIONAL,BRASIL,2025-41,CULINARIOS,DELTA,FAB_DELTA,N,5813.04,289997.44,0.02004514,0.02004514,165.000,4812.400,0.03428643,355,11,12,0.8374,0.0151,0.0426,OFICIAL
NACIONAL,BRASIL,2025-41,CULINARIOS,MAGGI,NESTLE,Y,5788.10,289997.44,0.01995914,0.01995914,145.600,4812.400,0.03025517,274,12,10,0.8374,0.0151,0.0426,OFICIAL
NACIONAL,BRASIL,2025-41,CULINARIOS,ALPHA,FAB_ALPHA,N,4997.47,289997.44,0.01723281,0.01723281,97.700,4812.400,0.02030172,242,13,13,0.8374,0.0151,0.0426,OFICIAL
NACIONAL,BRASIL,2025-41,CULINARIOS,NESCAFE,NESTLE,Y,4066.44,289997.44,0.01402233,0.01402233,68.300,4812.400,0.0141925,137,14,9,0.8374,0.0151,0.0426,OFICIAL
NACIONAL,BRASIL,2025-41,LACTEOS,SOLAR,FAB_SOLAR,N,53056.10,329248.35,0.1611431,0.1611431,704.800,5396.000,0.13061527,1644,1,37,0.8374,0.0151,0.0468,OFICIAL
NACIONAL,BRASIL,2025-41,LACTEOS,DELTA,FAB_DELTA,N,46187.25,329248.35,0.14028089,0.14028089,792.000,5396.000,0.14677539,1502,2,36,0.8374,0.0151,0.0468,OFICIAL
NACIONAL,BRASIL,2025-41,LACTEOS,VIVA,FAB_VIVA,N,39643.34,329248.35,0.12040558,0.12040558,572.300,5396.000,0.10606004,1368,3,36,0.8374,0.0151,0.0468,OFICIAL
NACIONAL,BRASIL,2025-41,LACTEOS,ALPHA,FAB_ALPHA,N,34835.71,329248.35,0.10580375,0.10580375,771.800,5396.000,0.14303188,1173,4,27,0.8374,0.0151,0.0468,OFICIAL
NACIONAL,BRASIL,2025-41,LACTEOS,BETA,FAB_BETA,N,31142.71,329248.35,0.09458729,0.09458729,529.600,5396.000,0.09814678,785,5,22,0.8374,0.0151,0.0468,OFICIAL
NACIONAL,BRASIL,2025-41,LACTEOS,MOCA,NESTLE,Y,20415.55,329248.35,0.06200654,0.06200654,285.800,5396.000,0.05296516,660,6,20,0.8374,0.0151,0.0468,OFICIAL
NACIONAL,BRASIL,2025-41,LACTEOS,NOVA,FAB_NOVA,N,18831.77,329248.35,0.05719625,0.05719625,338.200,5396.000,0.06267606,618,7,25,0.8374,0.0151,0.0468,OFICIAL
NACIONAL,BRASIL,2025-41,LACTEOS,NINHO,NESTLE,Y,16096.92,329248.35,0.0488899,0.0488899,323.800,5396.000,0.06000741,636,8,17,0.8374,0.0151,0.0468,OFICIAL
NACIONAL,BRASIL,2025-41,LACTEOS,PRIME,FAB_PRIME,N,15229.43,329248.35,0.04625514,0.04625514,287.800,5396.000,0.0533358,614,9,13,0.8374,0.0151,0.0468,OFICIAL
NACIONAL,BRASIL,2025-41,LACTEOS,NESQUIK,NESTLE,Y,14995.59,329248.35,0.04554492,0.04554492,166.800,5396.000,0.03091179,525,10,11,0.8374,0.0151,0.0468,OFICIAL
NACIONAL,BRASIL,2025-41,LACTEOS,KITKAT,NESTLE,Y,12798.33,329248.35,0.03887136,0.03887136,128.300,5396.000,0.02377687,344,11,13,0.8374,0.0151,0.0468,OFICIAL
NACIONAL,BRASIL,2025-41,LACTEOS,NESCAFE,NESTLE,Y,12465.72,329248.35,0.03786115,0.03786115,150.000,5396.000,0.02779837,524,12,19,0.8374,0.0151,0.0468,OFICIAL
NACIONAL,BRASIL,2025-41,LACTEOS,MAGGI,NESTLE,Y,7710.76,329248.35,0.02341928,0.02341928,209.200,5396.000,0.03876946,432,13,13,0.8374,0.0151,0.0468,OFICIAL
NACIONAL,BRASIL,2025-41,LACTEOS,GAROTO,NESTLE,Y,5839.17,329248.35,0.01773485,0.01773485,135.600,5396.000,0.02512973,274,14,8,0.8374,0.0151,0.0468,OFICIAL
NACIONAL,BRASIL,2025-41,NUTRICAO,MOCA,NESTLE,Y,42859.58,306791.74,0.13970252,0.13970252,682.600,4192.300,0.16282232,1535,1,25,0.8374,0.0151,0.0208,OFICIAL
NACIONAL,BRASIL,2025-41,NUTRICAO,NESQUIK,NESTLE,Y,40416.42,306791.74,0.13173894,0.13173894,622.400,4192.300,0.14846266,2057,2,40,0.8374,0.0151,0.0208,OFICIAL
NACIONAL,BRASIL,2025-41,NUTRICAO,ALPHA,FAB_ALPHA,N,39089.79,306791.74,0.12741474,0.12741474,526.600,4192.300,0.12561124,1131,3,30,0.8374,0.0151,0.0208,OFICIAL
NACIONAL,BRASIL,2025-41,NUTRICAO,DELTA,FAB_DELTA,N,38007.39,306791.74,0.12388661,0.12388661,253.200,4192.300,0.06039644,1112,4,24,0.8374,0.0151,0.0208,OFICIAL
NACIONAL,BRASIL,2025-41,NUTRICAO,BETA,FAB_BETA,N,26765.41,306791.74,0.08724293,0.08724293,247.200,4192.300,0.05896525,1045,5,26,0.8374,0.0151,0.0208,OFICIAL
NACIONAL,BRASIL,2025-41,NUTRICAO,PRIME,FAB_PRIME,N,26674.30,306791.74,0.08694595,0.08694595,375.500,4192.300,0.08956897,905,6,33,0.8374,0.0151,0.0208,OFICIAL
NACIONAL,BRASIL,2025-41,NUTRICAO,GAROTO,NESTLE,Y,19804.12,306791.74,0.06455232,0.06455232,297.100,4192.300,0.07086802,641,7,15,0.8374,0.0151,0.0208,OFICIAL
NACIONAL,BRASIL,2025-41,NUTRICAO,VIVA,FAB_VIVA,N,19137.31,306791.74,0.06237883,0.06237883,180.600,4192.300,0.04307898,682,8,13,0.8374,0.0151,0.0208,OFICIAL
NACIONAL,BRASIL,2025-41,NUTRICAO,KITKAT,NESTLE,Y,16899.55,306791.74,0.05508476,0.05508476,350.900,4192.300,0.08370107,607,9,16,0.8374,0.0151,0.0208,OFICIAL
NACIONAL,BRASIL,2025-41,NUTRICAO,NOVA,FAB_NOVA,N,10663.01,306791.74,0.03475651,0.03475651,150.300,4192.300,0.03585144,297,10,15,0.8374,0.0151,0.0208,OFICIAL
NACIONAL,BRASIL,2025-41,NUTRICAO,NINHO,NESTLE,Y,9885.66,306791.74,0.03222271,0.03222271,215.500,4192.300,0.05140376,417,11,10,0.8374,0.0151,0.0208,OFICIAL
NACIONAL,BRASIL,2025-41,NUTRICAO,SOLAR,FAB_SOLAR,N,8034.24,306791.74,0.02618793,0.02618793,142.400,4192.300,0.03396703,513,12,12,0.8374,0.0151,0.0208,OFICIAL
NACIONAL,BRASIL,2025-41,NUTRICAO,NESCAFE,NESTLE,Y,6354.94,306791.74,0.02071418,0.02071418,108.200,4192.300,0.02580922,408,13,10,0.8374,0.0151,0.0208,OFICIAL
NACIONAL,BRASIL,2025-41,NUTRICAO,MAGGI,NESTLE,Y,2200.02,306791.74,0.00717105,0.00717105,39.800,4192.300,0.0094936,86,14,4,0.8374,0.0151,0.0208,OFICIAL
NACIONAL,BRASIL,2025-42,BEBIDAS,SOLAR,FAB_SOLAR,N,41286.80,311916.43,0.13236494,0.13236494,687.500,5226.300,0.13154622,1277,1,30,0.8471,0.0163,0.0667,OFICIAL
NACIONAL,BRASIL,2025-42,BEBIDAS,MOCA,NESTLE,Y,36650.40,311916.43,0.1175007,0.1175007,748.300,5226.300,0.14317969,851,2,7,0.8471,0.0163,0.0667,OFICIAL
NACIONAL,BRASIL,2025-42,BEBIDAS,NINHO,NESTLE,Y,33887.14,311916.43,0.10864173,0.10864173,543.300,5226.300,0.103955,1544,3,39,0.8471,0.0163,0.0667,OFICIAL
NACIONAL,BRASIL,2025-42,BEBIDAS,DELTA,FAB_DELTA,N,33026.19,311916.43,0.10588153,0.10588153,444.500,5226.300,0.08505061,945,4,29,0.8471,0.0163,0.0667,OFICIAL
NACIONAL,BRASIL,2025-42,BEBIDAS,NESQUIK,NESTLE,Y,25482.56,311916.43,0.08169675,0.08169675,271.000,5226.300,0.05185313,753,5,16,0.8471,0.0163,0.0667,OFICIAL
NACIONAL,BRASIL,2025-42,BEBIDAS,ALPHA,FAB_ALPHA,N,23162.51,311916.43,0.0742587,0.0742587,313.500,5226.300,0.05998508,945,6,17,0.8471,0.0163,0.0667,OFICIAL
NACIONAL,BRASIL,2025-42,BEBIDAS,GAROTO,NESTLE,Y,21089.45,311916.43,0.0676125,0.0676125,425.100,5226.300,0.08133861,650,7,14,0.8471,0.0163,0.0667,OFICIAL
NACIONAL,BRASIL,2025-42,BEBIDAS,NESCAFE,NESTLE,Y,19972.45,311916.43,0.06403141,0.06403141,437.800,5226.300,0.08376863,1164,8,28,0.8471,0.0163,0.0667,OFICIAL
NACIONAL,BRASIL,2025-42,BEBIDAS,VIVA,FAB_VIVA,N,16020.83,311916.43,0.05136257,0.05136257,269.400,5226.300,0.05154698,430,9,18,0.8471,0.0163,0.0667,OFICIAL
NACIONAL,BRASIL,2025-42,BEBIDAS,BETA,FAB_BETA,N,15999.85,311916.43,0.05129531,0.05129531,267.200,5226.300,0.05112604,626,10,21,0.8471,0.0163,0.0667,OFICIAL
NACIONAL,BRASIL,2025-42,BEBIDAS,NOVA,FAB_NOVA,N,13969.67,311916.43,0.04478658,0.04478658,179.900,5226.300,0.03442206,417,11,16,0.8471,0.0163,0.0667,OFICIAL
NACIONAL,BRASIL,2025-42,BEBIDAS,KITKAT,NESTLE,Y,13482.61,311916.43,0.04322507,0.04322507,212.000,5226.300,0.04056407,425,12,10,0.8471,0.0163,0.0667,OFICIAL
NACIONAL,BRASIL,2025-42,BEBIDAS,PRIME,FAB_PRIME,N,9262.99,311916.43,0.02969702,0.02969702,242.200,5226.300,0.04634254,384,13,19,0.8471,0.0163,0.0667,OFICIAL
NACIONAL,BRASIL,2025-42,BEBIDAS,MAGGI,NESTLE,Y,8622.98,311916.43,0.02764516,0.02764516,184.600,5226.300,0.03532136,349,14,12,0.8471,0.0163,0.0667,OFICIAL
NACIONAL,BRASIL,2025-42,CHOCOLATES,VIVA,FAB_VIVA,N,57892.52,305020.38,0.18979886,0.18979886,622.300,3939.300,0.15797223,1679,1,35,0.8471,0.0163,0.0553,OFICIAL
NACIONAL,BRASIL,2025-42,CHOCOLATES,NOVA,FAB_NOVA,N,37308.19,305020.38,0.12231376,0.12231376,410.700,3939.300,0.1042571,1084,2,24,0.8471,0.0163,0.0553,OFICIAL
NACIONAL,BRASIL,2025-42,CHOCOLATES,BETA,FAB_BETA,N,30986.09,305020.38,0.10158695,0.10158695,430.500,3939.300,0.10928338,1064,3,33,0.8471,0.0163,0.0553,OFICIAL
NACIONAL,BRASIL,2025-42,CHOCOLATES,SOLAR,FAB_SOLAR,N,28283.75,305020.38,0.09272741,0.09272741,231.700,3939.300,0.05881756,826,4,19,0.8471,0.0163,0.0553,OFICIAL
NACIONAL,BRASIL,2025-42,CHOCOLATES,DELTA,FAB_DELTA,N,23834.30,305020.38,0.07814002,0.07814002,426.400,3939.300,0.10824258,1019,5,26,0.8471,0.0163,0.0553,OFICIAL
NACIONAL,BRASIL,2025-42,CHOCOLATES,KITKAT,NESTLE,Y,22004.75,305020.38,0.0721419,0.0721419,250.500,3939.300,0.06358998,531,6,11,0.8471,0.0163,0.0553,OFICIAL
NACIONAL,BRASIL,2025-42,CHOCOLATES,PRIME,FAB_PRIME,N,21103.54,305020.38,0.06918731,0.06918731,290.600,3939.300,0.07376945,762,7,24,0.8471,0.0163,0.0553,OFICIAL
NACIONAL,BRASIL,2025-42,CHOCOLATES,NINHO,NESTLE,Y,18301.80,305020.38,0.06000189,0.06000189,216.100,3939.300,0.05485746,818,8,17,0.8471,0.0163,0.0553,OFICIAL
NACIONAL,BRASIL,2025-42,CHOCOLATES,NESQUIK,NESTLE,Y,15953.37,305020.38,0.05230264,0.05230264,352.300,3939.300,0.08943213,545,9,14,0.8471,0.0163,0.0553,OFICIAL
NACIONAL,BRASIL,2025-42,CHOCOLATES,MAGGI,NESTLE,Y,15374.31,305020.38,0.05040421,0.05040421,143.900,3939.300,0.03652933,385,10,7,0.8471,0.0163,0.0553,OFICIAL
NACIONAL,BRASIL,2025-42,CHOCOLATES,ALPHA,FAB_ALPHA,N,14002.54,305020.38,0.0459069,0.0459069,150.400,3939.300,0.03817937,769,11,24,0.8471,0.0163,0.0553,OFICIAL
NACIONAL,BRASIL,2025-42,CHOCOLATES,NESCAFE,NESTLE,Y,11312.08,305020.38,0.03708631,0.03708631,304.500,3939.300,0.077298,411,12,11,0.8471,0.0163,0.0553,OFICIAL
NACIONAL,BRASIL,2025-42,CHOCOLATES,GAROTO,NESTLE,Y,4631.87,305020.38,0.01518544,0.01518544,63.400,3939.300,0.01609423,156,13,8,0.8471,0.0163,0.0553,OFICIAL
NACIONAL,BRASIL,2025-42,CHOCOLATES,MOCA,NESTLE,Y,4031.27,305020.38,0.0132164,0.0132164,46.000,3939.300,0.0116772,131,14,7,0.8471,0.0163,0.0553,OFICIAL
NACIONAL,BRASIL,2025-42,CULINARIOS,NOVA,FAB_NOVA,N,36898.69,264924.11,0.13928023,0.13928023,497.900,3414.200,0.14583211,1094,1,30,0.8471,0.0163,0.0588,OFICIAL
NACIONAL,BRASIL,2025-42,CULINARIOS,VIVA,FAB_VIVA,N,28200.54,264924.11,0.10644762,0.10644762,544.400,3414.200,0.1594517,1019,2,32,0.8471,0.0163,0.0588,OFICIAL
NACIONAL,BRASIL,2025-42,CULINARIOS,GAROTO,NESTLE,Y,27342.86,264924.11,0.10321016,0.10321016,190.100,3414.200,0.05567922,1070,3,13,0.8471,0.0163,0.0588,OFICIAL
NACIONAL,BRASIL,2025-42,CULINARIOS,NINHO,NESTLE,Y,21085.42,264924.11,0.07959042,0.07959042,230.800,3414.200,0.06760002,613,4,21,0.8471,0.0163,0.0588,OFICIAL
NACIONAL,BRASIL,2025-42,CULINARIOS,MOCA,NESTLE,Y,18650.33,264924.11,0.07039876,0.07039876,240.500,3414.200,0.0704411,613,5,13,0.8471,0.0163,0.0588,OFICIAL
NACIONAL,BRASIL,2025-42,CULINARIOS,SOLAR,FAB_SOLAR,N,17704.29,264924.11,0.06682778,0.06682778,312.200,3414.200,0.09144163,805,6,17,0.8471,0.0163,0.0588,OFICIAL
NACIONAL,BRASIL,2025-42,CULINARIOS,PRIME,FAB_PRIME,N,17529.68,264924.11,0.06616869,0.06616869,259.100,3414.200,0.07588893,650,7,27,0.8471,0.0163,0.0588,OFICIAL
NACIONAL,BRASIL,2025-42,CULINARIOS,DELTA,FAB_DELTA,N,16518.87,264924.11,0.06235322,0.06235322,213.600,3414.200,0.06256224,522,8,16,0.8471,0.0163,0.0588,OFICIAL
NACIONAL,BRASIL,2025-42,CULINARIOS,NESCAFE,NESTLE,Y,16013.62,264924.11,0.06044607,0.06044607,130.200,3414.200,0.03813485,504,9,14,0.8471,0.0163,0.0588,OFICIAL
NACIONAL,BRASIL,2025-42,CULINARIOS,BETA,FAB_BETA,N,15887.06,264924.11,0.05996834,0.05996834,293.100,3414.200,0.08584734,630,10,23,0.8471,0.0163,0.0588,OFICIAL
NACIONAL,BRASIL,2025-42,CULINARIOS,MAGGI,NESTLE,Y,15034.13,264924.11,0.05674882,0.05674882,190.700,3414.200,0.05585496,440,11,16,0.8471,0.0163,0.0588,OFICIAL
NACIONAL,BRASIL,2025-42,CULINARIOS,ALPHA,FAB_ALPHA,N,14972.42,264924.11,0.05651588,0.05651588,141.100,3414.200,0.0413274,569,12,14,0.8471,0.0163,0.0588,OFICIAL
NACIONAL,BRASIL,2025-42,CULINARIOS,NESQUIK,NESTLE,Y,10266.97,264924.11,0.03875438,0.03875438,82.400,3414.200,0.0241345,165,13,9,0.8471,0.0163,0.0588,OFICIAL
NACIONAL,BRASIL,2025-42,CULINARIOS,KITKAT,NESTLE,Y,8819.23,264924.11,0.03328965,0.03328965,88.100,3414.200,0.025804,193,14,10,0.8471,0.0163,0.0588,OFICIAL
NACIONAL,BRASIL,2025-42,LACTEOS,DELTA,FAB_DELTA,N,63560.55,310459.82,0.20473036,0.20473036,726.900,5389.300,0.13487837,1589,1,30,0.8471,0.0163,0.068,OFICIAL
NACIONAL,BRASIL,2025-42,LACTEOS,PRIME,FAB_PRIME,N,39122.74,310459.82,0.12601547,0.12601547,860.300,5389.300,0.15963112,1292,2,23,0.8471,0.0163,0.068,OFICIAL
NACIONAL,BRASIL,2025-42,LACTEOS,VIVA,FAB_VIVA,N,37277.34,310459.82,0.12007138,0.12007138,652.200,5389.300,0.12101757,1417,3,29,0.8471,0.0163,0.068,OFICIAL
NACIONAL,BRASIL,2025-42,LACTEOS,SOLAR,FAB_SOLAR,N,35465.89,310459.82,0.11423665,0.11423665,610.600,5389.300,0.11329857,1182,4,27,0.8471,0.0163,0.068,OFICIAL
NACIONAL,BRASIL,2025-42,LACTEOS,ALPHA,FAB_ALPHA,N,24581.26,310459.82,0.07917694,0.07917694,446.400,5389.300,0.08283079,976,5,29,0.8471,0.0163,0.068,OFICIAL
NACIONAL,BRASIL,2025-42,LACTEOS,NOVA,FAB_NOVA,N,21049.35,310459.82,0.06780056,0.06780056,268.100,5389.300,0.04974672,612,6,17,0.8471,0.0163,0.068,OFICIAL
NACIONAL,BRASIL,2025-42,LACTEOS,BETA,FAB_BETA,N,16014.58,310459.82,0.05158342,0.05158342,356.400,5389.300,0.06613104,752,7,18,0.8471,0.0163,0.068,OFICIAL
NACIONAL,BRASIL,2025-42,LACTEOS,MOCA,NESTLE,Y,15696.72,310459.82,0.05055959,0.05055959,400.900,5389.300,0.07438814,753,8,26,0.8471,0.0163,0.068,OFICIAL
NACIONAL,BRASIL,2025-42,LACTEOS,NINHO,NESTLE,Y,13087.79,310459.82,0.04215615,0.04215615,267.500,5389.300,0.04963539,360,9,13,0.8471,0.0163,0.068,OFICIAL
NACIONAL,BRASIL,2025-42,LACTEOS,NESQUIK,NESTLE,Y,10178.16,310459.82,0.03278415,0.03278415,257.200,5389.300,0.04772419,724,10,15,0.8471,0.0163,0.068,OFICIAL
NACIONAL,BRASIL,2025-42,LACTEOS,GAROTO,NESTLE,Y,9821.19,310459.82,0.03163434,0.03163434,93.100,5389.300,0.01727497,449,11,7,0.8471,0.0163,0.068,OFICIAL
NACIONAL,BRASIL,2025-42,LACTEOS,NESCAFE,NESTLE,Y,9635.20,310459.82,0.03103526,0.03103526,140.100,5389.300,0.02599595,319,12,14,0.8471,0.0163,0.068,OFICIAL
NACIONAL,BRASIL,2025-42,LACTEOS,KITKAT,NESTLE,Y,8492.25,310459.82,0.02735378,0.02735378,138.900,5389.300,0.02577329,315,13,13,0.8471,0.0163,0.068,OFICIAL
NACIONAL,BRASIL,2025-42,LACTEOS,MAGGI,NESTLE,Y,6476.80,310459.82,0.02086196,0.02086196,170.700,5389.300,0.03167387,283,14,10,0.8471,0.0163,0.068,OFICIAL
NACIONAL,BRASIL,2025-42,NUTRICAO,BETA,FAB_BETA,N,26032.93,263938.63,0.09863251,0.09863251,379.100,4175.500,0.09079152,898,1,24,0.8471,0.0163,0.0724,OFICIAL
NACIONAL,BRASIL,2025-42,NUTRICAO,DELTA,FAB_DELTA,N,25665.48,263938.63,0.09724033,0.09724033,435.900,4175.500,0.10439468,823,2,27,0.8471,0.0163,0.0724,OFICIAL
NACIONAL,BRASIL,2025-42,NUTRICAO,ALPHA,FAB_ALPHA,N,25342.66,263938.63,0.09601724,0.09601724,218.400,4175.500,0.05230511,892,3,20,0.8471,0.0163,0.0724,OFICIAL
NACIONAL,BRASIL,2025-42,NUTRICAO,NESQUIK,NESTLE,Y,25090.12,263938.63,0.09506043,0.09506043,578.100,4175.500,0.13845049,1474,4,44,0.8471,0.0163,0.0724,OFICIAL
NACIONAL,BRASIL,2025-42,NUTRICAO,PRIME,FAB_PRIME,N,25075.55,263938.63,0.09500523,0.09500523,572.200,4175.500,0.13703748,1025,5,19,0.8471,0.0163,0.0724,OFICIAL
NACIONAL,BRASIL,2025-42,NUTRICAO,GAROTO,NESTLE,Y,21642.80,263938.63,0.08199936,0.08199936,198.300,4175.500,0.04749132,675,6,11,0.8471,0.0163,0.0724,OFICIAL
NACIONAL,BRASIL,2025-42,NUTRICAO,VIVA,FAB_VIVA,N,21168.20,263938.63,0.08020122,0.08020122,480.100,4175.500,0.11498024,923,7,17,0.8471,0.0163,0.0724,OFICIAL
NACIONAL,BRASIL,2025-42,NUTRICAO,KITKAT,NESTLE,Y,18704.96,263938.63,0.0708686,0.0708686,203.900,4175.500,0.04883248,650,8,18,0.8471,0.0163,0.0724,OFICIAL
NACIONAL,BRASIL,2025-42,NUTRICAO,NOVA,FAB_NOVA,N,18638.97,263938.63,0.07061858,0.07061858,227.300,4175.500,0.05443659,567,9,19,0.8471,0.0163,0.0724,OFICIAL
NACIONAL,BRASIL,2025-42,NUTRICAO,SOLAR,FAB_SOLAR,N,17828.23,263938.63,0.06754688,0.06754688,320.500,4175.500,0.07675727,760,10,20,0.8471,0.0163,0.0724,OFICIAL
NACIONAL,BRASIL,2025-42,NUTRICAO,NINHO,NESTLE,Y,14617.51,263938.63,0.05538223,0.05538223,256.300,4175.500,0.06138187,531,11,15,0.8471,0.0163,0.0724,OFICIAL
NACIONAL,BRASIL,2025-42,NUTRICAO,NESCAFE,NESTLE,Y,10977.72,263938.63,0.04159194,0.04159194,118.900,4175.500,0.02847563,300,12,11,0.8471,0.0163,0.0724,OFICIAL
NACIONAL,BRASIL,2025-42,NUTRICAO,MOCA,NESTLE,Y,7948.44,263938.63,0.03011473,0.03011473,146.100,4175.500,0.03498982,284,13,14,0.8471,0.0163,0.0724,OFICIAL
NACIONAL,BRASIL,2025-42,NUTRICAO,MAGGI,NESTLE,Y,5205.06,263938.63,0.01972072,0.01972072,40.400,4175.500,0.00967549,156,14,3,0.8471,0.0163,0.0724,OFICIAL
NACIONAL,BRASIL,2025-43,BEBIDAS,SOLAR,FAB_SOLAR,N,42381.39,272318.38,0.15563176,0.15563176,608.700,4510.100,0.13496375,1234,1,30,0.8574,0.0136,0.1348,OFICIAL
NACIONAL,BRASIL,2025-43,BEBIDAS,NESCAFE,NESTLE,Y,40756.15,272318.38,0.1496636,0.1496636,501.800,4510.100,0.11126139,1892,2,30,0.8574,0.0136,0.1348,OFICIAL
NACIONAL,BRASIL,2025-43,BEBIDAS,ALPHA,FAB_ALPHA,N,24079.69,272318.38,0.08842477,0.08842477,335.600,4510.100,0.07441077,907,3,19,0.8574,0.0136,0.1348,OFICIAL
NACIONAL,BRASIL,2025-43,BEBIDAS,NINHO,NESTLE,Y,23490.41,272318.38,0.08626083,0.08626083,402.300,4510.100,0.0891998,1587,4,32,0.8574,0.0136,0.1348,OFICIAL
NACIONAL,BRASIL,2025-43,BEBIDAS,PRIME,FAB_PRIME,N,21050.97,272318.38,0.07730279,0.07730279,582.300,4510.100,0.12911022,844,5,27,0.8574,0.0136,0.1348,OFICIAL
NACIONAL,BRASIL,2025-43,BEBIDAS,BETA,FAB_BETA,N,20189.75,272318.38,0.07414024,0.07414024,367.700,4510.100,0.08152813,807,6,26,0.8574,0.0136,0.1348,OFICIAL
NACIONAL,BRASIL,2025-43,BEBIDAS,NOVA,FAB_NOVA,N,17679.58,272318.38,0.06492246,0.06492246,246.200,4510.100,0.05458859,558,7,16,0.8574,0.0136,0.1348,OFICIAL
NACIONAL,BRASIL,2025-43,BEBIDAS,DELTA,FAB_DELTA,N,15606.66,272318.38,0.05731034,0.05731034,279.100,4510.100,0.06188333,611,8,21,0.8574,0.0136,0.1348,OFICIAL
NACIONAL,BRASIL,2025-43,BEBIDAS,GAROTO,NESTLE,Y,15329.18,272318.38,0.05629139,0.05629139,335.300,4510.100,0.07434425,670,9,17,0.8574,0.0136,0.1348,OFICIAL
NACIONAL,BRASIL,2025-43,BEBIDAS,MAGGI,NESTLE,Y,14330.37,272318.38,0.05262359,0.05262359,156.700,4510.100,0.03474424,552,10,14,0.8574,0.0136,0.1348,OFICIAL
NACIONAL,BRASIL,2025-43,BEBIDAS,VIVA,FAB_VIVA,N,10131.95,272318.38,0.03720627,0.03720627,153.700,4510.100,0.03407907,476,11,11,0.8574,0.0136,0.1348,OFICIAL
NACIONAL,BRASIL,2025-43,BEBIDAS,MOCA,NESTLE,Y,9912.15,272318.38,0.03639912,0.03639912,176.700,4510.100,0.03917873,321,12,14,0.8574,0.0136,0.1348,OFICIAL
NACIONAL,BRASIL,2025-43,BEBIDAS,KITKAT,NESTLE,Y,9216.48,272318.38,0.0338445,0.0338445,178.700,4510.100,0.03962218,444,13,7,0.8574,0.0136,0.1348,OFICIAL
NACIONAL,BRASIL,2025-43,BEBIDAS,NESQUIK,NESTLE,Y,8163.65,272318.38,0.02997833,0.02997833,185.300,4510.100,0.04108556,433,14,10,0.8574,0.0136,0.1348,OFICIAL
NACIONAL,BRASIL,2025-43,CHOCOLATES,VIVA,FAB_VIVA,N,61773.36,358406.97,0.17235535,0.17235535,1047.000,5573.300,0.18785998,1797,1,38,0.8574,0.0136,0.0415,OFICIAL
NACIONAL,BRASIL,2025-43,CHOCOLATES,PRIME,FAB_PRIME,N,48325.74,358406.97,0.13483482,0.13483482,650.700,5573.300,0.11675309,1662,2,25,0.8574,0.0136,0.0415,OFICIAL
NACIONAL,BRASIL,2025-43,CHOCOLATES,BETA,FAB_BETA,N,41608.63,358406.97,0.11609325,0.11609325,478.500,5573.300,0.08585578,1173,3,28,0.8574,0.0136,0.0415,OFICIAL
NACIONAL,BRASIL,2025-43,CHOCOLATES,NESCAFE,NESTLE,Y,36106.99,358406.97,0.10074299,0.10074299,422.000,5573.300,0.07571816,1000,4,24,0.8574,0.0136,0.0415,OFICIAL
NACIONAL,BRASIL,2025-43,CHOCOLATES,SOLAR,FAB_SOLAR,N,29478.76,358406.97,0.0822494,0.0822494,525.300,5573.300,0.09425296,858,5,22,0.8574,0.0136,0.0415,OFICIAL
NACIONAL,BRASIL,2025-43,CHOCOLATES,NINHO,NESTLE,Y,27669.48,358406.97,0.07720129,0.07720129,482.700,5573.300,0.08660937,584,6,10,0.8574,0.0136,0.0415,OFICIAL
NACIONAL,BRASIL,2025-43,CHOCOLATES,DELTA,FAB_DELTA,N,23444.51,358406.97,0.0654131,0.0654131,381.000,5573.300,0.06836165,751,7,25,0.8574,0.0136,0.0415,OFICIAL
NACIONAL,BRASIL,2025-43,CHOCOLATES,MAGGI,NESTLE,Y,20781.71,358406.97,0.05798355,0.05798355,105.800,5573.300,0.01898337,626,8,8,0.8574,0.0136,0.0415,OFICIAL
NACIONAL,BRASIL,2025-43,CHOCOLATES,KITKAT,NESTLE,Y,17851.99,358406.97,0.04980927,0.04980927,702.000,5573.300,0.12595769,749,9,18,0.8574,0.0136,0.0415,OFICIAL
NACIONAL,BRASIL,2025-43,CHOCOLATES,NESQUIK,NESTLE,Y,17340.80,358406.97,0.04838299,0.04838299,226.400,5573.300,0.04062225,669,10,14,0.8574,0.0136,0.0415,OFICIAL
NACIONAL,BRASIL,2025-43,CHOCOLATES,ALPHA,FAB_ALPHA,N,13568.93,358406.97,0.037859,0.037859,311.500,5573.300,0.05589148,576,11,20,0.8574,0.0136,0.0415,OFICIAL
NACIONAL,BRASIL,2025-43,CHOCOLATES,MOCA,NESTLE,Y,9403.04,358406.97,0.02623565,0.02623565,100.900,5573.300,0.01810418,397,12,8,0.8574,0.0136,0.0415,OFICIAL
NACIONAL,BRASIL,2025-43,CHOCOLATES,GAROTO,NESTLE,Y,5586.02,358406.97,0.01558569,0.01558569,83.200,5573.300,0.01492832,211,13,5,0.8574,0.0136,0.0415,OFICIAL
NACIONAL,BRASIL,2025-43,CHOCOLATES,NOVA,FAB_NOVA,N,5467.01,358406.97,0.01525364,0.01525364,56.300,5573.300,0.01010174,227,14,12,0.8574,0.0136,0.0415,OFICIAL
NACIONAL,BRASIL,2025-43,CULINARIOS,NINHO,NESTLE,Y,39103.47,252792.68,0.15468593,0.15468593,474.000,3996.900,0.11859191,1118,1,22,0.8574,0.0136,0.0632,OFICIAL
NACIONAL,BRASIL,2025-43,CULINARIOS,NOVA,FAB_NOVA,N,28312.98,252792.68,0.11200079,0.11200079,396.000,3996.900,0.09907678,978,2,26,0.8574,0.0136,0.0632,OFICIAL
NACIONAL,BRASIL,2025-43,CULINARIOS,VIVA,FAB_VIVA,N,27020.52,252792.68,0.10688806,0.10688806,600.000,3996.900,0.15011634,1169,3,33,0.8574,0.0136,0.0632,OFICIAL
NACIONAL,BRASIL,2025-43,CULINARIOS,PRIME,FAB_PRIME,N,26396.30,252792.68,0.10441877,0.10441877,454.600,3996.900,0.11373815,949,4,26,0.8574,0.0136,0.0632,OFICIAL
NACIONAL,BRASIL,2025-43,CULINARIOS,BETA,FAB_BETA,N,21400.56,252792.68,0.08465657,0.08465657,215.000,3996.900,0.05379169,625,5,17,0.8574,0.0136,0.0632,OFICIAL
NACIONAL,BRASIL,2025-43,CULINARIOS,SOLAR,FAB_SOLAR,N,17753.34,252792.68,0.07022885,0.07022885,450.000,3996.900,0.11258726,957,6,22,0.8574,0.0136,0.0632,OFICIAL
NACIONAL,BRASIL,2025-43,CULINARIOS,DELTA,FAB_DELTA,N,17655.48,252792.68,0.06984174,0.06984174,320.600,3996.900,0.08021216,649,7,20,0.8574,0.0136,0.0632,OFICIAL
NACIONAL,BRASIL,2025-43,CULINARIOS,ALPHA,FAB_ALPHA,N,13775.48,252792.68,0.05449319,0.05449319,196.800,3996.900,0.04923816,392,8,18,0.8574,0.0136,0.0632,OFICIAL
NACIONAL,BRASIL,2025-43,CULINARIOS,MAGGI,NESTLE,Y,13278.90,252792.68,0.05252882,0.05252882,298.200,3996.900,0.07460782,437,9,10,0.8574,0.0136,0.0632,OFICIAL
NACIONAL,BRASIL,2025-43,CULINARIOS,KITKAT,NESTLE,Y,13231.56,252792.68,0.05234155,0.05234155,142.700,3996.900,0.03570267,369,10,13,0.8574,0.0136,0.0632,OFICIAL
NACIONAL,BRASIL,2025-43,CULINARIOS,NESCAFE,NESTLE,Y,12357.60,252792.68,0.04888433,0.04888433,83.000,3996.900,0.02076609,336,11,6,0.8574,0.0136,0.0632,OFICIAL
NACIONAL,BRASIL,2025-43,CULINARIOS,GAROTO,NESTLE,Y,9504.96,252792.68,0.03759982,0.03759982,162.400,3996.900,0.04063149,233,12,10,0.8574,0.0136,0.0632,OFICIAL
NACIONAL,BRASIL,2025-43,CULINARIOS,NESQUIK,NESTLE,Y,6556.54,252792.68,0.02593643,0.02593643,85.100,3996.900,0.0212915,228,13,8,0.8574,0.0136,0.0632,OFICIAL
NACIONAL,BRASIL,2025-43,CULINARIOS,MOCA,NESTLE,Y,6444.99,252792.68,0.02549516,0.02549516,118.500,3996.900,0.02964798,235,14,11,0.8574,0.0136,0.0632,OFICIAL
NACIONAL,BRASIL,2025-43,LACTEOS,DELTA,FAB_DELTA,N,53809.19,360962.32,0.14907149,0.14907149,574.100,4880.400,0.1176338,1551,1,32,0.8574,0.0136,0.0864,OFICIAL
NACIONAL,BRASIL,2025-43,LACTEOS,NINHO,NESTLE,Y,43761.89,360962.32,0.12123673,0.12123673,475.600,4880.400,0.09745103,1220,2,23,0.8574,0.0136,0.0864,OFICIAL
NACIONAL,BRASIL,2025-43,LACTEOS,NOVA,FAB_NOVA,N,38880.52,360962.32,0.10771351,0.10771351,543.400,4880.400,0.11134333,946,3,18,0.8574,0.0136,0.0864,OFICIAL
NACIONAL,BRASIL,2025-43,LACTEOS,SOLAR,FAB_SOLAR,N,38862.08,360962.32,0.10766243,0.10766243,385.100,4880.400,0.07890747,1352,4,31,0.8574,0.0136,0.0864,OFICIAL
NACIONAL,BRASIL,2025-43,LACTEOS,VIVA,FAB_VIVA,N,31089.33,360962.32,0.08612902,0.08612902,459.700,4880.400,0.0941931,1169,5,30,0.8574,0.0136,0.0864,OFICIAL
NACIONAL,BRASIL,2025-43,LACTEOS,BETA,FAB_BETA,N,27903.94,360962.32,0.0773043,0.0773043,438.800,4880.400,0.08991066,1020,6,35,0.8574,0.0136,0.0864,OFICIAL
NACIONAL,BRASIL,2025-43,LACTEOS,NESQUIK,NESTLE,Y,24123.63,360962.32,0.06683144,0.06683144,396.500,4880.400,0.08124334,703,7,20,0.8574,0.0136,0.0864,OFICIAL
NACIONAL,BRASIL,2025-43,LACTEOS,PRIME,FAB_PRIME,N,20653.42,360962.32,0.05721766,0.05721766,388.300,4880.400,0.07956315,823,8,22,0.8574,0.0136,0.0864,OFICIAL
NACIONAL,BRASIL,2025-43,LACTEOS,MAGGI,NESTLE,Y,18943.04,360962.32,0.05247927,0.05247927,261.700,4880.400,0.05362265,614,9,13,0.8574,0.0136,0.0864,OFICIAL
NACIONAL,BRASIL,2025-43,LACTEOS,NESCAFE,NESTLE,Y,13939.91,360962.32,0.03861874,0.03861874,227.000,4880.400,0.04651258,582,10,8,0.8574,0.0136,0.0864,OFICIAL
NACIONAL,BRASIL,2025-43,LACTEOS,ALPHA,FAB_ALPHA,N,13847.91,360962.32,0.03836387,0.03836387,258.700,4880.400,0.05300795,774,11,22,0.8574,0.0136,0.0864,OFICIAL
NACIONAL,BRASIL,2025-43,LACTEOS,GAROTO,NESTLE,Y,13495.15,360962.32,0.03738659,0.03738659,229.600,4880.400,0.04704532,435,12,11,0.8574,0.0136,0.0864,OFICIAL
NACIONAL,BRASIL,2025-43,LACTEOS,MOCA,NESTLE,Y,13201.62,360962.32,0.0365734,0.0365734,153.600,4880.400,0.03147283,415,13,11,0.8574,0.0136,0.0864,OFICIAL
NACIONAL,BRASIL,2025-43,LACTEOS,KITKAT,NESTLE,Y,8450.69,360962.32,0.02341156,0.02341156,88.300,4880.400,0.01809278,319,14,12,0.8574,0.0136,0.0864,OFICIAL
NACIONAL,BRASIL,2025-43,NUTRICAO,GAROTO,NESTLE,Y,34243.11,253360.73,0.13515555,0.13515555,479.100,4887.500,0.09802558,931,1,12,0.8574,0.0136,0.0621,OFICIAL
NACIONAL,BRASIL,2025-43,NUTRICAO,DELTA,FAB_DELTA,N,27518.17,253360.73,0.10861261,0.10861261,388.100,4887.500,0.07940665,883,2,24,0.8574,0.0136,0.0621,OFICIAL
NACIONAL,BRASIL,2025-43,NUTRICAO,ALPHA,FAB_ALPHA,N,26193.52,253360.73,0.10338429,0.10338429,730.100,4887.500,0.14938107,1121,3,25,0.8574,0.0136,0.0621,OFICIAL
NACIONAL,BRASIL,2025-43,NUTRICAO,BETA,FAB_BETA,N,25612.02,253360.73,0.10108915,0.10108915,576.000,4887.500,0.11785166,1450,4,22,0.8574,0.0136,0.0621,OFICIAL
NACIONAL,BRASIL,2025-43,NUTRICAO,NESQUIK,NESTLE,Y,23373.57,253360.73,0.09225412,0.09225412,639.600,4887.500,0.13086445,1681,5,37,0.8574,0.0136,0.0621,OFICIAL
NACIONAL,BRASIL,2025-43,NUTRICAO,SOLAR,FAB_SOLAR,N,22937.87,253360.73,0.09053443,0.09053443,395.100,4887.500,0.08083887,955,6,19,0.8574,0.0136,0.0621,OFICIAL
NACIONAL,BRASIL,2025-43,NUTRICAO,PRIME,FAB_PRIME,N,20980.51,253360.73,0.08280885,0.08280885,383.800,4887.500,0.07852685,998,7,21,0.8574,0.0136,0.0621,OFICIAL
NACIONAL,BRASIL,2025-43,NUTRICAO,VIVA,FAB_VIVA,N,18389.46,253360.73,0.07258212,0.07258212,167.300,4887.500,0.03423018,581,8,16,0.8574,0.0136,0.0621,OFICIAL
NACIONAL,BRASIL,2025-43,NUTRICAO,KITKAT,NESTLE,Y,14045.79,253360.73,0.05543791,0.05543791,511.400,4887.500,0.10463427,566,9,12,0.8574,0.0136,0.0621,OFICIAL
NACIONAL,BRASIL,2025-43,NUTRICAO,NESCAFE,NESTLE,Y,13540.11,253360.73,0.05344202,0.05344202,204.300,4887.500,0.04180051,474,10,13,0.8574,0.0136,0.0621,OFICIAL
NACIONAL,BRASIL,2025-43,NUTRICAO,NOVA,FAB_NOVA,N,9108.96,253360.73,0.03595253,0.03595253,71.400,4887.500,0.0146087,273,11,11,0.8574,0.0136,0.0621,OFICIAL
NACIONAL,BRASIL,2025-43,NUTRICAO,NINHO,NESTLE,Y,8799.42,253360.73,0.0347308,0.0347308,120.600,4887.500,0.02467519,301,12,13,0.8574,0.0136,0.0621,OFICIAL
NACIONAL,BRASIL,2025-43,NUTRICAO,MOCA,NESTLE,Y,6263.66,253360.73,0.0247223,0.0247223,146.500,4887.500,0.02997442,196,13,8,0.8574,0.0136,0.0621,OFICIAL
NACIONAL,BRASIL,2025-43,NUTRICAO,MAGGI,NESTLE,Y,2354.56,253360.73,0.00929331,0.00929331,74.200,4887.500,0.01518159,111,14,5,0.8574,0.0136,0.0621,OFICIAL
NACIONAL,BRASIL,2025-44,BEBIDAS,BETA,FAB_BETA,N,49961.54,354899.76,0.14077648,0.14077648,708.800,6011.700,0.11790342,1344,1,23,0.8045,0.0114,0.1053,OFICIAL
NACIONAL,BRASIL,2025-44,BEBIDAS,NESCAFE,NESTLE,Y,40202.17,354899.76,0.11327754,0.11327754,923.600,6011.700,0.15363375,2056,2,37,0.8045,0.0114,0.1053,OFICIAL
NACIONAL,BRASIL,2025-44,BEBIDAS,GAROTO,NESTLE,Y,35777.42,354899.76,0.10080993,0.10080993,583.600,6011.700,0.09707737,1235,3,19,0.8045,0.0114,0.1053,OFICIAL
NACIONAL,BRASIL,2025-44,BEBIDAS,ALPHA,FAB_ALPHA,N,35588.68,354899.76,0.10027812,0.10027812,795.800,6011.700,0.1323752,1267,4,28,0.8045,0.0114,0.1053,OFICIAL
NACIONAL,BRASIL,2025-44,BEBIDAS,SOLAR,FAB_SOLAR,N,33046.85,354899.76,0.09311601,0.09311601,491.200,6011.700,0.08170734,987,5,30,0.8045,0.0114,0.1053,OFICIAL
NACIONAL,BRASIL,2025-44,BEBIDAS,PRIME,FAB_PRIME,N,28499.26,354899.76,0.08030228,0.08030228,387.600,6011.700,0.06447428,798,6,20,0.8045,0.0114,0.1053,OFICIAL
NACIONAL,BRASIL,2025-44,BEBIDAS,NINHO,NESTLE,Y,27255.55,354899.76,0.07679788,0.07679788,593.900,6011.700,0.09879069,1643,7,39,0.8045,0.0114,0.1053,OFICIAL
NACIONAL,BRASIL,2025-44,BEBIDAS,VIVA,FAB_VIVA,N,21739.99,354899.76,0.06125671,0.06125671,366.900,6011.700,0.06103099,810,8,21,0.8045,0.0114,0.1053,OFICIAL
NACIONAL,BRASIL,2025-44,BEBIDAS,NOVA,FAB_NOVA,N,17606.36,354899.76,0.04960939,0.04960939,188.600,6011.700,0.03137216,651,9,17,0.8045,0.0114,0.1053,OFICIAL
NACIONAL,BRASIL,2025-44,BEBIDAS,KITKAT,NESTLE,Y,16436.88,354899.76,0.04631415,0.04631415,198.700,6011.700,0.03305221,499,10,10,0.8045,0.0114,0.1053,OFICIAL
NACIONAL,BRASIL,2025-44,BEBIDAS,MOCA,NESTLE,Y,16417.92,354899.76,0.04626072,0.04626072,284.400,6011.700,0.04730775,410,11,12,0.8045,0.0114,0.1053,OFICIAL
NACIONAL,BRASIL,2025-44,BEBIDAS,DELTA,FAB_DELTA,N,12420.52,354899.76,0.03499726,0.03499726,176.700,6011.700,0.02939268,340,12,15,0.8045,0.0114,0.1053,OFICIAL
NACIONAL,BRASIL,2025-44,BEBIDAS,NESQUIK,NESTLE,Y,12239.98,354899.76,0.03448856,0.03448856,151.300,6011.700,0.02516759,332,13,13,0.8045,0.0114,0.1053,OFICIAL
NACIONAL,BRASIL,2025-44,BEBIDAS,MAGGI,NESTLE,Y,7706.64,354899.76,0.02171498,0.02171498,160.600,6011.700,0.02671457,311,14,12,0.8045,0.0114,0.1053,OFICIAL
NACIONAL,BRASIL,2025-44,CHOCOLATES,NOVA,FAB_NOVA,N,31845.66,253429.92,0.12565864,0.12565864,414.000,3565.700,0.11610623,917,1,22,0.8045,0.0114,0.1156,OFICIAL
NACIONAL,BRASIL,2025-44,CHOCOLATES,DELTA,FAB_DELTA,N,25086.99,253429.92,0.09898985,0.09898985,439.200,3565.700,0.12317357,840,2,25,0.8045,0.0114,0.1156,OFICIAL
NACIONAL,BRASIL,2025-44,CHOCOLATES,NESCAFE,NESTLE,Y,25073.14,253429.92,0.0989352,0.0989352,300.700,3565.700,0.08433127,771,3,23,0.8045,0.0114,0.1156,OFICIAL
NACIONAL,BRASIL,2025-44,CHOCOLATES,PRIME,FAB_PRIME,N,24136.05,253429.92,0.09523757,0.09523757,373.500,3565.700,0.10474802,885,4,24,0.8045,0.0114,0.1156,OFICIAL
NACIONAL,BRASIL,2025-44,CHOCOLATES,SOLAR,FAB_SOLAR,N,23973.03,253429.92,0.09459432,0.09459432,294.400,3565.700,0.08256443,720,5,21,0.8045,0.0114,0.1156,OFICIAL
NACIONAL,BRASIL,2025-44,CHOCOLATES,BETA,FAB_BETA,N,23151.43,253429.92,0.09135239,0.09135239,247.300,3565.700,0.06935525,827,6,30,0.8045,0.0114,0.1156,OFICIAL
NACIONAL,BRASIL,2025-44,CHOCOLATES,ALPHA,FAB_ALPHA,N,21132.05,253429.92,0.0833842,0.0833842,487.200,3565.700,0.13663516,785,7,23,0.8045,0.0114,0.1156,OFICIAL
NACIONAL,BRASIL,2025-44,CHOCOLATES,NINHO,NESTLE,Y,19173.87,253429.92,0.07565748,0.07565748,275.700,3565.700,0.07732002,597,8,17,0.8045,0.0114,0.1156,OFICIAL
NACIONAL,BRASIL,2025-44,CHOCOLATES,VIVA,FAB_VIVA,N,17575.32,253429.92,0.06934982,0.06934982,167.800,3565.700,0.04705948,759,9,25,0.8045,0.0114,0.1156,OFICIAL
NACIONAL,BRASIL,2025-44,CHOCOLATES,NESQUIK,NESTLE,Y,13245.45,253429.92,0.05226474,0.05226474,340.000,3565.700,0.09535295,586,10,18,0.8045,0.0114,0.1156,OFICIAL
NACIONAL,BRASIL,2025-44,CHOCOLATES,KITKAT,NESTLE,Y,11813.56,253429.92,0.0466147,0.0466147,85.400,3565.700,0.02395042,623,11,19,0.8045,0.0114,0.1156,OFICIAL
NACIONAL,BRASIL,2025-44,CHOCOLATES,MAGGI,NESTLE,Y,8899.99,253429.92,0.03511815,0.03511815,47.300,3565.700,0.01326528,279,12,8,0.8045,0.0114,0.1156,OFICIAL
NACIONAL,BRASIL,2025-44,CHOCOLATES,GAROTO,NESTLE,Y,4875.86,253429.92,0.01923948,0.01923948,59.000,3565.700,0.01654654,118,13,3,0.8045,0.0114,0.1156,OFICIAL
NACIONAL,BRASIL,2025-44,CHOCOLATES,MOCA,NESTLE,Y,3447.52,253429.92,0.01360345,0.01360345,34.200,3565.700,0.00959138,128,14,7,0.8045,0.0114,0.1156,OFICIAL
NACIONAL,BRASIL,2025-44,CULINARIOS,KITKAT,NESTLE,Y,72673.99,339382.93,0.21413567,0.21413567,813.800,4735.200,0.1718618,1779,1,17,0.8045,0.0114,0.1159,OFICIAL
NACIONAL,BRASIL,2025-44,CULINARIOS,VIVA,FAB_VIVA,N,41890.07,339382.93,0.1234301,0.1234301,591.600,4735.200,0.12493664,1729,2,35,0.8045,0.0114,0.1159,OFICIAL
NACIONAL,BRASIL,2025-44,CULINARIOS,BETA,FAB_BETA,N,40931.44,339382.93,0.12060548,0.12060548,593.000,4735.200,0.1252323,1256,3,27,0.8045,0.0114,0.1159,OFICIAL
NACIONAL,BRASIL,2025-44,CULINARIOS,NOVA,FAB_NOVA,N,32235.80,339382.93,0.09498356,0.09498356,397.000,4735.200,0.08384018,1151,4,38,0.8045,0.0114,0.1159,OFICIAL
NACIONAL,BRASIL,2025-44,CULINARIOS,SOLAR,FAB_SOLAR,N,30247.34,339382.93,0.08912452,0.08912452,509.600,4735.200,0.10761953,875,5,17,0.8045,0.0114,0.1159,OFICIAL
NACIONAL,BRASIL,2025-44,CULINARIOS,NINHO,NESTLE,Y,26646.06,339382.93,0.07851326,0.07851326,278.900,4735.200,0.05889931,693,6,11,0.8045,0.0114,0.1159,OFICIAL
NACIONAL,BRASIL,2025-44,CULINARIOS,DELTA,FAB_DELTA,N,22487.95,339382.93,0.06626129,0.06626129,334.500,4735.200,0.07064116,781,7,21,0.8045,0.0114,0.1159,OFICIAL
NACIONAL,BRASIL,2025-44,CULINARIOS,ALPHA,FAB_ALPHA,N,22472.54,339382.93,0.06621588,0.06621588,326.800,4735.200,0.06901504,765,8,15,0.8045,0.0114,0.1159,OFICIAL
NACIONAL,BRASIL,2025-44,CULINARIOS,PRIME,FAB_PRIME,N,22327.40,339382.93,0.06578822,0.06578822,416.700,4735.200,0.08800051,1044,9,25,0.8045,0.0114,0.1159,OFICIAL
NACIONAL,BRASIL,2025-44,CULINARIOS,MOCA,NESTLE,Y,10851.74,339382.93,0.03197491,0.03197491,152.100,4735.200,0.03212114,338,10,12,0.8045,0.0114,0.1159,OFICIAL
NACIONAL,BRASIL,2025-44,CULINARIOS,MAGGI,NESTLE,Y,5687.61,339382.93,0.01675868,0.01675868,79.200,4735.200,0.0167258,210,11,9,0.8045,0.0114,0.1159,OFICIAL
NACIONAL,BRASIL,2025-44,CULINARIOS,GAROTO,NESTLE,Y,4821.19,339382.93,0.01420575,0.01420575,171.400,4735.200,0.03619699,247,12,8,0.8045,0.0114,0.1159,OFICIAL
NACIONAL,BRASIL,2025-44,CULINARIOS,NESQUIK,NESTLE,Y,3322.07,339382.93,0.00978856,0.00978856,39.100,4735.200,0.00825731,103,13,6,0.8045,0.0114,0.1159,OFICIAL
NACIONAL,BRASIL,2025-44,CULINARIOS,NESCAFE,NESTLE,Y,2787.73,339382.93,0.00821411,0.00821411,31.500,4735.200,0.00665231,117,14,7,0.8045,0.0114,0.1159,OFICIAL
NACIONAL,BRASIL,2025-44,LACTEOS,PRIME,FAB_PRIME,N,56800.22,310640.76,0.18284857,0.18284857,743.200,4962.600,0.14976021,1567,1,17,0.8045,0.0114,0.0652,OFICIAL
NACIONAL,BRASIL,2025-44,LACTEOS,DELTA,FAB_DELTA,N,45499.93,310640.76,0.14647122,0.14647122,639.300,4962.600,0.1288236,1532,2,33,0.8045,0.0114,0.0652,OFICIAL
NACIONAL,BRASIL,2025-44,LACTEOS,BETA,FAB_BETA,N,33797.51,310640.76,0.10879934,0.10879934,485.100,4962.600,0.09775118,1091,3,33,0.8045,0.0114,0.0652,OFICIAL
NACIONAL,BRASIL,2025-44,LACTEOS,VIVA,FAB_VIVA,N,28245.06,310640.76,0.09092516,0.09092516,364.800,4962.600,0.07350985,953,4,29,0.8045,0.0114,0.0652,OFICIAL
NACIONAL,BRASIL,2025-44,LACTEOS,SOLAR,FAB_SOLAR,N,26743.01,310640.76,0.08608983,0.08608983,248.100,4962.600,0.04999395,958,5,26,0.8045,0.0114,0.0652,OFICIAL
NACIONAL,BRASIL,2025-44,LACTEOS,GAROTO,NESTLE,Y,25701.27,310640.76,0.08273631,0.08273631,555.200,4962.600,0.11187684,1042,6,21,0.8045,0.0114,0.0652,OFICIAL
NACIONAL,BRASIL,2025-44,LACTEOS,NESQUIK,NESTLE,Y,17817.98,310640.76,0.0573588,0.0573588,208.400,4962.600,0.04199412,706,7,19,0.8045,0.0114,0.0652,OFICIAL
NACIONAL,BRASIL,2025-44,LACTEOS,NOVA,FAB_NOVA,N,16901.31,310640.76,0.0544079,0.0544079,514.100,4962.600,0.10359489,821,8,24,0.8045,0.0114,0.0652,OFICIAL
NACIONAL,BRASIL,2025-44,LACTEOS,NINHO,NESTLE,Y,15776.36,310640.76,0.05078651,0.05078651,329.800,4962.600,0.0664571,528,9,14,0.8045,0.0114,0.0652,OFICIAL
NACIONAL,BRASIL,2025-44,LACTEOS,ALPHA,FAB_ALPHA,N,13225.02,310640.76,0.04257336,0.04257336,308.200,4962.600,0.06210454,522,10,27,0.8045,0.0114,0.0652,OFICIAL
NACIONAL,BRASIL,2025-44,LACTEOS,KITKAT,NESTLE,Y,11027.57,310640.76,0.03549943,0.03549943,176.600,4962.600,0.03558618,365,11,9,0.8045,0.0114,0.0652,OFICIAL
NACIONAL,BRASIL,2025-44,LACTEOS,NESCAFE,NESTLE,Y,8974.18,310640.76,0.02888925,0.02888925,112.300,4962.600,0.02262927,285,12,13,0.8045,0.0114,0.0652,OFICIAL
NACIONAL,BRASIL,2025-44,LACTEOS,MOCA,NESTLE,Y,8248.28,310640.76,0.02655247,0.02655247,212.800,4962.600,0.04288075,288,13,15,0.8045,0.0114,0.0652,OFICIAL
NACIONAL,BRASIL,2025-44,LACTEOS,MAGGI,NESTLE,Y,1883.06,310640.76,0.00606186,0.00606186,64.700,4962.600,0.01303752,231,14,5,0.8045,0.0114,0.0652,OFICIAL
NACIONAL,BRASIL,2025-44,NUTRICAO,PRIME,FAB_PRIME,N,48644.61,272016.60,0.17882956,0.17882956,425.100,3875.200,0.10969756,1511,1,29,0.8045,0.0114,0.0674,OFICIAL
NACIONAL,BRASIL,2025-44,NUTRICAO,NOVA,FAB_NOVA,N,34414.96,272016.60,0.12651787,0.12651787,472.100,3875.200,0.12182597,1295,2,33,0.8045,0.0114,0.0674,OFICIAL
NACIONAL,BRASIL,2025-44,NUTRICAO,NESQUIK,NESTLE,Y,33673.41,272016.60,0.12379175,0.12379175,690.200,3875.200,0.17810694,1818,3,40,0.8045,0.0114,0.0674,OFICIAL
NACIONAL,BRASIL,2025-44,NUTRICAO,KITKAT,NESTLE,Y,30629.75,272016.60,0.1126025,0.1126025,404.900,3875.200,0.10448493,933,4,17,0.8045,0.0114,0.0674,OFICIAL
NACIONAL,BRASIL,2025-44,NUTRICAO,ALPHA,FAB_ALPHA,N,19967.68,272016.60,0.07340611,0.07340611,236.200,3875.200,0.06095169,677,5,23,0.8045,0.0114,0.0674,OFICIAL
NACIONAL,BRASIL,2025-44,NUTRICAO,MOCA,NESTLE,Y,19509.86,272016.60,0.07172305,0.07172305,347.200,3875.200,0.08959538,766,6,16,0.8045,0.0114,0.0674,OFICIAL
NACIONAL,BRASIL,2025-44,NUTRICAO,SOLAR,FAB_SOLAR,N,18808.10,272016.60,0.06914321,0.06914321,357.800,3875.200,0.09233072,649,7,25,0.8045,0.0114,0.0674,OFICIAL
NACIONAL,BRASIL,2025-44,NUTRICAO,DELTA,FAB_DELTA,N,17913.51,272016.60,0.06585447,0.06585447,197.400,3875.200,0.05093931,584,8,23,0.8045,0.0114,0.0674,OFICIAL
NACIONAL,BRASIL,2025-44,NUTRICAO,BETA,FAB_BETA,N,14094.20,272016.60,0.05181375,0.05181375,255.500,3875.200,0.06593208,535,9,24,0.8045,0.0114,0.0674,OFICIAL
NACIONAL,BRASIL,2025-44,NUTRICAO,VIVA,FAB_VIVA,N,10858.02,272016.60,0.03991676,0.03991676,137.100,3875.200,0.03537882,409,10,14,0.8045,0.0114,0.0674,OFICIAL
NACIONAL,BRASIL,2025-44,NUTRICAO,NESCAFE,NESTLE,Y,9717.22,272016.60,0.03572289,0.03572289,107.700,3875.200,0.02779211,386,11,11,0.8045,0.0114,0.0674,OFICIAL
NACIONAL,BRASIL,2025-44,NUTRICAO,GAROTO,NESTLE,Y,6311.50,272016.60,0.02320263,0.02320263,159.800,3875.200,0.04123658,276,12,11,0.8045,0.0114,0.0674,OFICIAL
NACIONAL,BRASIL,2025-44,NUTRICAO,NINHO,NESTLE,Y,5560.83,272016.60,0.02044298,0.02044298,60.400,3875.200,0.01558629,258,13,12,0.8045,0.0114,0.0674,OFICIAL
NACIONAL,BRASIL,2025-44,NUTRICAO,MAGGI,NESTLE,Y,1912.95,272016.60,0.00703248,0.00703248,23.800,3875.200,0.00614162,58,14,5,0.8045,0.0114,0.0674,OFICIAL
NACIONAL,BRASIL,2025-45,BEBIDAS,DELTA,FAB_DELTA,N,34398.51,263082.23,0.13075193,0.13075193,707.000,4819.800,0.14668658,1161,1,24,0.8109,0.0116,0.1761,OFICIAL
NACIONAL,BRASIL,2025-45,BEBIDAS,SOLAR,FAB_SOLAR,N,32871.28,263082.23,0.12494679,0.12494679,581.900,4819.800,0.12073115,1299,2,31,0.8109,0.0116,0.1761,OFICIAL
NACIONAL,BRASIL,2025-45,BEBIDAS,NESCAFE,NESTLE,Y,28548.32,263082.23,0.10851482,0.10851482,563.900,4819.800,0.11699656,1631,3,29,0.8109,0.0116,0.1761,OFICIAL
NACIONAL,BRASIL,2025-45,BEBIDAS,NINHO,NESTLE,Y,25404.30,263082.23,0.0965641,0.0965641,565.800,4819.800,0.11739076,1617,4,34,0.8109,0.0116,0.1761,OFICIAL
NACIONAL,BRASIL,2025-45,BEBIDAS,MOCA,NESTLE,Y,23981.19,263082.23,0.09115473,0.09115473,301.900,4819.800,0.06263745,834,5,11,0.8109,0.0116,0.1761,OFICIAL
NACIONAL,BRASIL,2025-45,BEBIDAS,MAGGI,NESTLE,Y,19656.40,263082.23,0.0747158,0.0747158,249.800,4819.800,0.05182788,482,6,9,0.8109,0.0116,0.1761,OFICIAL
NACIONAL,BRASIL,2025-45,BEBIDAS,PRIME,FAB_PRIME,N,17724.13,263082.23,0.06737106,0.06737106,422.400,4819.800,0.08763849,591,7,16,0.8109,0.0116,0.1761,OFICIAL
NACIONAL,BRASIL,2025-45,BEBIDAS,NESQUIK,NESTLE,Y,14076.38,263082.23,0.05350563,0.05350563,309.600,4819.800,0.06423503,621,8,16,0.8109,0.0116,0.1761,OFICIAL
NACIONAL,BRASIL,2025-45,BEBIDAS,VIVA,FAB_VIVA,N,13956.45,263082.23,0.05304976,0.05304976,208.900,4819.800,0.04334205,467,9,20,0.8109,0.0116,0.1761,OFICIAL
NACIONAL,BRASIL,2025-45,BEBIDAS,BETA,FAB_BETA,N,13942.85,263082.23,0.05299807,0.05299807,203.800,4819.800,0.04228391,681,10,24,0.8109,0.0116,0.1761,OFICIAL
NACIONAL,BRASIL,2025-45,BEBIDAS,ALPHA,FAB_ALPHA,N,12703.28,263082.23,0.04828635,0.04828635,302.500,4819.800,0.06276194,725,11,11,0.8109,0.0116,0.1761,OFICIAL
NACIONAL,BRASIL,2025-45,BEBIDAS,NOVA,FAB_NOVA,N,9737.75,263082.23,0.03701409,0.03701409,157.000,4819.800,0.03257397,374,12,15,0.8109,0.0116,0.1761,OFICIAL
NACIONAL,BRASIL,2025-45,BEBIDAS,GAROTO,NESTLE,Y,8809.89,263082.23,0.03348721,0.03348721,150.200,4819.800,0.03116312,355,13,16,0.8109,0.0116,0.1761,OFICIAL
NACIONAL,BRASIL,2025-45,BEBIDAS,KITKAT,NESTLE,Y,7271.50,263082.23,0.02763965,0.02763965,95.100,4819.800,0.01973111,97,14,4,0.8109,0.0116,0.1761,OFICIAL
NACIONAL,BRASIL,2025-45,CHOCOLATES,NOVA,FAB_NOVA,N,75621.69,382760.12,0.19756941,0.19756941,713.900,5102.200,0.13992003,2710,1,30,0.8109,0.0116,0.1551,OFICIAL
NACIONAL,BRASIL,2025-45,CHOCOLATES,SOLAR,FAB_SOLAR,N,47132.88,382760.12,0.12313947,0.12313947,672.000,5102.200,0.13170789,2203,2,26,0.8109,0.0116,0.1551,OFICIAL
NACIONAL,BRASIL,2025-45,CHOCOLATES,PRIME,FAB_PRIME,N,37061.00,382760.12,0.09682566,0.09682566,456.000,5102.200,0.08937321,1114,3,27,0.8109,0.0116,0.1551,OFICIAL
NACIONAL,BRASIL,2025-45,CHOCOLATES,VIVA,FAB_VIVA,N,33293.19,382760.12,0.08698187,0.08698187,478.200,5102.200,0.09372428,973,4,26,0.8109,0.0116,0.1551,OFICIAL
NACIONAL,BRASIL,2025-45,CHOCOLATES,DELTA,FAB_DELTA,N,32729.91,382760.12,0.08551024,0.08551024,462.300,5102.200,0.09060797,1031,5,24,0.8109,0.0116,0.1551,OFICIAL
NACIONAL,BRASIL,2025-45,CHOCOLATES,NESQUIK,NESTLE,Y,23351.34,382760.12,0.06100777,0.06100777,346.000,5102.200,0.06781388,637,6,15,0.8109,0.0116,0.1551,OFICIAL
NACIONAL,BRASIL,2025-45,CHOCOLATES,BETA,FAB_BETA,N,20988.02,382760.12,0.05483335,0.05483335,329.300,5102.200,0.06454079,657,7,25,0.8109,0.0116,0.1551,OFICIAL
NACIONAL,BRASIL,2025-45,CHOCOLATES,NINHO,NESTLE,Y,19109.39,382760.12,0.04992524,0.04992524,207.900,5102.200,0.04074713,667,8,16,0.8109,0.0116,0.1551,OFICIAL
NACIONAL,BRASIL,2025-45,CHOCOLATES,MOCA,NESTLE,Y,18256.30,382760.12,0.04769645,0.04769645,243.200,5102.200,0.04766571,491,9,10,0.8109,0.0116,0.1551,OFICIAL
NACIONAL,BRASIL,2025-45,CHOCOLATES,ALPHA,FAB_ALPHA,N,17679.34,382760.12,0.04618909,0.04618909,295.700,5102.200,0.05795539,589,10,23,0.8109,0.0116,0.1551,OFICIAL
NACIONAL,BRASIL,2025-45,CHOCOLATES,MAGGI,NESTLE,Y,16914.24,382760.12,0.04419018,0.04419018,313.100,5102.200,0.06136569,470,11,13,0.8109,0.0116,0.1551,OFICIAL
NACIONAL,BRASIL,2025-45,CHOCOLATES,NESCAFE,NESTLE,Y,15456.86,382760.12,0.04038263,0.04038263,259.600,5102.200,0.05088001,503,12,16,0.8109,0.0116,0.1551,OFICIAL
NACIONAL,BRASIL,2025-45,CHOCOLATES,GAROTO,NESTLE,Y,13766.13,382760.12,0.03596542,0.03596542,186.000,5102.200,0.03645486,452,13,8,0.8109,0.0116,0.1551,OFICIAL
NACIONAL,BRASIL,2025-45,CHOCOLATES,KITKAT,NESTLE,Y,11399.83,382760.12,0.02978322,0.02978322,139.000,5102.200,0.02724315,436,14,15,0.8109,0.0116,0.1551,OFICIAL
NACIONAL,BRASIL,2025-45,CULINARIOS,BETA,FAB_BETA,N,39090.15,244483.82,0.15988849,0.15988849,596.400,3803.100,0.15681944,1242,1,29,0.8109,0.0116,0.0712,OFICIAL
NACIONAL,BRASIL,2025-45,CULINARIOS,MAGGI,NESTLE,Y,28051.77,244483.82,0.11473876,0.11473876,567.000,3803.100,0.1490889,1097,2,20,0.8109,0.0116,0.0712,OFICIAL
NACIONAL,BRASIL,2025-45,CULINARIOS,PRIME,FAB_PRIME,N,23144.95,244483.82,0.09466864,0.09466864,356.600,3803.100,0.09376561,752,3,24,0.8109,0.0116,0.0712,OFICIAL
NACIONAL,BRASIL,2025-45,CULINARIOS,ALPHA,FAB_ALPHA,N,23060.09,244483.82,0.09432154,0.09432154,135.200,3803.100,0.03554995,664,4,16,0.8109,0.0116,0.0712,OFICIAL
NACIONAL,BRASIL,2025-45,CULINARIOS,VIVA,FAB_VIVA,N,22159.38,244483.82,0.09063741,0.09063741,436.400,3803.100,0.11474849,814,5,25,0.8109,0.0116,0.0712,OFICIAL
NACIONAL,BRASIL,2025-45,CULINARIOS,NOVA,FAB_NOVA,N,19803.19,244483.82,0.081,0.081,273.400,3803.100,0.07188872,879,6,35,0.8109,0.0116,0.0712,OFICIAL
NACIONAL,BRASIL,2025-45,CULINARIOS,GAROTO,NESTLE,Y,18110.82,244483.82,0.07407779,0.07407779,232.400,3803.100,0.06110804,451,7,11,0.8109,0.0116,0.0712,OFICIAL
NACIONAL,BRASIL,2025-45,CULINARIOS,NINHO,NESTLE,Y,16641.90,244483.82,0.06806954,0.06806954,283.100,3803.100,0.07443927,480,8,15,0.8109,0.0116,0.0712,OFICIAL
NACIONAL,BRASIL,2025-45,CULINARIOS,SOLAR,FAB_SOLAR,N,16101.96,244483.82,0.06586105,0.06586105,173.200,3803.100,0.04554179,475,9,14,0.8109,0.0116,0.0712,OFICIAL
NACIONAL,BRASIL,2025-45,CULINARIOS,DELTA,FAB_DELTA,N,15040.39,244483.82,0.06151896,0.06151896,323.100,3803.100,0.08495701,522,10,16,0.8109,0.0116,0.0712,OFICIAL
NACIONAL,BRASIL,2025-45,CULINARIOS,KITKAT,NESTLE,Y,8896.87,244483.82,0.03639042,0.03639042,222.700,3803.100,0.05855749,409,11,9,0.8109,0.0116,0.0712,OFICIAL
NACIONAL,BRASIL,2025-45,CULINARIOS,NESCAFE,NESTLE,Y,6524.15,244483.82,0.02668541,0.02668541,87.500,3803.100,0.02300755,251,12,8,0.8109,0.0116,0.0712,OFICIAL
NACIONAL,BRASIL,2025-45,CULINARIOS,MOCA,NESTLE,Y,4306.89,244483.82,0.01761626,0.01761626,37.100,3803.100,0.0097552,134,13,7,0.8109,0.0116,0.0712,OFICIAL
NACIONAL,BRASIL,2025-45,CULINARIOS,NESQUIK,NESTLE,Y,3551.31,244483.82,0.01452575,0.01452575,79.000,3803.100,0.02077253,162,14,8,0.8109,0.0116,0.0712,OFICIAL
NACIONAL,BRASIL,2025-45,LACTEOS,SOLAR,FAB_SOLAR,N,40394.17,324081.54,0.124642,0.124642,698.000,4903.100,0.14235892,1428,1,36,0.8109,0.0116,0.0354,OFICIAL
NACIONAL,BRASIL,2025-45,LACTEOS,DELTA,FAB_DELTA,N,36997.96,324081.54,0.1141625,0.1141625,543.100,4903.100,0.11076666,1124,2,42,0.8109,0.0116,0.0354,OFICIAL
NACIONAL,BRASIL,2025-45,LACTEOS,BETA,FAB_BETA,N,36313.89,324081.54,0.11205171,0.11205171,655.900,4903.100,0.13377251,1139,3,28,0.8109,0.0116,0.0354,OFICIAL
NACIONAL,BRASIL,2025-45,LACTEOS,MOCA,NESTLE,Y,34380.76,324081.54,0.10608676,0.10608676,305.700,4903.100,0.06234831,1076,4,23,0.8109,0.0116,0.0354,OFICIAL
NACIONAL,BRASIL,2025-45,LACTEOS,ALPHA,FAB_ALPHA,N,27460.29,324081.54,0.08473266,0.08473266,395.800,4903.100,0.08072444,890,5,19,0.8109,0.0116,0.0354,OFICIAL
NACIONAL,BRASIL,2025-45,LACTEOS,VIVA,FAB_VIVA,N,24140.22,324081.54,0.07448811,0.07448811,475.400,4903.100,0.09695907,932,6,27,0.8109,0.0116,0.0354,OFICIAL
NACIONAL,BRASIL,2025-45,LACTEOS,NOVA,FAB_NOVA,N,22296.72,324081.54,0.06879972,0.06879972,216.300,4903.100,0.04411495,681,7,28,0.8109,0.0116,0.0354,OFICIAL
NACIONAL,BRASIL,2025-45,LACTEOS,GAROTO,NESTLE,Y,20654.51,324081.54,0.06373245,0.06373245,345.900,4903.100,0.0705472,829,8,22,0.8109,0.0116,0.0354,OFICIAL
NACIONAL,BRASIL,2025-45,LACTEOS,PRIME,FAB_PRIME,N,19364.30,324081.54,0.05975132,0.05975132,267.000,4903.100,0.05445534,789,9,15,0.8109,0.0116,0.0354,OFICIAL
NACIONAL,BRASIL,2025-45,LACTEOS,NESQUIK,NESTLE,Y,14303.63,324081.54,0.0441359,0.0441359,356.800,4903.100,0.07277029,671,10,11,0.8109,0.0116,0.0354,OFICIAL
NACIONAL,BRASIL,2025-45,LACTEOS,KITKAT,NESTLE,Y,13934.58,324081.54,0.04299714,0.04299714,63.300,4903.100,0.0129102,349,11,7,0.8109,0.0116,0.0354,OFICIAL
NACIONAL,BRASIL,2025-45,LACTEOS,NINHO,NESTLE,Y,13820.07,324081.54,0.04264381,0.04264381,206.800,4903.100,0.0421774,456,12,15,0.8109,0.0116,0.0354,OFICIAL
NACIONAL,BRASIL,2025-45,LACTEOS,MAGGI,NESTLE,Y,12904.83,324081.54,0.0398197,0.0398197,213.200,4903.100,0.04348269,508,13,13,0.8109,0.0116,0.0354,OFICIAL
NACIONAL,BRASIL,2025-45,LACTEOS,NESCAFE,NESTLE,Y,7115.61,324081.54,0.02195623,0.02195623,159.900,4903.100,0.03261202,258,14,9,0.8109,0.0116,0.0354,OFICIAL
NACIONAL,BRASIL,2025-45,NUTRICAO,BETA,FAB_BETA,N,47642.91,343191.63,0.13882305,0.13882305,798.600,5572.100,0.14332119,1265,1,31,0.8109,0.0116,0.0501,OFICIAL
NACIONAL,BRASIL,2025-45,NUTRICAO,PRIME,FAB_PRIME,N,39172.69,343191.63,0.11414232,0.11414232,662.400,5572.100,0.11887798,1196,2,28,0.8109,0.0116,0.0501,OFICIAL
NACIONAL,BRASIL,2025-45,NUTRICAO,DELTA,FAB_DELTA,N,37078.08,343191.63,0.108039,0.108039,649.300,5572.100,0.11652698,1356,3,34,0.8109,0.0116,0.0501,OFICIAL
NACIONAL,BRASIL,2025-45,NUTRICAO,NESCAFE,NESTLE,Y,33638.59,343191.63,0.09801693,0.09801693,413.800,5572.100,0.07426285,826,4,11,0.8109,0.0116,0.0501,OFICIAL
NACIONAL,BRASIL,2025-45,NUTRICAO,NESQUIK,NESTLE,Y,29967.07,343191.63,0.08731877,0.08731877,665.900,5572.100,0.11950611,1735,5,38,0.8109,0.0116,0.0501,OFICIAL
NACIONAL,BRASIL,2025-45,NUTRICAO,ALPHA,FAB_ALPHA,N,27189.19,343191.63,0.07922451,0.07922451,405.100,5572.100,0.07270149,944,6,21,0.8109,0.0116,0.0501,OFICIAL
NACIONAL,BRASIL,2025-45,NUTRICAO,MOCA,NESTLE,Y,26756.56,343191.63,0.07796391,0.07796391,279.400,5572.100,0.05014268,1109,7,22,0.8109,0.0116,0.0501,OFICIAL
NACIONAL,BRASIL,2025-45,NUTRICAO,NOVA,FAB_NOVA,N,24145.64,343191.63,0.07035614,0.07035614,371.300,5572.100,0.06663556,888,8,29,0.8109,0.0116,0.0501,OFICIAL
NACIONAL,BRASIL,2025-45,NUTRICAO,SOLAR,FAB_SOLAR,N,23276.87,343191.63,0.0678247,0.0678247,404.800,5572.100,0.07264766,846,9,26,0.8109,0.0116,0.0501,OFICIAL
NACIONAL,BRASIL,2025-45,NUTRICAO,VIVA,FAB_VIVA,N,21909.44,343191.63,0.06384025,0.06384025,176.800,5572.100,0.03172951,588,10,16,0.8109,0.0116,0.0501,OFICIAL
NACIONAL,BRASIL,2025-45,NUTRICAO,KITKAT,NESTLE,Y,17419.95,343191.63,0.05075867,0.05075867,536.900,5572.100,0.09635505,808,11,20,0.8109,0.0116,0.0501,OFICIAL
NACIONAL,BRASIL,2025-45,NUTRICAO,NINHO,NESTLE,Y,8133.54,343191.63,0.0236997,0.0236997,160.100,5572.100,0.02873243,281,12,9,0.8109,0.0116,0.0501,OFICIAL
NACIONAL,BRASIL,2025-45,NUTRICAO,MAGGI,NESTLE,Y,5393.87,343191.63,0.01571679,0.01571679,10.700,5572.100,0.00192028,107,13,1,0.8109,0.0116,0.0501,OFICIAL
NACIONAL,BRASIL,2025-45,NUTRICAO,GAROTO,NESTLE,Y,1467.23,343191.63,0.00427525,0.00427525,37.000,5572.100,0.00664023,87,14,4,0.8109,0.0116,0.0501,OFICIAL
NACIONAL,BRASIL,2025-46,BEBIDAS,SOLAR,FAB_SOLAR,N,48132.25,313291.66,0.153634,0.153634,681.400,5198.500,0.13107627,1397,1,35,0.8361,0.0145,0.1609,OFICIAL
NACIONAL,BRASIL,2025-46,BEBIDAS,PRIME,FAB_PRIME,N,38320.65,313291.66,0.12231621,0.12231621,593.000,5198.500,0.11407137,1482,2,28,0.8361,0.0145,0.1609,OFICIAL
NACIONAL,BRASIL,2025-46,BEBIDAS,NESCAFE,NESTLE,Y,37195.75,313291.66,0.11872563,0.11872563,836.300,5198.500,0.16087333,2205,3,30,0.8361,0.0145,0.1609,OFICIAL
NACIONAL,BRASIL,2025-46,BEBIDAS,NINHO,NESTLE,Y,34271.54,313291.66,0.1093918,0.1093918,899.300,5198.500,0.17299221,2291,4,40,0.8361,0.0145,0.1609,OFICIAL
NACIONAL,BRASIL,2025-46,BEBIDAS,VIVA,FAB_VIVA,N,33491.29,313291.66,0.10690131,0.10690131,691.000,5198.500,0.13292296,943,5,22,0.8361,0.0145,0.1609,OFICIAL
NACIONAL,BRASIL,2025-46,BEBIDAS,BETA,FAB_BETA,N,27905.05,313291.66,0.08907052,0.08907052,197.200,5198.500,0.03793402,651,6,21,0.8361,0.0145,0.1609,OFICIAL
NACIONAL,BRASIL,2025-46,BEBIDAS,ALPHA,FAB_ALPHA,N,20399.90,313291.66,0.06511472,0.06511472,280.900,5198.500,0.05403482,627,7,16,0.8361,0.0145,0.1609,OFICIAL
NACIONAL,BRASIL,2025-46,BEBIDAS,NOVA,FAB_NOVA,N,18969.63,313291.66,0.06054943,0.06054943,253.300,5198.500,0.04872559,773,8,21,0.8361,0.0145,0.1609,OFICIAL
NACIONAL,BRASIL,2025-46,BEBIDAS,KITKAT,NESTLE,Y,13730.09,313291.66,0.04382526,0.04382526,183.600,5198.500,0.03531788,348,9,7,0.8361,0.0145,0.1609,OFICIAL
NACIONAL,BRASIL,2025-46,BEBIDAS,NESQUIK,NESTLE,Y,11998.70,313291.66,0.03829882,0.03829882,147.400,5198.500,0.02835433,521,10,15,0.8361,0.0145,0.1609,OFICIAL
NACIONAL,BRASIL,2025-46,BEBIDAS,DELTA,FAB_DELTA,N,10632.20,313291.66,0.03393707,0.03393707,218.500,5198.500,0.04203136,496,11,18,0.8361,0.0145,0.1609,OFICIAL
NACIONAL,BRASIL,2025-46,BEBIDAS,GAROTO,NESTLE,Y,8598.39,313291.66,0.02744532,0.02744532,87.100,5198.500,0.01675483,268,12,7,0.8361,0.0145,0.1609,OFICIAL
NACIONAL,BRASIL,2025-46,BEBIDAS,MAGGI,NESTLE,Y,7097.16,313291.66,0.02265352,0.02265352,91.900,5198.500,0.01767818,250,13,7,0.8361,0.0145,0.1609,OFICIAL
NACIONAL,BRASIL,2025-46,BEBIDAS,MOCA,NESTLE,Y,2549.06,313291.66,0.00813638,0.00813638,37.600,5198.500,0.00723286,198,14,7,0.8361,0.0145,0.1609,OFICIAL
NACIONAL,BRASIL,2025-46,CHOCOLATES,NOVA,FAB_NOVA,N,40872.24,294935.76,0.13858014,0.13858014,606.700,4895.800,0.12392255,1373,1,36,0.8361,0.0145,0.0686,OFICIAL
NACIONAL,BRASIL,2025-46,CHOCOLATES,PRIME,FAB_PRIME,N,37656.04,294935.76,0.1276754,0.1276754,506.300,4895.800,0.10341517,1279,2,28,0.8361,0.0145,0.0686,OFICIAL
NACIONAL,BRASIL,2025-46,CHOCOLATES,VIVA,FAB_VIVA,N,30320.46,294935.76,0.10280361,0.10280361,564.000,4895.800,0.11520078,1100,3,24,0.8361,0.0145,0.0686,OFICIAL
NACIONAL,BRASIL,2025-46,CHOCOLATES,DELTA,FAB_DELTA,N,30086.39,294935.76,0.10200998,0.10200998,474.200,4895.800,0.09685853,847,4,18,0.8361,0.0145,0.0686,OFICIAL
NACIONAL,BRASIL,2025-46,CHOCOLATES,ALPHA,FAB_ALPHA,N,26094.05,294935.76,0.08847367,0.08847367,608.500,4895.800,0.12429021,1004,5,26,0.8361,0.0145,0.0686,OFICIAL
NACIONAL,BRASIL,2025-46,CHOCOLATES,BETA,FAB_BETA,N,25828.94,294935.76,0.0875748,0.0875748,391.700,4895.800,0.08000735,963,6,27,0.8361,0.0145,0.0686,OFICIAL
NACIONAL,BRASIL,2025-46,CHOCOLATES,NESQUIK,NESTLE,Y,22705.83,294935.76,0.07698568,0.07698568,323.800,4895.800,0.06613832,818,7,16,0.8361,0.0145,0.0686,OFICIAL
NACIONAL,BRASIL,2025-46,CHOCOLATES,MOCA,NESTLE,Y,17579.87,294935.76,0.05960576,0.05960576,118.800,4895.800,0.0242657,468,8,13,0.8361,0.0145,0.0686,OFICIAL
NACIONAL,BRASIL,2025-46,CHOCOLATES,SOLAR,FAB_SOLAR,N,14829.30,294935.76,0.05027976,0.05027976,204.900,4895.800,0.0418522,443,9,17,0.8361,0.0145,0.0686,OFICIAL
NACIONAL,BRASIL,2025-46,CHOCOLATES,MAGGI,NESTLE,Y,13759.93,294935.76,0.04665399,0.04665399,291.100,4895.800,0.05945913,424,10,13,0.8361,0.0145,0.0686,OFICIAL
NACIONAL,BRASIL,2025-46,CHOCOLATES,NESCAFE,NESTLE,Y,12651.09,294935.76,0.04289439,0.04289439,284.300,4895.800,0.05807018,616,11,18,0.8361,0.0145,0.0686,OFICIAL
NACIONAL,BRASIL,2025-46,CHOCOLATES,NINHO,NESTLE,Y,8780.20,294935.76,0.02976987,0.02976987,149.500,4895.800,0.03053638,312,12,15,0.8361,0.0145,0.0686,OFICIAL
NACIONAL,BRASIL,2025-46,CHOCOLATES,KITKAT,NESTLE,Y,8077.56,294935.76,0.02738752,0.02738752,158.100,4895.800,0.03229299,477,13,13,0.8361,0.0145,0.0686,OFICIAL
NACIONAL,BRASIL,2025-46,CHOCOLATES,GAROTO,NESTLE,Y,5693.86,294935.76,0.01930542,0.01930542,213.900,4895.800,0.04369051,219,14,6,0.8361,0.0145,0.0686,OFICIAL
NACIONAL,BRASIL,2025-46,CULINARIOS,NOVA,FAB_NOVA,N,49871.70,324996.72,0.15345293,0.15345293,840.800,4799.400,0.17518857,1844,1,31,0.8361,0.0145,0.0903,OFICIAL
NACIONAL,BRASIL,2025-46,CULINARIOS,VIVA,FAB_VIVA,N,39732.05,324996.72,0.1222537,0.1222537,838.900,4799.400,0.17479268,1414,2,31,0.8361,0.0145,0.0903,OFICIAL
NACIONAL,BRASIL,2025-46,CULINARIOS,MOCA,NESTLE,Y,35304.95,324996.72,0.10863171,0.10863171,430.200,4799.400,0.0896362,877,3,19,0.8361,0.0145,0.0903,OFICIAL
NACIONAL,BRASIL,2025-46,CULINARIOS,GAROTO,NESTLE,Y,34928.86,324996.72,0.1074745,0.1074745,483.100,4799.400,0.10065842,799,4,13,0.8361,0.0145,0.0903,OFICIAL
NACIONAL,BRASIL,2025-46,CULINARIOS,ALPHA,FAB_ALPHA,N,33770.15,324996.72,0.1039092,0.1039092,322.000,4799.400,0.06709172,965,5,14,0.8361,0.0145,0.0903,OFICIAL
NACIONAL,BRASIL,2025-46,CULINARIOS,KITKAT,NESTLE,Y,29192.05,324996.72,0.0898226,0.0898226,260.300,4799.400,0.05423595,699,6,10,0.8361,0.0145,0.0903,OFICIAL
NACIONAL,BRASIL,2025-46,CULINARIOS,BETA,FAB_BETA,N,28214.96,324996.72,0.08681614,0.08681614,433.200,4799.400,0.09026128,1017,7,36,0.8361,0.0145,0.0903,OFICIAL
NACIONAL,BRASIL,2025-46,CULINARIOS,PRIME,FAB_PRIME,N,16605.70,324996.72,0.05109498,0.05109498,281.800,4799.400,0.05871567,609,8,16,0.8361,0.0145,0.0903,OFICIAL
NACIONAL,BRASIL,2025-46,CULINARIOS,MAGGI,NESTLE,Y,14838.48,324996.72,0.04565732,0.04565732,329.800,4799.400,0.06871692,414,9,12,0.8361,0.0145,0.0903,OFICIAL
NACIONAL,BRASIL,2025-46,CULINARIOS,SOLAR,FAB_SOLAR,N,13293.74,324996.72,0.04090423,0.04090423,147.000,4799.400,0.03062883,453,10,15,0.8361,0.0145,0.0903,OFICIAL
NACIONAL,BRASIL,2025-46,CULINARIOS,NESQUIK,NESTLE,Y,10528.04,324996.72,0.0323943,0.0323943,43.300,4799.400,0.00902196,265,11,8,0.8361,0.0145,0.0903,OFICIAL
NACIONAL,BRASIL,2025-46,CULINARIOS,NINHO,NESTLE,Y,8140.18,324996.72,0.02504696,0.02504696,89.000,4799.400,0.01854398,210,12,8,0.8361,0.0145,0.0903,OFICIAL
NACIONAL,BRASIL,2025-46,CULINARIOS,DELTA,FAB_DELTA,N,5516.19,324996.72,0.01697306,0.01697306,94.000,4799.400,0.01958578,229,13,13,0.8361,0.0145,0.0903,OFICIAL
NACIONAL,BRASIL,2025-46,CULINARIOS,NESCAFE,NESTLE,Y,5059.67,324996.72,0.01556837,0.01556837,206.000,4799.400,0.04292203,223,14,4,0.8361,0.0145,0.0903,OFICIAL
NACIONAL,BRASIL,2025-46,LACTEOS,ALPHA,FAB_ALPHA,N,69844.12,363666.53,0.1920554,0.1920554,981.000,5479.200,0.17904074,2519,1,36,0.8361,0.0145,0.0222,OFICIAL
NACIONAL,BRASIL,2025-46,LACTEOS,BETA,FAB_BETA,N,58998.58,363666.53,0.16223264,0.16223264,1068.200,5479.200,0.19495547,2179,2,31,0.8361,0.0145,0.0222,OFICIAL
NACIONAL,BRASIL,2025-46,LACTEOS,VIVA,FAB_VIVA,N,39537.98,363666.53,0.10872043,0.10872043,687.100,5479.200,0.12540152,1618,3,32,0.8361,0.0145,0.0222,OFICIAL
NACIONAL,BRASIL,2025-46,LACTEOS,PRIME,FAB_PRIME,N,30525.63,363666.53,0.08393852,0.08393852,426.200,5479.200,0.07778508,1102,4,21,0.8361,0.0145,0.0222,OFICIAL
NACIONAL,BRASIL,2025-46,LACTEOS,SOLAR,FAB_SOLAR,N,30081.49,363666.53,0.08271724,0.08271724,462.300,5479.200,0.08437363,1090,5,31,0.8361,0.0145,0.0222,OFICIAL
NACIONAL,BRASIL,2025-46,LACTEOS,NESQUIK,NESTLE,Y,26684.13,363666.53,0.07337527,0.07337527,364.400,5479.200,0.06650606,620,6,14,0.8361,0.0145,0.0222,OFICIAL
NACIONAL,BRASIL,2025-46,LACTEOS,NESCAFE,NESTLE,Y,22411.90,363666.53,0.06162761,0.06162761,122.700,5479.200,0.02239378,713,7,13,0.8361,0.0145,0.0222,OFICIAL
NACIONAL,BRASIL,2025-46,LACTEOS,DELTA,FAB_DELTA,N,22226.38,363666.53,0.06111747,0.06111747,412.500,5479.200,0.07528471,833,8,31,0.8361,0.0145,0.0222,OFICIAL
NACIONAL,BRASIL,2025-46,LACTEOS,NOVA,FAB_NOVA,N,18419.58,363666.53,0.05064964,0.05064964,242.600,5479.200,0.04427654,520,9,21,0.8361,0.0145,0.0222,OFICIAL
NACIONAL,BRASIL,2025-46,LACTEOS,NINHO,NESTLE,Y,13001.19,363666.53,0.03575031,0.03575031,250.300,5479.200,0.04568185,521,10,11,0.8361,0.0145,0.0222,OFICIAL
NACIONAL,BRASIL,2025-46,LACTEOS,MOCA,NESTLE,Y,12013.91,363666.53,0.03303551,0.03303551,93.900,5479.200,0.01713754,357,11,14,0.8361,0.0145,0.0222,OFICIAL
NACIONAL,BRASIL,2025-46,LACTEOS,KITKAT,NESTLE,Y,10002.94,363666.53,0.0275058,0.0275058,122.500,5479.200,0.02235728,374,12,9,0.8361,0.0145,0.0222,OFICIAL
NACIONAL,BRASIL,2025-46,LACTEOS,MAGGI,NESTLE,Y,5604.18,363666.53,0.01541022,0.01541022,113.700,5479.200,0.0207512,289,13,11,0.8361,0.0145,0.0222,OFICIAL
NACIONAL,BRASIL,2025-46,LACTEOS,GAROTO,NESTLE,Y,4314.52,363666.53,0.01186395,0.01186395,131.800,5479.200,0.02405461,271,14,7,0.8361,0.0145,0.0222,OFICIAL
NACIONAL,BRASIL,2025-46,NUTRICAO,PRIME,FAB_PRIME,N,43911.40,304333.70,0.14428701,0.14428701,689.500,5232.900,0.1317625,1377,1,28,0.8361,0.0145,0.0919,OFICIAL
NACIONAL,BRASIL,2025-46,NUTRICAO,NOVA,FAB_NOVA,N,32511.25,304333.70,0.10682764,0.10682764,726.200,5232.900,0.13877582,1063,2,28,0.8361,0.0145,0.0919,OFICIAL
NACIONAL,BRASIL,2025-46,NUTRICAO,NESQUIK,NESTLE,Y,29497.31,304333.70,0.09692423,0.09692423,780.200,5232.900,0.14909515,2230,3,41,0.8361,0.0145,0.0919,OFICIAL
NACIONAL,BRASIL,2025-46,NUTRICAO,SOLAR,FAB_SOLAR,N,28847.93,304333.70,0.09479046,0.09479046,442.800,5232.900,0.08461847,784,4,22,0.8361,0.0145,0.0919,OFICIAL
NACIONAL,BRASIL,2025-46,NUTRICAO,ALPHA,FAB_ALPHA,N,27456.27,304333.70,0.09021765,0.09021765,394.900,5232.900,0.07546485,859,5,34,0.8361,0.0145,0.0919,OFICIAL
NACIONAL,BRASIL,2025-46,NUTRICAO,NINHO,NESTLE,Y,22210.42,304333.70,0.07298048,0.07298048,285.800,5232.900,0.05461599,645,6,15,0.8361,0.0145,0.0919,OFICIAL
NACIONAL,BRASIL,2025-46,NUTRICAO,BETA,FAB_BETA,N,21232.95,304333.70,0.06976865,0.06976865,326.300,5232.900,0.06235548,942,7,32,0.8361,0.0145,0.0919,OFICIAL
NACIONAL,BRASIL,2025-46,NUTRICAO,GAROTO,NESTLE,Y,20194.40,304333.70,0.06635611,0.06635611,310.600,5232.900,0.05935523,633,8,16,0.8361,0.0145,0.0919,OFICIAL
NACIONAL,BRASIL,2025-46,NUTRICAO,NESCAFE,NESTLE,Y,16346.54,304333.70,0.05371255,0.05371255,143.800,5232.900,0.02747998,381,9,7,0.8361,0.0145,0.0919,OFICIAL
NACIONAL,BRASIL,2025-46,NUTRICAO,KITKAT,NESTLE,Y,15676.67,304333.70,0.05151145,0.05151145,229.700,5232.900,0.04389535,460,10,17,0.8361,0.0145,0.0919,OFICIAL
NACIONAL,BRASIL,2025-46,NUTRICAO,DELTA,FAB_DELTA,N,14725.70,304333.70,0.04838669,0.04838669,243.900,5232.900,0.04660895,624,11,22,0.8361,0.0145,0.0919,OFICIAL
NACIONAL,BRASIL,2025-46,NUTRICAO,MOCA,NESTLE,Y,13021.42,304333.70,0.04278665,0.04278665,156.900,5232.900,0.02998337,472,12,12,0.8361,0.0145,0.0919,OFICIAL
NACIONAL,BRASIL,2025-46,NUTRICAO,VIVA,FAB_VIVA,N,11959.27,304333.70,0.03929657,0.03929657,409.000,5232.900,0.07815934,615,13,18,0.8361,0.0145,0.0919,OFICIAL
NACIONAL,BRASIL,2025-46,NUTRICAO,MAGGI,NESTLE,Y,6742.17,304333.70,0.02215387,0.02215387,93.300,5232.900,0.0178295,276,14,10,0.8361,0.0145,0.0919,OFICIAL
NACIONAL,BRASIL,2025-47,BEBIDAS,SOLAR,FAB_SOLAR,N,39359.58,321397.46,0.12246388,0.12246388,604.900,5264.500,0.1149017,1313,1,31,0.8231,0.0131,0.1424,OFICIAL
NACIONAL,BRASIL,2025-47,BEBIDAS,DELTA,FAB_DELTA,N,35478.11,321397.46,0.11038703,0.11038703,436.400,5264.500,0.08289486,1011,2,26,0.8231,0.0131,0.1424,OFICIAL
NACIONAL,BRASIL,2025-47,BEBIDAS,NINHO,NESTLE,Y,35458.11,321397.46,0.1103248,0.1103248,795.000,5264.500,0.15101149,2273,3,36,0.8231,0.0131,0.1424,OFICIAL
NACIONAL,BRASIL,2025-47,BEBIDAS,NESCAFE,NESTLE,Y,33909.24,321397.46,0.10550563,0.10550563,651.300,5264.500,0.12371545,2090,4,28,0.8231,0.0131,0.1424,OFICIAL
NACIONAL,BRASIL,2025-47,BEBIDAS,BETA,FAB_BETA,N,32200.53,321397.46,0.10018912,0.10018912,472.500,5264.500,0.08975211,1107,5,34,0.8231,0.0131,0.1424,OFICIAL
NACIONAL,BRASIL,2025-47,BEBIDAS,ALPHA,FAB_ALPHA,N,30568.14,321397.46,0.09511009,0.09511009,615.200,5264.500,0.1168582,1142,6,24,0.8231,0.0131,0.1424,OFICIAL
NACIONAL,BRASIL,2025-47,BEBIDAS,VIVA,FAB_VIVA,N,23004.11,321397.46,0.07157527,0.07157527,309.600,5264.500,0.058809,656,7,18,0.8231,0.0131,0.1424,OFICIAL
NACIONAL,BRASIL,2025-47,BEBIDAS,GAROTO,NESTLE,Y,20314.42,321397.46,0.06320654,0.06320654,353.300,5264.500,0.06710989,650,8,13,0.8231,0.0131,0.1424,OFICIAL
NACIONAL,BRASIL,2025-47,BEBIDAS,NOVA,FAB_NOVA,N,17736.50,321397.46,0.05518556,0.05518556,259.100,5264.500,0.04921645,534,9,16,0.8231,0.0131,0.1424,OFICIAL
NACIONAL,BRASIL,2025-47,BEBIDAS,KITKAT,NESTLE,Y,16988.61,321397.46,0.05285857,0.05285857,180.600,5264.500,0.03430525,419,10,10,0.8231,0.0131,0.1424,OFICIAL
NACIONAL,BRASIL,2025-47,BEBIDAS,PRIME,FAB_PRIME,N,14883.51,321397.46,0.04630874,0.04630874,229.700,5264.500,0.04363187,556,11,22,0.8231,0.0131,0.1424,OFICIAL
NACIONAL,BRASIL,2025-47,BEBIDAS,NESQUIK,NESTLE,Y,10615.93,321397.46,0.03303053,0.03303053,148.400,5264.500,0.02818881,438,12,17,0.8231,0.0131,0.1424,OFICIAL
NACIONAL,BRASIL,2025-47,BEBIDAS,MOCA,NESTLE,Y,8191.49,321397.46,0.0254871,0.0254871,100.500,5264.500,0.01909013,317,13,13,0.8231,0.0131,0.1424,OFICIAL
NACIONAL,BRASIL,2025-47,BEBIDAS,MAGGI,NESTLE,Y,2689.18,321397.46,0.00836715,0.00836715,108.000,5264.500,0.02051477,157,14,8,0.8231,0.0131,0.1424,OFICIAL
NACIONAL,BRASIL,2025-47,CHOCOLATES,NOVA,FAB_NOVA,N,52679.59,375576.74,0.14026319,0.14026319,478.800,5388.500,0.0888559,1344,1,23,0.8231,0.0131,0.0968,OFICIAL
NACIONAL,BRASIL,2025-47,CHOCOLATES,VIVA,FAB_VIVA,N,36073.56,375576.74,0.09604844,0.09604844,448.400,5388.500,0.08321425,1151,2,26,0.8231,0.0131,0.0968,OFICIAL
NACIONAL,BRASIL,2025-47,CHOCOLATES,PRIME,FAB_PRIME,N,35843.62,375576.74,0.09543621,0.09543621,626.100,5388.500,0.11619189,1194,3,35,0.8231,0.0131,0.0968,OFICIAL
NACIONAL,BRASIL,2025-47,CHOCOLATES,BETA,FAB_BETA,N,35179.74,375576.74,0.09366858,0.09366858,532.700,5388.500,0.09885868,1109,4,32,0.8231,0.0131,0.0968,OFICIAL
NACIONAL,BRASIL,2025-47,CHOCOLATES,ALPHA,FAB_ALPHA,N,32503.14,375576.74,0.08654194,0.08654194,413.200,5388.500,0.07668182,1021,5,24,0.8231,0.0131,0.0968,OFICIAL
NACIONAL,BRASIL,2025-47,CHOCOLATES,NESQUIK,NESTLE,Y,30096.76,375576.74,0.08013478,0.08013478,374.000,5388.500,0.06940707,1020,6,19,0.8231,0.0131,0.0968,OFICIAL
NACIONAL,BRASIL,2025-47,CHOCOLATES,NINHO,NESTLE,Y,28803.40,375576.74,0.07669112,0.07669112,675.100,5388.500,0.12528533,1136,7,20,0.8231,0.0131,0.0968,OFICIAL
NACIONAL,BRASIL,2025-47,CHOCOLATES,KITKAT,NESTLE,Y,28783.10,375576.74,0.07663707,0.07663707,356.800,5388.500,0.06621509,980,8,15,0.8231,0.0131,0.0968,OFICIAL
NACIONAL,BRASIL,2025-47,CHOCOLATES,SOLAR,FAB_SOLAR,N,28223.13,375576.74,0.07514611,0.07514611,530.400,5388.500,0.09843185,928,9,30,0.8231,0.0131,0.0968,OFICIAL
NACIONAL,BRASIL,2025-47,CHOCOLATES,NESCAFE,NESTLE,Y,21108.58,375576.74,0.05620311,0.05620311,204.400,5388.500,0.03793263,601,10,16,0.8231,0.0131,0.0968,OFICIAL
NACIONAL,BRASIL,2025-47,CHOCOLATES,DELTA,FAB_DELTA,N,17234.87,375576.74,0.04588908,0.04588908,219.000,5388.500,0.04064211,570,11,17,0.8231,0.0131,0.0968,OFICIAL
NACIONAL,BRASIL,2025-47,CHOCOLATES,MAGGI,NESTLE,Y,15527.84,375576.74,0.04134399,0.04134399,269.900,5388.500,0.05008815,443,12,14,0.8231,0.0131,0.0968,OFICIAL
NACIONAL,BRASIL,2025-47,CHOCOLATES,MOCA,NESTLE,Y,7871.89,375576.74,0.02095947,0.02095947,155.900,5388.500,0.02893198,938,13,9,0.8231,0.0131,0.0968,OFICIAL
NACIONAL,BRASIL,2025-47,CHOCOLATES,GAROTO,NESTLE,Y,5647.52,375576.74,0.01503693,0.01503693,103.800,5388.500,0.01926325,199,14,7,0.8231,0.0131,0.0968,OFICIAL
NACIONAL,BRASIL,2025-47,CULINARIOS,NOVA,FAB_NOVA,N,42671.94,275200.67,0.15505754,0.15505754,685.900,4468.300,0.15350357,1702,1,31,0.8231,0.0131,0.0694,OFICIAL
NACIONAL,BRASIL,2025-47,CULINARIOS,SOLAR,FAB_SOLAR,N,29331.86,275200.67,0.10658353,0.10658353,287.100,4468.300,0.06425262,872,2,18,0.8231,0.0131,0.0694,OFICIAL
NACIONAL,BRASIL,2025-47,CULINARIOS,BETA,FAB_BETA,N,27115.79,275200.67,0.09853097,0.09853097,742.900,4468.300,0.1662601,1149,3,28,0.8231,0.0131,0.0694,OFICIAL
NACIONAL,BRASIL,2025-47,CULINARIOS,PRIME,FAB_PRIME,N,26483.41,275200.67,0.09623309,0.09623309,222.800,4468.300,0.04986236,781,4,26,0.8231,0.0131,0.0694,OFICIAL
NACIONAL,BRASIL,2025-47,CULINARIOS,NINHO,NESTLE,Y,24492.76,275200.67,0.08899964,0.08899964,383.400,4468.300,0.08580444,655,5,17,0.8231,0.0131,0.0694,OFICIAL
NACIONAL,BRASIL,2025-47,CULINARIOS,MAGGI,NESTLE,Y,21278.36,275200.67,0.07731943,0.07731943,300.300,4468.300,0.06720677,711,6,17,0.8231,0.0131,0.0694,OFICIAL
NACIONAL,BRASIL,2025-47,CULINARIOS,DELTA,FAB_DELTA,N,20749.05,275200.67,0.07539607,0.07539607,344.500,4468.300,0.07709867,661,7,14,0.8231,0.0131,0.0694,OFICIAL
NACIONAL,BRASIL,2025-47,CULINARIOS,VIVA,FAB_VIVA,N,20432.68,275200.67,0.07424648,0.07424648,456.900,4468.300,0.10225365,887,8,25,0.8231,0.0131,0.0694,OFICIAL
NACIONAL,BRASIL,2025-47,CULINARIOS,ALPHA,FAB_ALPHA,N,19069.73,275200.67,0.06929391,0.06929391,347.800,4468.300,0.07783721,533,9,12,0.8231,0.0131,0.0694,OFICIAL
NACIONAL,BRASIL,2025-47,CULINARIOS,MOCA,NESTLE,Y,12299.63,275200.67,0.04469331,0.04469331,256.500,4468.300,0.05740438,735,10,12,0.8231,0.0131,0.0694,OFICIAL
NACIONAL,BRASIL,2025-47,CULINARIOS,NESCAFE,NESTLE,Y,10264.25,275200.67,0.03729733,0.03729733,109.600,4468.300,0.02452834,274,11,10,0.8231,0.0131,0.0694,OFICIAL
NACIONAL,BRASIL,2025-47,CULINARIOS,GAROTO,NESTLE,Y,9495.45,275200.67,0.03450373,0.03450373,155.400,4468.300,0.03477833,535,12,14,0.8231,0.0131,0.0694,OFICIAL
NACIONAL,BRASIL,2025-47,CULINARIOS,NESQUIK,NESTLE,Y,6481.26,275200.67,0.02355103,0.02355103,94.900,4468.300,0.0212385,288,13,9,0.8231,0.0131,0.0694,OFICIAL
NACIONAL,BRASIL,2025-47,CULINARIOS,KITKAT,NESTLE,Y,5034.50,275200.67,0.01829392,0.01829392,80.300,4468.300,0.01797104,181,14,9,0.8231,0.0131,0.0694,OFICIAL
NACIONAL,BRASIL,2025-47,LACTEOS,PRIME,FAB_PRIME,N,42213.88,347723.77,0.12140062,0.12140062,191.500,5675.800,0.03373974,992,1,18,0.8231,0.0131,0.1087,OFICIAL
NACIONAL,BRASIL,2025-47,LACTEOS,DELTA,FAB_DELTA,N,36055.18,347723.77,0.10368914,0.10368914,787.400,5675.800,0.13872934,1559,2,34,0.8231,0.0131,0.1087,OFICIAL
NACIONAL,BRASIL,2025-47,LACTEOS,NOVA,FAB_NOVA,N,35133.44,347723.77,0.10103836,0.10103836,674.100,5675.800,0.1187674,1275,3,32,0.8231,0.0131,0.1087,OFICIAL
NACIONAL,BRASIL,2025-47,LACTEOS,MOCA,NESTLE,Y,30964.59,347723.77,0.08904939,0.08904939,668.200,5675.800,0.1177279,1142,4,24,0.8231,0.0131,0.1087,OFICIAL
NACIONAL,BRASIL,2025-47,LACTEOS,NINHO,NESTLE,Y,29728.16,347723.77,0.08549361,0.08549361,289.000,5675.800,0.05091793,1056,5,14,0.8231,0.0131,0.1087,OFICIAL
NACIONAL,BRASIL,2025-47,LACTEOS,VIVA,FAB_VIVA,N,27510.46,347723.77,0.07911585,0.07911585,364.800,5675.800,0.06427288,905,6,22,0.8231,0.0131,0.1087,OFICIAL
NACIONAL,BRASIL,2025-47,LACTEOS,BETA,FAB_BETA,N,24731.19,347723.77,0.07112309,0.07112309,421.400,5675.800,0.07424504,746,7,30,0.8231,0.0131,0.1087,OFICIAL
NACIONAL,BRASIL,2025-47,LACTEOS,GAROTO,NESTLE,Y,24285.95,347723.77,0.06984265,0.06984265,474.900,5675.800,0.08367102,903,8,19,0.8231,0.0131,0.1087,OFICIAL
NACIONAL,BRASIL,2025-47,LACTEOS,SOLAR,FAB_SOLAR,N,21048.93,347723.77,0.06053348,0.06053348,397.400,5675.800,0.07001656,903,9,33,0.8231,0.0131,0.1087,OFICIAL
NACIONAL,BRASIL,2025-47,LACTEOS,ALPHA,FAB_ALPHA,N,20913.30,347723.77,0.06014343,0.06014343,296.900,5675.800,0.05230981,600,10,28,0.8231,0.0131,0.1087,OFICIAL
NACIONAL,BRASIL,2025-47,LACTEOS,KITKAT,NESTLE,Y,17035.54,347723.77,0.04899159,0.04899159,315.400,5675.800,0.05556926,555,11,15,0.8231,0.0131,0.1087,OFICIAL
NACIONAL,BRASIL,2025-47,LACTEOS,NESCAFE,NESTLE,Y,16579.34,347723.77,0.04767963,0.04767963,534.400,5675.800,0.09415413,920,12,22,0.8231,0.0131,0.1087,OFICIAL
NACIONAL,BRASIL,2025-47,LACTEOS,MAGGI,NESTLE,Y,14034.46,347723.77,0.04036095,0.04036095,191.200,5675.800,0.03368688,581,13,11,0.8231,0.0131,0.1087,OFICIAL
NACIONAL,BRASIL,2025-47,LACTEOS,NESQUIK,NESTLE,Y,7489.35,347723.77,0.02153822,0.02153822,69.200,5675.800,0.01219211,274,14,7,0.8231,0.0131,0.1087,OFICIAL
NACIONAL,BRASIL,2025-47,NUTRICAO,PRIME,FAB_PRIME,N,45069.06,281483.58,0.16011257,0.16011257,644.500,5174.100,0.12456273,1754,1,32,0.8231,0.0131,0.0639,OFICIAL
NACIONAL,BRASIL,2025-47,NUTRICAO,NESQUIK,NESTLE,Y,33628.42,281483.58,0.1194685,0.1194685,1032.500,5174.100,0.19955161,2431,2,40,0.8231,0.0131,0.0639,OFICIAL
NACIONAL,BRASIL,2025-47,NUTRICAO,BETA,FAB_BETA,N,29282.02,281483.58,0.10402745,0.10402745,401.200,5174.100,0.07754006,956,3,23,0.8231,0.0131,0.0639,OFICIAL
NACIONAL,BRASIL,2025-47,NUTRICAO,DELTA,FAB_DELTA,N,28051.69,281483.58,0.09965658,0.09965658,481.300,5174.100,0.09302101,1203,4,32,0.8231,0.0131,0.0639,OFICIAL
NACIONAL,BRASIL,2025-47,NUTRICAO,VIVA,FAB_VIVA,N,24528.05,281483.58,0.08713848,0.08713848,308.800,5174.100,0.05968188,842,5,15,0.8231,0.0131,0.0639,OFICIAL
NACIONAL,BRASIL,2025-47,NUTRICAO,NOVA,FAB_NOVA,N,23819.33,281483.58,0.08462067,0.08462067,524.800,5174.100,0.10142827,858,6,21,0.8231,0.0131,0.0639,OFICIAL
NACIONAL,BRASIL,2025-47,NUTRICAO,KITKAT,NESTLE,Y,22901.66,281483.58,0.08136055,0.08136055,415.100,5174.100,0.08022651,755,7,19,0.8231,0.0131,0.0639,OFICIAL
NACIONAL,BRASIL,2025-47,NUTRICAO,SOLAR,FAB_SOLAR,N,16492.20,281483.58,0.05859027,0.05859027,251.900,5174.100,0.0486848,555,8,21,0.8231,0.0131,0.0639,OFICIAL
NACIONAL,BRASIL,2025-47,NUTRICAO,MOCA,NESTLE,Y,15481.19,281483.58,0.05499855,0.05499855,270.200,5174.100,0.05222164,480,9,16,0.8231,0.0131,0.0639,OFICIAL
NACIONAL,BRASIL,2025-47,NUTRICAO,ALPHA,FAB_ALPHA,N,14479.81,281483.58,0.05144105,0.05144105,255.900,5174.100,0.04945788,470,10,26,0.8231,0.0131,0.0639,OFICIAL
NACIONAL,BRASIL,2025-47,NUTRICAO,NINHO,NESTLE,Y,13730.75,281483.58,0.04877993,0.04877993,304.200,5174.100,0.05879283,619,11,21,0.8231,0.0131,0.0639,OFICIAL
NACIONAL,BRASIL,2025-47,NUTRICAO,NESCAFE,NESTLE,Y,7207.01,281483.58,0.02560366,0.02560366,179.100,5174.100,0.03461472,322,12,8,0.8231,0.0131,0.0639,OFICIAL
NACIONAL,BRASIL,2025-47,NUTRICAO,MAGGI,NESTLE,Y,5118.51,281483.58,0.01818404,0.01818404,63.000,5174.100,0.01217603,223,13,7,0.8231,0.0131,0.0639,OFICIAL
NACIONAL,BRASIL,2025-47,NUTRICAO,GAROTO,NESTLE,Y,1693.88,281483.58,0.00601769,0.00601769,41.600,5174.100,0.00804005,65,14,6,0.8231,0.0131,0.0639,OFICIAL
NACIONAL,BRASIL,2025-48,BEBIDAS,PRIME,FAB_PRIME,N,52669.16,391613.71,0.13449264,0.13449264,725.100,6399.700,0.11330219,1489,1,23,0.842,0.0102,0.1582,OFICIAL
NACIONAL,BRASIL,2025-48,BEBIDAS,VIVA,FAB_VIVA,N,51152.21,391613.71,0.13061905,0.13061905,991.300,6399.700,0.15489789,1471,2,22,0.842,0.0102,0.1582,OFICIAL
NACIONAL,BRASIL,2025-48,BEBIDAS,NESCAFE,NESTLE,Y,41035.18,391613.71,0.10478484,0.10478484,743.900,6399.700,0.11623982,2412,3,30,0.842,0.0102,0.1582,OFICIAL
NACIONAL,BRASIL,2025-48,BEBIDAS,SOLAR,FAB_SOLAR,N,40415.89,391613.71,0.10320346,0.10320346,515.500,6399.700,0.08055065,1266,4,35,0.842,0.0102,0.1582,OFICIAL
NACIONAL,BRASIL,2025-48,BEBIDAS,NINHO,NESTLE,Y,35805.67,391613.71,0.09143109,0.09143109,993.900,6399.700,0.15530415,2328,5,41,0.842,0.0102,0.1582,OFICIAL
NACIONAL,BRASIL,2025-48,BEBIDAS,GAROTO,NESTLE,Y,29566.95,391613.71,0.07550029,0.07550029,384.600,6399.700,0.06009657,888,6,15,0.842,0.0102,0.1582,OFICIAL
NACIONAL,BRASIL,2025-48,BEBIDAS,DELTA,FAB_DELTA,N,28825.59,391613.71,0.0736072,0.0736072,677.700,6399.700,0.10589559,1092,7,25,0.842,0.0102,0.1582,OFICIAL
NACIONAL,BRASIL,2025-48,BEBIDAS,BETA,FAB_BETA,N,28156.19,391613.71,0.07189787,0.07189787,432.300,6399.700,0.06755004,777,8,24,0.842,0.0102,0.1582,OFICIAL
NACIONAL,BRASIL,2025-48,BEBIDAS,NESQUIK,NESTLE,Y,25138.60,391613.71,0.06419234,0.06419234,258.600,6399.700,0.04040814,626,9,18,0.842,0.0102,0.1582,OFICIAL
NACIONAL,BRASIL,2025-48,BEBIDAS,ALPHA,FAB_ALPHA,N,20648.61,391613.71,0.05272698,0.05272698,214.900,6399.700,0.0335797,667,10,20,0.842,0.0102,0.1582,OFICIAL
NACIONAL,BRASIL,2025-48,BEBIDAS,MOCA,NESTLE,Y,15012.75,391613.71,0.03833561,0.03833561,110.000,6399.700,0.01718831,471,11,11,0.842,0.0102,0.1582,OFICIAL
NACIONAL,BRASIL,2025-48,BEBIDAS,NOVA,FAB_NOVA,N,12061.05,391613.71,0.03079833,0.03079833,119.400,6399.700,0.01865712,409,12,13,0.842,0.0102,0.1582,OFICIAL
NACIONAL,BRASIL,2025-48,BEBIDAS,MAGGI,NESTLE,Y,6072.55,391613.71,0.01550648,0.01550648,110.900,6399.700,0.01732894,229,13,7,0.842,0.0102,0.1582,OFICIAL
NACIONAL,BRASIL,2025-48,BEBIDAS,KITKAT,NESTLE,Y,5053.31,391613.71,0.01290381,0.01290381,121.600,6399.700,0.01900089,285,14,10,0.842,0.0102,0.1582,OFICIAL
NACIONAL,BRASIL,2025-48,CHOCOLATES,VIVA,FAB_VIVA,N,32475.30,305804.56,0.10619626,0.10619626,761.800,4857.300,0.1568361,1200,1,35,0.842,0.0102,0.0611,OFICIAL
NACIONAL,BRASIL,2025-48,CHOCOLATES,BETA,FAB_BETA,N,31780.01,305804.56,0.10392262,0.10392262,592.200,4857.300,0.12191959,1241,2,33,0.842,0.0102,0.0611,OFICIAL
NACIONAL,BRASIL,2025-48,CHOCOLATES,KITKAT,NESTLE,Y,31313.58,305804.56,0.10239736,0.10239736,469.800,4857.300,0.0967204,778,3,15,0.842,0.0102,0.0611,OFICIAL
NACIONAL,BRASIL,2025-48,CHOCOLATES,NINHO,NESTLE,Y,27003.08,305804.56,0.08830176,0.08830176,330.100,4857.300,0.06795957,922,4,28,0.842,0.0102,0.0611,OFICIAL
NACIONAL,BRASIL,2025-48,CHOCOLATES,PRIME,FAB_PRIME,N,26828.89,305804.56,0.08773215,0.08773215,274.600,4857.300,0.05653347,860,5,22,0.842,0.0102,0.0611,OFICIAL
NACIONAL,BRASIL,2025-48,CHOCOLATES,DELTA,FAB_DELTA,N,23745.56,305804.56,0.07764946,0.07764946,302.100,4857.300,0.06219505,769,6,29,0.842,0.0102,0.0611,OFICIAL
NACIONAL,BRASIL,2025-48,CHOCOLATES,NESCAFE,NESTLE,Y,23714.96,305804.56,0.0775494,0.0775494,325.400,4857.300,0.06699195,790,7,18,0.842,0.0102,0.0611,OFICIAL
NACIONAL,BRASIL,2025-48,CHOCOLATES,NOVA,FAB_NOVA,N,22116.89,305804.56,0.07232361,0.07232361,239.500,4857.300,0.04930723,526,8,23,0.842,0.0102,0.0611,OFICIAL
NACIONAL,BRASIL,2025-48,CHOCOLATES,ALPHA,FAB_ALPHA,N,21544.11,305804.56,0.07045058,0.07045058,410.300,4857.300,0.0844708,748,9,22,0.842,0.0102,0.0611,OFICIAL
NACIONAL,BRASIL,2025-48,CHOCOLATES,SOLAR,FAB_SOLAR,N,20690.10,305804.56,0.06765792,0.06765792,418.000,4857.300,0.08605604,759,10,20,0.842,0.0102,0.0611,OFICIAL
NACIONAL,BRASIL,2025-48,CHOCOLATES,NESQUIK,NESTLE,Y,16145.68,305804.56,0.05279738,0.05279738,237.900,4857.300,0.04897783,436,11,17,0.842,0.0102,0.0611,OFICIAL
NACIONAL,BRASIL,2025-48,CHOCOLATES,MOCA,NESTLE,Y,14994.99,305804.56,0.04903455,0.04903455,225.100,4857.300,0.04634262,421,12,12,0.842,0.0102,0.0611,OFICIAL
NACIONAL,BRASIL,2025-48,CHOCOLATES,MAGGI,NESTLE,Y,13238.86,305804.56,0.0432919,0.0432919,257.500,4857.300,0.05301299,439,13,10,0.842,0.0102,0.0611,OFICIAL
NACIONAL,BRASIL,2025-48,CHOCOLATES,GAROTO,NESTLE,Y,212.55,305804.56,0.00069505,0.00069505,13.000,4857.300,0.00267638,13,14,1,0.842,0.0102,0.0611,OFICIAL
NACIONAL,BRASIL,2025-48,CULINARIOS,VIVA,FAB_VIVA,N,39973.85,330642.94,0.12089733,0.12089733,654.300,4718.800,0.13865813,1454,1,42,0.842,0.0102,0.0693,OFICIAL
NACIONAL,BRASIL,2025-48,CULINARIOS,PRIME,FAB_PRIME,N,36330.27,330642.94,0.10987765,0.10987765,462.300,4718.800,0.09796982,1136,2,36,0.842,0.0102,0.0693,OFICIAL
NACIONAL,BRASIL,2025-48,CULINARIOS,DELTA,FAB_DELTA,N,29046.93,330642.94,0.08784984,0.08784984,417.400,4718.800,0.08845469,868,3,24,0.842,0.0102,0.0693,OFICIAL
NACIONAL,BRASIL,2025-48,CULINARIOS,NOVA,FAB_NOVA,N,28220.41,330642.94,0.08535011,0.08535011,253.700,4718.800,0.05376367,765,4,25,0.842,0.0102,0.0693,OFICIAL
NACIONAL,BRASIL,2025-48,CULINARIOS,MOCA,NESTLE,Y,27509.71,330642.94,0.08320066,0.08320066,286.100,4718.800,0.06062982,815,5,23,0.842,0.0102,0.0693,OFICIAL
NACIONAL,BRASIL,2025-48,CULINARIOS,BETA,FAB_BETA,N,23864.95,330642.94,0.07217741,0.07217741,374.400,4718.800,0.07934221,623,6,24,0.842,0.0102,0.0693,OFICIAL
NACIONAL,BRASIL,2025-48,CULINARIOS,NINHO,NESTLE,Y,22335.18,330642.94,0.06755075,0.06755075,359.300,4718.800,0.07614224,827,7,23,0.842,0.0102,0.0693,OFICIAL
NACIONAL,BRASIL,2025-48,CULINARIOS,NESCAFE,NESTLE,Y,20845.50,330642.94,0.06304535,0.06304535,392.900,4718.800,0.08326269,712,8,10,0.842,0.0102,0.0693,OFICIAL
NACIONAL,BRASIL,2025-48,CULINARIOS,SOLAR,FAB_SOLAR,N,18673.72,330642.94,0.056477,0.056477,236.000,4718.800,0.05001272,543,9,18,0.842,0.0102,0.0693,OFICIAL
NACIONAL,BRASIL,2025-48,CULINARIOS,KITKAT,NESTLE,Y,18604.42,330642.94,0.0562674,0.0562674,203.000,4718.800,0.04301941,522,10,13,0.842,0.0102,0.0693,OFICIAL
NACIONAL,BRASIL,2025-48,CULINARIOS,MAGGI,NESTLE,Y,17463.94,330642.94,0.05281812,0.05281812,197.000,4718.800,0.0417479,619,11,15,0.842,0.0102,0.0693,OFICIAL
NACIONAL,BRASIL,2025-48,CULINARIOS,NESQUIK,NESTLE,Y,17253.28,330642.94,0.052181,0.052181,174.200,4718.800,0.03691617,523,12,9,0.842,0.0102,0.0693,OFICIAL
NACIONAL,BRASIL,2025-48,CULINARIOS,ALPHA,FAB_ALPHA,N,16092.75,330642.94,0.04867108,0.04867108,463.000,4718.800,0.09811817,837,13,16,0.842,0.0102,0.0693,OFICIAL
NACIONAL,BRASIL,2025-48,CULINARIOS,GAROTO,NESTLE,Y,14428.03,330642.94,0.04363629,0.04363629,245.200,4718.800,0.05196236,562,14,13,0.842,0.0102,0.0693,OFICIAL
NACIONAL,BRASIL,2025-48,LACTEOS,BETA,FAB_BETA,N,47747.34,316078.26,0.15106177,0.15106177,682.500,4550.900,0.14997034,1378,1,30,0.842,0.0102,0.071,OFICIAL
NACIONAL,BRASIL,2025-48,LACTEOS,SOLAR,FAB_SOLAR,N,45890.06,316078.26,0.14518575,0.14518575,529.800,4550.900,0.11641653,1352,2,33,0.842,0.0102,0.071,OFICIAL
NACIONAL,BRASIL,2025-48,LACTEOS,VIVA,FAB_VIVA,N,37525.72,316078.26,0.11872288,0.11872288,601.900,4550.900,0.13225955,1328,3,31,0.842,0.0102,0.071,OFICIAL
NACIONAL,BRASIL,2025-48,LACTEOS,NESQUIK,NESTLE,Y,32837.29,316078.26,0.10388975,0.10388975,450.900,4550.900,0.0990793,857,4,17,0.842,0.0102,0.071,OFICIAL
NACIONAL,BRASIL,2025-48,LACTEOS,DELTA,FAB_DELTA,N,26397.67,316078.26,0.08351625,0.08351625,459.600,4550.900,0.10099101,1051,5,36,0.842,0.0102,0.071,OFICIAL
NACIONAL,BRASIL,2025-48,LACTEOS,NOVA,FAB_NOVA,N,22207.78,316078.26,0.07026038,0.07026038,295.400,4550.900,0.06491024,626,6,22,0.842,0.0102,0.071,OFICIAL
NACIONAL,BRASIL,2025-48,LACTEOS,ALPHA,FAB_ALPHA,N,20947.00,316078.26,0.06627156,0.06627156,386.000,4550.900,0.08481839,585,7,21,0.842,0.0102,0.071,OFICIAL
NACIONAL,BRASIL,2025-48,LACTEOS,KITKAT,NESTLE,Y,19856.26,316078.26,0.06282071,0.06282071,286.400,4550.900,0.06293261,583,8,10,0.842,0.0102,0.071,OFICIAL
NACIONAL,BRASIL,2025-48,LACTEOS,NESCAFE,NESTLE,Y,14857.82,316078.26,0.04700678,0.04700678,161.800,4550.900,0.03555341,457,9,16,0.842,0.0102,0.071,OFICIAL
NACIONAL,BRASIL,2025-48,LACTEOS,NINHO,NESTLE,Y,14778.04,316078.26,0.04675437,0.04675437,214.500,4550.900,0.04713353,422,10,12,0.842,0.0102,0.071,OFICIAL
NACIONAL,BRASIL,2025-48,LACTEOS,MOCA,NESTLE,Y,10474.84,316078.26,0.03314002,0.03314002,164.900,4550.900,0.03623459,481,11,16,0.842,0.0102,0.071,OFICIAL
NACIONAL,BRASIL,2025-48,LACTEOS,PRIME,FAB_PRIME,N,10013.35,316078.26,0.03167997,0.03167997,123.400,4550.900,0.02711552,542,12,14,0.842,0.0102,0.071,OFICIAL
NACIONAL,BRASIL,2025-48,LACTEOS,GAROTO,NESTLE,Y,8401.67,316078.26,0.02658098,0.02658098,159.700,4550.900,0.03509196,380,13,14,0.842,0.0102,0.071,OFICIAL
NACIONAL,BRASIL,2025-48,LACTEOS,MAGGI,NESTLE,Y,4143.42,316078.26,0.01310884,0.01310884,34.100,4550.900,0.00749302,121,14,5,0.842,0.0102,0.071,OFICIAL
NACIONAL,BRASIL,2025-48,NUTRICAO,ALPHA,FAB_ALPHA,N,53425.60,349149.29,0.15301649,0.15301649,742.000,5635.100,0.13167468,1689,1,28,0.842,0.0102,0.0834,OFICIAL
NACIONAL,BRASIL,2025-48,NUTRICAO,BETA,FAB_BETA,N,37314.42,349149.29,0.10687239,0.10687239,398.000,5635.100,0.07062874,1229,2,33,0.842,0.0102,0.0834,OFICIAL
NACIONAL,BRASIL,2025-48,NUTRICAO,SOLAR,FAB_SOLAR,N,33753.95,349149.29,0.09667484,0.09667484,276.700,5635.100,0.04910294,887,3,23,0.842,0.0102,0.0834,OFICIAL
NACIONAL,BRASIL,2025-48,NUTRICAO,PRIME,FAB_PRIME,N,31728.45,349149.29,0.09087359,0.09087359,478.200,5635.100,0.08486096,1153,4,32,0.842,0.0102,0.0834,OFICIAL
NACIONAL,BRASIL,2025-48,NUTRICAO,NESQUIK,NESTLE,Y,30740.69,349149.29,0.08804454,0.08804454,826.100,5635.100,0.146599,2449,5,39,0.842,0.0102,0.0834,OFICIAL
NACIONAL,BRASIL,2025-48,NUTRICAO,NINHO,NESTLE,Y,30035.44,349149.29,0.08602463,0.08602463,573.100,5635.100,0.10170183,989,6,21,0.842,0.0102,0.0834,OFICIAL
NACIONAL,BRASIL,2025-48,NUTRICAO,DELTA,FAB_DELTA,N,29724.26,349149.29,0.08513338,0.08513338,632.100,5635.100,0.11217192,1096,7,28,0.842,0.0102,0.0834,OFICIAL
NACIONAL,BRASIL,2025-48,NUTRICAO,VIVA,FAB_VIVA,N,24179.29,349149.29,0.06925201,0.06925201,435.800,5635.100,0.07733669,697,8,18,0.842,0.0102,0.0834,OFICIAL
NACIONAL,BRASIL,2025-48,NUTRICAO,GAROTO,NESTLE,Y,19978.74,349149.29,0.0572212,0.0572212,461.500,5635.100,0.08189739,951,9,22,0.842,0.0102,0.0834,OFICIAL
NACIONAL,BRASIL,2025-48,NUTRICAO,NESCAFE,NESTLE,Y,15501.74,349149.29,0.0443986,0.0443986,210.800,5635.100,0.03740839,501,10,13,0.842,0.0102,0.0834,OFICIAL
NACIONAL,BRASIL,2025-48,NUTRICAO,NOVA,FAB_NOVA,N,13556.87,349149.29,0.03882829,0.03882829,168.400,5635.100,0.02988412,516,11,20,0.842,0.0102,0.0834,OFICIAL
NACIONAL,BRASIL,2025-48,NUTRICAO,KITKAT,NESTLE,Y,12690.56,349149.29,0.03634709,0.03634709,168.400,5635.100,0.02988412,526,12,11,0.842,0.0102,0.0834,OFICIAL
NACIONAL,BRASIL,2025-48,NUTRICAO,MOCA,NESTLE,Y,11785.94,349149.29,0.03375616,0.03375616,169.600,5635.100,0.03009707,354,13,8,0.842,0.0102,0.0834,OFICIAL
NACIONAL,BRASIL,2025-48,NUTRICAO,MAGGI,NESTLE,Y,4733.34,349149.29,0.01355678,0.01355678,94.400,5635.100,0.01675214,251,14,6,0.842,0.0102,0.0834,OFICIAL
NACIONAL,BRASIL,2025-49,BEBIDAS,SOLAR,FAB_SOLAR,N,43371.00,299781.96,0.14467515,0.14467515,503.000,5425.000,0.09271889,1161,1,27,0.868,0.0172,0.1248,OFICIAL
NACIONAL,BRASIL,2025-49,BEBIDAS,NESCAFE,NESTLE,Y,33656.06,299781.96,0.11226846,0.11226846,862.200,5425.000,0.15893088,2087,2,27,0.868,0.0172,0.1248,OFICIAL
NACIONAL,BRASIL,2025-49,BEBIDAS,NINHO,NESTLE,Y,32993.18,299781.96,0.11005726,0.11005726,918.200,5425.000,0.16925346,2235,3,38,0.868,0.0172,0.1248,OFICIAL
NACIONAL,BRASIL,2025-49,BEBIDAS,BETA,FAB_BETA,N,32528.59,299781.96,0.1085075,0.1085075,616.800,5425.000,0.11369585,923,4,23,0.868,0.0172,0.1248,OFICIAL
NACIONAL,BRASIL,2025-49,BEBIDAS,ALPHA,FAB_ALPHA,N,27296.87,299781.96,0.09105575,0.09105575,545.000,5425.000,0.10046083,959,5,23,0.868,0.0172,0.1248,OFICIAL
NACIONAL,BRASIL,2025-49,BEBIDAS,PRIME,FAB_PRIME,N,25938.98,299781.96,0.08652615,0.08652615,447.000,5425.000,0.08239631,847,6,23,0.868,0.0172,0.1248,OFICIAL
NACIONAL,BRASIL,2025-49,BEBIDAS,VIVA,FAB_VIVA,N,24136.18,299781.96,0.08051245,0.08051245,339.800,5425.000,0.06263594,925,7,19,0.868,0.0172,0.1248,OFICIAL
NACIONAL,BRASIL,2025-49,BEBIDAS,MOCA,NESTLE,Y,19159.99,299781.96,0.06391309,0.06391309,266.300,5425.000,0.04908756,707,8,13,0.868,0.0172,0.1248,OFICIAL
NACIONAL,BRASIL,2025-49,BEBIDAS,DELTA,FAB_DELTA,N,15733.97,299781.96,0.05248471,0.05248471,289.000,5425.000,0.05327189,586,9,12,0.868,0.0172,0.1248,OFICIAL
NACIONAL,BRASIL,2025-49,BEBIDAS,GAROTO,NESTLE,Y,13092.89,299781.96,0.04367471,0.04367471,148.900,5425.000,0.027447,586,10,14,0.868,0.0172,0.1248,OFICIAL
NACIONAL,BRASIL,2025-49,BEBIDAS,NOVA,FAB_NOVA,N,11611.73,299781.96,0.03873392,0.03873392,116.200,5425.000,0.02141935,393,11,12,0.868,0.0172,0.1248,OFICIAL
NACIONAL,BRASIL,2025-49,BEBIDAS,NESQUIK,NESTLE,Y,11221.42,299781.96,0.03743194,0.03743194,198.800,5425.000,0.03664516,460,12,18,0.868,0.0172,0.1248,OFICIAL
NACIONAL,BRASIL,2025-49,BEBIDAS,KITKAT,NESTLE,Y,4716.89,299781.96,0.0157344,0.0157344,146.300,5425.000,0.02696774,240,13,8,0.868,0.0172,0.1248,OFICIAL
NACIONAL,BRASIL,2025-49,BEBIDAS,MAGGI,NESTLE,Y,4324.21,299781.96,0.01442452,0.01442452,27.500,5425.000,0.00506912,133,14,5,0.868,0.0172,0.1248,OFICIAL
NACIONAL,BRASIL,2025-49,CHOCOLATES,NOVA,FAB_NOVA,N,40103.95,280477.55,0.14298453,0.14298453,580.300,4397.900,0.13194934,1147,1,30,0.868,0.0172,0.0113,OFICIAL
NACIONAL,BRASIL,2025-49,CHOCOLATES,VIVA,FAB_VIVA,N,39843.09,280477.55,0.14205447,0.14205447,460.700,4397.900,0.10475454,1223,2,29,0.868,0.0172,0.0113,OFICIAL
NACIONAL,BRASIL,2025-49,CHOCOLATES,PRIME,FAB_PRIME,N,37477.17,280477.55,0.13361914,0.13361914,419.100,4397.900,0.09529548,1017,3,26,0.868,0.0172,0.0113,OFICIAL
NACIONAL,BRASIL,2025-49,CHOCOLATES,NINHO,NESTLE,Y,23386.81,280477.55,0.08338211,0.08338211,328.700,4397.900,0.07474022,649,4,21,0.868,0.0172,0.0113,OFICIAL
NACIONAL,BRASIL,2025-49,CHOCOLATES,SOLAR,FAB_SOLAR,N,22807.59,280477.55,0.08131699,0.08131699,532.700,4397.900,0.12112599,851,5,20,0.868,0.0172,0.0113,OFICIAL
NACIONAL,BRASIL,2025-49,CHOCOLATES,BETA,FAB_BETA,N,19319.54,280477.55,0.06888088,0.06888088,314.500,4397.900,0.0715114,670,6,30,0.868,0.0172,0.0113,OFICIAL
NACIONAL,BRASIL,2025-49,CHOCOLATES,DELTA,FAB_DELTA,N,18290.12,280477.55,0.06521064,0.06521064,336.000,4397.900,0.0764001,712,7,25,0.868,0.0172,0.0113,OFICIAL
NACIONAL,BRASIL,2025-49,CHOCOLATES,NESCAFE,NESTLE,Y,16582.58,280477.55,0.05912266,0.05912266,300.100,4397.900,0.06823711,541,8,10,0.868,0.0172,0.0113,OFICIAL
NACIONAL,BRASIL,2025-49,CHOCOLATES,KITKAT,NESTLE,Y,12728.77,280477.55,0.04538249,0.04538249,188.500,4397.900,0.04286137,465,9,9,0.868,0.0172,0.0113,OFICIAL
NACIONAL,BRASIL,2025-49,CHOCOLATES,MOCA,NESTLE,Y,11982.01,280477.55,0.04272003,0.04272003,232.300,4397.900,0.05282066,544,10,10,0.868,0.0172,0.0113,OFICIAL
NACIONAL,BRASIL,2025-49,CHOCOLATES,MAGGI,NESTLE,Y,10039.78,280477.55,0.03579531,0.03579531,72.600,4397.900,0.01650788,266,11,11,0.868,0.0172,0.0113,OFICIAL
NACIONAL,BRASIL,2025-49,CHOCOLATES,ALPHA,FAB_ALPHA,N,9550.19,280477.55,0.03404975,0.03404975,163.800,4397.900,0.03724505,375,12,16,0.868,0.0172,0.0113,OFICIAL
NACIONAL,BRASIL,2025-49,CHOCOLATES,GAROTO,NESTLE,Y,9292.39,280477.55,0.0331306,0.0331306,228.500,4397.900,0.05195662,513,13,5,0.868,0.0172,0.0113,OFICIAL
NACIONAL,BRASIL,2025-49,CHOCOLATES,NESQUIK,NESTLE,Y,9073.56,280477.55,0.0323504,0.0323504,240.100,4397.900,0.05459424,392,14,13,0.868,0.0172,0.0113,OFICIAL
NACIONAL,BRASIL,2025-49,CULINARIOS,PRIME,FAB_PRIME,N,41907.96,263449.13,0.1590742,0.1590742,451.400,3630.700,0.12432864,1365,1,26,0.868,0.0172,0.0561,OFICIAL
NACIONAL,BRASIL,2025-49,CULINARIOS,VIVA,FAB_VIVA,N,34885.05,263449.13,0.13241665,0.13241665,809.200,3630.700,0.22287713,1437,2,32,0.868,0.0172,0.0561,OFICIAL
NACIONAL,BRASIL,2025-49,CULINARIOS,NOVA,FAB_NOVA,N,26197.21,263449.13,0.09943935,0.09943935,180.300,3630.700,0.04965985,837,3,28,0.868,0.0172,0.0561,OFICIAL
NACIONAL,BRASIL,2025-49,CULINARIOS,KITKAT,NESTLE,Y,24660.72,263449.13,0.09360714,0.09360714,249.000,3630.700,0.06858182,655,4,20,0.868,0.0172,0.0561,OFICIAL
NACIONAL,BRASIL,2025-49,CULINARIOS,SOLAR,FAB_SOLAR,N,24299.75,263449.13,0.09223697,0.09223697,261.200,3630.700,0.07194205,848,5,25,0.868,0.0172,0.0561,OFICIAL
NACIONAL,BRASIL,2025-49,CULINARIOS,BETA,FAB_BETA,N,19983.11,263449.13,0.07585187,0.07585187,268.500,3630.700,0.07395268,642,6,21,0.868,0.0172,0.0561,OFICIAL
NACIONAL,BRASIL,2025-49,CULINARIOS,NINHO,NESTLE,Y,19698.56,263449.13,0.07477178,0.07477178,322.600,3630.700,0.08885339,632,7,21,0.868,0.0172,0.0561,OFICIAL
NACIONAL,BRASIL,2025-49,CULINARIOS,DELTA,FAB_DELTA,N,16436.98,263449.13,0.06239148,0.06239148,252.600,3630.700,0.06957336,635,8,21,0.868,0.0172,0.0561,OFICIAL
NACIONAL,BRASIL,2025-49,CULINARIOS,GAROTO,NESTLE,Y,14699.31,263449.13,0.05579563,0.05579563,358.900,3630.700,0.09885146,537,9,20,0.868,0.0172,0.0561,OFICIAL
NACIONAL,BRASIL,2025-49,CULINARIOS,ALPHA,FAB_ALPHA,N,13423.53,263449.13,0.05095302,0.05095302,216.300,3630.700,0.05957529,794,10,15,0.868,0.0172,0.0561,OFICIAL
NACIONAL,BRASIL,2025-49,CULINARIOS,MAGGI,NESTLE,Y,12856.06,263449.13,0.04879902,0.04879902,92.000,3630.700,0.02533947,344,11,14,0.868,0.0172,0.0561,OFICIAL
NACIONAL,BRASIL,2025-49,CULINARIOS,MOCA,NESTLE,Y,6564.90,263449.13,0.02491904,0.02491904,56.600,3630.700,0.01558928,217,12,9,0.868,0.0172,0.0561,OFICIAL
NACIONAL,BRASIL,2025-49,CULINARIOS,NESQUIK,NESTLE,Y,3997.18,263449.13,0.01517249,0.01517249,53.500,3630.700,0.01473545,128,13,6,0.868,0.0172,0.0561,OFICIAL
NACIONAL,BRASIL,2025-49,CULINARIOS,NESCAFE,NESTLE,Y,3838.81,263449.13,0.01457135,0.01457135,58.600,3630.700,0.01614014,128,14,5,0.868,0.0172,0.0561,OFICIAL
NACIONAL,BRASIL,2025-49,LACTEOS,SOLAR,FAB_SOLAR,N,49450.07,335862.96,0.14723288,0.14723288,612.600,5581.900,0.10974758,1686,1,38,0.868,0.0172,0.0406,OFICIAL
NACIONAL,BRASIL,2025-49,LACTEOS,ALPHA,FAB_ALPHA,N,37769.31,335862.96,0.11245453,0.11245453,596.800,5581.900,0.106917,1220,2,27,0.868,0.0172,0.0406,OFICIAL
NACIONAL,BRASIL,2025-49,LACTEOS,VIVA,FAB_VIVA,N,36419.31,335862.96,0.10843503,0.10843503,661.300,5581.900,0.1184722,1224,3,28,0.868,0.0172,0.0406,OFICIAL
NACIONAL,BRASIL,2025-49,LACTEOS,DELTA,FAB_DELTA,N,35017.90,335862.96,0.10426246,0.10426246,624.500,5581.900,0.11187947,1322,4,29,0.868,0.0172,0.0406,OFICIAL
NACIONAL,BRASIL,2025-49,LACTEOS,BETA,FAB_BETA,N,33225.07,335862.96,0.09892448,0.09892448,516.900,5581.900,0.09260288,1006,5,21,0.868,0.0172,0.0406,OFICIAL
NACIONAL,BRASIL,2025-49,LACTEOS,PRIME,FAB_PRIME,N,24552.28,335862.96,0.07310208,0.07310208,360.300,5581.900,0.06454791,804,6,23,0.868,0.0172,0.0406,OFICIAL
NACIONAL,BRASIL,2025-49,LACTEOS,MAGGI,NESTLE,Y,23976.04,335862.96,0.07138638,0.07138638,709.700,5581.900,0.12714309,526,7,12,0.868,0.0172,0.0406,OFICIAL
NACIONAL,BRASIL,2025-49,LACTEOS,GAROTO,NESTLE,Y,22885.10,335862.96,0.06813821,0.06813821,298.200,5581.900,0.05342267,668,8,17,0.868,0.0172,0.0406,OFICIAL
NACIONAL,BRASIL,2025-49,LACTEOS,NOVA,FAB_NOVA,N,21546.57,335862.96,0.06415286,0.06415286,297.700,5581.900,0.05333309,649,9,25,0.868,0.0172,0.0406,OFICIAL
NACIONAL,BRASIL,2025-49,LACTEOS,KITKAT,NESTLE,Y,14058.63,335862.96,0.04185823,0.04185823,212.200,5581.900,0.03801573,395,10,10,0.868,0.0172,0.0406,OFICIAL
NACIONAL,BRASIL,2025-49,LACTEOS,MOCA,NESTLE,Y,10268.92,335862.96,0.03057473,0.03057473,139.500,5581.900,0.02499149,412,11,12,0.868,0.0172,0.0406,OFICIAL
NACIONAL,BRASIL,2025-49,LACTEOS,NINHO,NESTLE,Y,10166.32,335862.96,0.03026925,0.03026925,101.400,5581.900,0.01816586,405,12,11,0.868,0.0172,0.0406,OFICIAL
NACIONAL,BRASIL,2025-49,LACTEOS,NESCAFE,NESTLE,Y,9471.31,335862.96,0.02819992,0.02819992,271.500,5581.900,0.04863935,383,13,14,0.868,0.0172,0.0406,OFICIAL
NACIONAL,BRASIL,2025-49,LACTEOS,NESQUIK,NESTLE,Y,7056.13,335862.96,0.02100896,0.02100896,179.300,5581.900,0.03212168,251,14,12,0.868,0.0172,0.0406,OFICIAL
NACIONAL,BRASIL,2025-49,NUTRICAO,PRIME,FAB_PRIME,N,41994.13,352507.78,0.11912965,0.11912965,907.700,5848.900,0.15519157,1357,1,28,0.868,0.0172,0.1323,OFICIAL
NACIONAL,BRASIL,2025-49,NUTRICAO,NESQUIK,NESTLE,Y,37959.21,352507.78,0.10768333,0.10768333,1021.900,5848.900,0.17471661,2478,2,45,0.868,0.0172,0.1323,OFICIAL
NACIONAL,BRASIL,2025-49,NUTRICAO,NOVA,FAB_NOVA,N,37556.09,352507.78,0.10653975,0.10653975,627.000,5848.900,0.10719964,1524,3,19,0.868,0.0172,0.1323,OFICIAL
NACIONAL,BRASIL,2025-49,NUTRICAO,BETA,FAB_BETA,N,32000.44,352507.78,0.09077939,0.09077939,461.700,5848.900,0.07893792,874,4,28,0.868,0.0172,0.1323,OFICIAL
NACIONAL,BRASIL,2025-49,NUTRICAO,DELTA,FAB_DELTA,N,29842.92,352507.78,0.0846589,0.0846589,419.700,5848.900,0.07175708,1173,5,28,0.868,0.0172,0.1323,OFICIAL
NACIONAL,BRASIL,2025-49,NUTRICAO,NINHO,NESTLE,Y,29651.78,352507.78,0.08411667,0.08411667,282.000,5848.900,0.04821419,1071,6,22,0.868,0.0172,0.1323,OFICIAL
NACIONAL,BRASIL,2025-49,NUTRICAO,ALPHA,FAB_ALPHA,N,27511.53,352507.78,0.07804517,0.07804517,249.900,5848.900,0.04272598,934,7,28,0.868,0.0172,0.1323,OFICIAL
NACIONAL,BRASIL,2025-49,NUTRICAO,NESCAFE,NESTLE,Y,25053.25,352507.78,0.07107148,0.07107148,356.800,5848.900,0.06100292,868,8,17,0.868,0.0172,0.1323,OFICIAL
NACIONAL,BRASIL,2025-49,NUTRICAO,SOLAR,FAB_SOLAR,N,25026.29,352507.78,0.070995,0.070995,377.500,5848.900,0.06454205,678,9,21,0.868,0.0172,0.1323,OFICIAL
NACIONAL,BRASIL,2025-49,NUTRICAO,KITKAT,NESTLE,Y,21099.56,352507.78,0.05985559,0.05985559,447.300,5848.900,0.07647592,822,10,20,0.868,0.0172,0.1323,OFICIAL
NACIONAL,BRASIL,2025-49,NUTRICAO,VIVA,FAB_VIVA,N,18145.51,352507.78,0.05147549,0.05147549,219.700,5848.900,0.03756262,571,11,17,0.868,0.0172,0.1323,OFICIAL
NACIONAL,BRASIL,2025-49,NUTRICAO,MOCA,NESTLE,Y,11700.49,352507.78,0.03319215,0.03319215,239.600,5848.900,0.04096497,427,12,20,0.868,0.0172,0.1323,OFICIAL
NACIONAL,BRASIL,2025-49,NUTRICAO,GAROTO,NESTLE,Y,11364.43,352507.78,0.03223881,0.03223881,124.200,5848.900,0.02123476,307,13,6,0.868,0.0172,0.1323,OFICIAL
NACIONAL,BRASIL,2025-49,NUTRICAO,MAGGI,NESTLE,Y,3602.15,352507.78,0.01021864,0.01021864,113.900,5848.900,0.01947375,170,14,8,0.868,0.0172,0.1323,OFICIAL
NACIONAL,BRASIL,2025-50,BEBIDAS,PRIME,FAB_PRIME,N,40208.50,331018.25,0.12146913,0.12146913,468.400,5976.200,0.07837756,1240,1,28,0.8303,0.0104,0.1404,OFICIAL
NACIONAL,BRASIL,2025-50,BEBIDAS,NESCAFE,NESTLE,Y,39388.97,331018.25,0.11899335,0.11899335,735.500,5976.200,0.12307152,2366,2,36,0.8303,0.0104,0.1404,OFICIAL
NACIONAL,BRASIL,2025-50,BEBIDAS,NINHO,NESTLE,Y,36485.13,331018.25,0.1102209,0.1102209,907.300,5976.200,0.15181888,2435,3,41,0.8303,0.0104,0.1404,OFICIAL
NACIONAL,BRASIL,2025-50,BEBIDAS,VIVA,FAB_VIVA,N,31818.76,331018.25,0.09612388,0.09612388,407.800,5976.200,0.06823734,829,4,20,0.8303,0.0104,0.1404,OFICIAL
NACIONAL,BRASIL,2025-50,BEBIDAS,SOLAR,FAB_SOLAR,N,27561.75,331018.25,0.08326354,0.08326354,531.900,5976.200,0.08900305,1050,5,30,0.8303,0.0104,0.1404,OFICIAL
NACIONAL,BRASIL,2025-50,BEBIDAS,DELTA,FAB_DELTA,N,26834.06,331018.25,0.0810652,0.0810652,473.900,5976.200,0.07929788,828,6,25,0.8303,0.0104,0.1404,OFICIAL
NACIONAL,BRASIL,2025-50,BEBIDAS,NOVA,FAB_NOVA,N,26253.25,331018.25,0.07931058,0.07931058,560.100,5976.200,0.09372176,888,7,23,0.8303,0.0104,0.1404,OFICIAL
NACIONAL,BRASIL,2025-50,BEBIDAS,ALPHA,FAB_ALPHA,N,21294.83,331018.25,0.06433129,0.06433129,523.000,5976.200,0.0875138,787,8,20,0.8303,0.0104,0.1404,OFICIAL
NACIONAL,BRASIL,2025-50,BEBIDAS,NESQUIK,NESTLE,Y,21226.68,331018.25,0.06412541,0.06412541,211.400,5976.200,0.03537365,636,9,18,0.8303,0.0104,0.1404,OFICIAL
NACIONAL,BRASIL,2025-50,BEBIDAS,GAROTO,NESTLE,Y,20674.28,331018.25,0.06245662,0.06245662,390.900,5976.200,0.06540946,680,10,21,0.8303,0.0104,0.1404,OFICIAL
NACIONAL,BRASIL,2025-50,BEBIDAS,BETA,FAB_BETA,N,15981.16,331018.25,0.04827879,0.04827879,487.200,5976.200,0.08152338,619,11,22,0.8303,0.0104,0.1404,OFICIAL
NACIONAL,BRASIL,2025-50,BEBIDAS,KITKAT,NESTLE,Y,9907.45,331018.25,0.02993022,0.02993022,71.800,5976.200,0.01201432,347,12,5,0.8303,0.0104,0.1404,OFICIAL
NACIONAL,BRASIL,2025-50,BEBIDAS,MOCA,NESTLE,Y,7878.74,331018.25,0.02380153,0.02380153,166.200,5976.200,0.02781031,367,13,9,0.8303,0.0104,0.1404,OFICIAL
NACIONAL,BRASIL,2025-50,BEBIDAS,MAGGI,NESTLE,Y,5504.69,331018.25,0.01662957,0.01662957,40.800,5976.200,0.00682708,153,14,4,0.8303,0.0104,0.1404,OFICIAL
NACIONAL,BRASIL,2025-50,CHOCOLATES,BETA,FAB_BETA,N,42149.04,314015.56,0.13422596,0.13422596,592.100,4679.700,0.1265252,1431,1,20,0.8303,0.0104,0.0315,OFICIAL
NACIONAL,BRASIL,2025-50,CHOCOLATES,MOCA,NESTLE,Y,36747.62,314015.56,0.11702484,0.11702484,400.100,4679.700,0.08549693,976,2,11,0.8303,0.0104,0.0315,OFICIAL
NACIONAL,BRASIL,2025-50,CHOCOLATES,DELTA,FAB_DELTA,N,33702.97,314015.56,0.10732898,0.10732898,528.700,4679.700,0.11297733,1348,3,32,0.8303,0.0104,0.0315,OFICIAL
NACIONAL,BRASIL,2025-50,CHOCOLATES,VIVA,FAB_VIVA,N,30399.40,314015.56,0.09680858,0.09680858,550.300,4679.700,0.11759301,944,4,30,0.8303,0.0104,0.0315,OFICIAL
NACIONAL,BRASIL,2025-50,CHOCOLATES,SOLAR,FAB_SOLAR,N,26047.88,314015.56,0.08295092,0.08295092,154.500,4679.700,0.03301494,877,5,28,0.8303,0.0104,0.0315,OFICIAL
NACIONAL,BRASIL,2025-50,CHOCOLATES,NOVA,FAB_NOVA,N,24432.44,314015.56,0.07780646,0.07780646,443.700,4679.700,0.09481377,901,6,18,0.8303,0.0104,0.0315,OFICIAL
NACIONAL,BRASIL,2025-50,CHOCOLATES,NESCAFE,NESTLE,Y,22292.24,314015.56,0.07099088,0.07099088,267.900,4679.700,0.05724726,752,7,24,0.8303,0.0104,0.0315,OFICIAL
NACIONAL,BRASIL,2025-50,CHOCOLATES,NESQUIK,NESTLE,Y,21206.12,314015.56,0.06753207,0.06753207,375.000,4679.700,0.08013334,816,8,16,0.8303,0.0104,0.0315,OFICIAL
NACIONAL,BRASIL,2025-50,CHOCOLATES,ALPHA,FAB_ALPHA,N,20034.01,314015.56,0.06379942,0.06379942,365.000,4679.700,0.07799645,770,9,24,0.8303,0.0104,0.0315,OFICIAL
NACIONAL,BRASIL,2025-50,CHOCOLATES,NINHO,NESTLE,Y,17089.71,314015.56,0.05442313,0.05442313,206.700,4679.700,0.0441695,613,10,14,0.8303,0.0104,0.0315,OFICIAL
NACIONAL,BRASIL,2025-50,CHOCOLATES,PRIME,FAB_PRIME,N,15446.58,314015.56,0.04919049,0.04919049,205.200,4679.700,0.04384896,609,11,21,0.8303,0.0104,0.0315,OFICIAL
NACIONAL,BRASIL,2025-50,CHOCOLATES,MAGGI,NESTLE,Y,11167.14,314015.56,0.03556238,0.03556238,431.000,4679.700,0.09209992,504,12,11,0.8303,0.0104,0.0315,OFICIAL
NACIONAL,BRASIL,2025-50,CHOCOLATES,GAROTO,NESTLE,Y,8717.46,314015.56,0.02776124,0.02776124,82.200,4679.700,0.01756523,296,13,5,0.8303,0.0104,0.0315,OFICIAL
NACIONAL,BRASIL,2025-50,CHOCOLATES,KITKAT,NESTLE,Y,4582.95,314015.56,0.01459466,0.01459466,77.300,4679.700,0.01651815,166,14,9,0.8303,0.0104,0.0315,OFICIAL
NACIONAL,BRASIL,2025-50,CULINARIOS,NOVA,FAB_NOVA,N,45566.82,263856.83,0.17269525,0.17269525,691.200,3888.500,0.17775492,1501,1,38,0.8303,0.0104,0.047,OFICIAL
NACIONAL,BRASIL,2025-50,CULINARIOS,BETA,FAB_BETA,N,38992.47,263856.83,0.14777889,0.14777889,386.600,3888.500,0.09942137,1241,2,20,0.8303,0.0104,0.047,OFICIAL
NACIONAL,BRASIL,2025-50,CULINARIOS,VIVA,FAB_VIVA,N,29912.30,263856.83,0.11336565,0.11336565,504.000,3888.500,0.12961296,1182,3,34,0.8303,0.0104,0.047,OFICIAL
NACIONAL,BRASIL,2025-50,CULINARIOS,NESQUIK,NESTLE,Y,23993.65,263856.83,0.09093435,0.09093435,626.600,3888.500,0.16114183,717,4,6,0.8303,0.0104,0.047,OFICIAL
NACIONAL,BRASIL,2025-50,CULINARIOS,PRIME,FAB_PRIME,N,19847.21,263856.83,0.07521962,0.07521962,356.600,3888.500,0.09170631,789,5,26,0.8303,0.0104,0.047,OFICIAL
NACIONAL,BRASIL,2025-50,CULINARIOS,SOLAR,FAB_SOLAR,N,17228.31,263856.83,0.06529416,0.06529416,161.500,3888.500,0.04153272,441,6,18,0.8303,0.0104,0.047,OFICIAL
NACIONAL,BRASIL,2025-50,CULINARIOS,MAGGI,NESTLE,Y,17065.08,263856.83,0.06467553,0.06467553,202.800,3888.500,0.05215379,551,7,12,0.8303,0.0104,0.047,OFICIAL
NACIONAL,BRASIL,2025-50,CULINARIOS,DELTA,FAB_DELTA,N,16702.04,263856.83,0.06329963,0.06329963,256.700,3888.500,0.06601517,732,8,22,0.8303,0.0104,0.047,OFICIAL
NACIONAL,BRASIL,2025-50,CULINARIOS,KITKAT,NESTLE,Y,12907.23,263856.83,0.04891755,0.04891755,153.600,3888.500,0.03950109,539,9,14,0.8303,0.0104,0.047,OFICIAL
NACIONAL,BRASIL,2025-50,CULINARIOS,GAROTO,NESTLE,Y,12133.18,263856.83,0.04598395,0.04598395,153.400,3888.500,0.03944966,415,10,8,0.8303,0.0104,0.047,OFICIAL
NACIONAL,BRASIL,2025-50,CULINARIOS,ALPHA,FAB_ALPHA,N,11679.73,263856.83,0.04426541,0.04426541,150.100,3888.500,0.038601,473,11,7,0.8303,0.0104,0.047,OFICIAL
NACIONAL,BRASIL,2025-50,CULINARIOS,NINHO,NESTLE,Y,9803.10,263856.83,0.0371531,0.0371531,147.100,3888.500,0.0378295,375,12,13,0.8303,0.0104,0.047,OFICIAL
NACIONAL,BRASIL,2025-50,CULINARIOS,MOCA,NESTLE,Y,4137.76,263856.83,0.01568184,0.01568184,58.300,3888.500,0.01499293,142,13,4,0.8303,0.0104,0.047,OFICIAL
NACIONAL,BRASIL,2025-50,CULINARIOS,NESCAFE,NESTLE,Y,3887.95,263856.83,0.01473507,0.01473507,40.000,3888.500,0.01028674,125,14,7,0.8303,0.0104,0.047,OFICIAL
NACIONAL,BRASIL,2025-50,LACTEOS,SOLAR,FAB_SOLAR,N,41995.56,240568.11,0.17456828,0.17456828,723.600,3763.500,0.19226784,1486,1,40,0.8303,0.0104,0.0375,OFICIAL
NACIONAL,BRASIL,2025-50,LACTEOS,VIVA,FAB_VIVA,N,30273.28,240568.11,0.12584079,0.12584079,540.000,3763.500,0.14348346,1263,2,32,0.8303,0.0104,0.0375,OFICIAL
NACIONAL,BRASIL,2025-50,LACTEOS,NOVA,FAB_NOVA,N,30248.44,240568.11,0.12573753,0.12573753,436.300,3763.500,0.11592932,1221,3,22,0.8303,0.0104,0.0375,OFICIAL
NACIONAL,BRASIL,2025-50,LACTEOS,DELTA,FAB_DELTA,N,23934.40,240568.11,0.09949116,0.09949116,374.200,3763.500,0.09942872,921,4,32,0.8303,0.0104,0.0375,OFICIAL
NACIONAL,BRASIL,2025-50,LACTEOS,ALPHA,FAB_ALPHA,N,19275.41,240568.11,0.08012454,0.08012454,166.400,3763.500,0.04421416,538,5,19,0.8303,0.0104,0.0375,OFICIAL
NACIONAL,BRASIL,2025-50,LACTEOS,MOCA,NESTLE,Y,18156.51,240568.11,0.07547347,0.07547347,180.000,3763.500,0.04782782,562,6,11,0.8303,0.0104,0.0375,OFICIAL
NACIONAL,BRASIL,2025-50,LACTEOS,NESQUIK,NESTLE,Y,14957.92,240568.11,0.06217748,0.06217748,293.800,3763.500,0.07806563,533,7,16,0.8303,0.0104,0.0375,OFICIAL
NACIONAL,BRASIL,2025-50,LACTEOS,BETA,FAB_BETA,N,14527.08,240568.11,0.06038656,0.06038656,290.700,3763.500,0.07724193,566,8,22,0.8303,0.0104,0.0375,OFICIAL
NACIONAL,BRASIL,2025-50,LACTEOS,PRIME,FAB_PRIME,N,12783.74,240568.11,0.05313979,0.05313979,355.200,3763.500,0.09438023,590,9,16,0.8303,0.0104,0.0375,OFICIAL
NACIONAL,BRASIL,2025-50,LACTEOS,GAROTO,NESTLE,Y,10932.88,240568.11,0.04544609,0.04544609,149.300,3763.500,0.03967052,340,10,12,0.8303,0.0104,0.0375,OFICIAL
NACIONAL,BRASIL,2025-50,LACTEOS,NINHO,NESTLE,Y,9397.31,240568.11,0.03906299,0.03906299,84.100,3763.500,0.02234622,310,11,12,0.8303,0.0104,0.0375,OFICIAL
NACIONAL,BRASIL,2025-50,LACTEOS,MAGGI,NESTLE,Y,6389.62,240568.11,0.02656054,0.02656054,28.900,3763.500,0.00767902,229,12,4,0.8303,0.0104,0.0375,OFICIAL
NACIONAL,BRASIL,2025-50,LACTEOS,KITKAT,NESTLE,Y,4550.23,240568.11,0.01891452,0.01891452,90.100,3763.500,0.02394048,198,13,8,0.8303,0.0104,0.0375,OFICIAL
NACIONAL,BRASIL,2025-50,LACTEOS,NESCAFE,NESTLE,Y,3145.73,240568.11,0.01307626,0.01307626,50.900,3763.500,0.01352464,101,14,8,0.8303,0.0104,0.0375,OFICIAL
NACIONAL,BRASIL,2025-50,NUTRICAO,SOLAR,FAB_SOLAR,N,48201.17,332795.57,0.14483717,0.14483717,581.100,5541.800,0.10485763,1360,1,24,0.8303,0.0104,0.0503,OFICIAL
NACIONAL,BRASIL,2025-50,NUTRICAO,BETA,FAB_BETA,N,39865.68,332795.57,0.1197903,0.1197903,772.100,5541.800,0.13932296,1366,2,28,0.8303,0.0104,0.0503,OFICIAL
NACIONAL,BRASIL,2025-50,NUTRICAO,ALPHA,FAB_ALPHA,N,35752.77,332795.57,0.10743163,0.10743163,596.900,5541.800,0.10770869,1254,3,23,0.8303,0.0104,0.0503,OFICIAL
NACIONAL,BRASIL,2025-50,NUTRICAO,PRIME,FAB_PRIME,N,27588.60,332795.57,0.08289954,0.08289954,348.600,5541.800,0.06290375,819,4,28,0.8303,0.0104,0.0503,OFICIAL
NACIONAL,BRASIL,2025-50,NUTRICAO,NESQUIK,NESTLE,Y,25946.30,332795.57,0.07796468,0.07796468,799.600,5541.800,0.14428525,2109,5,41,0.8303,0.0104,0.0503,OFICIAL
NACIONAL,BRASIL,2025-50,NUTRICAO,MOCA,NESTLE,Y,25284.58,332795.57,0.07597631,0.07597631,289.900,5541.800,0.05231152,843,6,15,0.8303,0.0104,0.0503,OFICIAL
NACIONAL,BRASIL,2025-50,NUTRICAO,NOVA,FAB_NOVA,N,23401.99,332795.57,0.07031942,0.07031942,644.900,5541.800,0.11637013,852,7,24,0.8303,0.0104,0.0503,OFICIAL
NACIONAL,BRASIL,2025-50,NUTRICAO,VIVA,FAB_VIVA,N,22056.58,332795.57,0.06627666,0.06627666,314.100,5541.800,0.05667834,748,8,13,0.8303,0.0104,0.0503,OFICIAL
NACIONAL,BRASIL,2025-50,NUTRICAO,DELTA,FAB_DELTA,N,20679.79,332795.57,0.06213962,0.06213962,193.500,5541.800,0.03491645,707,9,21,0.8303,0.0104,0.0503,OFICIAL
NACIONAL,BRASIL,2025-50,NUTRICAO,NINHO,NESTLE,Y,20394.35,332795.57,0.06128192,0.06128192,381.900,5541.800,0.06891263,696,10,16,0.8303,0.0104,0.0503,OFICIAL
NACIONAL,BRASIL,2025-50,NUTRICAO,KITKAT,NESTLE,Y,14309.69,332795.57,0.04299844,0.04299844,185.800,5541.800,0.03352701,433,11,11,0.8303,0.0104,0.0503,OFICIAL
NACIONAL,BRASIL,2025-50,NUTRICAO,NESCAFE,NESTLE,Y,12887.49,332795.57,0.03872494,0.03872494,204.500,5541.800,0.03690137,374,12,13,0.8303,0.0104,0.0503,OFICIAL
NACIONAL,BRASIL,2025-50,NUTRICAO,GAROTO,NESTLE,Y,12626.15,332795.57,0.03793966,0.03793966,201.000,5541.800,0.0362698,527,13,12,0.8303,0.0104,0.0503,OFICIAL
NACIONAL,BRASIL,2025-50,NUTRICAO,MAGGI,NESTLE,Y,3800.43,332795.57,0.01141971,0.01141971,27.900,5541.800,0.00503447,108,14,5,0.8303,0.0104,0.0503,OFICIAL
NACIONAL,BRASIL,2025-51,BEBIDAS,NESCAFE,NESTLE,Y,42965.58,321975.10,0.1334438,0.1334438,854.700,5667.900,0.15079659,2023,1,33,0.8393,0.0145,0.1627,OFICIAL
NACIONAL,BRASIL,2025-51,BEBIDAS,NESQUIK,NESTLE,Y,34336.71,321975.10,0.10664399,0.10664399,753.500,5667.900,0.13294165,980,2,18,0.8393,0.0145,0.1627,OFICIAL
NACIONAL,BRASIL,2025-51,BEBIDAS,PRIME,FAB_PRIME,N,33506.51,321975.10,0.10406553,0.10406553,448.800,5667.900,0.07918277,1107,3,21,0.8393,0.0145,0.1627,OFICIAL
NACIONAL,BRASIL,2025-51,BEBIDAS,VIVA,FAB_VIVA,N,33117.25,321975.10,0.10285656,0.10285656,221.400,5667.900,0.03906209,1154,4,20,0.8393,0.0145,0.1627,OFICIAL
NACIONAL,BRASIL,2025-51,BEBIDAS,NINHO,NESTLE,Y,32117.83,321975.10,0.09975253,0.09975253,599.800,5667.900,0.10582403,2102,5,39,0.8393,0.0145,0.1627,OFICIAL
NACIONAL,BRASIL,2025-51,BEBIDAS,SOLAR,FAB_SOLAR,N,28650.11,321975.10,0.08898238,0.08898238,621.400,5667.900,0.10963496,1352,6,28,0.8393,0.0145,0.1627,OFICIAL
NACIONAL,BRASIL,2025-51,BEBIDAS,ALPHA,FAB_ALPHA,N,23781.18,321975.10,0.07386031,0.07386031,273.000,5667.900,0.04816599,714,7,24,0.8393,0.0145,0.1627,OFICIAL
NACIONAL,BRASIL,2025-51,BEBIDAS,BETA,FAB_BETA,N,21369.27,321975.10,0.06636932,0.06636932,526.000,5667.900,0.09280333,977,8,31,0.8393,0.0145,0.1627,OFICIAL
NACIONAL,BRASIL,2025-51,BEBIDAS,NOVA,FAB_NOVA,N,20853.41,321975.10,0.06476715,0.06476715,407.800,5667.900,0.07194905,718,9,24,0.8393,0.0145,0.1627,OFICIAL
NACIONAL,BRASIL,2025-51,BEBIDAS,KITKAT,NESTLE,Y,16130.47,321975.10,0.0500985,0.0500985,440.300,5667.900,0.07768309,624,10,19,0.8393,0.0145,0.1627,OFICIAL
NACIONAL,BRASIL,2025-51,BEBIDAS,DELTA,FAB_DELTA,N,12769.62,321975.10,0.03966027,0.03966027,121.400,5667.900,0.02141887,487,11,19,0.8393,0.0145,0.1627,OFICIAL
NACIONAL,BRASIL,2025-51,BEBIDAS,MOCA,NESTLE,Y,9051.35,321975.10,0.02811196,0.02811196,84.300,5667.900,0.01487323,283,12,14,0.8393,0.0145,0.1627,OFICIAL
NACIONAL,BRASIL,2025-51,BEBIDAS,MAGGI,NESTLE,Y,6677.23,321975.10,0.02073834,0.02073834,116.500,5667.900,0.02055435,290,13,7,0.8393,0.0145,0.1627,OFICIAL
NACIONAL,BRASIL,2025-51,BEBIDAS,GAROTO,NESTLE,Y,6648.58,321975.10,0.02064936,0.02064936,199.000,5667.900,0.03511001,325,14,14,0.8393,0.0145,0.1627,OFICIAL
NACIONAL,BRASIL,2025-51,CHOCOLATES,NINHO,NESTLE,Y,36610.84,248260.45,0.14746948,0.14746948,287.500,4798.000,0.0599208,984,1,13,0.8393,0.0145,0.1461,OFICIAL
NACIONAL,BRASIL,2025-51,CHOCOLATES,PRIME,FAB_PRIME,N,30492.19,248260.45,0.12282339,0.12282339,570.800,4798.000,0.11896624,1309,2,32,0.8393,0.0145,0.1461,OFICIAL
NACIONAL,BRASIL,2025-51,CHOCOLATES,VIVA,FAB_VIVA,N,27005.50,248260.45,0.10877891,0.10877891,478.600,4798.000,0.0997499,870,3,33,0.8393,0.0145,0.1461,OFICIAL
NACIONAL,BRASIL,2025-51,CHOCOLATES,BETA,FAB_BETA,N,25884.09,248260.45,0.10426183,0.10426183,820.300,4798.000,0.17096707,1329,4,31,0.8393,0.0145,0.1461,OFICIAL
NACIONAL,BRASIL,2025-51,CHOCOLATES,KITKAT,NESTLE,Y,24171.78,248260.45,0.0973646,0.0973646,641.300,4798.000,0.13365986,712,5,14,0.8393,0.0145,0.1461,OFICIAL
NACIONAL,BRASIL,2025-51,CHOCOLATES,SOLAR,FAB_SOLAR,N,22149.21,248260.45,0.08921763,0.08921763,212.200,4798.000,0.04422676,625,6,18,0.8393,0.0145,0.1461,OFICIAL
NACIONAL,BRASIL,2025-51,CHOCOLATES,DELTA,FAB_DELTA,N,21895.08,248260.45,0.08819399,0.08819399,348.700,4798.000,0.07267612,729,7,19,0.8393,0.0145,0.1461,OFICIAL
NACIONAL,BRASIL,2025-51,CHOCOLATES,NESCAFE,NESTLE,Y,17604.78,248260.45,0.07091254,0.07091254,317.400,4798.000,0.06615256,503,8,17,0.8393,0.0145,0.1461,OFICIAL
NACIONAL,BRASIL,2025-51,CHOCOLATES,NOVA,FAB_NOVA,N,11262.86,248260.45,0.04536711,0.04536711,526.400,4798.000,0.10971238,748,9,18,0.8393,0.0145,0.1461,OFICIAL
NACIONAL,BRASIL,2025-51,CHOCOLATES,NESQUIK,NESTLE,Y,10296.61,248260.45,0.04147503,0.04147503,248.000,4798.000,0.0516882,435,10,16,0.8393,0.0145,0.1461,OFICIAL
NACIONAL,BRASIL,2025-51,CHOCOLATES,ALPHA,FAB_ALPHA,N,7929.24,248260.45,0.0319392,0.0319392,202.800,4798.000,0.04226761,443,11,16,0.8393,0.0145,0.1461,OFICIAL
NACIONAL,BRASIL,2025-51,CHOCOLATES,MOCA,NESTLE,Y,6068.49,248260.45,0.02444405,0.02444405,76.600,4798.000,0.01596499,187,12,9,0.8393,0.0145,0.1461,OFICIAL
NACIONAL,BRASIL,2025-51,CHOCOLATES,MAGGI,NESTLE,Y,3464.95,248260.45,0.01395692,0.01395692,53.700,4798.000,0.01119216,147,13,12,0.8393,0.0145,0.1461,OFICIAL
NACIONAL,BRASIL,2025-51,CHOCOLATES,GAROTO,NESTLE,Y,3424.83,248260.45,0.01379531,0.01379531,13.700,4798.000,0.00285536,69,14,3,0.8393,0.0145,0.1461,OFICIAL
NACIONAL,BRASIL,2025-51,CULINARIOS,BETA,FAB_BETA,N,51563.68,345850.88,0.14909223,0.14909223,617.500,5646.400,0.10936172,1768,1,26,0.8393,0.0145,0.0338,OFICIAL
NACIONAL,BRASIL,2025-51,CULINARIOS,PRIME,FAB_PRIME,N,49262.62,345850.88,0.1424389,0.1424389,676.300,5646.400,0.11977543,2120,2,23,0.8393,0.0145,0.0338,OFICIAL
NACIONAL,BRASIL,2025-51,CULINARIOS,SOLAR,FAB_SOLAR,N,36096.52,345850.88,0.10437018,0.10437018,449.000,5646.400,0.07951969,1082,3,18,0.8393,0.0145,0.0338,OFICIAL
NACIONAL,BRASIL,2025-51,CULINARIOS,VIVA,FAB_VIVA,N,34367.13,345850.88,0.09936979,0.09936979,777.700,5646.400,0.13773378,1349,4,24,0.8393,0.0145,0.0338,OFICIAL
NACIONAL,BRASIL,2025-51,CULINARIOS,NOVA,FAB_NOVA,N,27060.00,345850.88,0.07824181,0.07824181,361.800,5646.400,0.06407623,975,5,36,0.8393,0.0145,0.0338,OFICIAL
NACIONAL,BRASIL,2025-51,CULINARIOS,MAGGI,NESTLE,Y,24959.15,345850.88,0.07216737,0.07216737,586.300,5646.400,0.10383607,959,6,14,0.8393,0.0145,0.0338,OFICIAL
NACIONAL,BRASIL,2025-51,CULINARIOS,NINHO,NESTLE,Y,21802.59,345850.88,0.06304044,0.06304044,486.600,5646.400,0.0861788,751,7,17,0.8393,0.0145,0.0338,OFICIAL
NACIONAL,BRASIL,2025-51,CULINARIOS,DELTA,FAB_DELTA,N,17963.26,345850.88,0.05193932,0.05193932,252.300,5646.400,0.04468334,547,8,14,0.8393,0.0145,0.0338,OFICIAL
NACIONAL,BRASIL,2025-51,CULINARIOS,GAROTO,NESTLE,Y,17429.63,345850.88,0.05039637,0.05039637,150.100,5646.400,0.02658331,509,9,10,0.8393,0.0145,0.0338,OFICIAL
NACIONAL,BRASIL,2025-51,CULINARIOS,NESCAFE,NESTLE,Y,16826.71,345850.88,0.04865308,0.04865308,330.300,5646.400,0.05849745,643,10,13,0.8393,0.0145,0.0338,OFICIAL
NACIONAL,BRASIL,2025-51,CULINARIOS,KITKAT,NESTLE,Y,15296.04,345850.88,0.04422727,0.04422727,373.300,5646.400,0.06611292,652,11,18,0.8393,0.0145,0.0338,OFICIAL
NACIONAL,BRASIL,2025-51,CULINARIOS,MOCA,NESTLE,Y,13873.10,345850.88,0.04011295,0.04011295,191.200,5646.400,0.03386228,468,12,11,0.8393,0.0145,0.0338,OFICIAL
NACIONAL,BRASIL,2025-51,CULINARIOS,NESQUIK,NESTLE,Y,10688.18,345850.88,0.03090401,0.03090401,272.600,5646.400,0.04827855,381,13,7,0.8393,0.0145,0.0338,OFICIAL
NACIONAL,BRASIL,2025-51,CULINARIOS,ALPHA,FAB_ALPHA,N,8662.27,345850.88,0.02504626,0.02504626,121.400,5646.400,0.02150043,360,14,10,0.8393,0.0145,0.0338,OFICIAL
NACIONAL,BRASIL,2025-51,LACTEOS,DELTA,FAB_DELTA,N,54956.54,346633.07,0.15854385,0.15854385,1306.900,5823.400,0.22442216,2600,1,35,0.8393,0.0145,0.0285,OFICIAL
NACIONAL,BRASIL,2025-51,LACTEOS,VIVA,FAB_VIVA,N,43021.44,346633.07,0.12411234,0.12411234,530.300,5823.400,0.09106364,1361,2,37,0.8393,0.0145,0.0285,OFICIAL
NACIONAL,BRASIL,2025-51,LACTEOS,SOLAR,FAB_SOLAR,N,35458.24,346633.07,0.1022933,0.1022933,664.400,5823.400,0.11409142,1399,3,34,0.8393,0.0145,0.0285,OFICIAL
NACIONAL,BRASIL,2025-51,LACTEOS,NOVA,FAB_NOVA,N,29156.94,346633.07,0.08411471,0.08411471,397.500,5823.400,0.06825909,1087,4,29,0.8393,0.0145,0.0285,OFICIAL
NACIONAL,BRASIL,2025-51,LACTEOS,ALPHA,FAB_ALPHA,N,26070.14,346633.07,0.07520962,0.07520962,806.000,5823.400,0.13840712,1429,5,31,0.8393,0.0145,0.0285,OFICIAL
NACIONAL,BRASIL,2025-51,LACTEOS,NINHO,NESTLE,Y,24437.32,346633.07,0.0704991,0.0704991,430.500,5823.400,0.07392589,1002,6,19,0.8393,0.0145,0.0285,OFICIAL
NACIONAL,BRASIL,2025-51,LACTEOS,GAROTO,NESTLE,Y,23282.93,346633.07,0.06716881,0.06716881,196.000,5823.400,0.03365731,735,7,18,0.8393,0.0145,0.0285,OFICIAL
NACIONAL,BRASIL,2025-51,LACTEOS,PRIME,FAB_PRIME,N,21927.13,346633.07,0.06325747,0.06325747,286.000,5823.400,0.0491122,795,8,15,0.8393,0.0145,0.0285,OFICIAL
NACIONAL,BRASIL,2025-51,LACTEOS,NESQUIK,NESTLE,Y,20677.17,346633.07,0.05965146,0.05965146,328.800,5823.400,0.05646186,791,9,16,0.8393,0.0145,0.0285,OFICIAL
NACIONAL,BRASIL,2025-51,LACTEOS,KITKAT,NESTLE,Y,18470.66,346633.07,0.05328591,0.05328591,209.200,5823.400,0.03592403,600,10,15,0.8393,0.0145,0.0285,OFICIAL
NACIONAL,BRASIL,2025-51,LACTEOS,MOCA,NESTLE,Y,13663.37,346633.07,0.03941739,0.03941739,165.400,5823.400,0.02840265,401,11,18,0.8393,0.0145,0.0285,OFICIAL
NACIONAL,BRASIL,2025-51,LACTEOS,NESCAFE,NESTLE,Y,12878.23,346633.07,0.03715234,0.03715234,189.500,5823.400,0.03254113,486,12,12,0.8393,0.0145,0.0285,OFICIAL
NACIONAL,BRASIL,2025-51,LACTEOS,BETA,FAB_BETA,N,11614.40,346633.07,0.03350632,0.03350632,195.200,5823.400,0.03351994,622,13,18,0.8393,0.0145,0.0285,OFICIAL
NACIONAL,BRASIL,2025-51,LACTEOS,MAGGI,NESTLE,Y,11018.56,346633.07,0.03178739,0.03178739,117.700,5823.400,0.02021156,423,14,11,0.8393,0.0145,0.0285,OFICIAL
NACIONAL,BRASIL,2025-51,NUTRICAO,NOVA,FAB_NOVA,N,45098.70,317054.81,0.1422426,0.1422426,505.400,4955.200,0.10199387,1414,1,22,0.8393,0.0145,0.046,OFICIAL
NACIONAL,BRASIL,2025-51,NUTRICAO,BETA,FAB_BETA,N,43393.90,317054.81,0.13686561,0.13686561,698.800,4955.200,0.14102357,1299,2,25,0.8393,0.0145,0.046,OFICIAL
NACIONAL,BRASIL,2025-51,NUTRICAO,ALPHA,FAB_ALPHA,N,34024.68,317054.81,0.10731482,0.10731482,306.000,4955.200,0.06175331,940,3,20,0.8393,0.0145,0.046,OFICIAL
NACIONAL,BRASIL,2025-51,NUTRICAO,VIVA,FAB_VIVA,N,29368.30,317054.81,0.09262846,0.09262846,432.600,4955.200,0.08730223,730,4,15,0.8393,0.0145,0.046,OFICIAL
NACIONAL,BRASIL,2025-51,NUTRICAO,NINHO,NESTLE,Y,28064.36,317054.81,0.0885158,0.0885158,517.900,4955.200,0.10451647,879,5,16,0.8393,0.0145,0.046,OFICIAL
NACIONAL,BRASIL,2025-51,NUTRICAO,NESQUIK,NESTLE,Y,21639.74,317054.81,0.06825236,0.06825236,651.600,4955.200,0.13149822,1776,6,37,0.8393,0.0145,0.046,OFICIAL
NACIONAL,BRASIL,2025-51,NUTRICAO,DELTA,FAB_DELTA,N,21354.80,317054.81,0.06735365,0.06735365,221.200,4955.200,0.04463997,764,7,20,0.8393,0.0145,0.046,OFICIAL
NACIONAL,BRASIL,2025-51,NUTRICAO,SOLAR,FAB_SOLAR,N,18998.35,317054.81,0.05992134,0.05992134,286.600,4955.200,0.05783823,557,8,20,0.8393,0.0145,0.046,OFICIAL
NACIONAL,BRASIL,2025-51,NUTRICAO,GAROTO,NESTLE,Y,18630.54,317054.81,0.05876126,0.05876126,333.700,4955.200,0.0673434,558,9,13,0.8393,0.0145,0.046,OFICIAL
NACIONAL,BRASIL,2025-51,NUTRICAO,PRIME,FAB_PRIME,N,14939.00,317054.81,0.04711804,0.04711804,259.600,4955.200,0.05238941,666,10,20,0.8393,0.0145,0.046,OFICIAL
NACIONAL,BRASIL,2025-51,NUTRICAO,MOCA,NESTLE,Y,13918.03,317054.81,0.04389787,0.04389787,252.100,4955.200,0.05087585,417,11,11,0.8393,0.0145,0.046,OFICIAL
NACIONAL,BRASIL,2025-51,NUTRICAO,NESCAFE,NESTLE,Y,12464.05,317054.81,0.03931197,0.03931197,135.500,4955.200,0.02734501,575,12,9,0.8393,0.0145,0.046,OFICIAL
NACIONAL,BRASIL,2025-51,NUTRICAO,KITKAT,NESTLE,Y,11217.37,317054.81,0.03537991,0.03537991,305.400,4955.200,0.06163222,502,13,13,0.8393,0.0145,0.046,OFICIAL
NACIONAL,BRASIL,2025-51,NUTRICAO,MAGGI,NESTLE,Y,3942.99,317054.81,0.0124363,0.0124363,48.800,4955.200,0.00984824,225,14,5,0.8393,0.0145,0.046,OFICIAL
NACIONAL,BRASIL,2025-52,BEBIDAS,VIVA,FAB_VIVA,N,49392.46,322108.70,0.15334097,0.15334097,696.900,5227.200,0.13332185,1572,1,22,0.8446,0.0207,0.1114,OFICIAL
NACIONAL,BRASIL,2025-52,BEBIDAS,ALPHA,FAB_ALPHA,N,45669.71,322108.70,0.14178353,0.14178353,293.800,5227.200,0.056206,1247,2,23,0.8446,0.0207,0.1114,OFICIAL
NACIONAL,BRASIL,2025-52,BEBIDAS,NINHO,NESTLE,Y,34346.32,322108.70,0.10662959,0.10662959,916.400,5227.200,0.17531374,2252,3,38,0.8446,0.0207,0.1114,OFICIAL
NACIONAL,BRASIL,2025-52,BEBIDAS,NESCAFE,NESTLE,Y,31884.21,322108.70,0.09898587,0.09898587,747.100,5227.200,0.14292547,1980,4,27,0.8446,0.0207,0.1114,OFICIAL
NACIONAL,BRASIL,2025-52,BEBIDAS,SOLAR,FAB_SOLAR,N,28379.09,322108.70,0.08810408,0.08810408,514.400,5227.200,0.09840833,851,5,26,0.8446,0.0207,0.1114,OFICIAL
NACIONAL,BRASIL,2025-52,BEBIDAS,DELTA,FAB_DELTA,N,22693.10,322108.70,0.07045168,0.07045168,298.200,5227.200,0.05704775,821,6,24,0.8446,0.0207,0.1114,OFICIAL
NACIONAL,BRASIL,2025-52,BEBIDAS,NOVA,FAB_NOVA,N,21746.92,322108.70,0.06751423,0.06751423,353.300,5227.200,0.06758877,659,7,14,0.8446,0.0207,0.1114,OFICIAL
NACIONAL,BRASIL,2025-52,BEBIDAS,GAROTO,NESTLE,Y,20546.34,322108.70,0.06378698,0.06378698,221.900,5227.200,0.04245103,634,8,9,0.8446,0.0207,0.1114,OFICIAL
NACIONAL,BRASIL,2025-52,BEBIDAS,PRIME,FAB_PRIME,N,18125.93,322108.70,0.05627271,0.05627271,182.400,5227.200,0.0348944,760,9,24,0.8446,0.0207,0.1114,OFICIAL
NACIONAL,BRASIL,2025-52,BEBIDAS,NESQUIK,NESTLE,Y,17622.59,322108.70,0.05471007,0.05471007,372.100,5227.200,0.07118534,549,10,12,0.8446,0.0207,0.1114,OFICIAL
NACIONAL,BRASIL,2025-52,BEBIDAS,MAGGI,NESTLE,Y,10421.41,322108.70,0.03235371,0.03235371,254.500,5227.200,0.04868763,446,11,13,0.8446,0.0207,0.1114,OFICIAL
NACIONAL,BRASIL,2025-52,BEBIDAS,MOCA,NESTLE,Y,9637.26,322108.70,0.02991928,0.02991928,148.900,5227.200,0.02848561,350,12,12,0.8446,0.0207,0.1114,OFICIAL
NACIONAL,BRASIL,2025-52,BEBIDAS,BETA,FAB_BETA,N,8558.77,322108.70,0.02657106,0.02657106,168.600,5227.200,0.03225436,411,13,14,0.8446,0.0207,0.1114,OFICIAL
NACIONAL,BRASIL,2025-52,BEBIDAS,KITKAT,NESTLE,Y,3084.59,322108.70,0.00957624,0.00957624,58.700,5227.200,0.01122972,77,14,4,0.8446,0.0207,0.1114,OFICIAL
NACIONAL,BRASIL,2025-52,CHOCOLATES,VIVA,FAB_VIVA,N,43614.78,304842.75,0.14307304,0.14307304,478.300,3854.200,0.12409839,1438,1,34,0.8446,0.0207,0.0565,OFICIAL
NACIONAL,BRASIL,2025-52,CHOCOLATES,BETA,FAB_BETA,N,34677.95,304842.75,0.11375685,0.11375685,412.000,3854.200,0.10689637,1037,2,35,0.8446,0.0207,0.0565,OFICIAL
NACIONAL,BRASIL,2025-52,CHOCOLATES,DELTA,FAB_DELTA,N,30052.17,304842.75,0.09858253,0.09858253,363.800,3854.200,0.09439054,1066,3,18,0.8446,0.0207,0.0565,OFICIAL
NACIONAL,BRASIL,2025-52,CHOCOLATES,ALPHA,FAB_ALPHA,N,26196.82,304842.75,0.08593552,0.08593552,355.400,3854.200,0.09221109,977,4,22,0.8446,0.0207,0.0565,OFICIAL
NACIONAL,BRASIL,2025-52,CHOCOLATES,NINHO,NESTLE,Y,25934.77,304842.75,0.0850759,0.0850759,268.100,3854.200,0.06956048,802,5,17,0.8446,0.0207,0.0565,OFICIAL
NACIONAL,BRASIL,2025-52,CHOCOLATES,NESCAFE,NESTLE,Y,25179.17,304842.75,0.08259724,0.08259724,456.700,3854.200,0.11849411,731,6,20,0.8446,0.0207,0.0565,OFICIAL
NACIONAL,BRASIL,2025-52,CHOCOLATES,PRIME,FAB_PRIME,N,23011.90,304842.75,0.07548777,0.07548777,380.700,3854.200,0.09877536,754,7,17,0.8446,0.0207,0.0565,OFICIAL
NACIONAL,BRASIL,2025-52,CHOCOLATES,KITKAT,NESTLE,Y,22086.61,304842.75,0.07245247,0.07245247,205.200,3854.200,0.05324062,637,8,13,0.8446,0.0207,0.0565,OFICIAL
NACIONAL,BRASIL,2025-52,CHOCOLATES,NOVA,FAB_NOVA,N,21963.20,304842.75,0.07204764,0.07204764,314.700,3854.200,0.08165119,734,9,20,0.8446,0.0207,0.0565,OFICIAL
NACIONAL,BRASIL,2025-52,CHOCOLATES,SOLAR,FAB_SOLAR,N,16849.12,304842.75,0.05527151,0.05527151,246.800,3854.200,0.06403404,587,10,18,0.8446,0.0207,0.0565,OFICIAL
NACIONAL,BRASIL,2025-52,CHOCOLATES,MAGGI,NESTLE,Y,16349.45,304842.75,0.05363241,0.05363241,121.800,3854.200,0.03160189,505,11,10,0.8446,0.0207,0.0565,OFICIAL
NACIONAL,BRASIL,2025-52,CHOCOLATES,NESQUIK,NESTLE,Y,11001.69,304842.75,0.03608972,0.03608972,158.300,3854.200,0.04107208,427,12,16,0.8446,0.0207,0.0565,OFICIAL
NACIONAL,BRASIL,2025-52,CHOCOLATES,MOCA,NESTLE,Y,4900.39,304842.75,0.01607514,0.01607514,72.100,3854.200,0.01870687,195,13,9,0.8446,0.0207,0.0565,OFICIAL
NACIONAL,BRASIL,2025-52,CHOCOLATES,GAROTO,NESTLE,Y,3024.73,304842.75,0.00992226,0.00992226,20.300,3854.200,0.00526698,116,14,4,0.8446,0.0207,0.0565,OFICIAL
NACIONAL,BRASIL,2025-52,CULINARIOS,NOVA,FAB_NOVA,N,40133.44,242780.75,0.16530734,0.16530734,819.300,3510.000,0.2334188,1558,1,40,0.8446,0.0207,0.0559,OFICIAL
NACIONAL,BRASIL,2025-52,CULINARIOS,BETA,FAB_BETA,N,29351.97,242780.75,0.12089908,0.12089908,340.600,3510.000,0.09703704,1080,2,23,0.8446,0.0207,0.0559,OFICIAL
NACIONAL,BRASIL,2025-52,CULINARIOS,VIVA,FAB_VIVA,N,21737.75,242780.75,0.08953655,0.08953655,203.100,3510.000,0.05786325,779,3,19,0.8446,0.0207,0.0559,OFICIAL
NACIONAL,BRASIL,2025-52,CULINARIOS,KITKAT,NESTLE,Y,21160.41,242780.75,0.08715852,0.08715852,144.800,3510.000,0.04125356,679,4,17,0.8446,0.0207,0.0559,OFICIAL
NACIONAL,BRASIL,2025-52,CULINARIOS,ALPHA,FAB_ALPHA,N,18366.08,242780.75,0.07564883,0.07564883,308.300,3510.000,0.08783476,595,5,18,0.8446,0.0207,0.0559,OFICIAL
NACIONAL,BRASIL,2025-52,CULINARIOS,SOLAR,FAB_SOLAR,N,18004.60,242780.75,0.07415992,0.07415992,206.700,3510.000,0.05888889,419,6,12,0.8446,0.0207,0.0559,OFICIAL
NACIONAL,BRASIL,2025-52,CULINARIOS,NINHO,NESTLE,Y,17719.33,242780.75,0.07298491,0.07298491,187.800,3510.000,0.05350427,723,7,20,0.8446,0.0207,0.0559,OFICIAL
NACIONAL,BRASIL,2025-52,CULINARIOS,MOCA,NESTLE,Y,14633.71,242780.75,0.06027541,0.06027541,358.700,3510.000,0.10219373,520,8,12,0.8446,0.0207,0.0559,OFICIAL
NACIONAL,BRASIL,2025-52,CULINARIOS,DELTA,FAB_DELTA,N,14045.39,242780.75,0.05785216,0.05785216,239.800,3510.000,0.06831909,558,9,16,0.8446,0.0207,0.0559,OFICIAL
NACIONAL,BRASIL,2025-52,CULINARIOS,PRIME,FAB_PRIME,N,13940.14,242780.75,0.05741864,0.05741864,134.700,3510.000,0.03837607,453,10,16,0.8446,0.0207,0.0559,OFICIAL
NACIONAL,BRASIL,2025-52,CULINARIOS,MAGGI,NESTLE,Y,13158.62,242780.75,0.0541996,0.0541996,216.400,3510.000,0.06165242,572,11,16,0.8446,0.0207,0.0559,OFICIAL
NACIONAL,BRASIL,2025-52,CULINARIOS,NESQUIK,NESTLE,Y,8548.81,242780.75,0.03521206,0.03521206,198.100,3510.000,0.05643875,310,12,9,0.8446,0.0207,0.0559,OFICIAL
NACIONAL,BRASIL,2025-52,CULINARIOS,GAROTO,NESTLE,Y,8405.58,242780.75,0.0346221,0.0346221,95.800,3510.000,0.02729345,210,13,6,0.8446,0.0207,0.0559,OFICIAL
NACIONAL,BRASIL,2025-52,CULINARIOS,NESCAFE,NESTLE,Y,3574.92,242780.75,0.01472489,0.01472489,55.900,3510.000,0.01592593,127,14,4,0.8446,0.0207,0.0559,OFICIAL
NACIONAL,BRASIL,2025-52,LACTEOS,VIVA,FAB_VIVA,N,50565.89,272807.70,0.1853536,0.1853536,714.000,4124.100,0.17312868,1653,1,43,0.8446,0.0207,0.0436,OFICIAL
NACIONAL,BRASIL,2025-52,LACTEOS,DELTA,FAB_DELTA,N,33413.90,272807.70,0.12248151,0.12248151,324.100,4124.100,0.07858684,1002,2,30,0.8446,0.0207,0.0436,OFICIAL
NACIONAL,BRASIL,2025-52,LACTEOS,NOVA,FAB_NOVA,N,29170.07,272807.70,0.10692539,0.10692539,423.800,4124.100,0.10276181,871,3,23,0.8446,0.0207,0.0436,OFICIAL
NACIONAL,BRASIL,2025-52,LACTEOS,SOLAR,FAB_SOLAR,N,27133.86,272807.70,0.09946149,0.09946149,495.100,4124.100,0.12005044,1136,4,33,0.8446,0.0207,0.0436,OFICIAL
NACIONAL,BRASIL,2025-52,LACTEOS,BETA,FAB_BETA,N,23986.03,272807.70,0.08792285,0.08792285,239.400,4124.100,0.05804903,945,5,23,0.8446,0.0207,0.0436,OFICIAL
NACIONAL,BRASIL,2025-52,LACTEOS,MAGGI,NESTLE,Y,21109.29,272807.70,0.07737791,0.07737791,212.000,4124.100,0.05140516,673,6,12,0.8446,0.0207,0.0436,OFICIAL
NACIONAL,BRASIL,2025-52,LACTEOS,ALPHA,FAB_ALPHA,N,19727.56,272807.70,0.07231306,0.07231306,273.300,4124.100,0.066269,752,7,26,0.8446,0.0207,0.0436,OFICIAL
NACIONAL,BRASIL,2025-52,LACTEOS,GAROTO,NESTLE,Y,16436.36,272807.70,0.06024889,0.06024889,284.000,4124.100,0.06886351,570,8,14,0.8446,0.0207,0.0436,OFICIAL
NACIONAL,BRASIL,2025-52,LACTEOS,PRIME,FAB_PRIME,N,13597.67,272807.70,0.04984342,0.04984342,301.600,4124.100,0.07313111,568,9,18,0.8446,0.0207,0.0436,OFICIAL
NACIONAL,BRASIL,2025-52,LACTEOS,NESQUIK,NESTLE,Y,9143.64,272807.70,0.0335168,0.0335168,397.700,4124.100,0.09643316,453,10,10,0.8446,0.0207,0.0436,OFICIAL
NACIONAL,BRASIL,2025-52,LACTEOS,MOCA,NESTLE,Y,7603.73,272807.70,0.02787212,0.02787212,113.500,4124.100,0.02752116,238,11,8,0.8446,0.0207,0.0436,OFICIAL
NACIONAL,BRASIL,2025-52,LACTEOS,NINHO,NESTLE,Y,7300.68,272807.70,0.02676127,0.02676127,97.400,4124.100,0.02361727,207,12,7,0.8446,0.0207,0.0436,OFICIAL
NACIONAL,BRASIL,2025-52,LACTEOS,KITKAT,NESTLE,Y,7108.93,272807.70,0.02605839,0.02605839,144.900,4124.100,0.03513494,372,13,16,0.8446,0.0207,0.0436,OFICIAL
NACIONAL,BRASIL,2025-52,LACTEOS,NESCAFE,NESTLE,Y,6510.09,272807.70,0.02386329,0.02386329,103.300,4124.100,0.02504789,256,14,11,0.8446,0.0207,0.0436,OFICIAL
NACIONAL,BRASIL,2025-52,NUTRICAO,BETA,FAB_BETA,N,43973.82,295663.90,0.14872908,0.14872908,737.000,5349.400,0.13777246,1730,1,32,0.8446,0.0207,0.1154,OFICIAL
NACIONAL,BRASIL,2025-52,NUTRICAO,DELTA,FAB_DELTA,N,38782.76,295663.90,0.13117178,0.13117178,481.400,5349.400,0.0899914,1192,2,26,0.8446,0.0207,0.1154,OFICIAL
NACIONAL,BRASIL,2025-52,NUTRICAO,SOLAR,FAB_SOLAR,N,31190.93,295663.90,0.10549455,0.10549455,636.100,5349.400,0.11891053,1005,3,21,0.8446,0.0207,0.1154,OFICIAL
NACIONAL,BRASIL,2025-52,NUTRICAO,NOVA,FAB_NOVA,N,26894.48,295663.90,0.09096302,0.09096302,525.900,5349.400,0.09831009,1104,4,21,0.8446,0.0207,0.1154,OFICIAL
NACIONAL,BRASIL,2025-52,NUTRICAO,NESQUIK,NESTLE,Y,26807.12,295663.90,0.09066755,0.09066755,870.300,5349.400,0.16269114,2093,5,38,0.8446,0.0207,0.1154,OFICIAL
NACIONAL,BRASIL,2025-52,NUTRICAO,NINHO,NESTLE,Y,26258.79,295663.90,0.08881297,0.08881297,270.200,5349.400,0.05051034,833,6,20,0.8446,0.0207,0.1154,OFICIAL
NACIONAL,BRASIL,2025-52,NUTRICAO,ALPHA,FAB_ALPHA,N,25299.92,295663.90,0.08556987,0.08556987,313.400,5349.400,0.05858601,762,7,22,0.8446,0.0207,0.1154,OFICIAL
NACIONAL,BRASIL,2025-52,NUTRICAO,PRIME,FAB_PRIME,N,15939.14,295663.90,0.05390966,0.05390966,252.900,5349.400,0.04727633,656,8,21,0.8446,0.0207,0.1154,OFICIAL
NACIONAL,BRASIL,2025-52,NUTRICAO,KITKAT,NESTLE,Y,15121.54,295663.90,0.05114436,0.05114436,403.800,5349.400,0.0754851,590,9,13,0.8446,0.0207,0.1154,OFICIAL
NACIONAL,BRASIL,2025-52,NUTRICAO,VIVA,FAB_VIVA,N,14049.06,295663.90,0.04751699,0.04751699,383.100,5349.400,0.07161551,624,10,15,0.8446,0.0207,0.1154,OFICIAL
NACIONAL,BRASIL,2025-52,NUTRICAO,NESCAFE,NESTLE,Y,11485.65,295663.90,0.03884698,0.03884698,125.700,5349.400,0.02349796,276,11,5,0.8446,0.0207,0.1154,OFICIAL
NACIONAL,BRASIL,2025-52,NUTRICAO,MOCA,NESTLE,Y,8559.93,295663.90,0.02895156,0.02895156,106.000,5349.400,0.01981531,311,12,6,0.8446,0.0207,0.1154,OFICIAL
NACIONAL,BRASIL,2025-52,NUTRICAO,GAROTO,NESTLE,Y,7000.38,295663.90,0.02367682,0.02367682,129.800,5349.400,0.0242644,300,13,12,0.8446,0.0207,0.1154,OFICIAL
NACIONAL,BRASIL,2025-52,NUTRICAO,MAGGI,NESTLE,Y,4300.38,295663.90,0.01454483,0.01454483,113.800,5349.400,0.02127341,200,14,4,0.8446,0.0207,0.1154,OFICIAL
NACIONAL,BRASIL,2026-01,BEBIDAS,NINHO,NESTLE,Y,53559.12,359866.61,0.14883048,0.14883048,1182.600,6399.100,0.18480724,2877,1,45,0.8283,0.0111,0.1243,OFICIAL
NACIONAL,BRASIL,2026-01,BEBIDAS,ALPHA,FAB_ALPHA,N,47544.58,359866.61,0.13211723,0.13211723,682.100,6399.100,0.10659311,1649,2,30,0.8283,0.0111,0.1243,OFICIAL
NACIONAL,BRASIL,2026-01,BEBIDAS,SOLAR,FAB_SOLAR,N,40302.80,359866.61,0.11199372,0.11199372,945.000,6399.100,0.14767702,1535,3,37,0.8283,0.0111,0.1243,OFICIAL
NACIONAL,BRASIL,2026-01,BEBIDAS,BETA,FAB_BETA,N,29619.86,359866.61,0.08230789,0.08230789,535.300,6399.100,0.08365239,1165,4,18,0.8283,0.0111,0.1243,OFICIAL
NACIONAL,BRASIL,2026-01,BEBIDAS,NESCAFE,NESTLE,Y,29165.45,359866.61,0.08104517,0.08104517,552.800,6399.100,0.08638715,1869,5,25,0.8283,0.0111,0.1243,OFICIAL
NACIONAL,BRASIL,2026-01,BEBIDAS,DELTA,FAB_DELTA,N,26276.84,359866.61,0.07301828,0.07301828,545.500,6399.100,0.08524636,961,6,21,0.8283,0.0111,0.1243,OFICIAL
NACIONAL,BRASIL,2026-01,BEBIDAS,GAROTO,NESTLE,Y,23617.60,359866.61,0.06562876,0.06562876,341.800,6399.100,0.05341376,736,7,15,0.8283,0.0111,0.1243,OFICIAL
NACIONAL,BRASIL,2026-01,BEBIDAS,PRIME,FAB_PRIME,N,22652.76,359866.61,0.06294766,0.06294766,421.400,6399.100,0.06585301,1053,8,22,0.8283,0.0111,0.1243,OFICIAL
NACIONAL,BRASIL,2026-01,BEBIDAS,MOCA,NESTLE,Y,20882.03,359866.61,0.05802714,0.05802714,158.200,6399.100,0.02472223,897,9,13,0.8283,0.0111,0.1243,OFICIAL
NACIONAL,BRASIL,2026-01,BEBIDAS,NOVA,FAB_NOVA,N,17915.29,359866.61,0.04978314,0.04978314,287.500,6399.100,0.04492819,797,10,20,0.8283,0.0111,0.1243,OFICIAL
NACIONAL,BRASIL,2026-01,BEBIDAS,VIVA,FAB_VIVA,N,17714.89,359866.61,0.04922627,0.04922627,228.000,6399.100,0.03563001,571,11,21,0.8283,0.0111,0.1243,OFICIAL
NACIONAL,BRASIL,2026-01,BEBIDAS,NESQUIK,NESTLE,Y,12722.77,359866.61,0.03535413,0.03535413,227.600,6399.100,0.0355675,546,12,15,0.8283,0.0111,0.1243,OFICIAL
NACIONAL,BRASIL,2026-01,BEBIDAS,KITKAT,NESTLE,Y,10294.42,359866.61,0.02860621,0.02860621,141.800,6399.100,0.02215937,455,13,11,0.8283,0.0111,0.1243,OFICIAL
NACIONAL,BRASIL,2026-01,BEBIDAS,MAGGI,NESTLE,Y,7598.20,359866.61,0.02111393,0.02111393,149.500,6399.100,0.02336266,313,14,8,0.8283,0.0111,0.1243,OFICIAL
NACIONAL,BRASIL,2026-01,CHOCOLATES,DELTA,FAB_DELTA,N,44723.37,327498.21,0.13656065,0.13656065,396.200,4685.300,0.08456235,1213,1,22,0.8283,0.0111,0.0336,OFICIAL
NACIONAL,BRASIL,2026-01,CHOCOLATES,BETA,FAB_BETA,N,41974.36,327498.21,0.12816669,0.12816669,744.800,4685.300,0.15896527,1338,2,32,0.8283,0.0111,0.0336,OFICIAL
NACIONAL,BRASIL,2026-01,CHOCOLATES,VIVA,FAB_VIVA,N,31869.40,327498.21,0.09731168,0.09731168,372.200,4685.300,0.07943995,959,3,25,0.8283,0.0111,0.0336,OFICIAL
NACIONAL,BRASIL,2026-01,CHOCOLATES,ALPHA,FAB_ALPHA,N,30515.51,327498.21,0.09317764,0.09317764,357.300,4685.300,0.07625979,944,4,29,0.8283,0.0111,0.0336,OFICIAL
NACIONAL,BRASIL,2026-01,CHOCOLATES,NESCAFE,NESTLE,Y,29780.51,327498.21,0.09093335,0.09093335,638.900,4685.300,0.13636267,1235,5,18,0.8283,0.0111,0.0336,OFICIAL
NACIONAL,BRASIL,2026-01,CHOCOLATES,NOVA,FAB_NOVA,N,28387.99,327498.21,0.08668136,0.08668136,398.000,4685.300,0.08494653,925,6,29,0.8283,0.0111,0.0336,OFICIAL
NACIONAL,BRASIL,2026-01,CHOCOLATES,PRIME,FAB_PRIME,N,28301.94,327498.21,0.08641861,0.08641861,468.000,4685.300,0.09988688,1184,7,29,0.8283,0.0111,0.0336,OFICIAL
NACIONAL,BRASIL,2026-01,CHOCOLATES,KITKAT,NESTLE,Y,19682.87,327498.21,0.06010069,0.06010069,223.300,4685.300,0.0476597,501,8,10,0.8283,0.0111,0.0336,OFICIAL
NACIONAL,BRASIL,2026-01,CHOCOLATES,SOLAR,FAB_SOLAR,N,18344.30,327498.21,0.05601344,0.05601344,364.200,4685.300,0.07773248,621,9,18,0.8283,0.0111,0.0336,OFICIAL
NACIONAL,BRASIL,2026-01,CHOCOLATES,NINHO,NESTLE,Y,16011.86,327498.21,0.04889144,0.04889144,191.500,4685.300,0.04087252,447,10,16,0.8283,0.0111,0.0336,OFICIAL
NACIONAL,BRASIL,2026-01,CHOCOLATES,MOCA,NESTLE,Y,14884.43,327498.21,0.04544889,0.04544889,107.300,4685.300,0.02290142,426,11,12,0.8283,0.0111,0.0336,OFICIAL
NACIONAL,BRASIL,2026-01,CHOCOLATES,NESQUIK,NESTLE,Y,9209.84,327498.21,0.0281218,0.0281218,203.900,4685.300,0.04351909,361,12,9,0.8283,0.0111,0.0336,OFICIAL
NACIONAL,BRASIL,2026-01,CHOCOLATES,MAGGI,NESTLE,Y,8614.04,327498.21,0.02630256,0.02630256,175.100,4685.300,0.03737221,367,13,10,0.8283,0.0111,0.0336,OFICIAL
NACIONAL,BRASIL,2026-01,CHOCOLATES,GAROTO,NESTLE,Y,5197.79,327498.21,0.0158712,0.0158712,44.600,4685.300,0.00951913,195,14,6,0.8283,0.0111,0.0336,OFICIAL
NACIONAL,BRASIL,2026-01,CULINARIOS,NOVA,FAB_NOVA,N,49668.37,293392.05,0.1692901,0.1692901,552.900,4886.800,0.11314152,1548,1,36,0.8283,0.0111,0.0656,OFICIAL
NACIONAL,BRASIL,2026-01,CULINARIOS,NINHO,NESTLE,Y,33964.50,293392.05,0.1157649,0.1157649,700.800,4886.800,0.14340673,1058,2,21,0.8283,0.0111,0.0656,OFICIAL
NACIONAL,BRASIL,2026-01,CULINARIOS,BETA,FAB_BETA,N,33914.80,293392.05,0.1155955,0.1155955,795.000,4886.800,0.16268315,1208,3,32,0.8283,0.0111,0.0656,OFICIAL
NACIONAL,BRASIL,2026-01,CULINARIOS,PRIME,FAB_PRIME,N,28708.17,293392.05,0.09784917,0.09784917,589.300,4886.800,0.12059016,1092,4,29,0.8283,0.0111,0.0656,OFICIAL
NACIONAL,BRASIL,2026-01,CULINARIOS,SOLAR,FAB_SOLAR,N,23996.44,293392.05,0.08178967,0.08178967,339.000,4886.800,0.06937055,809,5,20,0.8283,0.0111,0.0656,OFICIAL
NACIONAL,BRASIL,2026-01,CULINARIOS,VIVA,FAB_VIVA,N,23102.08,293392.05,0.07874133,0.07874133,314.700,4886.800,0.06439797,989,6,25,0.8283,0.0111,0.0656,OFICIAL
NACIONAL,BRASIL,2026-01,CULINARIOS,ALPHA,FAB_ALPHA,N,19989.43,293392.05,0.06813215,0.06813215,352.200,4886.800,0.0720717,538,7,15,0.8283,0.0111,0.0656,OFICIAL
NACIONAL,BRASIL,2026-01,CULINARIOS,KITKAT,NESTLE,Y,18241.47,293392.05,0.06217438,0.06217438,151.800,4886.800,0.03106327,476,8,12,0.8283,0.0111,0.0656,OFICIAL
NACIONAL,BRASIL,2026-01,CULINARIOS,MOCA,NESTLE,Y,15200.97,293392.05,0.05181112,0.05181112,233.600,4886.800,0.04780224,484,9,13,0.8283,0.0111,0.0656,OFICIAL
NACIONAL,BRASIL,2026-01,CULINARIOS,DELTA,FAB_DELTA,N,11184.09,293392.05,0.03811995,0.03811995,158.500,4886.800,0.03243431,393,10,14,0.8283,0.0111,0.0656,OFICIAL
NACIONAL,BRASIL,2026-01,CULINARIOS,GAROTO,NESTLE,Y,10596.95,293392.05,0.03611874,0.03611874,160.200,4886.800,0.03278219,487,11,13,0.8283,0.0111,0.0656,OFICIAL
NACIONAL,BRASIL,2026-01,CULINARIOS,NESCAFE,NESTLE,Y,9969.52,293392.05,0.0339802,0.0339802,224.200,4886.800,0.04587869,498,12,11,0.8283,0.0111,0.0656,OFICIAL
NACIONAL,BRASIL,2026-01,CULINARIOS,NESQUIK,NESTLE,Y,8432.83,293392.05,0.02874253,0.02874253,121.700,4886.800,0.02490382,326,13,11,0.8283,0.0111,0.0656,OFICIAL
NACIONAL,BRASIL,2026-01,CULINARIOS,MAGGI,NESTLE,Y,6422.43,293392.05,0.02189027,0.02189027,192.900,4886.800,0.03947368,241,14,10,0.8283,0.0111,0.0656,OFICIAL
NACIONAL,BRASIL,2026-01,LACTEOS,DELTA,FAB_DELTA,N,52247.57,367219.55,0.14227884,0.14227884,641.000,6028.200,0.10633357,1670,1,39,0.8283,0.0111,0.055,OFICIAL
NACIONAL,BRASIL,2026-01,LACTEOS,VIVA,FAB_VIVA,N,44439.47,367219.55,0.12101608,0.12101608,413.000,6028.200,0.06851133,1434,2,36,0.8283,0.0111,0.055,OFICIAL
NACIONAL,BRASIL,2026-01,LACTEOS,SOLAR,FAB_SOLAR,N,40597.55,367219.55,0.11055389,0.11055389,820.400,6028.200,0.13609369,1384,3,36,0.8283,0.0111,0.055,OFICIAL
NACIONAL,BRASIL,2026-01,LACTEOS,NOVA,FAB_NOVA,N,39272.56,367219.55,0.10694572,0.10694572,757.700,6028.200,0.12569258,1463,4,31,0.8283,0.0111,0.055,OFICIAL
NACIONAL,BRASIL,2026-01,LACTEOS,NINHO,NESTLE,Y,34398.21,367219.55,0.09367206,0.09367206,569.100,6028.200,0.09440629,911,5,16,0.8283,0.0111,0.055,OFICIAL
NACIONAL,BRASIL,2026-01,LACTEOS,PRIME,FAB_PRIME,N,33387.03,367219.55,0.09091844,0.09091844,490.200,6028.200,0.08131781,1250,6,27,0.8283,0.0111,0.055,OFICIAL
NACIONAL,BRASIL,2026-01,LACTEOS,GAROTO,NESTLE,Y,22701.42,367219.55,0.06181975,0.06181975,631.600,6028.200,0.10477423,948,7,10,0.8283,0.0111,0.055,OFICIAL
NACIONAL,BRASIL,2026-01,LACTEOS,MOCA,NESTLE,Y,21486.34,367219.55,0.05851088,0.05851088,416.900,6028.200,0.06915829,663,8,18,0.8283,0.0111,0.055,OFICIAL
NACIONAL,BRASIL,2026-01,LACTEOS,ALPHA,FAB_ALPHA,N,20447.18,367219.55,0.05568108,0.05568108,336.100,6028.200,0.05575462,665,9,28,0.8283,0.0111,0.055,OFICIAL
NACIONAL,BRASIL,2026-01,LACTEOS,BETA,FAB_BETA,N,17620.50,367219.55,0.04798356,0.04798356,301.000,6028.200,0.04993199,705,10,21,0.8283,0.0111,0.055,OFICIAL
NACIONAL,BRASIL,2026-01,LACTEOS,NESCAFE,NESTLE,Y,13204.80,367219.55,0.03595887,0.03595887,269.600,6028.200,0.04472313,488,11,14,0.8283,0.0111,0.055,OFICIAL
NACIONAL,BRASIL,2026-01,LACTEOS,NESQUIK,NESTLE,Y,13144.33,367219.55,0.0357942,0.0357942,134.700,6028.200,0.02234498,454,12,11,0.8283,0.0111,0.055,OFICIAL
NACIONAL,BRASIL,2026-01,LACTEOS,MAGGI,NESTLE,Y,7175.54,367219.55,0.01954019,0.01954019,117.100,6028.200,0.01942537,162,13,7,0.8283,0.0111,0.055,OFICIAL
NACIONAL,BRASIL,2026-01,LACTEOS,KITKAT,NESTLE,Y,7097.05,367219.55,0.01932645,0.01932645,129.800,6028.200,0.02153213,267,14,9,0.8283,0.0111,0.055,OFICIAL
NACIONAL,BRASIL,2026-01,NUTRICAO,DELTA,FAB_DELTA,N,42456.82,308737.86,0.13751737,0.13751737,669.600,4989.700,0.13419644,1459,1,32,0.8283,0.0111,0.0424,OFICIAL
NACIONAL,BRASIL,2026-01,NUTRICAO,NESQUIK,NESTLE,Y,41124.78,308737.86,0.13320291,0.13320291,915.300,4989.700,0.18343788,2440,2,42,0.8283,0.0111,0.0424,OFICIAL
NACIONAL,BRASIL,2026-01,NUTRICAO,BETA,FAB_BETA,N,38236.08,308737.86,0.12384642,0.12384642,667.800,4989.700,0.1338357,1373,3,37,0.8283,0.0111,0.0424,OFICIAL
NACIONAL,BRASIL,2026-01,NUTRICAO,PRIME,FAB_PRIME,N,34024.10,308737.86,0.11020385,0.11020385,558.800,4989.700,0.1119907,1032,4,28,0.8283,0.0111,0.0424,OFICIAL
NACIONAL,BRASIL,2026-01,NUTRICAO,ALPHA,FAB_ALPHA,N,29320.52,308737.86,0.09496898,0.09496898,378.800,4989.700,0.07591639,1123,5,21,0.8283,0.0111,0.0424,OFICIAL
NACIONAL,BRASIL,2026-01,NUTRICAO,NINHO,NESTLE,Y,25858.43,308737.86,0.08375529,0.08375529,248.000,4989.700,0.04970239,651,6,16,0.8283,0.0111,0.0424,OFICIAL
NACIONAL,BRASIL,2026-01,NUTRICAO,SOLAR,FAB_SOLAR,N,24777.20,308737.86,0.0802532,0.0802532,271.200,4989.700,0.05435197,754,7,23,0.8283,0.0111,0.0424,OFICIAL
NACIONAL,BRASIL,2026-01,NUTRICAO,NOVA,FAB_NOVA,N,18926.14,308737.86,0.06130165,0.06130165,249.100,4989.700,0.04992284,734,8,25,0.8283,0.0111,0.0424,OFICIAL
NACIONAL,BRASIL,2026-01,NUTRICAO,MOCA,NESTLE,Y,15297.65,308737.86,0.04954899,0.04954899,139.800,4989.700,0.02801772,445,9,14,0.8283,0.0111,0.0424,OFICIAL
NACIONAL,BRASIL,2026-01,NUTRICAO,NESCAFE,NESTLE,Y,11827.47,308737.86,0.0383091,0.0383091,473.000,4989.700,0.09479528,544,10,12,0.8283,0.0111,0.0424,OFICIAL
NACIONAL,BRASIL,2026-01,NUTRICAO,VIVA,FAB_VIVA,N,10711.94,308737.86,0.03469591,0.03469591,150.400,4989.700,0.03014209,424,11,17,0.8283,0.0111,0.0424,OFICIAL
NACIONAL,BRASIL,2026-01,NUTRICAO,KITKAT,NESTLE,Y,9975.66,308737.86,0.0323111,0.0323111,110.400,4989.700,0.02212558,382,12,11,0.8283,0.0111,0.0424,OFICIAL
NACIONAL,BRASIL,2026-01,NUTRICAO,MAGGI,NESTLE,Y,4157.88,308737.86,0.01346735,0.01346735,64.900,4989.700,0.01300679,220,13,6,0.8283,0.0111,0.0424,OFICIAL
NACIONAL,BRASIL,2026-01,NUTRICAO,GAROTO,NESTLE,Y,2043.19,308737.86,0.00661788,0.00661788,92.600,4989.700,0.01855823,114,14,6,0.8283,0.0111,0.0424,OFICIAL
NACIONAL,BRASIL,2026-02,BEBIDAS,NESCAFE,NESTLE,Y,45210.23,309193.40,0.14621991,0.14621991,689.000,4207.100,0.16377077,2175,1,32,0.8666,0.0117,0.12,OFICIAL
NACIONAL,BRASIL,2026-02,BEBIDAS,BETA,FAB_BETA,N,40080.70,309193.40,0.12962987,0.12962987,366.600,4207.100,0.08713841,1158,2,23,0.8666,0.0117,0.12,OFICIAL
NACIONAL,BRASIL,2026-02,BEBIDAS,NINHO,NESTLE,Y,30628.74,309193.40,0.09906014,0.09906014,586.400,4207.100,0.13938342,2087,3,37,0.8666,0.0117,0.12,OFICIAL
NACIONAL,BRASIL,2026-02,BEBIDAS,MOCA,NESTLE,Y,26313.21,309193.40,0.08510275,0.08510275,306.500,4207.100,0.07285303,769,4,17,0.8666,0.0117,0.12,OFICIAL
NACIONAL,BRASIL,2026-02,BEBIDAS,ALPHA,FAB_ALPHA,N,26057.57,309193.40,0.08427596,0.08427596,339.200,4207.100,0.08062561,882,5,20,0.8666,0.0117,0.12,OFICIAL
NACIONAL,BRASIL,2026-02,BEBIDAS,NESQUIK,NESTLE,Y,22911.06,309193.40,0.07409945,0.07409945,292.000,4207.100,0.06940648,613,6,16,0.8666,0.0117,0.12,OFICIAL
NACIONAL,BRASIL,2026-02,BEBIDAS,DELTA,FAB_DELTA,N,21862.01,309193.40,0.07070659,0.07070659,465.300,4207.100,0.11059875,788,7,24,0.8666,0.0117,0.12,OFICIAL
NACIONAL,BRASIL,2026-02,BEBIDAS,GAROTO,NESTLE,Y,19777.09,309193.40,0.06396349,0.06396349,167.600,4207.100,0.03983742,613,8,18,0.8666,0.0117,0.12,OFICIAL
NACIONAL,BRASIL,2026-02,BEBIDAS,SOLAR,FAB_SOLAR,N,19101.49,309193.40,0.06177845,0.06177845,305.400,4207.100,0.07259157,681,9,24,0.8666,0.0117,0.12,OFICIAL
NACIONAL,BRASIL,2026-02,BEBIDAS,NOVA,FAB_NOVA,N,16348.52,309193.40,0.05287474,0.05287474,95.200,4207.100,0.02262841,559,10,17,0.8666,0.0117,0.12,OFICIAL
NACIONAL,BRASIL,2026-02,BEBIDAS,VIVA,FAB_VIVA,N,14151.06,309193.40,0.04576767,0.04576767,192.600,4207.100,0.04577975,523,11,24,0.8666,0.0117,0.12,OFICIAL
NACIONAL,BRASIL,2026-02,BEBIDAS,KITKAT,NESTLE,Y,11900.93,309193.40,0.03849025,0.03849025,128.700,4207.100,0.03059114,340,12,7,0.8666,0.0117,0.12,OFICIAL
NACIONAL,BRASIL,2026-02,BEBIDAS,PRIME,FAB_PRIME,N,10194.23,309193.40,0.0329704,0.0329704,156.200,4207.100,0.03712771,522,13,17,0.8666,0.0117,0.12,OFICIAL
NACIONAL,BRASIL,2026-02,BEBIDAS,MAGGI,NESTLE,Y,4656.56,309193.40,0.01506035,0.01506035,116.400,4207.100,0.02766751,188,14,9,0.8666,0.0117,0.12,OFICIAL
NACIONAL,BRASIL,2026-02,CHOCOLATES,BETA,FAB_BETA,N,31699.51,275069.35,0.11524188,0.11524188,720.100,4236.000,0.16999528,1368,1,25,0.8666,0.0117,0.0203,OFICIAL
NACIONAL,BRASIL,2026-02,CHOCOLATES,NOVA,FAB_NOVA,N,27795.15,275069.35,0.10104779,0.10104779,207.000,4236.000,0.04886686,695,2,19,0.8666,0.0117,0.0203,OFICIAL
NACIONAL,BRASIL,2026-02,CHOCOLATES,VIVA,FAB_VIVA,N,26431.53,275069.35,0.09609042,0.09609042,510.100,4236.000,0.12042021,935,3,25,0.8666,0.0117,0.0203,OFICIAL
NACIONAL,BRASIL,2026-02,CHOCOLATES,ALPHA,FAB_ALPHA,N,23342.89,275069.35,0.08486184,0.08486184,328.000,4236.000,0.07743154,756,4,19,0.8666,0.0117,0.0203,OFICIAL
NACIONAL,BRASIL,2026-02,CHOCOLATES,DELTA,FAB_DELTA,N,21572.44,275069.35,0.07842546,0.07842546,161.500,4236.000,0.03812559,737,5,17,0.8666,0.0117,0.0203,OFICIAL
NACIONAL,BRASIL,2026-02,CHOCOLATES,NESCAFE,NESTLE,Y,20817.91,275069.35,0.07568241,0.07568241,204.300,4236.000,0.04822946,608,6,17,0.8666,0.0117,0.0203,OFICIAL
NACIONAL,BRASIL,2026-02,CHOCOLATES,KITKAT,NESTLE,Y,18816.78,275069.35,0.0684074,0.0684074,346.500,4236.000,0.08179887,763,7,17,0.8666,0.0117,0.0203,OFICIAL
NACIONAL,BRASIL,2026-02,CHOCOLATES,PRIME,FAB_PRIME,N,17179.40,275069.35,0.0624548,0.0624548,473.200,4236.000,0.11170916,731,8,24,0.8666,0.0117,0.0203,OFICIAL
NACIONAL,BRASIL,2026-02,CHOCOLATES,MOCA,NESTLE,Y,16357.40,275069.35,0.05946646,0.05946646,234.100,4236.000,0.0552644,456,9,8,0.8666,0.0117,0.0203,OFICIAL
NACIONAL,BRASIL,2026-02,CHOCOLATES,NINHO,NESTLE,Y,16148.83,275069.35,0.05870821,0.05870821,139.300,4236.000,0.0328848,390,10,11,0.8666,0.0117,0.0203,OFICIAL
NACIONAL,BRASIL,2026-02,CHOCOLATES,GAROTO,NESTLE,Y,15836.52,275069.35,0.05757283,0.05757283,170.400,4236.000,0.04022663,410,11,10,0.8666,0.0117,0.0203,OFICIAL
NACIONAL,BRASIL,2026-02,CHOCOLATES,NESQUIK,NESTLE,Y,13542.77,275069.35,0.04923402,0.04923402,210.200,4236.000,0.04962229,519,12,15,0.8666,0.0117,0.0203,OFICIAL
NACIONAL,BRASIL,2026-02,CHOCOLATES,SOLAR,FAB_SOLAR,N,13509.15,275069.35,0.0491118,0.0491118,187.700,4236.000,0.04431067,389,13,15,0.8666,0.0117,0.0203,OFICIAL
NACIONAL,BRASIL,2026-02,CHOCOLATES,MAGGI,NESTLE,Y,12019.07,275069.35,0.04369469,0.04369469,343.600,4236.000,0.08111426,592,14,14,0.8666,0.0117,0.0203,OFICIAL
NACIONAL,BRASIL,2026-02,CULINARIOS,VIVA,FAB_VIVA,N,48102.98,326988.24,0.1471092,0.1471092,631.700,4986.300,0.12668712,1427,1,44,0.8666,0.0117,0.0132,OFICIAL
NACIONAL,BRASIL,2026-02,CULINARIOS,NOVA,FAB_NOVA,N,46767.69,326988.24,0.1430256,0.1430256,578.700,4986.300,0.116058,1348,2,32,0.8666,0.0117,0.0132,OFICIAL
NACIONAL,BRASIL,2026-02,CULINARIOS,PRIME,FAB_PRIME,N,36789.61,326988.24,0.1125105,0.1125105,551.000,4986.300,0.11050278,1196,3,26,0.8666,0.0117,0.0132,OFICIAL
NACIONAL,BRASIL,2026-02,CULINARIOS,KITKAT,NESTLE,Y,32857.76,326988.24,0.10048606,0.10048606,186.200,4986.300,0.03734232,883,4,13,0.8666,0.0117,0.0132,OFICIAL
NACIONAL,BRASIL,2026-02,CULINARIOS,BETA,FAB_BETA,N,24393.66,326988.24,0.07460103,0.07460103,772.000,4986.300,0.15482422,1185,5,23,0.8666,0.0117,0.0132,OFICIAL
NACIONAL,BRASIL,2026-02,CULINARIOS,ALPHA,FAB_ALPHA,N,21106.33,326988.24,0.06454767,0.06454767,239.200,4986.300,0.04797144,855,6,22,0.8666,0.0117,0.0132,OFICIAL
NACIONAL,BRASIL,2026-02,CULINARIOS,GAROTO,NESTLE,Y,20322.26,326988.24,0.06214982,0.06214982,348.400,4986.300,0.06987145,838,7,16,0.8666,0.0117,0.0132,OFICIAL
NACIONAL,BRASIL,2026-02,CULINARIOS,NESQUIK,NESTLE,Y,18840.45,326988.24,0.05761813,0.05761813,362.100,4986.300,0.07261898,705,8,13,0.8666,0.0117,0.0132,OFICIAL
NACIONAL,BRASIL,2026-02,CULINARIOS,DELTA,FAB_DELTA,N,17745.97,326988.24,0.05427097,0.05427097,307.200,4986.300,0.06160881,573,9,17,0.8666,0.0117,0.0132,OFICIAL
NACIONAL,BRASIL,2026-02,CULINARIOS,NINHO,NESTLE,Y,17161.35,326988.24,0.05248308,0.05248308,203.200,4986.300,0.04075166,586,10,17,0.8666,0.0117,0.0132,OFICIAL
NACIONAL,BRASIL,2026-02,CULINARIOS,SOLAR,FAB_SOLAR,N,13978.04,326988.24,0.04274784,0.04274784,224.000,4986.300,0.04492309,497,11,19,0.8666,0.0117,0.0132,OFICIAL
NACIONAL,BRASIL,2026-02,CULINARIOS,MOCA,NESTLE,Y,12099.74,326988.24,0.03700359,0.03700359,176.400,4986.300,0.03537693,513,12,17,0.8666,0.0117,0.0132,OFICIAL
NACIONAL,BRASIL,2026-02,CULINARIOS,MAGGI,NESTLE,Y,11591.91,326988.24,0.03545054,0.03545054,162.500,4986.300,0.03258929,347,13,12,0.8666,0.0117,0.0132,OFICIAL
NACIONAL,BRASIL,2026-02,CULINARIOS,NESCAFE,NESTLE,Y,5230.49,326988.24,0.01599596,0.01599596,243.700,4986.300,0.04887391,310,14,7,0.8666,0.0117,0.0132,OFICIAL
NACIONAL,BRASIL,2026-02,LACTEOS,DELTA,FAB_DELTA,N,58315.69,343089.52,0.16997223,0.16997223,1019.300,5360.700,0.19014308,1727,1,33,0.8666,0.0117,0.0372,OFICIAL
NACIONAL,BRASIL,2026-02,LACTEOS,NOVA,FAB_NOVA,N,43256.14,343089.52,0.12607829,0.12607829,543.100,5360.700,0.1013114,1526,2,28,0.8666,0.0117,0.0372,OFICIAL
NACIONAL,BRASIL,2026-02,LACTEOS,ALPHA,FAB_ALPHA,N,36134.21,343089.52,0.10532006,0.10532006,482.000,5360.700,0.08991363,985,3,23,0.8666,0.0117,0.0372,OFICIAL
NACIONAL,BRASIL,2026-02,LACTEOS,SOLAR,FAB_SOLAR,N,30085.69,343089.52,0.0876905,0.0876905,521.100,5360.700,0.09720745,1554,4,39,0.8666,0.0117,0.0372,OFICIAL
NACIONAL,BRASIL,2026-02,LACTEOS,VIVA,FAB_VIVA,N,30032.17,343089.52,0.0875345,0.0875345,545.000,5360.700,0.10166583,1168,5,21,0.8666,0.0117,0.0372,OFICIAL
NACIONAL,BRASIL,2026-02,LACTEOS,MOCA,NESTLE,Y,28599.42,343089.52,0.08335848,0.08335848,434.500,5360.700,0.08105285,927,6,24,0.8666,0.0117,0.0372,OFICIAL
NACIONAL,BRASIL,2026-02,LACTEOS,NINHO,NESTLE,Y,23110.39,343089.52,0.06735965,0.06735965,193.000,5360.700,0.03600276,607,7,15,0.8666,0.0117,0.0372,OFICIAL
NACIONAL,BRASIL,2026-02,LACTEOS,PRIME,FAB_PRIME,N,17216.94,343089.52,0.05018206,0.05018206,269.900,5360.700,0.0503479,616,8,15,0.8666,0.0117,0.0372,OFICIAL
NACIONAL,BRASIL,2026-02,LACTEOS,BETA,FAB_BETA,N,16483.14,343089.52,0.04804326,0.04804326,292.600,5360.700,0.05458242,800,9,22,0.8666,0.0117,0.0372,OFICIAL
NACIONAL,BRASIL,2026-02,LACTEOS,NESQUIK,NESTLE,Y,15907.45,343089.52,0.0463653,0.0463653,112.800,5360.700,0.02104203,405,10,13,0.8666,0.0117,0.0372,OFICIAL
NACIONAL,BRASIL,2026-02,LACTEOS,MAGGI,NESTLE,Y,15709.39,343089.52,0.04578802,0.04578802,342.000,5360.700,0.06379764,435,11,9,0.8666,0.0117,0.0372,OFICIAL
NACIONAL,BRASIL,2026-02,LACTEOS,GAROTO,NESTLE,Y,13203.62,343089.52,0.03848447,0.03848447,297.000,5360.700,0.05540321,558,12,15,0.8666,0.0117,0.0372,OFICIAL
NACIONAL,BRASIL,2026-02,LACTEOS,KITKAT,NESTLE,Y,8751.46,343089.52,0.0255078,0.0255078,96.100,5360.700,0.01792676,259,13,10,0.8666,0.0117,0.0372,OFICIAL
NACIONAL,BRASIL,2026-02,LACTEOS,NESCAFE,NESTLE,Y,6283.81,343089.52,0.01831537,0.01831537,212.300,5360.700,0.03960304,392,14,9,0.8666,0.0117,0.0372,OFICIAL
NACIONAL,BRASIL,2026-02,NUTRICAO,ALPHA,FAB_ALPHA,N,43891.31,316994.86,0.13846064,0.13846064,783.700,5134.600,0.15263117,1505,1,33,0.8666,0.0117,0.0946,OFICIAL
NACIONAL,BRASIL,2026-02,NUTRICAO,PRIME,FAB_PRIME,N,43162.65,316994.86,0.13616199,0.13616199,644.700,5134.600,0.12555993,1568,2,25,0.8666,0.0117,0.0946,OFICIAL
NACIONAL,BRASIL,2026-02,NUTRICAO,NESQUIK,NESTLE,Y,36170.04,316994.86,0.11410292,0.11410292,956.400,5134.600,0.18626573,2049,3,37,0.8666,0.0117,0.0946,OFICIAL
NACIONAL,BRASIL,2026-02,NUTRICAO,DELTA,FAB_DELTA,N,35883.40,316994.86,0.11319868,0.11319868,523.100,5134.600,0.10187746,1388,4,26,0.8666,0.0117,0.0946,OFICIAL
NACIONAL,BRASIL,2026-02,NUTRICAO,NINHO,NESTLE,Y,27978.59,316994.86,0.08826197,0.08826197,361.300,5134.600,0.07036575,703,5,18,0.8666,0.0117,0.0946,OFICIAL
NACIONAL,BRASIL,2026-02,NUTRICAO,NOVA,FAB_NOVA,N,27020.48,316994.86,0.08523949,0.08523949,349.400,5134.600,0.06804814,1046,6,28,0.8666,0.0117,0.0946,OFICIAL
NACIONAL,BRASIL,2026-02,NUTRICAO,BETA,FAB_BETA,N,26921.74,316994.86,0.084928,0.084928,412.900,5134.600,0.08041522,901,7,25,0.8666,0.0117,0.0946,OFICIAL
NACIONAL,BRASIL,2026-02,NUTRICAO,KITKAT,NESTLE,Y,22226.64,316994.86,0.07011672,0.07011672,321.400,5134.600,0.06259494,654,8,18,0.8666,0.0117,0.0946,OFICIAL
NACIONAL,BRASIL,2026-02,NUTRICAO,VIVA,FAB_VIVA,N,17433.28,316994.86,0.05499547,0.05499547,140.900,5134.600,0.02744128,517,9,14,0.8666,0.0117,0.0946,OFICIAL
NACIONAL,BRASIL,2026-02,NUTRICAO,MOCA,NESTLE,Y,11525.75,316994.86,0.03635942,0.03635942,152.500,5134.600,0.02970046,613,10,18,0.8666,0.0117,0.0946,OFICIAL
NACIONAL,BRASIL,2026-02,NUTRICAO,NESCAFE,NESTLE,Y,10553.01,316994.86,0.03329079,0.03329079,290.500,5134.600,0.05657695,527,11,15,0.8666,0.0117,0.0946,OFICIAL
NACIONAL,BRASIL,2026-02,NUTRICAO,SOLAR,FAB_SOLAR,N,6417.69,316994.86,0.02024541,0.02024541,108.600,5134.600,0.02115063,359,12,14,0.8666,0.0117,0.0946,OFICIAL
NACIONAL,BRASIL,2026-02,NUTRICAO,GAROTO,NESTLE,Y,5585.38,316994.86,0.01761978,0.01761978,83.700,5134.600,0.01630117,147,13,6,0.8666,0.0117,0.0946,OFICIAL
NACIONAL,BRASIL,2026-02,NUTRICAO,MAGGI,NESTLE,Y,2224.90,316994.86,0.00701873,0.00701873,5.500,5134.600,0.00107116,55,14,2,0.8666,0.0117,0.0946,OFICIAL
NACIONAL,BRASIL,2026-03,BEBIDAS,DELTA,FAB_DELTA,N,48942.34,304756.71,0.16059479,0.16059479,542.600,5160.500,0.10514485,1459,1,23,0.8554,0.0078,0.0901,OFICIAL
NACIONAL,BRASIL,2026-03,BEBIDAS,NESCAFE,NESTLE,Y,33255.84,304756.71,0.10912259,0.10912259,839.100,5160.500,0.16260052,1804,2,33,0.8554,0.0078,0.0901,OFICIAL
NACIONAL,BRASIL,2026-03,BEBIDAS,BETA,FAB_BETA,N,29433.27,304756.71,0.09657956,0.09657956,300.100,5160.500,0.05815328,819,3,16,0.8554,0.0078,0.0901,OFICIAL
NACIONAL,BRASIL,2026-03,BEBIDAS,NINHO,NESTLE,Y,28722.73,304756.71,0.09424806,0.09424806,748.500,5160.500,0.14504408,1675,4,37,0.8554,0.0078,0.0901,OFICIAL
NACIONAL,BRASIL,2026-03,BEBIDAS,SOLAR,FAB_SOLAR,N,28299.22,304756.71,0.0928584,0.0928584,455.200,5160.500,0.08820851,1058,5,26,0.8554,0.0078,0.0901,OFICIAL
NACIONAL,BRASIL,2026-03,BEBIDAS,ALPHA,FAB_ALPHA,N,24674.00,304756.71,0.08096294,0.08096294,358.700,5160.500,0.06950877,811,6,23,0.8554,0.0078,0.0901,OFICIAL
NACIONAL,BRASIL,2026-03,BEBIDAS,PRIME,FAB_PRIME,N,23980.73,304756.71,0.07868811,0.07868811,374.400,5160.500,0.07255111,918,7,23,0.8554,0.0078,0.0901,OFICIAL
NACIONAL,BRASIL,2026-03,BEBIDAS,GAROTO,NESTLE,Y,18612.01,304756.71,0.0610717,0.0610717,503.800,5160.500,0.0976262,842,8,16,0.8554,0.0078,0.0901,OFICIAL
NACIONAL,BRASIL,2026-03,BEBIDAS,KITKAT,NESTLE,Y,16772.46,304756.71,0.05503557,0.05503557,92.300,5160.500,0.01788586,528,9,12,0.8554,0.0078,0.0901,OFICIAL
NACIONAL,BRASIL,2026-03,BEBIDAS,NESQUIK,NESTLE,Y,15485.33,304756.71,0.05081211,0.05081211,252.500,5160.500,0.04892937,422,10,13,0.8554,0.0078,0.0901,OFICIAL
NACIONAL,BRASIL,2026-03,BEBIDAS,NOVA,FAB_NOVA,N,15010.36,304756.71,0.04925358,0.04925358,299.600,5160.500,0.05805639,617,11,17,0.8554,0.0078,0.0901,OFICIAL
NACIONAL,BRASIL,2026-03,BEBIDAS,VIVA,FAB_VIVA,N,11725.99,304756.71,0.03847656,0.03847656,218.100,5160.500,0.04226335,268,12,11,0.8554,0.0078,0.0901,OFICIAL
NACIONAL,BRASIL,2026-03,BEBIDAS,MOCA,NESTLE,Y,6236.82,304756.71,0.02046491,0.02046491,81.200,5160.500,0.01573491,220,13,10,0.8554,0.0078,0.0901,OFICIAL
NACIONAL,BRASIL,2026-03,BEBIDAS,MAGGI,NESTLE,Y,3605.61,304756.71,0.01183111,0.01183111,94.400,5160.500,0.0182928,139,14,8,0.8554,0.0078,0.0901,OFICIAL
NACIONAL,BRASIL,2026-03,CHOCOLATES,NOVA,FAB_NOVA,N,50792.91,306528.14,0.16570391,0.16570391,1036.600,5258.500,0.19712846,1617,1,29,0.8554,0.0078,0.0899,OFICIAL
NACIONAL,BRASIL,2026-03,CHOCOLATES,VIVA,FAB_VIVA,N,41918.81,306528.14,0.13675355,0.13675355,893.700,5258.500,0.16995341,1270,2,24,0.8554,0.0078,0.0899,OFICIAL
NACIONAL,BRASIL,2026-03,CHOCOLATES,BETA,FAB_BETA,N,37026.77,306528.14,0.12079403,0.12079403,584.600,5258.500,0.11117239,1046,3,34,0.8554,0.0078,0.0899,OFICIAL
NACIONAL,BRASIL,2026-03,CHOCOLATES,PRIME,FAB_PRIME,N,29993.63,306528.14,0.09784952,0.09784952,411.300,5258.500,0.07821622,1298,4,23,0.8554,0.0078,0.0899,OFICIAL
NACIONAL,BRASIL,2026-03,CHOCOLATES,NESCAFE,NESTLE,Y,26717.20,306528.14,0.08716068,0.08716068,409.500,5258.500,0.07787392,1010,5,29,0.8554,0.0078,0.0899,OFICIAL
NACIONAL,BRASIL,2026-03,CHOCOLATES,NINHO,NESTLE,Y,26516.73,306528.14,0.08650667,0.08650667,219.300,5258.500,0.04170391,758,6,21,0.8554,0.0078,0.0899,OFICIAL
NACIONAL,BRASIL,2026-03,CHOCOLATES,ALPHA,FAB_ALPHA,N,25870.44,306528.14,0.08439825,0.08439825,317.400,5258.500,0.06035942,717,7,24,0.8554,0.0078,0.0899,OFICIAL
NACIONAL,BRASIL,2026-03,CHOCOLATES,KITKAT,NESTLE,Y,20839.55,306528.14,0.06798576,0.06798576,494.900,5258.500,0.09411429,890,8,18,0.8554,0.0078,0.0899,OFICIAL
NACIONAL,BRASIL,2026-03,CHOCOLATES,SOLAR,FAB_SOLAR,N,15552.99,306528.14,0.05073919,0.05073919,365.900,5258.500,0.06958258,671,9,18,0.8554,0.0078,0.0899,OFICIAL
NACIONAL,BRASIL,2026-03,CHOCOLATES,DELTA,FAB_DELTA,N,8076.99,306528.14,0.02634991,0.02634991,174.500,5258.500,0.03318437,463,10,13,0.8554,0.0078,0.0899,OFICIAL
NACIONAL,BRASIL,2026-03,CHOCOLATES,GAROTO,NESTLE,Y,7658.35,306528.14,0.02498417,0.02498417,92.500,5258.500,0.01759057,201,11,8,0.8554,0.0078,0.0899,OFICIAL
NACIONAL,BRASIL,2026-03,CHOCOLATES,MAGGI,NESTLE,Y,6534.24,306528.14,0.02131693,0.02131693,62.200,5258.500,0.01182847,241,12,8,0.8554,0.0078,0.0899,OFICIAL
NACIONAL,BRASIL,2026-03,CHOCOLATES,NESQUIK,NESTLE,Y,4957.23,306528.14,0.01617219,0.01617219,100.700,5258.500,0.01914995,214,13,11,0.8554,0.0078,0.0899,OFICIAL
NACIONAL,BRASIL,2026-03,CHOCOLATES,MOCA,NESTLE,Y,4072.30,306528.14,0.01328524,0.01328524,95.400,5258.500,0.01814206,120,14,6,0.8554,0.0078,0.0899,OFICIAL
NACIONAL,BRASIL,2026-03,CULINARIOS,NOVA,FAB_NOVA,N,43305.07,326694.17,0.13255538,0.13255538,637.200,5361.900,0.11883847,1239,1,33,0.8554,0.0078,0.0288,OFICIAL
NACIONAL,BRASIL,2026-03,CULINARIOS,MOCA,NESTLE,Y,38814.04,326694.17,0.11880849,0.11880849,574.100,5361.900,0.10707025,1145,2,21,0.8554,0.0078,0.0288,OFICIAL
NACIONAL,BRASIL,2026-03,CULINARIOS,PRIME,FAB_PRIME,N,38686.08,326694.17,0.11841681,0.11841681,548.100,5361.900,0.10222123,1247,3,37,0.8554,0.0078,0.0288,OFICIAL
NACIONAL,BRASIL,2026-03,CULINARIOS,VIVA,FAB_VIVA,N,36928.47,326694.17,0.11303682,0.11303682,686.600,5361.900,0.12805162,1295,4,32,0.8554,0.0078,0.0288,OFICIAL
NACIONAL,BRASIL,2026-03,CULINARIOS,NINHO,NESTLE,Y,33054.82,326694.17,0.10117971,0.10117971,338.800,5361.900,0.06318656,1084,5,30,0.8554,0.0078,0.0288,OFICIAL
NACIONAL,BRASIL,2026-03,CULINARIOS,DELTA,FAB_DELTA,N,22873.90,326694.17,0.07001625,0.07001625,317.200,5361.900,0.05915813,744,6,24,0.8554,0.0078,0.0288,OFICIAL
NACIONAL,BRASIL,2026-03,CULINARIOS,BETA,FAB_BETA,N,22027.61,326694.17,0.06742578,0.06742578,306.500,5361.900,0.05716257,871,7,27,0.8554,0.0078,0.0288,OFICIAL
NACIONAL,BRASIL,2026-03,CULINARIOS,KITKAT,NESTLE,Y,16624.98,326694.17,0.05088851,0.05088851,443.300,5361.900,0.08267592,579,8,10,0.8554,0.0078,0.0288,OFICIAL
NACIONAL,BRASIL,2026-03,CULINARIOS,GAROTO,NESTLE,Y,14652.33,326694.17,0.0448503,0.0448503,316.800,5361.900,0.05908353,481,9,9,0.8554,0.0078,0.0288,OFICIAL
NACIONAL,BRASIL,2026-03,CULINARIOS,NESQUIK,NESTLE,Y,13663.80,326694.17,0.04182444,0.04182444,223.700,5361.900,0.04172029,534,10,9,0.8554,0.0078,0.0288,OFICIAL
NACIONAL,BRASIL,2026-03,CULINARIOS,SOLAR,FAB_SOLAR,N,13223.71,326694.17,0.04047734,0.04047734,475.700,5361.900,0.08871855,602,11,13,0.8554,0.0078,0.0288,OFICIAL
NACIONAL,BRASIL,2026-03,CULINARIOS,ALPHA,FAB_ALPHA,N,11406.54,326694.17,0.03491504,0.03491504,178.400,5361.900,0.03327179,373,12,14,0.8554,0.0078,0.0288,OFICIAL
NACIONAL,BRASIL,2026-03,CULINARIOS,MAGGI,NESTLE,Y,11009.34,326694.17,0.03369922,0.03369922,158.800,5361.900,0.02961637,355,13,16,0.8554,0.0078,0.0288,OFICIAL
NACIONAL,BRASIL,2026-03,CULINARIOS,NESCAFE,NESTLE,Y,10423.48,326694.17,0.03190593,0.03190593,156.700,5361.900,0.02922472,325,14,13,0.8554,0.0078,0.0288,OFICIAL
NACIONAL,BRASIL,2026-03,LACTEOS,NESCAFE,NESTLE,Y,50114.36,372556.57,0.13451477,0.13451477,780.300,5992.900,0.13020407,1478,1,23,0.8554,0.0078,0.0246,OFICIAL
NACIONAL,BRASIL,2026-03,LACTEOS,DELTA,FAB_DELTA,N,46936.66,372556.57,0.12598532,0.12598532,794.700,5992.900,0.13260692,1618,2,46,0.8554,0.0078,0.0246,OFICIAL
NACIONAL,BRASIL,2026-03,LACTEOS,SOLAR,FAB_SOLAR,N,44758.36,372556.57,0.12013843,0.12013843,860.800,5992.900,0.14363664,1770,3,30,0.8554,0.0078,0.0246,OFICIAL
NACIONAL,BRASIL,2026-03,LACTEOS,MAGGI,NESTLE,Y,31017.21,372556.57,0.08325503,0.08325503,652.200,5992.900,0.10882878,847,4,11,0.8554,0.0078,0.0246,OFICIAL
NACIONAL,BRASIL,2026-03,LACTEOS,VIVA,FAB_VIVA,N,29797.76,372556.57,0.07998184,0.07998184,483.400,5992.900,0.08066212,1376,5,32,0.8554,0.0078,0.0246,OFICIAL
NACIONAL,BRASIL,2026-03,LACTEOS,MOCA,NESTLE,Y,29360.17,372556.57,0.07880728,0.07880728,502.500,5992.900,0.08384922,1176,6,22,0.8554,0.0078,0.0246,OFICIAL
NACIONAL,BRASIL,2026-03,LACTEOS,BETA,FAB_BETA,N,27456.62,372556.57,0.07369785,0.07369785,215.900,5992.900,0.03602596,857,7,25,0.8554,0.0078,0.0246,OFICIAL
NACIONAL,BRASIL,2026-03,LACTEOS,GAROTO,NESTLE,Y,21473.33,372556.57,0.05763777,0.05763777,236.400,5992.900,0.03944668,590,8,14,0.8554,0.0078,0.0246,OFICIAL
NACIONAL,BRASIL,2026-03,LACTEOS,ALPHA,FAB_ALPHA,N,20679.51,372556.57,0.05550703,0.05550703,319.800,5992.900,0.05336315,704,9,29,0.8554,0.0078,0.0246,OFICIAL
NACIONAL,BRASIL,2026-03,LACTEOS,NINHO,NESTLE,Y,17338.44,372556.57,0.04653908,0.04653908,117.800,5992.900,0.01965659,519,10,15,0.8554,0.0078,0.0246,OFICIAL
NACIONAL,BRASIL,2026-03,LACTEOS,NOVA,FAB_NOVA,N,14671.58,372556.57,0.03938081,0.03938081,453.800,5992.900,0.07572294,763,11,23,0.8554,0.0078,0.0246,OFICIAL
NACIONAL,BRASIL,2026-03,LACTEOS,PRIME,FAB_PRIME,N,14466.48,372556.57,0.03883029,0.03883029,247.900,5992.900,0.04136562,640,12,15,0.8554,0.0078,0.0246,OFICIAL
NACIONAL,BRASIL,2026-03,LACTEOS,KITKAT,NESTLE,Y,12750.97,372556.57,0.03422559,0.03422559,137.000,5992.900,0.02286038,469,13,8,0.8554,0.0078,0.0246,OFICIAL
NACIONAL,BRASIL,2026-03,LACTEOS,NESQUIK,NESTLE,Y,11735.12,372556.57,0.03149889,0.03149889,190.400,5992.900,0.03177093,453,14,15,0.8554,0.0078,0.0246,OFICIAL
NACIONAL,BRASIL,2026-03,NUTRICAO,PRIME,FAB_PRIME,N,48382.47,320820.39,0.15080859,0.15080859,495.500,5484.000,0.09035376,1403,1,23,0.8554,0.0078,0.079,OFICIAL
NACIONAL,BRASIL,2026-03,NUTRICAO,ALPHA,FAB_ALPHA,N,41034.31,320820.39,0.12790431,0.12790431,1205.600,5484.000,0.21983953,1757,2,27,0.8554,0.0078,0.079,OFICIAL
NACIONAL,BRASIL,2026-03,NUTRICAO,NOVA,FAB_NOVA,N,35311.90,320820.39,0.11006751,0.11006751,455.500,5484.000,0.08305981,1403,3,28,0.8554,0.0078,0.079,OFICIAL
NACIONAL,BRASIL,2026-03,NUTRICAO,MOCA,NESTLE,Y,29094.99,320820.39,0.09068934,0.09068934,429.500,5484.000,0.07831875,740,4,16,0.8554,0.0078,0.079,OFICIAL
NACIONAL,BRASIL,2026-03,NUTRICAO,NESQUIK,NESTLE,Y,28803.44,320820.39,0.08978058,0.08978058,754.900,5484.000,0.137655,1736,5,42,0.8554,0.0078,0.079,OFICIAL
NACIONAL,BRASIL,2026-03,NUTRICAO,DELTA,FAB_DELTA,N,27213.36,320820.39,0.08482428,0.08482428,495.500,5484.000,0.09035376,1094,6,30,0.8554,0.0078,0.079,OFICIAL
NACIONAL,BRASIL,2026-03,NUTRICAO,VIVA,FAB_VIVA,N,23808.06,320820.39,0.07420993,0.07420993,205.300,5484.000,0.03743618,529,7,15,0.8554,0.0078,0.079,OFICIAL
NACIONAL,BRASIL,2026-03,NUTRICAO,SOLAR,FAB_SOLAR,N,23762.40,320820.39,0.07406761,0.07406761,340.100,5484.000,0.06201678,631,8,19,0.8554,0.0078,0.079,OFICIAL
NACIONAL,BRASIL,2026-03,NUTRICAO,NESCAFE,NESTLE,Y,15315.20,320820.39,0.04773761,0.04773761,401.200,5484.000,0.07315828,809,9,18,0.8554,0.0078,0.079,OFICIAL
NACIONAL,BRASIL,2026-03,NUTRICAO,BETA,FAB_BETA,N,12689.02,320820.39,0.03955179,0.03955179,229.600,5484.000,0.04186725,425,10,19,0.8554,0.0078,0.079,OFICIAL
NACIONAL,BRASIL,2026-03,NUTRICAO,KITKAT,NESTLE,Y,10749.01,320820.39,0.03350476,0.03350476,191.600,5484.000,0.034938,585,11,13,0.8554,0.0078,0.079,OFICIAL
NACIONAL,BRASIL,2026-03,NUTRICAO,NINHO,NESTLE,Y,10596.86,320820.39,0.03303051,0.03303051,131.300,5484.000,0.02394238,368,12,14,0.8554,0.0078,0.079,OFICIAL
NACIONAL,BRASIL,2026-03,NUTRICAO,GAROTO,NESTLE,Y,7680.42,320820.39,0.02393994,0.02393994,30.000,5484.000,0.00547046,150,13,2,0.8554,0.0078,0.079,OFICIAL
NACIONAL,BRASIL,2026-03,NUTRICAO,MAGGI,NESTLE,Y,6378.95,320820.39,0.01988324,0.01988324,118.400,5484.000,0.02159008,312,14,7,0.8554,0.0078,0.079,OFICIAL
NACIONAL,BRASIL,2026-04,BEBIDAS,NINHO,NESTLE,Y,34296.48,249523.70,0.13744779,0.13744779,787.100,4634.400,0.1698386,1945,1,43,0.8534,0.016,0.0947,OFICIAL
NACIONAL,BRASIL,2026-04,BEBIDAS,NESCAFE,NESTLE,Y,26932.37,249523.70,0.10793512,0.10793512,554.000,4634.400,0.11954083,1441,2,28,0.8534,0.016,0.0947,OFICIAL
NACIONAL,BRASIL,2026-04,BEBIDAS,PRIME,FAB_PRIME,N,24505.02,249523.70,0.09820718,0.09820718,183.500,4634.400,0.0395952,741,3,22,0.8534,0.016,0.0947,OFICIAL
NACIONAL,BRASIL,2026-04,BEBIDAS,SOLAR,FAB_SOLAR,N,22331.07,249523.70,0.08949479,0.08949479,328.000,4634.400,0.07077507,850,4,22,0.8534,0.016,0.0947,OFICIAL
NACIONAL,BRASIL,2026-04,BEBIDAS,MAGGI,NESTLE,Y,19669.91,249523.70,0.07882983,0.07882983,548.500,4634.400,0.11835405,995,5,12,0.8534,0.016,0.0947,OFICIAL
NACIONAL,BRASIL,2026-04,BEBIDAS,BETA,FAB_BETA,N,19349.93,249523.70,0.07754746,0.07754746,285.000,4634.400,0.06149663,636,6,22,0.8534,0.016,0.0947,OFICIAL
NACIONAL,BRASIL,2026-04,BEBIDAS,MOCA,NESTLE,Y,19136.02,249523.70,0.07669019,0.07669019,497.600,4634.400,0.10737097,1194,7,16,0.8534,0.016,0.0947,OFICIAL
NACIONAL,BRASIL,2026-04,BEBIDAS,DELTA,FAB_DELTA,N,17960.90,249523.70,0.07198074,0.07198074,335.100,4634.400,0.07230709,671,8,17,0.8534,0.016,0.0947,OFICIAL
NACIONAL,BRASIL,2026-04,BEBIDAS,NESQUIK,NESTLE,Y,17473.38,249523.70,0.07002694,0.07002694,294.000,4634.400,0.06343863,600,9,24,0.8534,0.016,0.0947,OFICIAL
NACIONAL,BRASIL,2026-04,BEBIDAS,VIVA,FAB_VIVA,N,14244.90,249523.70,0.05708836,0.05708836,193.600,4634.400,0.04177456,409,10,16,0.8534,0.016,0.0947,OFICIAL
NACIONAL,BRASIL,2026-04,BEBIDAS,ALPHA,FAB_ALPHA,N,12036.72,249523.70,0.04823878,0.04823878,92.200,4634.400,0.0198947,378,11,15,0.8534,0.016,0.0947,OFICIAL
NACIONAL,BRASIL,2026-04,BEBIDAS,NOVA,FAB_NOVA,N,10630.70,249523.70,0.04260397,0.04260397,249.000,4634.400,0.05372864,542,12,21,0.8534,0.016,0.0947,OFICIAL
NACIONAL,BRASIL,2026-04,BEBIDAS,KITKAT,NESTLE,Y,7291.26,249523.70,0.02922071,0.02922071,213.100,4634.400,0.04598222,362,13,6,0.8534,0.016,0.0947,OFICIAL
NACIONAL,BRASIL,2026-04,BEBIDAS,GAROTO,NESTLE,Y,3665.04,249523.70,0.01468814,0.01468814,73.700,4634.400,0.01590281,185,14,13,0.8534,0.016,0.0947,OFICIAL
NACIONAL,BRASIL,2026-04,CHOCOLATES,BETA,FAB_BETA,N,40955.67,286852.56,0.14277603,0.14277603,644.000,3739.100,0.17223396,1497,1,28,0.8534,0.016,0.0292,OFICIAL
NACIONAL,BRASIL,2026-04,CHOCOLATES,PRIME,FAB_PRIME,N,39765.31,286852.56,0.1386263,0.1386263,604.100,3739.100,0.16156294,1364,2,30,0.8534,0.016,0.0292,OFICIAL
NACIONAL,BRASIL,2026-04,CHOCOLATES,NINHO,NESTLE,Y,35419.81,286852.56,0.12347741,0.12347741,341.700,3739.100,0.09138563,1005,3,21,0.8534,0.016,0.0292,OFICIAL
NACIONAL,BRASIL,2026-04,CHOCOLATES,NOVA,FAB_NOVA,N,32202.03,286852.56,0.11225987,0.11225987,294.300,3739.100,0.07870878,1001,4,21,0.8534,0.016,0.0292,OFICIAL
NACIONAL,BRASIL,2026-04,CHOCOLATES,MAGGI,NESTLE,Y,19636.41,286852.56,0.06845471,0.06845471,231.900,3739.100,0.06202027,553,5,17,0.8534,0.016,0.0292,OFICIAL
NACIONAL,BRASIL,2026-04,CHOCOLATES,ALPHA,FAB_ALPHA,N,19419.48,286852.56,0.06769847,0.06769847,158.300,3739.100,0.04233639,546,6,20,0.8534,0.016,0.0292,OFICIAL
NACIONAL,BRASIL,2026-04,CHOCOLATES,KITKAT,NESTLE,Y,19322.67,286852.56,0.06736098,0.06736098,413.200,3739.100,0.11050788,671,7,16,0.8534,0.016,0.0292,OFICIAL
NACIONAL,BRASIL,2026-04,CHOCOLATES,DELTA,FAB_DELTA,N,19228.41,286852.56,0.06703238,0.06703238,262.800,3739.100,0.07028429,635,8,19,0.8534,0.016,0.0292,OFICIAL
NACIONAL,BRASIL,2026-04,CHOCOLATES,VIVA,FAB_VIVA,N,18309.37,286852.56,0.0638285,0.0638285,207.200,3739.100,0.0554144,461,9,12,0.8534,0.016,0.0292,OFICIAL
NACIONAL,BRASIL,2026-04,CHOCOLATES,SOLAR,FAB_SOLAR,N,16932.41,286852.56,0.05902827,0.05902827,154.800,3739.100,0.04140034,502,10,19,0.8534,0.016,0.0292,OFICIAL
NACIONAL,BRASIL,2026-04,CHOCOLATES,NESQUIK,NESTLE,Y,13245.79,286852.56,0.0461763,0.0461763,217.700,3739.100,0.05822257,470,11,14,0.8534,0.016,0.0292,OFICIAL
NACIONAL,BRASIL,2026-04,CHOCOLATES,NESCAFE,NESTLE,Y,7597.44,286852.56,0.02648552,0.02648552,108.800,3739.100,0.02909791,337,12,10,0.8534,0.016,0.0292,OFICIAL
NACIONAL,BRASIL,2026-04,CHOCOLATES,MOCA,NESTLE,Y,3133.44,286852.56,0.01092352,0.01092352,83.700,3739.100,0.02238507,256,13,7,0.8534,0.016,0.0292,OFICIAL
NACIONAL,BRASIL,2026-04,CHOCOLATES,GAROTO,NESTLE,Y,1684.32,286852.56,0.00587173,0.00587173,16.600,3739.100,0.00443957,79,14,3,0.8534,0.016,0.0292,OFICIAL
NACIONAL,BRASIL,2026-04,CULINARIOS,BETA,FAB_BETA,N,27588.08,219658.18,0.1255955,0.1255955,362.800,3538.400,0.10253222,758,1,20,0.8534,0.016,0.0263,OFICIAL
NACIONAL,BRASIL,2026-04,CULINARIOS,PRIME,FAB_PRIME,N,26610.85,219658.18,0.12114664,0.12114664,374.900,3538.400,0.10595184,903,2,23,0.8534,0.016,0.0263,OFICIAL
NACIONAL,BRASIL,2026-04,CULINARIOS,NOVA,FAB_NOVA,N,22687.94,219658.18,0.10328748,0.10328748,430.100,3538.400,0.12155211,823,3,25,0.8534,0.016,0.0263,OFICIAL
NACIONAL,BRASIL,2026-04,CULINARIOS,SOLAR,FAB_SOLAR,N,20321.35,219658.18,0.09251351,0.09251351,394.800,3538.400,0.11157585,712,4,20,0.8534,0.016,0.0263,OFICIAL
NACIONAL,BRASIL,2026-04,CULINARIOS,KITKAT,NESTLE,Y,18327.20,219658.18,0.08343509,0.08343509,231.300,3538.400,0.06536853,556,5,13,0.8534,0.016,0.0263,OFICIAL
NACIONAL,BRASIL,2026-04,CULINARIOS,DELTA,FAB_DELTA,N,17365.38,219658.18,0.07905638,0.07905638,264.800,3538.400,0.07483608,581,6,18,0.8534,0.016,0.0263,OFICIAL
NACIONAL,BRASIL,2026-04,CULINARIOS,GAROTO,NESTLE,Y,15165.08,219658.18,0.06903945,0.06903945,137.800,3538.400,0.03894416,449,7,9,0.8534,0.016,0.0263,OFICIAL
NACIONAL,BRASIL,2026-04,CULINARIOS,VIVA,FAB_VIVA,N,14327.46,219658.18,0.06522616,0.06522616,234.100,3538.400,0.06615985,576,8,18,0.8534,0.016,0.0263,OFICIAL
NACIONAL,BRASIL,2026-04,CULINARIOS,MAGGI,NESTLE,Y,11981.46,219658.18,0.05454593,0.05454593,223.700,3538.400,0.06322066,578,9,20,0.8534,0.016,0.0263,OFICIAL
NACIONAL,BRASIL,2026-04,CULINARIOS,ALPHA,FAB_ALPHA,N,10613.18,219658.18,0.0483168,0.0483168,154.300,3538.400,0.04360728,313,10,9,0.8534,0.016,0.0263,OFICIAL
NACIONAL,BRASIL,2026-04,CULINARIOS,MOCA,NESTLE,Y,10328.97,219658.18,0.04702292,0.04702292,258.800,3538.400,0.0731404,529,11,12,0.8534,0.016,0.0263,OFICIAL
NACIONAL,BRASIL,2026-04,CULINARIOS,NESCAFE,NESTLE,Y,8662.31,219658.18,0.03943541,0.03943541,199.500,3538.400,0.05638142,348,12,10,0.8534,0.016,0.0263,OFICIAL
NACIONAL,BRASIL,2026-04,CULINARIOS,NINHO,NESTLE,Y,8368.11,219658.18,0.03809605,0.03809605,186.400,3538.400,0.05267918,377,13,20,0.8534,0.016,0.0263,OFICIAL
NACIONAL,BRASIL,2026-04,CULINARIOS,NESQUIK,NESTLE,Y,7310.81,219658.18,0.03328267,0.03328267,85.100,3538.400,0.02405042,262,14,11,0.8534,0.016,0.0263,OFICIAL
NACIONAL,BRASIL,2026-04,LACTEOS,SOLAR,FAB_SOLAR,N,38960.90,274045.91,0.14216924,0.14216924,599.600,4102.100,0.14616904,1246,1,43,0.8534,0.016,0.0436,OFICIAL
NACIONAL,BRASIL,2026-04,LACTEOS,DELTA,FAB_DELTA,N,38189.89,274045.91,0.13935581,0.13935581,575.000,4102.100,0.14017211,1319,2,37,0.8534,0.016,0.0436,OFICIAL
NACIONAL,BRASIL,2026-04,LACTEOS,ALPHA,FAB_ALPHA,N,37185.18,274045.91,0.1356896,0.1356896,536.200,4102.100,0.13071354,1047,3,30,0.8534,0.016,0.0436,OFICIAL
NACIONAL,BRASIL,2026-04,LACTEOS,NINHO,NESTLE,Y,25653.93,274045.91,0.0936118,0.0936118,423.500,4102.100,0.1032398,1237,4,15,0.8534,0.016,0.0436,OFICIAL
NACIONAL,BRASIL,2026-04,LACTEOS,BETA,FAB_BETA,N,24089.84,274045.91,0.0879044,0.0879044,318.500,4102.100,0.07764316,709,5,25,0.8534,0.016,0.0436,OFICIAL
NACIONAL,BRASIL,2026-04,LACTEOS,VIVA,FAB_VIVA,N,21218.43,274045.91,0.07742655,0.07742655,295.400,4102.100,0.0720119,740,6,31,0.8534,0.016,0.0436,OFICIAL
NACIONAL,BRASIL,2026-04,LACTEOS,PRIME,FAB_PRIME,N,19475.16,274045.91,0.07106532,0.07106532,261.600,4102.100,0.06377221,582,7,14,0.8534,0.016,0.0436,OFICIAL
NACIONAL,BRASIL,2026-04,LACTEOS,MOCA,NESTLE,Y,16239.63,274045.91,0.05925879,0.05925879,225.100,4102.100,0.05487433,412,8,17,0.8534,0.016,0.0436,OFICIAL
NACIONAL,BRASIL,2026-04,LACTEOS,NESCAFE,NESTLE,Y,12180.22,274045.91,0.04444591,0.04444591,153.800,4102.100,0.03749299,440,9,17,0.8534,0.016,0.0436,OFICIAL
NACIONAL,BRASIL,2026-04,LACTEOS,NOVA,FAB_NOVA,N,11317.90,274045.91,0.04129928,0.04129928,186.500,4102.100,0.04546452,386,10,19,0.8534,0.016,0.0436,OFICIAL
NACIONAL,BRASIL,2026-04,LACTEOS,GAROTO,NESTLE,Y,9072.17,274045.91,0.03310456,0.03310456,170.500,4102.100,0.04156408,329,11,9,0.8534,0.016,0.0436,OFICIAL
NACIONAL,BRASIL,2026-04,LACTEOS,NESQUIK,NESTLE,Y,8546.83,274045.91,0.03118758,0.03118758,119.500,4102.100,0.02913142,351,12,14,0.8534,0.016,0.0436,OFICIAL
NACIONAL,BRASIL,2026-04,LACTEOS,MAGGI,NESTLE,Y,6621.38,274045.91,0.02416157,0.02416157,183.000,4102.100,0.0446113,291,13,5,0.8534,0.016,0.0436,OFICIAL
NACIONAL,BRASIL,2026-04,LACTEOS,KITKAT,NESTLE,Y,5294.45,274045.91,0.01931957,0.01931957,53.900,4102.100,0.01313961,198,14,6,0.8534,0.016,0.0436,OFICIAL
NACIONAL,BRASIL,2026-04,NUTRICAO,DELTA,FAB_DELTA,N,31259.92,243800.32,0.12821936,0.12821936,719.000,4496.300,0.15990926,876,1,25,0.8534,0.016,0.0519,OFICIAL
NACIONAL,BRASIL,2026-04,NUTRICAO,PRIME,FAB_PRIME,N,24508.89,243800.32,0.10052854,0.10052854,751.900,4496.300,0.16722639,1017,2,20,0.8534,0.016,0.0519,OFICIAL
NACIONAL,BRASIL,2026-04,NUTRICAO,NOVA,FAB_NOVA,N,24202.35,243800.32,0.0992712,0.0992712,297.900,4496.300,0.06625448,747,3,22,0.8534,0.016,0.0519,OFICIAL
NACIONAL,BRASIL,2026-04,NUTRICAO,SOLAR,FAB_SOLAR,N,21399.05,243800.32,0.08777285,0.08777285,282.200,4496.300,0.06276272,797,4,22,0.8534,0.016,0.0519,OFICIAL
NACIONAL,BRASIL,2026-04,NUTRICAO,NINHO,NESTLE,Y,21118.69,243800.32,0.0866229,0.0866229,541.100,4496.300,0.12034339,693,5,13,0.8534,0.016,0.0519,OFICIAL
NACIONAL,BRASIL,2026-04,NUTRICAO,MOCA,NESTLE,Y,20769.22,243800.32,0.08518947,0.08518947,243.900,4496.300,0.0542446,704,6,18,0.8534,0.016,0.0519,OFICIAL
NACIONAL,BRASIL,2026-04,NUTRICAO,NESQUIK,NESTLE,Y,20461.00,243800.32,0.08392524,0.08392524,512.500,4496.300,0.11398261,1501,7,39,0.8534,0.016,0.0519,OFICIAL
NACIONAL,BRASIL,2026-04,NUTRICAO,VIVA,FAB_VIVA,N,17883.82,243800.32,0.07335437,0.07335437,239.500,4496.300,0.05326602,625,8,21,0.8534,0.016,0.0519,OFICIAL
NACIONAL,BRASIL,2026-04,NUTRICAO,ALPHA,FAB_ALPHA,N,16744.48,243800.32,0.06868112,0.06868112,252.000,4496.300,0.05604608,529,9,21,0.8534,0.016,0.0519,OFICIAL
NACIONAL,BRASIL,2026-04,NUTRICAO,GAROTO,NESTLE,Y,14919.96,243800.32,0.06119746,0.06119746,174.100,4496.300,0.03872073,432,10,12,0.8534,0.016,0.0519,OFICIAL
NACIONAL,BRASIL,2026-04,NUTRICAO,BETA,FAB_BETA,N,11893.38,243800.32,0.04878328,0.04878328,249.200,4496.300,0.05542335,497,11,21,0.8534,0.016,0.0519,OFICIAL
NACIONAL,BRASIL,2026-04,NUTRICAO,KITKAT,NESTLE,Y,7147.38,243800.32,0.02931653,0.02931653,120.200,4496.300,0.02673309,232,12,11,0.8534,0.016,0.0519,OFICIAL
NACIONAL,BRASIL,2026-04,NUTRICAO,MAGGI,NESTLE,Y,6376.72,243800.32,0.0261555,0.0261555,48.200,4496.300,0.01071993,198,13,5,0.8534,0.016,0.0519,OFICIAL
NACIONAL,BRASIL,2026-04,NUTRICAO,NESCAFE,NESTLE,Y,5115.46,243800.32,0.02098217,0.02098217,64.600,4496.300,0.01436737,267,14,10,0.8534,0.016,0.0519,OFICIAL
NACIONAL,BRASIL,2026-05,BEBIDAS,NINHO,NESTLE,Y,41174.47,310270.67,0.132705,0.132705,883.600,4713.600,0.18745757,2232,1,38,0.8298,0.0217,0.1163,OFICIAL
NACIONAL,BRASIL,2026-05,BEBIDAS,ALPHA,FAB_ALPHA,N,33967.39,310270.67,0.10947664,0.10947664,338.400,4713.600,0.07179226,1058,2,14,0.8298,0.0217,0.1163,OFICIAL
NACIONAL,BRASIL,2026-05,BEBIDAS,DELTA,FAB_DELTA,N,29916.00,310270.67,0.09641904,0.09641904,305.900,4713.600,0.06489732,886,3,20,0.8298,0.0217,0.1163,OFICIAL
NACIONAL,BRASIL,2026-05,BEBIDAS,SOLAR,FAB_SOLAR,N,28397.57,310270.67,0.09152515,0.09152515,421.100,4713.600,0.08933724,943,4,25,0.8298,0.0217,0.1163,OFICIAL
NACIONAL,BRASIL,2026-05,BEBIDAS,NESQUIK,NESTLE,Y,27914.75,310270.67,0.08996903,0.08996903,241.200,4713.600,0.05117108,984,5,15,0.8298,0.0217,0.1163,OFICIAL
NACIONAL,BRASIL,2026-05,BEBIDAS,BETA,FAB_BETA,N,26670.07,310270.67,0.08595743,0.08595743,432.000,4713.600,0.09164969,780,6,17,0.8298,0.0217,0.1163,OFICIAL
NACIONAL,BRASIL,2026-05,BEBIDAS,NESCAFE,NESTLE,Y,26053.11,310270.67,0.08396897,0.08396897,611.800,4713.600,0.12979464,1514,7,29,0.8298,0.0217,0.1163,OFICIAL
NACIONAL,BRASIL,2026-05,BEBIDAS,PRIME,FAB_PRIME,N,23775.58,310270.67,0.07662851,0.07662851,418.900,4713.600,0.0888705,856,8,25,0.8298,0.0217,0.1163,OFICIAL
NACIONAL,BRASIL,2026-05,BEBIDAS,MAGGI,NESTLE,Y,18082.80,310270.67,0.05828073,0.05828073,152.900,4713.600,0.03243805,502,9,9,0.8298,0.0217,0.1163,OFICIAL
NACIONAL,BRASIL,2026-05,BEBIDAS,MOCA,NESTLE,Y,16325.43,310270.67,0.05261674,0.05261674,246.000,4713.600,0.05218941,598,10,13,0.8298,0.0217,0.1163,OFICIAL
NACIONAL,BRASIL,2026-05,BEBIDAS,VIVA,FAB_VIVA,N,13049.46,310270.67,0.04205831,0.04205831,253.500,4713.600,0.05378055,492,11,19,0.8298,0.0217,0.1163,OFICIAL
NACIONAL,BRASIL,2026-05,BEBIDAS,NOVA,FAB_NOVA,N,11957.01,310270.67,0.03853735,0.03853735,87.100,4713.600,0.01847845,477,12,12,0.8298,0.0217,0.1163,OFICIAL
NACIONAL,BRASIL,2026-05,BEBIDAS,KITKAT,NESTLE,Y,7185.71,310270.67,0.02315949,0.02315949,156.300,4713.600,0.03315937,371,13,10,0.8298,0.0217,0.1163,OFICIAL
NACIONAL,BRASIL,2026-05,BEBIDAS,GAROTO,NESTLE,Y,5801.32,310270.67,0.01869761,0.01869761,164.900,4713.600,0.03498388,367,14,10,0.8298,0.0217,0.1163,OFICIAL
NACIONAL,BRASIL,2026-05,CHOCOLATES,PRIME,FAB_PRIME,N,46122.14,297922.32,0.15481264,0.15481264,996.500,4147.100,0.24028839,1501,1,31,0.8298,0.0217,0.0268,OFICIAL
NACIONAL,BRASIL,2026-05,CHOCOLATES,ALPHA,FAB_ALPHA,N,40394.58,297922.32,0.13558763,0.13558763,318.000,4147.100,0.07668009,1229,2,25,0.8298,0.0217,0.0268,OFICIAL
NACIONAL,BRASIL,2026-05,CHOCOLATES,NINHO,NESTLE,Y,26698.16,297922.32,0.0896145,0.0896145,362.400,4147.100,0.08738637,786,3,18,0.8298,0.0217,0.0268,OFICIAL
NACIONAL,BRASIL,2026-05,CHOCOLATES,BETA,FAB_BETA,N,26441.78,297922.32,0.08875394,0.08875394,414.600,4147.100,0.09997348,913,4,25,0.8298,0.0217,0.0268,OFICIAL
NACIONAL,BRASIL,2026-05,CHOCOLATES,MAGGI,NESTLE,Y,24545.78,297922.32,0.08238987,0.08238987,277.800,4147.100,0.06698657,692,5,16,0.8298,0.0217,0.0268,OFICIAL
NACIONAL,BRASIL,2026-05,CHOCOLATES,VIVA,FAB_VIVA,N,22374.71,297922.32,0.0751025,0.0751025,278.300,4147.100,0.06710714,727,6,22,0.8298,0.0217,0.0268,OFICIAL
NACIONAL,BRASIL,2026-05,CHOCOLATES,SOLAR,FAB_SOLAR,N,22141.64,297922.32,0.07432018,0.07432018,397.600,4147.100,0.09587423,950,7,26,0.8298,0.0217,0.0268,OFICIAL
NACIONAL,BRASIL,2026-05,CHOCOLATES,NOVA,FAB_NOVA,N,20040.50,297922.32,0.06726753,0.06726753,306.500,4147.100,0.07390707,735,8,26,0.8298,0.0217,0.0268,OFICIAL
NACIONAL,BRASIL,2026-05,CHOCOLATES,DELTA,FAB_DELTA,N,15974.03,297922.32,0.0536181,0.0536181,244.700,4147.100,0.05900509,781,9,24,0.8298,0.0217,0.0268,OFICIAL
NACIONAL,BRASIL,2026-05,CHOCOLATES,MOCA,NESTLE,Y,13959.92,297922.32,0.04685758,0.04685758,118.300,4147.100,0.02852596,595,10,9,0.8298,0.0217,0.0268,OFICIAL
NACIONAL,BRASIL,2026-05,CHOCOLATES,NESQUIK,NESTLE,Y,12711.34,297922.32,0.04266663,0.04266663,141.800,4147.100,0.03419257,438,11,15,0.8298,0.0217,0.0268,OFICIAL
NACIONAL,BRASIL,2026-05,CHOCOLATES,KITKAT,NESTLE,Y,10790.07,297922.32,0.03621773,0.03621773,111.800,4147.100,0.0269586,426,12,16,0.8298,0.0217,0.0268,OFICIAL
NACIONAL,BRASIL,2026-05,CHOCOLATES,NESCAFE,NESTLE,Y,8804.33,297922.32,0.02955244,0.02955244,134.900,4147.100,0.03252876,325,13,13,0.8298,0.0217,0.0268,OFICIAL
NACIONAL,BRASIL,2026-05,CHOCOLATES,GAROTO,NESTLE,Y,6923.34,297922.32,0.02323874,0.02323874,43.900,4147.100,0.01058571,169,14,3,0.8298,0.0217,0.0268,OFICIAL
NACIONAL,BRASIL,2026-05,CULINARIOS,DELTA,FAB_DELTA,N,48741.70,311751.16,0.1563481,0.1563481,708.200,5366.500,0.13196683,1445,1,25,0.8298,0.0217,0.0585,OFICIAL
NACIONAL,BRASIL,2026-05,CULINARIOS,NOVA,FAB_NOVA,N,44082.63,311751.16,0.14140326,0.14140326,564.000,5366.500,0.10509643,1257,2,22,0.8298,0.0217,0.0585,OFICIAL
NACIONAL,BRASIL,2026-05,CULINARIOS,PRIME,FAB_PRIME,N,37180.43,311751.16,0.11926316,0.11926316,704.900,5366.500,0.13135191,1316,3,38,0.8298,0.0217,0.0585,OFICIAL
NACIONAL,BRASIL,2026-05,CULINARIOS,VIVA,FAB_VIVA,N,36328.77,311751.16,0.11653131,0.11653131,634.000,5366.500,0.11814031,1215,4,25,0.8298,0.0217,0.0585,OFICIAL
NACIONAL,BRASIL,2026-05,CULINARIOS,KITKAT,NESTLE,Y,22043.42,311751.16,0.07070838,0.07070838,386.400,5366.500,0.07200224,727,5,15,0.8298,0.0217,0.0585,OFICIAL
NACIONAL,BRASIL,2026-05,CULINARIOS,NESCAFE,NESTLE,Y,20488.02,311751.16,0.06571915,0.06571915,274.000,5366.500,0.05105749,610,6,11,0.8298,0.0217,0.0585,OFICIAL
NACIONAL,BRASIL,2026-05,CULINARIOS,BETA,FAB_BETA,N,16738.77,311751.16,0.05369273,0.05369273,306.600,5366.500,0.05713221,562,7,18,0.8298,0.0217,0.0585,OFICIAL
NACIONAL,BRASIL,2026-05,CULINARIOS,SOLAR,FAB_SOLAR,N,15227.95,311751.16,0.04884649,0.04884649,356.600,5366.500,0.06644927,873,8,23,0.8298,0.0217,0.0585,OFICIAL
NACIONAL,BRASIL,2026-05,CULINARIOS,GAROTO,NESTLE,Y,15121.86,311751.16,0.04850619,0.04850619,283.300,5366.500,0.05279046,468,9,14,0.8298,0.0217,0.0585,OFICIAL
NACIONAL,BRASIL,2026-05,CULINARIOS,MOCA,NESTLE,Y,14752.24,311751.16,0.04732056,0.04732056,354.300,5366.500,0.06602068,557,10,14,0.8298,0.0217,0.0585,OFICIAL
NACIONAL,BRASIL,2026-05,CULINARIOS,NINHO,NESTLE,Y,13725.38,311751.16,0.04402672,0.04402672,201.400,5366.500,0.03752912,484,11,17,0.8298,0.0217,0.0585,OFICIAL
NACIONAL,BRASIL,2026-05,CULINARIOS,ALPHA,FAB_ALPHA,N,12149.80,311751.16,0.03897275,0.03897275,316.000,5366.500,0.05888382,557,12,19,0.8298,0.0217,0.0585,OFICIAL
NACIONAL,BRASIL,2026-05,CULINARIOS,MAGGI,NESTLE,Y,9379.89,311751.16,0.03008775,0.03008775,218.300,5366.500,0.04067828,354,13,13,0.8298,0.0217,0.0585,OFICIAL
NACIONAL,BRASIL,2026-05,CULINARIOS,NESQUIK,NESTLE,Y,5790.30,311751.16,0.01857347,0.01857347,58.500,5366.500,0.01090096,142,14,6,0.8298,0.0217,0.0585,OFICIAL
NACIONAL,BRASIL,2026-05,LACTEOS,ALPHA,FAB_ALPHA,N,78043.93,378299.64,0.20630189,0.20630189,1345.200,5753.500,0.23380551,2555,1,38,0.8298,0.0217,0.038,OFICIAL
NACIONAL,BRASIL,2026-05,LACTEOS,VIVA,FAB_VIVA,N,67760.84,378299.64,0.17911949,0.17911949,858.600,5753.500,0.1492309,2148,2,35,0.8298,0.0217,0.038,OFICIAL
NACIONAL,BRASIL,2026-05,LACTEOS,DELTA,FAB_DELTA,N,29810.20,378299.64,0.0788005,0.0788005,343.900,5753.500,0.05977231,857,3,27,0.8298,0.0217,0.038,OFICIAL
NACIONAL,BRASIL,2026-05,LACTEOS,SOLAR,FAB_SOLAR,N,28105.42,378299.64,0.07429407,0.07429407,319.200,5753.500,0.05547927,1097,4,22,0.8298,0.0217,0.038,OFICIAL
NACIONAL,BRASIL,2026-05,LACTEOS,MOCA,NESTLE,Y,24701.18,378299.64,0.06529528,0.06529528,401.200,5753.500,0.06973147,716,5,18,0.8298,0.0217,0.038,OFICIAL
NACIONAL,BRASIL,2026-05,LACTEOS,PRIME,FAB_PRIME,N,23726.26,378299.64,0.06271817,0.06271817,210.500,5753.500,0.03658643,758,6,15,0.8298,0.0217,0.038,OFICIAL
NACIONAL,BRASIL,2026-05,LACTEOS,NOVA,FAB_NOVA,N,21544.87,378299.64,0.05695186,0.05695186,466.100,5753.500,0.08101156,600,7,16,0.8298,0.0217,0.038,OFICIAL
NACIONAL,BRASIL,2026-05,LACTEOS,GAROTO,NESTLE,Y,19686.26,378299.64,0.0520388,0.0520388,217.300,5753.500,0.03776831,785,8,9,0.8298,0.0217,0.038,OFICIAL
NACIONAL,BRASIL,2026-05,LACTEOS,BETA,FAB_BETA,N,17419.18,378299.64,0.04604599,0.04604599,263.000,5753.500,0.04571131,497,9,15,0.8298,0.0217,0.038,OFICIAL
NACIONAL,BRASIL,2026-05,LACTEOS,KITKAT,NESTLE,Y,16432.40,378299.64,0.04343752,0.04343752,392.700,5753.500,0.06825411,759,10,13,0.8298,0.0217,0.038,OFICIAL
NACIONAL,BRASIL,2026-05,LACTEOS,NINHO,NESTLE,Y,16272.00,378299.64,0.04301352,0.04301352,320.200,5753.500,0.05565308,497,11,11,0.8298,0.0217,0.038,OFICIAL
NACIONAL,BRASIL,2026-05,LACTEOS,NESQUIK,NESTLE,Y,14150.11,378299.64,0.0374045,0.0374045,155.100,5753.500,0.0269575,510,12,16,0.8298,0.0217,0.038,OFICIAL
NACIONAL,BRASIL,2026-05,LACTEOS,MAGGI,NESTLE,Y,10911.34,378299.64,0.02884311,0.02884311,187.600,5753.500,0.03260624,460,13,9,0.8298,0.0217,0.038,OFICIAL
NACIONAL,BRASIL,2026-05,LACTEOS,NESCAFE,NESTLE,Y,9735.65,378299.64,0.02573529,0.02573529,272.900,5753.500,0.047432,426,14,12,0.8298,0.0217,0.038,OFICIAL
NACIONAL,BRASIL,2026-05,NUTRICAO,SOLAR,FAB_SOLAR,N,63450.97,367253.62,0.17277153,0.17277153,594.200,5346.100,0.11114644,1679,1,30,0.8298,0.0217,0.0525,OFICIAL
NACIONAL,BRASIL,2026-05,NUTRICAO,NESQUIK,NESTLE,Y,44924.98,367253.62,0.12232685,0.12232685,1058.500,5346.100,0.1979948,2332,2,44,0.8298,0.0217,0.0525,OFICIAL
NACIONAL,BRASIL,2026-05,NUTRICAO,BETA,FAB_BETA,N,36113.88,367253.62,0.09833499,0.09833499,536.200,5346.100,0.10029741,1194,3,33,0.8298,0.0217,0.0525,OFICIAL
NACIONAL,BRASIL,2026-05,NUTRICAO,NOVA,FAB_NOVA,N,34224.49,367253.62,0.09319034,0.09319034,535.200,5346.100,0.10011036,1373,4,27,0.8298,0.0217,0.0525,OFICIAL
NACIONAL,BRASIL,2026-05,NUTRICAO,KITKAT,NESTLE,Y,30156.29,367253.62,0.08211298,0.08211298,412.100,5346.100,0.07708423,1054,5,17,0.8298,0.0217,0.0525,OFICIAL
NACIONAL,BRASIL,2026-05,NUTRICAO,ALPHA,FAB_ALPHA,N,29519.96,367253.62,0.08038031,0.08038031,431.800,5346.100,0.08076916,729,6,28,0.8298,0.0217,0.0525,OFICIAL
NACIONAL,BRASIL,2026-05,NUTRICAO,DELTA,FAB_DELTA,N,28189.60,367253.62,0.07675785,0.07675785,618.100,5346.100,0.11561699,1253,7,29,0.8298,0.0217,0.0525,OFICIAL
NACIONAL,BRASIL,2026-05,NUTRICAO,VIVA,FAB_VIVA,N,24450.62,367253.62,0.06657693,0.06657693,185.000,5346.100,0.03460467,677,8,13,0.8298,0.0217,0.0525,OFICIAL
NACIONAL,BRASIL,2026-05,NUTRICAO,PRIME,FAB_PRIME,N,18220.08,367253.62,0.04961171,0.04961171,172.700,5346.100,0.03230392,611,9,19,0.8298,0.0217,0.0525,OFICIAL
NACIONAL,BRASIL,2026-05,NUTRICAO,GAROTO,NESTLE,Y,12220.42,367253.62,0.03327515,0.03327515,223.800,5346.100,0.04186229,432,10,13,0.8298,0.0217,0.0525,OFICIAL
NACIONAL,BRASIL,2026-05,NUTRICAO,MOCA,NESTLE,Y,12142.68,367253.62,0.03306347,0.03306347,219.800,5346.100,0.04111408,530,11,14,0.8298,0.0217,0.0525,OFICIAL
NACIONAL,BRASIL,2026-05,NUTRICAO,NINHO,NESTLE,Y,12119.74,367253.62,0.03300101,0.03300101,161.100,5346.100,0.03013412,474,12,20,0.8298,0.0217,0.0525,OFICIAL
NACIONAL,BRASIL,2026-05,NUTRICAO,NESCAFE,NESTLE,Y,11344.02,367253.62,0.03088879,0.03088879,122.000,5346.100,0.02282037,358,13,10,0.8298,0.0217,0.0525,OFICIAL
NACIONAL,BRASIL,2026-05,NUTRICAO,MAGGI,NESTLE,Y,10175.89,367253.62,0.02770807,0.02770807,75.600,5346.100,0.01414115,372,14,9,0.8298,0.0217,0.0525,OFICIAL
NACIONAL,BRASIL,2026-06,BEBIDAS,ALPHA,FAB_ALPHA,N,68875.91,286996.93,0.23998832,0.23998832,627.300,4253.500,0.14747855,1923,1,30,0.8426,0.0181,0.0874,OFICIAL
NACIONAL,BRASIL,2026-06,BEBIDAS,NESQUIK,NESTLE,Y,25113.36,286996.93,0.08750393,0.08750393,210.700,4253.500,0.04953568,776,2,21,0.8426,0.0181,0.0874,OFICIAL
NACIONAL,BRASIL,2026-06,BEBIDAS,SOLAR,FAB_SOLAR,N,24219.11,286996.93,0.08438805,0.08438805,425.900,4253.500,0.10012931,835,3,21,0.8426,0.0181,0.0874,OFICIAL
NACIONAL,BRASIL,2026-06,BEBIDAS,PRIME,FAB_PRIME,N,23366.59,286996.93,0.08141756,0.08141756,447.800,4253.500,0.10527801,803,4,22,0.8426,0.0181,0.0874,OFICIAL
NACIONAL,BRASIL,2026-06,BEBIDAS,NESCAFE,NESTLE,Y,21063.74,286996.93,0.07339361,0.07339361,435.200,4253.500,0.10231574,1155,5,28,0.8426,0.0181,0.0874,OFICIAL
NACIONAL,BRASIL,2026-06,BEBIDAS,NINHO,NESTLE,Y,20710.04,286996.93,0.07216119,0.07216119,487.200,4253.500,0.11454097,1257,6,34,0.8426,0.0181,0.0874,OFICIAL
NACIONAL,BRASIL,2026-06,BEBIDAS,BETA,FAB_BETA,N,18216.63,286996.93,0.06347326,0.06347326,315.500,4253.500,0.07417421,659,7,33,0.8426,0.0181,0.0874,OFICIAL
NACIONAL,BRASIL,2026-06,BEBIDAS,DELTA,FAB_DELTA,N,17976.24,286996.93,0.06263565,0.06263565,288.100,4253.500,0.06773246,585,8,23,0.8426,0.0181,0.0874,OFICIAL
NACIONAL,BRASIL,2026-06,BEBIDAS,GAROTO,NESTLE,Y,15455.36,286996.93,0.053852,0.053852,265.800,4253.500,0.06248971,586,9,16,0.8426,0.0181,0.0874,OFICIAL
NACIONAL,BRASIL,2026-06,BEBIDAS,MAGGI,NESTLE,Y,15104.77,286996.93,0.05263042,0.05263042,193.600,4253.500,0.04551546,416,10,12,0.8426,0.0181,0.0874,OFICIAL
NACIONAL,BRASIL,2026-06,BEBIDAS,NOVA,FAB_NOVA,N,13972.02,286996.93,0.04868352,0.04868352,146.300,4253.500,0.0343952,497,11,9,0.8426,0.0181,0.0874,OFICIAL
NACIONAL,BRASIL,2026-06,BEBIDAS,VIVA,FAB_VIVA,N,13169.20,286996.93,0.04588621,0.04588621,300.700,4253.500,0.07069472,481,12,21,0.8426,0.0181,0.0874,OFICIAL
NACIONAL,BRASIL,2026-06,BEBIDAS,KITKAT,NESTLE,Y,5470.17,286996.93,0.01906003,0.01906003,60.500,4253.500,0.01422358,249,13,10,0.8426,0.0181,0.0874,OFICIAL
NACIONAL,BRASIL,2026-06,BEBIDAS,MOCA,NESTLE,Y,4283.79,286996.93,0.01492626,0.01492626,48.900,4253.500,0.01149641,120,14,6,0.8426,0.0181,0.0874,OFICIAL
NACIONAL,BRASIL,2026-06,CHOCOLATES,PRIME,FAB_PRIME,N,54532.67,304510.70,0.17908294,0.17908294,978.600,4453.300,0.21974715,1803,1,33,0.8426,0.0181,0.0419,OFICIAL
NACIONAL,BRASIL,2026-06,CHOCOLATES,ALPHA,FAB_ALPHA,N,36152.70,304510.70,0.11872391,0.11872391,407.600,4453.300,0.09152763,1310,2,18,0.8426,0.0181,0.0419,OFICIAL
NACIONAL,BRASIL,2026-06,CHOCOLATES,DELTA,FAB_DELTA,N,31564.13,304510.70,0.10365524,0.10365524,339.100,4453.300,0.07614578,1077,3,30,0.8426,0.0181,0.0419,OFICIAL
NACIONAL,BRASIL,2026-06,CHOCOLATES,NOVA,FAB_NOVA,N,30029.36,304510.70,0.09861512,0.09861512,409.400,4453.300,0.09193183,926,4,31,0.8426,0.0181,0.0419,OFICIAL
NACIONAL,BRASIL,2026-06,CHOCOLATES,VIVA,FAB_VIVA,N,25187.31,304510.70,0.08271404,0.08271404,573.600,4453.300,0.12880336,954,5,27,0.8426,0.0181,0.0419,OFICIAL
NACIONAL,BRASIL,2026-06,CHOCOLATES,SOLAR,FAB_SOLAR,N,23127.51,304510.70,0.07594975,0.07594975,180.300,4453.300,0.04048683,800,6,22,0.8426,0.0181,0.0419,OFICIAL
NACIONAL,BRASIL,2026-06,CHOCOLATES,NINHO,NESTLE,Y,22992.08,304510.70,0.075505,0.075505,176.000,4453.300,0.03952125,635,7,11,0.8426,0.0181,0.0419,OFICIAL
NACIONAL,BRASIL,2026-06,CHOCOLATES,MOCA,NESTLE,Y,20888.05,304510.70,0.06859545,0.06859545,458.600,4453.300,0.10297981,734,8,15,0.8426,0.0181,0.0419,OFICIAL
NACIONAL,BRASIL,2026-06,CHOCOLATES,NESCAFE,NESTLE,Y,19163.96,304510.70,0.06293362,0.06293362,320.100,4453.300,0.07187928,706,9,20,0.8426,0.0181,0.0419,OFICIAL
NACIONAL,BRASIL,2026-06,CHOCOLATES,BETA,FAB_BETA,N,18681.71,304510.70,0.06134993,0.06134993,320.200,4453.300,0.07190174,867,10,27,0.8426,0.0181,0.0419,OFICIAL
NACIONAL,BRASIL,2026-06,CHOCOLATES,NESQUIK,NESTLE,Y,7224.02,304510.70,0.02372337,0.02372337,80.900,4453.300,0.0181663,265,11,10,0.8426,0.0181,0.0419,OFICIAL
NACIONAL,BRASIL,2026-06,CHOCOLATES,MAGGI,NESTLE,Y,6404.17,304510.70,0.02103102,0.02103102,94.700,4453.300,0.02126513,271,12,16,0.8426,0.0181,0.0419,OFICIAL
NACIONAL,BRASIL,2026-06,CHOCOLATES,KITKAT,NESTLE,Y,4881.29,304510.70,0.01602995,0.01602995,80.800,4453.300,0.01814385,152,13,9,0.8426,0.0181,0.0419,OFICIAL
NACIONAL,BRASIL,2026-06,CHOCOLATES,GAROTO,NESTLE,Y,3681.74,304510.70,0.01209068,0.01209068,33.400,4453.300,0.00750006,116,14,4,0.8426,0.0181,0.0419,OFICIAL
NACIONAL,BRASIL,2026-06,CULINARIOS,PRIME,FAB_PRIME,N,43264.59,312356.76,0.13851018,0.13851018,819.200,4774.700,0.17157099,1771,1,25,0.8426,0.0181,0.0345,OFICIAL
NACIONAL,BRASIL,2026-06,CULINARIOS,MOCA,NESTLE,Y,38353.22,312356.76,0.12278659,0.12278659,299.100,4774.700,0.06264268,901,2,12,0.8426,0.0181,0.0345,OFICIAL
NACIONAL,BRASIL,2026-06,CULINARIOS,NOVA,FAB_NOVA,N,34820.86,312356.76,0.11147785,0.11147785,887.000,4774.700,0.18577083,1366,3,34,0.8426,0.0181,0.0345,OFICIAL
NACIONAL,BRASIL,2026-06,CULINARIOS,VIVA,FAB_VIVA,N,31734.16,312356.76,0.10159588,0.10159588,556.100,4774.700,0.11646805,1117,4,37,0.8426,0.0181,0.0345,OFICIAL
NACIONAL,BRASIL,2026-06,CULINARIOS,NINHO,NESTLE,Y,26331.60,312356.76,0.08429976,0.08429976,234.100,4774.700,0.04902926,744,5,20,0.8426,0.0181,0.0345,OFICIAL
NACIONAL,BRASIL,2026-06,CULINARIOS,DELTA,FAB_DELTA,N,22173.32,312356.76,0.07098716,0.07098716,387.600,4774.700,0.08117788,726,6,19,0.8426,0.0181,0.0345,OFICIAL
NACIONAL,BRASIL,2026-06,CULINARIOS,GAROTO,NESTLE,Y,21495.07,312356.76,0.06881577,0.06881577,270.500,4774.700,0.05665277,684,7,12,0.8426,0.0181,0.0345,OFICIAL
NACIONAL,BRASIL,2026-06,CULINARIOS,SOLAR,FAB_SOLAR,N,19797.49,312356.76,0.06338102,0.06338102,189.400,4774.700,0.03966741,528,8,18,0.8426,0.0181,0.0345,OFICIAL
NACIONAL,BRASIL,2026-06,CULINARIOS,MAGGI,NESTLE,Y,19521.68,312356.76,0.06249802,0.06249802,349.200,4774.700,0.07313549,627,9,12,0.8426,0.0181,0.0345,OFICIAL
NACIONAL,BRASIL,2026-06,CULINARIOS,BETA,FAB_BETA,N,19241.72,312356.76,0.06160174,0.06160174,265.700,4774.700,0.05564748,653,10,19,0.8426,0.0181,0.0345,OFICIAL
NACIONAL,BRASIL,2026-06,CULINARIOS,NESQUIK,NESTLE,Y,12827.96,312356.76,0.0410683,0.0410683,90.500,4774.700,0.01895407,410,11,9,0.8426,0.0181,0.0345,OFICIAL
NACIONAL,BRASIL,2026-06,CULINARIOS,NESCAFE,NESTLE,Y,9456.06,312356.76,0.03027327,0.03027327,104.900,4774.700,0.02196997,311,12,6,0.8426,0.0181,0.0345,OFICIAL
NACIONAL,BRASIL,2026-06,CULINARIOS,KITKAT,NESTLE,Y,9187.53,312356.76,0.02941358,0.02941358,228.600,4774.700,0.04787735,349,13,11,0.8426,0.0181,0.0345,OFICIAL
NACIONAL,BRASIL,2026-06,CULINARIOS,ALPHA,FAB_ALPHA,N,4151.50,312356.76,0.01329089,0.01329089,92.800,4774.700,0.01943578,172,14,10,0.8426,0.0181,0.0345,OFICIAL
NACIONAL,BRASIL,2026-06,LACTEOS,VIVA,FAB_VIVA,N,46054.79,322262.78,0.14291067,0.14291067,1265.700,6592.600,0.19198799,1584,1,26,0.8426,0.0181,0.0474,OFICIAL
NACIONAL,BRASIL,2026-06,LACTEOS,ALPHA,FAB_ALPHA,N,41903.76,322262.78,0.13002979,0.13002979,668.400,6592.600,0.1013864,1468,2,32,0.8426,0.0181,0.0474,OFICIAL
NACIONAL,BRASIL,2026-06,LACTEOS,SOLAR,FAB_SOLAR,N,32498.45,322262.78,0.10084457,0.10084457,528.900,6592.600,0.08022631,1039,3,34,0.8426,0.0181,0.0474,OFICIAL
NACIONAL,BRASIL,2026-06,LACTEOS,DELTA,FAB_DELTA,N,27618.05,322262.78,0.0857004,0.0857004,570.200,6592.600,0.08649091,1292,4,32,0.8426,0.0181,0.0474,OFICIAL
NACIONAL,BRASIL,2026-06,LACTEOS,NINHO,NESTLE,Y,27318.58,322262.78,0.08477113,0.08477113,589.700,6592.600,0.08944878,806,5,18,0.8426,0.0181,0.0474,OFICIAL
NACIONAL,BRASIL,2026-06,LACTEOS,PRIME,FAB_PRIME,N,26324.95,322262.78,0.08168784,0.08168784,468.900,6592.600,0.0711252,999,6,18,0.8426,0.0181,0.0474,OFICIAL
NACIONAL,BRASIL,2026-06,LACTEOS,NOVA,FAB_NOVA,N,24177.48,322262.78,0.07502412,0.07502412,583.000,6592.600,0.08843248,775,7,15,0.8426,0.0181,0.0474,OFICIAL
NACIONAL,BRASIL,2026-06,LACTEOS,BETA,FAB_BETA,N,20696.59,322262.78,0.06422271,0.06422271,640.700,6592.600,0.09718472,896,8,23,0.8426,0.0181,0.0474,OFICIAL
NACIONAL,BRASIL,2026-06,LACTEOS,NESCAFE,NESTLE,Y,18449.99,322262.78,0.05725138,0.05725138,225.800,6592.600,0.03425052,531,9,13,0.8426,0.0181,0.0474,OFICIAL
NACIONAL,BRASIL,2026-06,LACTEOS,KITKAT,NESTLE,Y,17368.37,322262.78,0.05389505,0.05389505,137.900,6592.600,0.02091739,602,10,11,0.8426,0.0181,0.0474,OFICIAL
NACIONAL,BRASIL,2026-06,LACTEOS,MOCA,NESTLE,Y,12785.74,322262.78,0.03967489,0.03967489,249.400,6592.600,0.03783029,666,11,13,0.8426,0.0181,0.0474,OFICIAL
NACIONAL,BRASIL,2026-06,LACTEOS,NESQUIK,NESTLE,Y,12744.25,322262.78,0.03954614,0.03954614,379.400,6592.600,0.05754937,599,12,9,0.8426,0.0181,0.0474,OFICIAL
NACIONAL,BRASIL,2026-06,LACTEOS,GAROTO,NESTLE,Y,10473.81,322262.78,0.03250084,0.03250084,142.600,6592.600,0.02163031,431,13,13,0.8426,0.0181,0.0474,OFICIAL
NACIONAL,BRASIL,2026-06,LACTEOS,MAGGI,NESTLE,Y,3847.97,322262.78,0.01194047,0.01194047,142.000,6592.600,0.0215393,212,14,9,0.8426,0.0181,0.0474,OFICIAL
NACIONAL,BRASIL,2026-06,NUTRICAO,ALPHA,FAB_ALPHA,N,54182.70,289761.86,0.18699045,0.18699045,965.500,4591.000,0.21030277,1602,1,35,0.8426,0.0181,0.0533,OFICIAL
NACIONAL,BRASIL,2026-06,NUTRICAO,BETA,FAB_BETA,N,46507.12,289761.86,0.16050118,0.16050118,932.700,4591.000,0.20315835,1661,2,39,0.8426,0.0181,0.0533,OFICIAL
NACIONAL,BRASIL,2026-06,NUTRICAO,PRIME,FAB_PRIME,N,38573.09,289761.86,0.13311997,0.13311997,497.500,4591.000,0.10836419,1108,3,26,0.8426,0.0181,0.0533,OFICIAL
NACIONAL,BRASIL,2026-06,NUTRICAO,NESQUIK,NESTLE,Y,23250.98,289761.86,0.08024169,0.08024169,433.100,4591.000,0.09433675,1208,4,36,0.8426,0.0181,0.0533,OFICIAL
NACIONAL,BRASIL,2026-06,NUTRICAO,SOLAR,FAB_SOLAR,N,21829.71,289761.86,0.07533673,0.07533673,270.800,4591.000,0.05898497,786,5,27,0.8426,0.0181,0.0533,OFICIAL
NACIONAL,BRASIL,2026-06,NUTRICAO,DELTA,FAB_DELTA,N,20769.09,289761.86,0.07167641,0.07167641,164.400,4591.000,0.03580919,650,6,21,0.8426,0.0181,0.0533,OFICIAL
NACIONAL,BRASIL,2026-06,NUTRICAO,NINHO,NESTLE,Y,17276.23,289761.86,0.05962217,0.05962217,204.000,4591.000,0.04443476,512,7,13,0.8426,0.0181,0.0533,OFICIAL
NACIONAL,BRASIL,2026-06,NUTRICAO,MOCA,NESTLE,Y,12852.14,289761.86,0.04435415,0.04435415,193.600,4591.000,0.04216946,523,8,20,0.8426,0.0181,0.0533,OFICIAL
NACIONAL,BRASIL,2026-06,NUTRICAO,VIVA,FAB_VIVA,N,11832.93,289761.86,0.04083674,0.04083674,134.900,4591.000,0.02938358,409,9,16,0.8426,0.0181,0.0533,OFICIAL
NACIONAL,BRASIL,2026-06,NUTRICAO,KITKAT,NESTLE,Y,9710.74,289761.86,0.03351283,0.03351283,89.400,4591.000,0.01947288,325,10,10,0.8426,0.0181,0.0533,OFICIAL
NACIONAL,BRASIL,2026-06,NUTRICAO,NOVA,FAB_NOVA,N,9270.27,289761.86,0.03199272,0.03199272,193.400,4591.000,0.0421259,419,11,16,0.8426,0.0181,0.0533,OFICIAL
NACIONAL,BRASIL,2026-06,NUTRICAO,MAGGI,NESTLE,Y,8783.71,289761.86,0.03031355,0.03031355,155.600,4591.000,0.0338924,350,12,5,0.8426,0.0181,0.0533,OFICIAL
NACIONAL,BRASIL,2026-06,NUTRICAO,NESCAFE,NESTLE,Y,7839.89,289761.86,0.02705632,0.02705632,278.500,4591.000,0.06066217,345,13,9,0.8426,0.0181,0.0533,OFICIAL
NACIONAL,BRASIL,2026-06,NUTRICAO,GAROTO,NESTLE,Y,7083.26,289761.86,0.02444511,0.02444511,77.600,4591.000,0.01690264,303,14,11,0.8426,0.0181,0.0533,OFICIAL
NACIONAL,BRASIL,2026-07,BEBIDAS,SOLAR,FAB_SOLAR,N,50047.35,317124.21,0.15781624,0.15781624,901.300,5488.000,0.16423105,2008,1,31,0.8445,0.0136,0.1007,OFICIAL
NACIONAL,BRASIL,2026-07,BEBIDAS,DELTA,FAB_DELTA,N,43670.73,317124.21,0.1377086,0.1377086,721.800,5488.000,0.13152332,1492,2,29,0.8445,0.0136,0.1007,OFICIAL
NACIONAL,BRASIL,2026-07,BEBIDAS,BETA,FAB_BETA,N,31114.35,317124.21,0.09811408,0.09811408,534.300,5488.000,0.09735787,1169,3,25,0.8445,0.0136,0.1007,OFICIAL
NACIONAL,BRASIL,2026-07,BEBIDAS,ALPHA,FAB_ALPHA,N,26905.50,317124.21,0.08484215,0.08484215,480.100,5488.000,0.08748178,912,4,27,0.8445,0.0136,0.1007,OFICIAL
NACIONAL,BRASIL,2026-07,BEBIDAS,NINHO,NESTLE,Y,25717.72,317124.21,0.08109668,0.08109668,458.700,5488.000,0.08358236,1359,5,36,0.8445,0.0136,0.1007,OFICIAL
NACIONAL,BRASIL,2026-07,BEBIDAS,NESCAFE,NESTLE,Y,25344.54,317124.21,0.07991992,0.07991992,469.300,5488.000,0.08551385,1307,6,31,0.8445,0.0136,0.1007,OFICIAL
NACIONAL,BRASIL,2026-07,BEBIDAS,NOVA,FAB_NOVA,N,20528.04,317124.21,0.06473186,0.06473186,204.300,5488.000,0.03722668,567,7,17,0.8445,0.0136,0.1007,OFICIAL
NACIONAL,BRASIL,2026-07,BEBIDAS,PRIME,FAB_PRIME,N,18020.24,317124.21,0.05682392,0.05682392,295.100,5488.000,0.05377187,587,8,15,0.8445,0.0136,0.1007,OFICIAL
NACIONAL,BRASIL,2026-07,BEBIDAS,NESQUIK,NESTLE,Y,15987.76,317124.21,0.05041482,0.05041482,237.200,5488.000,0.04322157,516,9,18,0.8445,0.0136,0.1007,OFICIAL
NACIONAL,BRASIL,2026-07,BEBIDAS,VIVA,FAB_VIVA,N,15638.28,317124.21,0.04931279,0.04931279,311.500,5488.000,0.0567602,783,10,19,0.8445,0.0136,0.1007,OFICIAL
NACIONAL,BRASIL,2026-07,BEBIDAS,MOCA,NESTLE,Y,11962.92,317124.21,0.03772314,0.03772314,250.500,5488.000,0.04564504,355,11,13,0.8445,0.0136,0.1007,OFICIAL
NACIONAL,BRASIL,2026-07,BEBIDAS,MAGGI,NESTLE,Y,11647.74,317124.21,0.03672927,0.03672927,196.400,5488.000,0.03578717,344,12,11,0.8445,0.0136,0.1007,OFICIAL
NACIONAL,BRASIL,2026-07,BEBIDAS,KITKAT,NESTLE,Y,11420.07,317124.21,0.03601135,0.03601135,296.400,5488.000,0.05400875,466,13,13,0.8445,0.0136,0.1007,OFICIAL
NACIONAL,BRASIL,2026-07,BEBIDAS,GAROTO,NESTLE,Y,9118.97,317124.21,0.0287552,0.0287552,131.100,5488.000,0.02388848,358,14,14,0.8445,0.0136,0.1007,OFICIAL
NACIONAL,BRASIL,2026-07,CHOCOLATES,BETA,FAB_BETA,N,48632.84,379755.88,0.12806343,0.12806343,709.800,6133.100,0.11573266,1337,1,29,0.8445,0.0136,0.0926,OFICIAL
NACIONAL,BRASIL,2026-07,CHOCOLATES,PRIME,FAB_PRIME,N,44747.24,379755.88,0.11783159,0.11783159,758.900,6133.100,0.1237384,1500,2,38,0.8445,0.0136,0.0926,OFICIAL
NACIONAL,BRASIL,2026-07,CHOCOLATES,DELTA,FAB_DELTA,N,38515.29,379755.88,0.10142118,0.10142118,826.600,6133.100,0.13477687,1412,3,25,0.8445,0.0136,0.0926,OFICIAL
NACIONAL,BRASIL,2026-07,CHOCOLATES,KITKAT,NESTLE,Y,38082.54,379755.88,0.10028163,0.10028163,243.100,6133.100,0.03963738,996,4,24,0.8445,0.0136,0.0926,OFICIAL
NACIONAL,BRASIL,2026-07,CHOCOLATES,SOLAR,FAB_SOLAR,N,32713.91,379755.88,0.08614458,0.08614458,798.700,6133.100,0.13022778,1227,5,22,0.8445,0.0136,0.0926,OFICIAL
NACIONAL,BRASIL,2026-07,CHOCOLATES,NESCAFE,NESTLE,Y,30791.75,379755.88,0.08108301,0.08108301,741.600,6133.100,0.12091764,1168,6,25,0.8445,0.0136,0.0926,OFICIAL
NACIONAL,BRASIL,2026-07,CHOCOLATES,NESQUIK,NESTLE,Y,30755.60,379755.88,0.08098782,0.08098782,226.900,6133.100,0.03699597,1034,7,16,0.8445,0.0136,0.0926,OFICIAL
NACIONAL,BRASIL,2026-07,CHOCOLATES,NOVA,FAB_NOVA,N,29346.74,379755.88,0.07727791,0.07727791,433.000,6133.100,0.07060051,1002,8,29,0.8445,0.0136,0.0926,OFICIAL
NACIONAL,BRASIL,2026-07,CHOCOLATES,VIVA,FAB_VIVA,N,23153.88,379755.88,0.06097043,0.06097043,384.800,6133.100,0.06274152,932,9,20,0.8445,0.0136,0.0926,OFICIAL
NACIONAL,BRASIL,2026-07,CHOCOLATES,ALPHA,FAB_ALPHA,N,19433.27,379755.88,0.05117306,0.05117306,308.300,6133.100,0.05026822,672,10,22,0.8445,0.0136,0.0926,OFICIAL
NACIONAL,BRASIL,2026-07,CHOCOLATES,NINHO,NESTLE,Y,17872.42,379755.88,0.04706292,0.04706292,311.900,6133.100,0.0508552,539,11,13,0.8445,0.0136,0.0926,OFICIAL
NACIONAL,BRASIL,2026-07,CHOCOLATES,MAGGI,NESTLE,Y,15279.80,379755.88,0.04023585,0.04023585,208.700,6133.100,0.03402847,406,12,14,0.8445,0.0136,0.0926,OFICIAL
NACIONAL,BRASIL,2026-07,CHOCOLATES,GAROTO,NESTLE,Y,6753.16,379755.88,0.0177829,0.0177829,121.600,6133.100,0.01982684,184,13,3,0.8445,0.0136,0.0926,OFICIAL
NACIONAL,BRASIL,2026-07,CHOCOLATES,MOCA,NESTLE,Y,3677.44,379755.88,0.00968369,0.00968369,59.200,6133.100,0.00965254,85,14,8,0.8445,0.0136,0.0926,OFICIAL
NACIONAL,BRASIL,2026-07,CULINARIOS,NOVA,FAB_NOVA,N,34767.94,252861.82,0.13749778,0.13749778,483.500,4372.800,0.11056989,1443,1,34,0.8445,0.0136,0.0316,OFICIAL
NACIONAL,BRASIL,2026-07,CULINARIOS,VIVA,FAB_VIVA,N,34383.28,252861.82,0.13597656,0.13597656,541.800,4372.800,0.12390231,1150,2,32,0.8445,0.0136,0.0316,OFICIAL
NACIONAL,BRASIL,2026-07,CULINARIOS,MAGGI,NESTLE,Y,24968.05,252861.82,0.09874187,0.09874187,359.200,4372.800,0.08214416,909,3,16,0.8445,0.0136,0.0316,OFICIAL
NACIONAL,BRASIL,2026-07,CULINARIOS,BETA,FAB_BETA,N,24572.18,252861.82,0.09717632,0.09717632,697.800,4372.800,0.15957739,959,4,20,0.8445,0.0136,0.0316,OFICIAL
NACIONAL,BRASIL,2026-07,CULINARIOS,PRIME,FAB_PRIME,N,22735.56,252861.82,0.08991298,0.08991298,273.600,4372.800,0.06256861,795,5,22,0.8445,0.0136,0.0316,OFICIAL
NACIONAL,BRASIL,2026-07,CULINARIOS,DELTA,FAB_DELTA,N,19461.36,252861.82,0.07696441,0.07696441,308.600,4372.800,0.07057263,617,6,15,0.8445,0.0136,0.0316,OFICIAL
NACIONAL,BRASIL,2026-07,CULINARIOS,NINHO,NESTLE,Y,19260.60,252861.82,0.07617046,0.07617046,417.900,4372.800,0.09556806,652,7,14,0.8445,0.0136,0.0316,OFICIAL
NACIONAL,BRASIL,2026-07,CULINARIOS,KITKAT,NESTLE,Y,13353.38,252861.82,0.052809,0.052809,194.000,4372.800,0.04436517,505,8,11,0.8445,0.0136,0.0316,OFICIAL
NACIONAL,BRASIL,2026-07,CULINARIOS,GAROTO,NESTLE,Y,13114.83,252861.82,0.0518656,0.0518656,178.300,4372.800,0.04077479,472,9,17,0.8445,0.0136,0.0316,OFICIAL
NACIONAL,BRASIL,2026-07,CULINARIOS,SOLAR,FAB_SOLAR,N,12985.41,252861.82,0.05135378,0.05135378,365.900,4372.800,0.08367636,552,10,17,0.8445,0.0136,0.0316,OFICIAL
NACIONAL,BRASIL,2026-07,CULINARIOS,ALPHA,FAB_ALPHA,N,10212.32,252861.82,0.04038696,0.04038696,71.500,4372.800,0.01635108,360,11,11,0.8445,0.0136,0.0316,OFICIAL
NACIONAL,BRASIL,2026-07,CULINARIOS,MOCA,NESTLE,Y,9943.37,252861.82,0.03932333,0.03932333,300.000,4372.800,0.06860593,464,12,12,0.8445,0.0136,0.0316,OFICIAL
NACIONAL,BRASIL,2026-07,CULINARIOS,NESCAFE,NESTLE,Y,9043.41,252861.82,0.03576424,0.03576424,135.000,4372.800,0.03087267,384,13,6,0.8445,0.0136,0.0316,OFICIAL
NACIONAL,BRASIL,2026-07,CULINARIOS,NESQUIK,NESTLE,Y,4060.13,252861.82,0.01605671,0.01605671,45.700,4372.800,0.01045097,119,14,8,0.8445,0.0136,0.0316,OFICIAL
NACIONAL,BRASIL,2026-07,LACTEOS,VIVA,FAB_VIVA,N,46159.85,351932.40,0.13116113,0.13116113,672.100,6086.600,0.1104229,1421,1,27,0.8445,0.0136,0.0289,OFICIAL
NACIONAL,BRASIL,2026-07,LACTEOS,ALPHA,FAB_ALPHA,N,39676.32,351932.40,0.11273847,0.11273847,555.400,6086.600,0.09124963,1308,2,34,0.8445,0.0136,0.0289,OFICIAL
NACIONAL,BRASIL,2026-07,LACTEOS,NOVA,FAB_NOVA,N,36972.35,351932.40,0.10505526,0.10505526,890.600,6086.600,0.14632143,1304,3,32,0.8445,0.0136,0.0289,OFICIAL
NACIONAL,BRASIL,2026-07,LACTEOS,MOCA,NESTLE,Y,34431.76,351932.40,0.09783629,0.09783629,540.700,6086.600,0.08883449,1131,4,24,0.8445,0.0136,0.0289,OFICIAL
NACIONAL,BRASIL,2026-07,LACTEOS,PRIME,FAB_PRIME,N,31887.57,351932.40,0.09060709,0.09060709,446.600,6086.600,0.0733743,952,5,19,0.8445,0.0136,0.0289,OFICIAL
NACIONAL,BRASIL,2026-07,LACTEOS,BETA,FAB_BETA,N,30904.54,351932.40,0.08781385,0.08781385,313.600,6086.600,0.05152302,1095,6,27,0.8445,0.0136,0.0289,OFICIAL
NACIONAL,BRASIL,2026-07,LACTEOS,SOLAR,FAB_SOLAR,N,29608.18,351932.40,0.0841303,0.0841303,876.800,6086.600,0.14405415,1297,7,28,0.8445,0.0136,0.0289,OFICIAL
NACIONAL,BRASIL,2026-07,LACTEOS,DELTA,FAB_DELTA,N,22468.28,351932.40,0.0638426,0.0638426,639.200,6086.600,0.10501758,1027,8,26,0.8445,0.0136,0.0289,OFICIAL
NACIONAL,BRASIL,2026-07,LACTEOS,NINHO,NESTLE,Y,18164.07,351932.40,0.05161238,0.05161238,369.200,6086.600,0.06065784,842,9,18,0.8445,0.0136,0.0289,OFICIAL
NACIONAL,BRASIL,2026-07,LACTEOS,NESCAFE,NESTLE,Y,14686.16,351932.40,0.04173006,0.04173006,115.100,6086.600,0.01891039,430,10,17,0.8445,0.0136,0.0289,OFICIAL
NACIONAL,BRASIL,2026-07,LACTEOS,KITKAT,NESTLE,Y,12646.81,351932.40,0.03593534,0.03593534,106.800,6086.600,0.01754674,322,11,10,0.8445,0.0136,0.0289,OFICIAL
NACIONAL,BRASIL,2026-07,LACTEOS,GAROTO,NESTLE,Y,12360.69,351932.40,0.03512234,0.03512234,184.800,6086.600,0.03036178,327,12,14,0.8445,0.0136,0.0289,OFICIAL
NACIONAL,BRASIL,2026-07,LACTEOS,NESQUIK,NESTLE,Y,11881.59,351932.40,0.033761,0.033761,188.800,6086.600,0.03101896,430,13,17,0.8445,0.0136,0.0289,OFICIAL
NACIONAL,BRASIL,2026-07,LACTEOS,MAGGI,NESTLE,Y,10084.23,351932.40,0.02865388,0.02865388,186.900,6086.600,0.0307068,378,14,9,0.8445,0.0136,0.0289,OFICIAL
NACIONAL,BRASIL,2026-07,NUTRICAO,BETA,FAB_BETA,N,32546.45,239811.19,0.13571698,0.13571698,715.800,4104.100,0.17441095,1288,1,29,0.8445,0.0136,0.04,OFICIAL
NACIONAL,BRASIL,2026-07,NUTRICAO,ALPHA,FAB_ALPHA,N,32434.09,239811.19,0.13524844,0.13524844,324.900,4104.100,0.07916474,825,2,15,0.8445,0.0136,0.04,OFICIAL
NACIONAL,BRASIL,2026-07,NUTRICAO,PRIME,FAB_PRIME,N,22213.01,239811.19,0.09262708,0.09262708,304.100,4104.100,0.07409664,683,3,21,0.8445,0.0136,0.04,OFICIAL
NACIONAL,BRASIL,2026-07,NUTRICAO,SOLAR,FAB_SOLAR,N,20699.95,239811.19,0.0863177,0.0863177,270.900,4104.100,0.06600716,713,4,18,0.8445,0.0136,0.04,OFICIAL
NACIONAL,BRASIL,2026-07,NUTRICAO,DELTA,FAB_DELTA,N,19766.14,239811.19,0.08242376,0.08242376,268.200,4104.100,0.06534928,743,5,27,0.8445,0.0136,0.04,OFICIAL
NACIONAL,BRASIL,2026-07,NUTRICAO,KITKAT,NESTLE,Y,19041.43,239811.19,0.07940176,0.07940176,570.100,4104.100,0.13890987,856,6,20,0.8445,0.0136,0.04,OFICIAL
NACIONAL,BRASIL,2026-07,NUTRICAO,NESCAFE,NESTLE,Y,17180.85,239811.19,0.07164324,0.07164324,227.800,4104.100,0.05550547,623,7,11,0.8445,0.0136,0.04,OFICIAL
NACIONAL,BRASIL,2026-07,NUTRICAO,VIVA,FAB_VIVA,N,16716.40,239811.19,0.06970651,0.06970651,301.100,4104.100,0.07336566,645,8,17,0.8445,0.0136,0.04,OFICIAL
NACIONAL,BRASIL,2026-07,NUTRICAO,NESQUIK,NESTLE,Y,16650.78,239811.19,0.06943287,0.06943287,486.200,4104.100,0.1184669,1159,9,31,0.8445,0.0136,0.04,OFICIAL
NACIONAL,BRASIL,2026-07,NUTRICAO,MOCA,NESTLE,Y,15044.07,239811.19,0.06273298,0.06273298,250.200,4104.100,0.06096343,646,10,17,0.8445,0.0136,0.04,OFICIAL
NACIONAL,BRASIL,2026-07,NUTRICAO,NOVA,FAB_NOVA,N,14964.10,239811.19,0.06239951,0.06239951,152.400,4104.100,0.0371336,645,11,21,0.8445,0.0136,0.04,OFICIAL
NACIONAL,BRASIL,2026-07,NUTRICAO,GAROTO,NESTLE,Y,7650.51,239811.19,0.03190222,0.03190222,149.700,4104.100,0.03647572,481,12,5,0.8445,0.0136,0.04,OFICIAL
NACIONAL,BRASIL,2026-07,NUTRICAO,MAGGI,NESTLE,Y,2843.56,239811.19,0.0118575,0.0118575,42.000,4104.100,0.01023367,88,13,5,0.8445,0.0136,0.04,OFICIAL
NACIONAL,BRASIL,2026-07,NUTRICAO,NINHO,NESTLE,Y,2059.85,239811.19,0.00858947,0.00858947,40.700,4104.100,0.00991691,133,14,7,0.8445,0.0136,0.04,OFICIAL
NACIONAL,BRASIL,2026-08,BEBIDAS,NINHO,NESTLE,Y,33142.40,302891.30,0.10942011,0.10942011,648.800,5566.800,0.11654811,1687,1,41,0.8193,0.0113,0.0708,OFICIAL
NACIONAL,BRASIL,2026-08,BEBIDAS,GAROTO,NESTLE,Y,33069.87,302891.30,0.10918065,0.10918065,420.100,5566.800,0.07546526,801,2,19,0.8193,0.0113,0.0708,OFICIAL
NACIONAL,BRASIL,2026-08,BEBIDAS,KITKAT,NESTLE,Y,33068.52,302891.30,0.1091762,0.1091762,904.300,5566.800,0.16244521,1459,3,11,0.8193,0.0113,0.0708,OFICIAL
NACIONAL,BRASIL,2026-08,BEBIDAS,SOLAR,FAB_SOLAR,N,30856.76,302891.30,0.10187404,0.10187404,502.700,5566.800,0.09030323,1036,4,26,0.8193,0.0113,0.0708,OFICIAL
NACIONAL,BRASIL,2026-08,BEBIDAS,VIVA,FAB_VIVA,N,25401.02,302891.30,0.08386183,0.08386183,220.800,5566.800,0.03966372,905,5,21,0.8193,0.0113,0.0708,OFICIAL
NACIONAL,BRASIL,2026-08,BEBIDAS,DELTA,FAB_DELTA,N,22608.63,302891.30,0.07464272,0.07464272,295.900,5566.800,0.05315442,886,6,22,0.8193,0.0113,0.0708,OFICIAL
NACIONAL,BRASIL,2026-08,BEBIDAS,NESCAFE,NESTLE,Y,21000.83,302891.30,0.06933454,0.06933454,533.800,5566.800,0.09588992,1242,7,31,0.8193,0.0113,0.0708,OFICIAL
NACIONAL,BRASIL,2026-08,BEBIDAS,MOCA,NESTLE,Y,19523.74,302891.30,0.06445791,0.06445791,457.200,5566.800,0.08212977,695,8,16,0.8193,0.0113,0.0708,OFICIAL
NACIONAL,BRASIL,2026-08,BEBIDAS,ALPHA,FAB_ALPHA,N,18260.05,302891.30,0.06028582,0.06028582,296.000,5566.800,0.05317238,687,9,18,0.8193,0.0113,0.0708,OFICIAL
NACIONAL,BRASIL,2026-08,BEBIDAS,NOVA,FAB_NOVA,N,17620.85,302891.30,0.05817549,0.05817549,500.400,5566.800,0.08989006,753,10,18,0.8193,0.0113,0.0708,OFICIAL
NACIONAL,BRASIL,2026-08,BEBIDAS,NESQUIK,NESTLE,Y,16330.40,302891.30,0.05391505,0.05391505,335.600,5566.800,0.06028598,459,11,14,0.8193,0.0113,0.0708,OFICIAL
NACIONAL,BRASIL,2026-08,BEBIDAS,BETA,FAB_BETA,N,15718.61,302891.30,0.05189522,0.05189522,229.400,5566.800,0.04120859,532,12,17,0.8193,0.0113,0.0708,OFICIAL
NACIONAL,BRASIL,2026-08,BEBIDAS,PRIME,FAB_PRIME,N,8361.17,302891.30,0.02760452,0.02760452,161.500,5566.800,0.02901128,400,13,12,0.8193,0.0113,0.0708,OFICIAL
NACIONAL,BRASIL,2026-08,BEBIDAS,MAGGI,NESTLE,Y,7928.45,302891.30,0.02617589,0.02617589,60.300,5566.800,0.01083208,294,14,14,0.8193,0.0113,0.0708,OFICIAL
NACIONAL,BRASIL,2026-08,CHOCOLATES,BETA,FAB_BETA,N,48970.60,335860.34,0.14580644,0.14580644,721.500,4817.500,0.14976648,1647,1,34,0.8193,0.0113,0.1009,OFICIAL
NACIONAL,BRASIL,2026-08,CHOCOLATES,VIVA,FAB_VIVA,N,40749.49,335860.34,0.12132867,0.12132867,356.300,4817.500,0.07395952,1151,2,28,0.8193,0.0113,0.1009,OFICIAL
NACIONAL,BRASIL,2026-08,CHOCOLATES,PRIME,FAB_PRIME,N,34069.25,335860.34,0.10143874,0.10143874,492.100,4817.500,0.10214842,1007,3,27,0.8193,0.0113,0.1009,OFICIAL
NACIONAL,BRASIL,2026-08,CHOCOLATES,KITKAT,NESTLE,Y,31795.13,335860.34,0.09466771,0.09466771,341.500,4817.500,0.07088739,988,4,14,0.8193,0.0113,0.1009,OFICIAL
NACIONAL,BRASIL,2026-08,CHOCOLATES,MOCA,NESTLE,Y,30874.33,335860.34,0.0919261,0.0919261,306.000,4817.500,0.06351842,565,5,9,0.8193,0.0113,0.1009,OFICIAL
NACIONAL,BRASIL,2026-08,CHOCOLATES,NESCAFE,NESTLE,Y,29923.98,335860.34,0.0890965,0.0890965,604.200,4817.500,0.12541775,1031,6,18,0.8193,0.0113,0.1009,OFICIAL
NACIONAL,BRASIL,2026-08,CHOCOLATES,ALPHA,FAB_ALPHA,N,21775.83,335860.34,0.06483597,0.06483597,339.900,4817.500,0.07055527,797,7,20,0.8193,0.0113,0.1009,OFICIAL
NACIONAL,BRASIL,2026-08,CHOCOLATES,NOVA,FAB_NOVA,N,20177.29,335860.34,0.06007643,0.06007643,401.900,4817.500,0.08342501,707,8,22,0.8193,0.0113,0.1009,OFICIAL
NACIONAL,BRASIL,2026-08,CHOCOLATES,SOLAR,FAB_SOLAR,N,19162.21,335860.34,0.0570541,0.0570541,368.000,4817.500,0.07638817,707,9,23,0.8193,0.0113,0.1009,OFICIAL
NACIONAL,BRASIL,2026-08,CHOCOLATES,DELTA,FAB_DELTA,N,17371.17,335860.34,0.05172141,0.05172141,189.300,4817.500,0.03929424,549,10,22,0.8193,0.0113,0.1009,OFICIAL
NACIONAL,BRASIL,2026-08,CHOCOLATES,NINHO,NESTLE,Y,13181.45,335860.34,0.03924682,0.03924682,253.000,4817.500,0.05251687,640,11,16,0.8193,0.0113,0.1009,OFICIAL
NACIONAL,BRASIL,2026-08,CHOCOLATES,NESQUIK,NESTLE,Y,11366.80,335860.34,0.03384383,0.03384383,192.800,4817.500,0.04002076,491,12,12,0.8193,0.0113,0.1009,OFICIAL
NACIONAL,BRASIL,2026-08,CHOCOLATES,MAGGI,NESTLE,Y,10796.39,335860.34,0.03214547,0.03214547,207.600,4817.500,0.04309289,402,13,12,0.8193,0.0113,0.1009,OFICIAL
NACIONAL,BRASIL,2026-08,CHOCOLATES,GAROTO,NESTLE,Y,5646.42,335860.34,0.01681181,0.01681181,43.400,4817.500,0.00900882,206,14,6,0.8193,0.0113,0.1009,OFICIAL
NACIONAL,BRASIL,2026-08,CULINARIOS,NOVA,FAB_NOVA,N,50002.76,317457.78,0.15750995,0.15750995,918.300,5394.600,0.17022578,1741,1,41,0.8193,0.0113,0.047,OFICIAL
NACIONAL,BRASIL,2026-08,CULINARIOS,SOLAR,FAB_SOLAR,N,40852.94,317457.78,0.12868779,0.12868779,848.700,5394.600,0.15732399,1278,2,26,0.8193,0.0113,0.047,OFICIAL
NACIONAL,BRASIL,2026-08,CULINARIOS,VIVA,FAB_VIVA,N,40502.57,317457.78,0.12758412,0.12758412,608.100,5394.600,0.11272383,1325,3,27,0.8193,0.0113,0.047,OFICIAL
NACIONAL,BRASIL,2026-08,CULINARIOS,PRIME,FAB_PRIME,N,34587.67,317457.78,0.10895203,0.10895203,336.000,5394.600,0.06228451,1095,4,23,0.8193,0.0113,0.047,OFICIAL
NACIONAL,BRASIL,2026-08,CULINARIOS,BETA,FAB_BETA,N,27738.48,317457.78,0.08737691,0.08737691,421.500,5394.600,0.07813369,1066,5,25,0.8193,0.0113,0.047,OFICIAL
NACIONAL,BRASIL,2026-08,CULINARIOS,NINHO,NESTLE,Y,24195.04,317457.78,0.07621499,0.07621499,223.300,5394.600,0.04139325,975,6,28,0.8193,0.0113,0.047,OFICIAL
NACIONAL,BRASIL,2026-08,CULINARIOS,KITKAT,NESTLE,Y,17560.40,317457.78,0.0553157,0.0553157,276.600,5394.600,0.0512735,577,7,18,0.8193,0.0113,0.047,OFICIAL
NACIONAL,BRASIL,2026-08,CULINARIOS,MAGGI,NESTLE,Y,15032.21,317457.78,0.04735184,0.04735184,220.400,5394.600,0.04085567,591,8,13,0.8193,0.0113,0.047,OFICIAL
NACIONAL,BRASIL,2026-08,CULINARIOS,DELTA,FAB_DELTA,N,14296.10,317457.78,0.04503307,0.04503307,316.700,5394.600,0.05870686,666,9,15,0.8193,0.0113,0.047,OFICIAL
NACIONAL,BRASIL,2026-08,CULINARIOS,NESQUIK,NESTLE,Y,11709.60,317457.78,0.03688553,0.03688553,173.800,5394.600,0.0322174,345,10,10,0.8193,0.0113,0.047,OFICIAL
NACIONAL,BRASIL,2026-08,CULINARIOS,GAROTO,NESTLE,Y,10474.56,317457.78,0.03299513,0.03299513,276.100,5394.600,0.05118081,407,11,10,0.8193,0.0113,0.047,OFICIAL
NACIONAL,BRASIL,2026-08,CULINARIOS,ALPHA,FAB_ALPHA,N,10433.83,317457.78,0.03286683,0.03286683,135.800,5394.600,0.02517332,329,12,11,0.8193,0.0113,0.047,OFICIAL
NACIONAL,BRASIL,2026-08,CULINARIOS,NESCAFE,NESTLE,Y,10174.30,317457.78,0.0320493,0.0320493,226.200,5394.600,0.04193082,447,13,9,0.8193,0.0113,0.047,OFICIAL
NACIONAL,BRASIL,2026-08,CULINARIOS,MOCA,NESTLE,Y,9897.32,317457.78,0.03117681,0.03117681,413.100,5394.600,0.07657658,478,14,10,0.8193,0.0113,0.047,OFICIAL
NACIONAL,BRASIL,2026-08,LACTEOS,DELTA,FAB_DELTA,N,46397.77,304023.40,0.1526125,0.1526125,661.200,4909.200,0.1346859,1442,1,31,0.8193,0.0113,0.0529,OFICIAL
NACIONAL,BRASIL,2026-08,LACTEOS,SOLAR,FAB_SOLAR,N,32950.94,304023.40,0.10838291,0.10838291,719.700,4909.200,0.1466023,1228,2,33,0.8193,0.0113,0.0529,OFICIAL
NACIONAL,BRASIL,2026-08,LACTEOS,NINHO,NESTLE,Y,27997.85,304023.40,0.0920911,0.0920911,626.600,4909.200,0.1276379,1023,3,19,0.8193,0.0113,0.0529,OFICIAL
NACIONAL,BRASIL,2026-08,LACTEOS,ALPHA,FAB_ALPHA,N,27864.44,304023.40,0.09165229,0.09165229,422.200,4909.200,0.08600179,847,4,30,0.8193,0.0113,0.0529,OFICIAL
NACIONAL,BRASIL,2026-08,LACTEOS,BETA,FAB_BETA,N,26524.59,304023.40,0.08724523,0.08724523,336.800,4909.200,0.06860588,714,5,24,0.8193,0.0113,0.0529,OFICIAL
NACIONAL,BRASIL,2026-08,LACTEOS,MOCA,NESTLE,Y,25746.97,304023.40,0.08468746,0.08468746,179.500,4909.200,0.036564,773,6,21,0.8193,0.0113,0.0529,OFICIAL
NACIONAL,BRASIL,2026-08,LACTEOS,NOVA,FAB_NOVA,N,22693.17,304023.40,0.07464284,0.07464284,442.500,4909.200,0.09013689,895,7,24,0.8193,0.0113,0.0529,OFICIAL
NACIONAL,BRASIL,2026-08,LACTEOS,PRIME,FAB_PRIME,N,21247.64,304023.40,0.06988817,0.06988817,219.000,4909.200,0.04461012,566,8,17,0.8193,0.0113,0.0529,OFICIAL
NACIONAL,BRASIL,2026-08,LACTEOS,VIVA,FAB_VIVA,N,19869.86,304023.40,0.06535635,0.06535635,341.900,4909.200,0.06964475,884,9,27,0.8193,0.0113,0.0529,OFICIAL
NACIONAL,BRASIL,2026-08,LACTEOS,NESCAFE,NESTLE,Y,14744.03,304023.40,0.04849637,0.04849637,287.400,4909.200,0.05854314,667,10,20,0.8193,0.0113,0.0529,OFICIAL
NACIONAL,BRASIL,2026-08,LACTEOS,KITKAT,NESTLE,Y,12557.72,304023.40,0.04130511,0.04130511,271.200,4909.200,0.05524322,487,11,15,0.8193,0.0113,0.0529,OFICIAL
NACIONAL,BRASIL,2026-08,LACTEOS,MAGGI,NESTLE,Y,12089.99,304023.40,0.03976664,0.03976664,138.900,4909.200,0.02829382,455,12,13,0.8193,0.0113,0.0529,OFICIAL
NACIONAL,BRASIL,2026-08,LACTEOS,GAROTO,NESTLE,Y,10050.11,304023.40,0.03305703,0.03305703,156.100,4909.200,0.03179744,328,13,10,0.8193,0.0113,0.0529,OFICIAL
NACIONAL,BRASIL,2026-08,LACTEOS,NESQUIK,NESTLE,Y,3288.32,304023.40,0.01081601,0.01081601,106.200,4909.200,0.02163285,157,14,6,0.8193,0.0113,0.0529,OFICIAL
NACIONAL,BRASIL,2026-08,NUTRICAO,BETA,FAB_BETA,N,53532.94,338461.07,0.15816572,0.15816572,718.500,5868.600,0.12243124,1549,1,30,0.8193,0.0113,0.0345,OFICIAL
NACIONAL,BRASIL,2026-08,NUTRICAO,ALPHA,FAB_ALPHA,N,41299.00,338461.07,0.12201994,0.12201994,795.000,5868.600,0.13546672,1418,2,33,0.8193,0.0113,0.0345,OFICIAL
NACIONAL,BRASIL,2026-08,NUTRICAO,MOCA,NESTLE,Y,33088.46,338461.07,0.09776149,0.09776149,201.700,5868.600,0.03436936,1150,3,17,0.8193,0.0113,0.0345,OFICIAL
NACIONAL,BRASIL,2026-08,NUTRICAO,KITKAT,NESTLE,Y,32826.61,338461.07,0.09698785,0.09698785,857.400,5868.600,0.14609958,1368,4,23,0.8193,0.0113,0.0345,OFICIAL
NACIONAL,BRASIL,2026-08,NUTRICAO,GAROTO,NESTLE,Y,25682.94,338461.07,0.07588152,0.07588152,313.800,5868.600,0.05347102,570,5,11,0.8193,0.0113,0.0345,OFICIAL
NACIONAL,BRASIL,2026-08,NUTRICAO,SOLAR,FAB_SOLAR,N,24862.37,338461.07,0.0734571,0.0734571,417.900,5868.600,0.07120949,849,6,22,0.8193,0.0113,0.0345,OFICIAL
NACIONAL,BRASIL,2026-08,NUTRICAO,VIVA,FAB_VIVA,N,24602.14,338461.07,0.07268824,0.07268824,452.500,5868.600,0.07710527,914,7,22,0.8193,0.0113,0.0345,OFICIAL
NACIONAL,BRASIL,2026-08,NUTRICAO,NESQUIK,NESTLE,Y,21628.75,338461.07,0.06390321,0.06390321,677.400,5868.600,0.11542787,1400,8,40,0.8193,0.0113,0.0345,OFICIAL
NACIONAL,BRASIL,2026-08,NUTRICAO,DELTA,FAB_DELTA,N,17919.10,338461.07,0.05294287,0.05294287,319.500,5868.600,0.05444229,739,9,26,0.8193,0.0113,0.0345,OFICIAL
NACIONAL,BRASIL,2026-08,NUTRICAO,NOVA,FAB_NOVA,N,17453.57,338461.07,0.05156744,0.05156744,376.000,5868.600,0.0640698,955,10,21,0.8193,0.0113,0.0345,OFICIAL
NACIONAL,BRASIL,2026-08,NUTRICAO,NESCAFE,NESTLE,Y,14727.71,338461.07,0.04351375,0.04351375,193.600,5868.600,0.03298913,567,11,18,0.8193,0.0113,0.0345,OFICIAL
NACIONAL,BRASIL,2026-08,NUTRICAO,PRIME,FAB_PRIME,N,12925.90,338461.07,0.03819021,0.03819021,255.600,5868.600,0.04355383,572,12,21,0.8193,0.0113,0.0345,OFICIAL
NACIONAL,BRASIL,2026-08,NUTRICAO,NINHO,NESTLE,Y,12289.08,338461.07,0.0363087,0.0363087,212.400,5868.600,0.03619262,473,13,13,0.8193,0.0113,0.0345,OFICIAL
NACIONAL,BRASIL,2026-08,NUTRICAO,MAGGI,NESTLE,Y,5622.50,338461.07,0.01661195,0.01661195,77.300,5868.600,0.0131718,159,14,4,0.8193,0.0113,0.0345,OFICIAL
NACIONAL,BRASIL,2026-09,BEBIDAS,NOVA,FAB_NOVA,N,47870.61,330410.78,0.14488211,0.14488211,874.100,5053.800,0.17295896,1650,1,22,0.8402,0.0123,0.0784,OFICIAL
NACIONAL,BRASIL,2026-09,BEBIDAS,VIVA,FAB_VIVA,N,45943.73,330410.78,0.13905034,0.13905034,480.200,5053.800,0.09501761,1148,2,19,0.8402,0.0123,0.0784,OFICIAL
NACIONAL,BRASIL,2026-09,BEBIDAS,NINHO,NESTLE,Y,31450.95,330410.78,0.09518742,0.09518742,653.700,5053.800,0.12934821,1630,3,40,0.8402,0.0123,0.0784,OFICIAL
NACIONAL,BRASIL,2026-09,BEBIDAS,GAROTO,NESTLE,Y,27384.94,330410.78,0.0828815,0.0828815,282.400,5053.800,0.05587874,739,4,14,0.8402,0.0123,0.0784,OFICIAL
NACIONAL,BRASIL,2026-09,BEBIDAS,SOLAR,FAB_SOLAR,N,24688.37,330410.78,0.07472023,0.07472023,419.900,5053.800,0.08308599,769,5,23,0.8402,0.0123,0.0784,OFICIAL
NACIONAL,BRASIL,2026-09,BEBIDAS,MOCA,NESTLE,Y,20858.94,330410.78,0.06313033,0.06313033,353.400,5053.800,0.06992758,636,6,12,0.8402,0.0123,0.0784,OFICIAL
NACIONAL,BRASIL,2026-09,BEBIDAS,NESCAFE,NESTLE,Y,19950.61,330410.78,0.06038123,0.06038123,410.000,5053.800,0.08112707,1174,7,31,0.8402,0.0123,0.0784,OFICIAL
NACIONAL,BRASIL,2026-09,BEBIDAS,BETA,FAB_BETA,N,19629.15,330410.78,0.05940832,0.05940832,323.500,5053.800,0.06401124,630,8,18,0.8402,0.0123,0.0784,OFICIAL
NACIONAL,BRASIL,2026-09,BEBIDAS,DELTA,FAB_DELTA,N,19336.89,330410.78,0.05852379,0.05852379,193.600,5053.800,0.03830781,759,9,21,0.8402,0.0123,0.0784,OFICIAL
NACIONAL,BRASIL,2026-09,BEBIDAS,MAGGI,NESTLE,Y,16712.70,330410.78,0.05058158,0.05058158,283.800,5053.800,0.05615576,512,10,10,0.8402,0.0123,0.0784,OFICIAL
NACIONAL,BRASIL,2026-09,BEBIDAS,PRIME,FAB_PRIME,N,16449.96,330410.78,0.04978639,0.04978639,183.600,5053.800,0.0363291,712,11,18,0.8402,0.0123,0.0784,OFICIAL
NACIONAL,BRASIL,2026-09,BEBIDAS,ALPHA,FAB_ALPHA,N,15334.48,330410.78,0.04641035,0.04641035,254.000,5053.800,0.05025921,688,12,15,0.8402,0.0123,0.0784,OFICIAL
NACIONAL,BRASIL,2026-09,BEBIDAS,NESQUIK,NESTLE,Y,14860.50,330410.78,0.04497583,0.04497583,208.400,5053.800,0.0412363,493,13,19,0.8402,0.0123,0.0784,OFICIAL
NACIONAL,BRASIL,2026-09,BEBIDAS,KITKAT,NESTLE,Y,9938.95,330410.78,0.03008059,0.03008059,133.200,5053.800,0.02635641,499,14,12,0.8402,0.0123,0.0784,OFICIAL
NACIONAL,BRASIL,2026-09,CHOCOLATES,NOVA,FAB_NOVA,N,56315.14,300368.69,0.18748672,0.18748672,800.300,4916.500,0.1627784,1932,1,34,0.8402,0.0123,0.0333,OFICIAL
NACIONAL,BRASIL,2026-09,CHOCOLATES,VIVA,FAB_VIVA,N,30244.74,300368.69,0.10069205,0.10069205,282.000,4916.500,0.05735788,1037,2,30,0.8402,0.0123,0.0333,OFICIAL
NACIONAL,BRASIL,2026-09,CHOCOLATES,PRIME,FAB_PRIME,N,27890.65,300368.69,0.09285472,0.09285472,411.500,4916.500,0.08369775,955,3,30,0.8402,0.0123,0.0333,OFICIAL
NACIONAL,BRASIL,2026-09,CHOCOLATES,DELTA,FAB_DELTA,N,26951.62,300368.69,0.08972846,0.08972846,611.500,4916.500,0.1243771,978,4,31,0.8402,0.0123,0.0333,OFICIAL
NACIONAL,BRASIL,2026-09,CHOCOLATES,KITKAT,NESTLE,Y,22265.97,300368.69,0.0741288,0.0741288,404.600,4916.500,0.08229432,721,5,19,0.8402,0.0123,0.0333,OFICIAL
NACIONAL,BRASIL,2026-09,CHOCOLATES,NESCAFE,NESTLE,Y,21231.70,300368.69,0.07068546,0.07068546,295.900,4916.500,0.06018509,749,6,18,0.8402,0.0123,0.0333,OFICIAL
NACIONAL,BRASIL,2026-09,CHOCOLATES,ALPHA,FAB_ALPHA,N,19665.79,300368.69,0.06547217,0.06547217,793.800,4916.500,0.16145632,1001,7,20,0.8402,0.0123,0.0333,OFICIAL
NACIONAL,BRASIL,2026-09,CHOCOLATES,SOLAR,FAB_SOLAR,N,18596.75,300368.69,0.06191308,0.06191308,236.000,4916.500,0.04800163,546,8,23,0.8402,0.0123,0.0333,OFICIAL
NACIONAL,BRASIL,2026-09,CHOCOLATES,BETA,FAB_BETA,N,18574.28,300368.69,0.06183827,0.06183827,286.700,4916.500,0.05831384,712,9,19,0.8402,0.0123,0.0333,OFICIAL
NACIONAL,BRASIL,2026-09,CHOCOLATES,GAROTO,NESTLE,Y,15241.42,300368.69,0.05074237,0.05074237,152.700,4916.500,0.03105868,541,10,9,0.8402,0.0123,0.0333,OFICIAL
NACIONAL,BRASIL,2026-09,CHOCOLATES,MAGGI,NESTLE,Y,13031.96,300368.69,0.04338655,0.04338655,151.600,4916.500,0.03083494,578,11,15,0.8402,0.0123,0.0333,OFICIAL
NACIONAL,BRASIL,2026-09,CHOCOLATES,NINHO,NESTLE,Y,11393.19,300368.69,0.03793068,0.03793068,134.000,4916.500,0.02725516,352,12,14,0.8402,0.0123,0.0333,OFICIAL
NACIONAL,BRASIL,2026-09,CHOCOLATES,NESQUIK,NESTLE,Y,10093.57,300368.69,0.03360394,0.03360394,258.600,4916.500,0.05259839,509,13,17,0.8402,0.0123,0.0333,OFICIAL
NACIONAL,BRASIL,2026-09,CHOCOLATES,MOCA,NESTLE,Y,8871.91,300368.69,0.02953673,0.02953673,97.300,4916.500,0.0197905,217,14,7,0.8402,0.0123,0.0333,OFICIAL
NACIONAL,BRASIL,2026-09,CULINARIOS,NOVA,FAB_NOVA,N,31402.57,261542.02,0.12006702,0.12006702,705.700,4319.900,0.16336026,1521,1,30,0.8402,0.0123,0.0451,OFICIAL
NACIONAL,BRASIL,2026-09,CULINARIOS,NESCAFE,NESTLE,Y,25064.88,261542.02,0.095835,0.095835,546.200,4319.900,0.12643811,918,2,16,0.8402,0.0123,0.0451,OFICIAL
NACIONAL,BRASIL,2026-09,CULINARIOS,MAGGI,NESTLE,Y,23948.28,261542.02,0.09156571,0.09156571,360.300,4319.900,0.08340471,884,3,15,0.8402,0.0123,0.0451,OFICIAL
NACIONAL,BRASIL,2026-09,CULINARIOS,PRIME,FAB_PRIME,N,23728.81,261542.02,0.09072657,0.09072657,286.400,4319.900,0.06629783,770,4,25,0.8402,0.0123,0.0451,OFICIAL
NACIONAL,BRASIL,2026-09,CULINARIOS,BETA,FAB_BETA,N,23542.44,261542.02,0.09001399,0.09001399,345.400,4319.900,0.07995555,784,5,23,0.8402,0.0123,0.0451,OFICIAL
NACIONAL,BRASIL,2026-09,CULINARIOS,KITKAT,NESTLE,Y,19519.52,261542.02,0.07463244,0.07463244,300.400,4319.900,0.06953865,588,6,17,0.8402,0.0123,0.0451,OFICIAL
NACIONAL,BRASIL,2026-09,CULINARIOS,VIVA,FAB_VIVA,N,19272.34,261542.02,0.07368736,0.07368736,516.800,4319.900,0.1196324,1066,7,21,0.8402,0.0123,0.0451,OFICIAL
NACIONAL,BRASIL,2026-09,CULINARIOS,SOLAR,FAB_SOLAR,N,19132.08,261542.02,0.07315108,0.07315108,218.100,4319.900,0.05048728,514,8,13,0.8402,0.0123,0.0451,OFICIAL
NACIONAL,BRASIL,2026-09,CULINARIOS,DELTA,FAB_DELTA,N,18762.18,261542.02,0.07173677,0.07173677,246.500,4319.900,0.05706151,728,9,23,0.8402,0.0123,0.0451,OFICIAL
NACIONAL,BRASIL,2026-09,CULINARIOS,MOCA,NESTLE,Y,18698.51,261542.02,0.07149333,0.07149333,157.100,4319.900,0.03636658,499,10,12,0.8402,0.0123,0.0451,OFICIAL
NACIONAL,BRASIL,2026-09,CULINARIOS,NINHO,NESTLE,Y,17057.26,261542.02,0.06521805,0.06521805,263.100,4319.900,0.06090419,675,11,19,0.8402,0.0123,0.0451,OFICIAL
NACIONAL,BRASIL,2026-09,CULINARIOS,ALPHA,FAB_ALPHA,N,12543.80,261542.02,0.04796094,0.04796094,170.500,4319.900,0.03946851,440,12,12,0.8402,0.0123,0.0451,OFICIAL
NACIONAL,BRASIL,2026-09,CULINARIOS,GAROTO,NESTLE,Y,7332.30,261542.02,0.02803488,0.02803488,183.000,4319.900,0.04236209,338,13,14,0.8402,0.0123,0.0451,OFICIAL
NACIONAL,BRASIL,2026-09,CULINARIOS,NESQUIK,NESTLE,Y,1537.05,261542.02,0.00587688,0.00587688,20.400,4319.900,0.00472233,50,14,2,0.8402,0.0123,0.0451,OFICIAL
NACIONAL,BRASIL,2026-09,LACTEOS,ALPHA,FAB_ALPHA,N,42815.90,277344.51,0.15437803,0.15437803,595.000,4853.200,0.12259952,1325,1,25,0.8402,0.0123,0.0359,OFICIAL
NACIONAL,BRASIL,2026-09,LACTEOS,SOLAR,FAB_SOLAR,N,39032.54,277344.51,0.14073666,0.14073666,711.200,4853.200,0.14654249,1323,2,42,0.8402,0.0123,0.0359,OFICIAL
NACIONAL,BRASIL,2026-09,LACTEOS,DELTA,FAB_DELTA,N,37110.73,277344.51,0.13380734,0.13380734,697.800,4853.200,0.14378142,1448,3,36,0.8402,0.0123,0.0359,OFICIAL
NACIONAL,BRASIL,2026-09,LACTEOS,BETA,FAB_BETA,N,29450.62,277344.51,0.10618786,0.10618786,695.300,4853.200,0.1432663,1293,4,26,0.8402,0.0123,0.0359,OFICIAL
NACIONAL,BRASIL,2026-09,LACTEOS,NOVA,FAB_NOVA,N,25137.30,277344.51,0.09063565,0.09063565,536.000,4853.200,0.11044259,1064,5,26,0.8402,0.0123,0.0359,OFICIAL
NACIONAL,BRASIL,2026-09,LACTEOS,VIVA,FAB_VIVA,N,24298.79,277344.51,0.0876123,0.0876123,423.400,4853.200,0.08724141,1020,6,31,0.8402,0.0123,0.0359,OFICIAL
NACIONAL,BRASIL,2026-09,LACTEOS,GAROTO,NESTLE,Y,15125.66,277344.51,0.05453744,0.05453744,283.100,4853.200,0.05833265,636,7,15,0.8402,0.0123,0.0359,OFICIAL
NACIONAL,BRASIL,2026-09,LACTEOS,NINHO,NESTLE,Y,15061.34,277344.51,0.05430553,0.05430553,196.500,4853.200,0.04048875,434,8,19,0.8402,0.0123,0.0359,OFICIAL
NACIONAL,BRASIL,2026-09,LACTEOS,NESCAFE,NESTLE,Y,14183.46,277344.51,0.05114022,0.05114022,126.100,4853.200,0.02598286,403,9,15,0.8402,0.0123,0.0359,OFICIAL
NACIONAL,BRASIL,2026-09,LACTEOS,MOCA,NESTLE,Y,12275.17,277344.51,0.04425965,0.04425965,186.500,4853.200,0.03842825,542,10,22,0.8402,0.0123,0.0359,OFICIAL
NACIONAL,BRASIL,2026-09,LACTEOS,PRIME,FAB_PRIME,N,6826.17,277344.51,0.0246126,0.0246126,109.500,4853.200,0.02256243,236,11,14,0.8402,0.0123,0.0359,OFICIAL
NACIONAL,BRASIL,2026-09,LACTEOS,NESQUIK,NESTLE,Y,5488.78,277344.51,0.01979048,0.01979048,95.200,4853.200,0.01961592,214,12,11,0.8402,0.0123,0.0359,OFICIAL
NACIONAL,BRASIL,2026-09,LACTEOS,MAGGI,NESTLE,Y,5342.16,277344.51,0.01926182,0.01926182,47.800,4853.200,0.00984917,196,13,6,0.8402,0.0123,0.0359,OFICIAL
NACIONAL,BRASIL,2026-09,LACTEOS,KITKAT,NESTLE,Y,5195.89,277344.51,0.01873443,0.01873443,149.800,4853.200,0.03086623,217,14,6,0.8402,0.0123,0.0359,OFICIAL
NACIONAL,BRASIL,2026-09,NUTRICAO,DELTA,FAB_DELTA,N,35590.44,248733.44,0.14308667,0.14308667,870.300,4844.100,0.17966186,1697,1,22,0.8402,0.0123,0.0723,OFICIAL
NACIONAL,BRASIL,2026-09,NUTRICAO,NESQUIK,NESTLE,Y,34143.81,248733.44,0.13727069,0.13727069,688.900,4844.100,0.14221424,1731,2,35,0.8402,0.0123,0.0723,OFICIAL
NACIONAL,BRASIL,2026-09,NUTRICAO,BETA,FAB_BETA,N,30865.29,248733.44,0.12408983,0.12408983,546.900,4844.100,0.11290023,1178,3,31,0.8402,0.0123,0.0723,OFICIAL
NACIONAL,BRASIL,2026-09,NUTRICAO,ALPHA,FAB_ALPHA,N,26462.98,248733.44,0.10639092,0.10639092,526.100,4844.100,0.10860635,1181,4,31,0.8402,0.0123,0.0723,OFICIAL
NACIONAL,BRASIL,2026-09,NUTRICAO,PRIME,FAB_PRIME,N,21224.97,248733.44,0.08533219,0.08533219,431.700,4844.100,0.08911872,823,5,26,0.8402,0.0123,0.0723,OFICIAL
NACIONAL,BRASIL,2026-09,NUTRICAO,VIVA,FAB_VIVA,N,19539.25,248733.44,0.07855498,0.07855498,229.300,4844.100,0.04733593,620,6,14,0.8402,0.0123,0.0723,OFICIAL
NACIONAL,BRASIL,2026-09,NUTRICAO,NINHO,NESTLE,Y,15566.97,248733.44,0.06258495,0.06258495,89.400,4844.100,0.01845544,381,7,13,0.8402,0.0123,0.0723,OFICIAL
NACIONAL,BRASIL,2026-09,NUTRICAO,NOVA,FAB_NOVA,N,14251.71,248733.44,0.05729712,0.05729712,326.800,4844.100,0.06746351,561,8,16,0.8402,0.0123,0.0723,OFICIAL
NACIONAL,BRASIL,2026-09,NUTRICAO,MOCA,NESTLE,Y,9977.77,248733.44,0.04011431,0.04011431,92.400,4844.100,0.01907475,306,9,10,0.8402,0.0123,0.0723,OFICIAL
NACIONAL,BRASIL,2026-09,NUTRICAO,MAGGI,NESTLE,Y,9551.50,248733.44,0.03840055,0.03840055,452.000,4844.100,0.09330939,501,10,8,0.8402,0.0123,0.0723,OFICIAL
NACIONAL,BRASIL,2026-09,NUTRICAO,KITKAT,NESTLE,Y,8997.55,248733.44,0.03617346,0.03617346,192.900,4844.100,0.03982164,481,11,13,0.8402,0.0123,0.0723,OFICIAL
NACIONAL,BRASIL,2026-09,NUTRICAO,SOLAR,FAB_SOLAR,N,8727.90,248733.44,0.03508937,0.03508937,197.300,4844.100,0.04072996,371,12,14,0.8402,0.0123,0.0723,OFICIAL
NACIONAL,BRASIL,2026-09,NUTRICAO,GAROTO,NESTLE,Y,7938.72,248733.44,0.03191658,0.03191658,128.700,4844.100,0.0265684,303,13,8,0.8402,0.0123,0.0723,OFICIAL
NACIONAL,BRASIL,2026-09,NUTRICAO,NESCAFE,NESTLE,Y,5894.58,248733.44,0.02369838,0.02369838,71.400,4844.100,0.01473958,251,14,12,0.8402,0.0123,0.0723,OFICIAL
NACIONAL,BRASIL,2026-10,BEBIDAS,SOLAR,FAB_SOLAR,N,56447.55,348270.07,0.16207982,0.16207982,1128.900,5188.400,0.21758153,2248,1,29,0.8613,0.0105,0.06,OFICIAL
NACIONAL,BRASIL,2026-10,BEBIDAS,PRIME,FAB_PRIME,N,39810.61,348270.07,0.11430959,0.11430959,663.300,5188.400,0.12784288,1202,2,25,0.8613,0.0105,0.06,OFICIAL
NACIONAL,BRASIL,2026-10,BEBIDAS,NINHO,NESTLE,Y,35490.24,348270.07,0.10190436,0.10190436,526.300,5188.400,0.10143782,1669,3,39,0.8613,0.0105,0.06,OFICIAL
NACIONAL,BRASIL,2026-10,BEBIDAS,BETA,FAB_BETA,N,33273.25,348270.07,0.09553864,0.09553864,365.500,5188.400,0.07044561,816,4,23,0.8613,0.0105,0.06,OFICIAL
NACIONAL,BRASIL,2026-10,BEBIDAS,NESCAFE,NESTLE,Y,27997.38,348270.07,0.08038985,0.08038985,434.500,5188.400,0.08374451,1401,5,31,0.8613,0.0105,0.06,OFICIAL
NACIONAL,BRASIL,2026-10,BEBIDAS,NESQUIK,NESTLE,Y,24426.65,348270.07,0.07013709,0.07013709,440.200,5188.400,0.08484311,1014,6,20,0.8613,0.0105,0.06,OFICIAL
NACIONAL,BRASIL,2026-10,BEBIDAS,DELTA,FAB_DELTA,N,22034.26,348270.07,0.06326774,0.06326774,505.100,5188.400,0.09735178,867,7,25,0.8613,0.0105,0.06,OFICIAL
NACIONAL,BRASIL,2026-10,BEBIDAS,KITKAT,NESTLE,Y,21716.30,348270.07,0.06235477,0.06235477,108.200,5188.400,0.02085421,542,8,9,0.8613,0.0105,0.06,OFICIAL
NACIONAL,BRASIL,2026-10,BEBIDAS,GAROTO,NESTLE,Y,19366.55,348270.07,0.05560785,0.05560785,219.900,5188.400,0.04238301,645,9,12,0.8613,0.0105,0.06,OFICIAL
NACIONAL,BRASIL,2026-10,BEBIDAS,MOCA,NESTLE,Y,18177.55,348270.07,0.05219383,0.05219383,274.600,5188.400,0.05292576,718,10,15,0.8613,0.0105,0.06,OFICIAL
NACIONAL,BRASIL,2026-10,BEBIDAS,NOVA,FAB_NOVA,N,17791.34,348270.07,0.0510849,0.0510849,149.100,5188.400,0.02873718,678,11,14,0.8613,0.0105,0.06,OFICIAL
NACIONAL,BRASIL,2026-10,BEBIDAS,ALPHA,FAB_ALPHA,N,13243.50,348270.07,0.03802652,0.03802652,166.400,5188.400,0.03207154,468,12,16,0.8613,0.0105,0.06,OFICIAL
NACIONAL,BRASIL,2026-10,BEBIDAS,MAGGI,NESTLE,Y,10286.24,348270.07,0.02953524,0.02953524,124.500,5188.400,0.02399584,425,13,12,0.8613,0.0105,0.06,OFICIAL
NACIONAL,BRASIL,2026-10,BEBIDAS,VIVA,FAB_VIVA,N,8208.65,348270.07,0.02356978,0.02356978,81.900,5188.400,0.01578521,319,14,9,0.8613,0.0105,0.06,OFICIAL
NACIONAL,BRASIL,2026-10,CHOCOLATES,BETA,FAB_BETA,N,31495.24,254771.66,0.12362144,0.12362144,654.600,3826.300,0.17107911,1089,1,31,0.8613,0.0105,0.0413,OFICIAL
NACIONAL,BRASIL,2026-10,CHOCOLATES,ALPHA,FAB_ALPHA,N,31227.62,254771.66,0.12257101,0.12257101,531.700,3826.300,0.13895931,724,2,14,0.8613,0.0105,0.0413,OFICIAL
NACIONAL,BRASIL,2026-10,CHOCOLATES,VIVA,FAB_VIVA,N,28630.09,254771.66,0.11237549,0.11237549,365.100,3826.300,0.09541855,984,3,32,0.8613,0.0105,0.0413,OFICIAL
NACIONAL,BRASIL,2026-10,CHOCOLATES,NOVA,FAB_NOVA,N,28575.76,254771.66,0.11216224,0.11216224,339.900,3826.300,0.08883255,955,4,29,0.8613,0.0105,0.0413,OFICIAL
NACIONAL,BRASIL,2026-10,CHOCOLATES,PRIME,FAB_PRIME,N,22928.84,254771.66,0.08999761,0.08999761,353.000,3826.300,0.09225623,854,5,28,0.8613,0.0105,0.0413,OFICIAL
NACIONAL,BRASIL,2026-10,CHOCOLATES,DELTA,FAB_DELTA,N,21187.49,254771.66,0.08316266,0.08316266,312.400,3826.300,0.08164545,761,6,23,0.8613,0.0105,0.0413,OFICIAL
NACIONAL,BRASIL,2026-10,CHOCOLATES,NESCAFE,NESTLE,Y,19249.90,254771.66,0.07555746,0.07555746,330.600,3826.300,0.08640201,677,7,23,0.8613,0.0105,0.0413,OFICIAL
NACIONAL,BRASIL,2026-10,CHOCOLATES,NINHO,NESTLE,Y,18487.81,254771.66,0.0725662,0.0725662,323.400,3826.300,0.08452029,790,8,14,0.8613,0.0105,0.0413,OFICIAL
NACIONAL,BRASIL,2026-10,CHOCOLATES,NESQUIK,NESTLE,Y,12034.91,254771.66,0.04723802,0.04723802,103.600,3826.300,0.02707577,348,9,14,0.8613,0.0105,0.0413,OFICIAL
NACIONAL,BRASIL,2026-10,CHOCOLATES,KITKAT,NESTLE,Y,10122.69,254771.66,0.0397324,0.0397324,73.700,3826.300,0.01926143,266,10,12,0.8613,0.0105,0.0413,OFICIAL
NACIONAL,BRASIL,2026-10,CHOCOLATES,SOLAR,FAB_SOLAR,N,9485.20,254771.66,0.0372302,0.0372302,119.500,3826.300,0.03123122,318,11,11,0.8613,0.0105,0.0413,OFICIAL
NACIONAL,BRASIL,2026-10,CHOCOLATES,MAGGI,NESTLE,Y,9477.72,254771.66,0.03720084,0.03720084,182.500,3826.300,0.04769621,351,12,9,0.8613,0.0105,0.0413,OFICIAL
NACIONAL,BRASIL,2026-10,CHOCOLATES,MOCA,NESTLE,Y,8206.45,254771.66,0.032211,0.032211,125.200,3826.300,0.03272091,296,13,8,0.8613,0.0105,0.0413,OFICIAL
NACIONAL,BRASIL,2026-10,CHOCOLATES,GAROTO,NESTLE,Y,3661.94,254771.66,0.01437342,0.01437342,11.100,3826.300,0.00290097,89,14,3,0.8613,0.0105,0.0413,OFICIAL
NACIONAL,BRASIL,2026-10,CULINARIOS,NOVA,FAB_NOVA,N,43439.06,332865.01,0.13050053,0.13050053,721.700,5235.500,0.13784739,1347,1,32,0.8613,0.0105,0.0448,OFICIAL
NACIONAL,BRASIL,2026-10,CULINARIOS,BETA,FAB_BETA,N,41105.80,332865.01,0.1234909,0.1234909,503.400,5235.500,0.09615127,1402,2,28,0.8613,0.0105,0.0448,OFICIAL
NACIONAL,BRASIL,2026-10,CULINARIOS,VIVA,FAB_VIVA,N,37623.92,332865.01,0.11303056,0.11303056,366.700,5235.500,0.07004107,1159,3,29,0.8613,0.0105,0.0448,OFICIAL
NACIONAL,BRASIL,2026-10,CULINARIOS,MAGGI,NESTLE,Y,35566.56,332865.01,0.1068498,0.1068498,559.900,5235.500,0.10694299,1129,4,20,0.8613,0.0105,0.0448,OFICIAL
NACIONAL,BRASIL,2026-10,CULINARIOS,NINHO,NESTLE,Y,33031.85,332865.01,0.09923497,0.09923497,627.300,5235.500,0.11981664,1122,5,30,0.8613,0.0105,0.0448,OFICIAL
NACIONAL,BRASIL,2026-10,CULINARIOS,PRIME,FAB_PRIME,N,31957.38,332865.01,0.09600703,0.09600703,459.700,5235.500,0.08780441,1016,6,29,0.8613,0.0105,0.0448,OFICIAL
NACIONAL,BRASIL,2026-10,CULINARIOS,SOLAR,FAB_SOLAR,N,28022.90,332865.01,0.08418698,0.08418698,382.000,5235.500,0.07296342,952,7,21,0.8613,0.0105,0.0448,OFICIAL
NACIONAL,BRASIL,2026-10,CULINARIOS,KITKAT,NESTLE,Y,23949.18,332865.01,0.07194863,0.07194863,567.400,5235.500,0.10837551,979,8,19,0.8613,0.0105,0.0448,OFICIAL
NACIONAL,BRASIL,2026-10,CULINARIOS,DELTA,FAB_DELTA,N,18624.14,332865.01,0.05595103,0.05595103,413.200,5235.500,0.07892274,741,9,18,0.8613,0.0105,0.0448,OFICIAL
NACIONAL,BRASIL,2026-10,CULINARIOS,NESQUIK,NESTLE,Y,14115.84,332865.01,0.0424071,0.0424071,191.700,5235.500,0.03661541,438,10,12,0.8613,0.0105,0.0448,OFICIAL
NACIONAL,BRASIL,2026-10,CULINARIOS,ALPHA,FAB_ALPHA,N,11841.15,332865.01,0.03557343,0.03557343,207.200,5235.500,0.03957597,410,11,10,0.8613,0.0105,0.0448,OFICIAL
NACIONAL,BRASIL,2026-10,CULINARIOS,MOCA,NESTLE,Y,7183.59,332865.01,0.02158109,0.02158109,85.400,5235.500,0.01631172,405,12,11,0.8613,0.0105,0.0448,OFICIAL
NACIONAL,BRASIL,2026-10,CULINARIOS,GAROTO,NESTLE,Y,4913.81,332865.01,0.01476217,0.01476217,127.700,5235.500,0.02439118,276,13,9,0.8613,0.0105,0.0448,OFICIAL
NACIONAL,BRASIL,2026-10,CULINARIOS,NESCAFE,NESTLE,Y,1489.83,332865.01,0.00447578,0.00447578,22.200,5235.500,0.00424028,149,14,5,0.8613,0.0105,0.0448,OFICIAL
NACIONAL,BRASIL,2026-10,LACTEOS,DELTA,FAB_DELTA,N,63111.32,403656.41,0.15634911,0.15634911,784.500,5671.600,0.13832076,1900,1,42,0.8613,0.0105,0.0593,OFICIAL
NACIONAL,BRASIL,2026-10,LACTEOS,VIVA,FAB_VIVA,N,44041.56,403656.41,0.10910655,0.10910655,867.500,5671.600,0.15295507,1375,2,31,0.8613,0.0105,0.0593,OFICIAL
NACIONAL,BRASIL,2026-10,LACTEOS,SOLAR,FAB_SOLAR,N,37507.64,403656.41,0.09291972,0.09291972,624.100,5671.600,0.1100395,1311,3,38,0.8613,0.0105,0.0593,OFICIAL
NACIONAL,BRASIL,2026-10,LACTEOS,NOVA,FAB_NOVA,N,35607.22,403656.41,0.0882117,0.0882117,766.400,5671.600,0.13512942,1271,4,24,0.8613,0.0105,0.0593,OFICIAL
NACIONAL,BRASIL,2026-10,LACTEOS,ALPHA,FAB_ALPHA,N,34389.25,403656.41,0.08519436,0.08519436,536.500,5671.600,0.09459412,1156,5,31,0.8613,0.0105,0.0593,OFICIAL
NACIONAL,BRASIL,2026-10,LACTEOS,MOCA,NESTLE,Y,34288.41,403656.41,0.08494454,0.08494454,324.200,5671.600,0.057162,933,6,19,0.8613,0.0105,0.0593,OFICIAL
NACIONAL,BRASIL,2026-10,LACTEOS,NESCAFE,NESTLE,Y,28880.48,403656.41,0.07154719,0.07154719,252.600,5671.600,0.0445377,729,7,17,0.8613,0.0105,0.0593,OFICIAL
NACIONAL,BRASIL,2026-10,LACTEOS,KITKAT,NESTLE,Y,28101.21,403656.41,0.06961666,0.06961666,281.800,5671.600,0.04968616,747,8,11,0.8613,0.0105,0.0593,OFICIAL
NACIONAL,BRASIL,2026-10,LACTEOS,PRIME,FAB_PRIME,N,27753.11,403656.41,0.06875429,0.06875429,307.600,5671.600,0.05423514,924,9,20,0.8613,0.0105,0.0593,OFICIAL
NACIONAL,BRASIL,2026-10,LACTEOS,NINHO,NESTLE,Y,24253.68,403656.41,0.06008496,0.06008496,123.900,5671.600,0.02184569,598,10,11,0.8613,0.0105,0.0593,OFICIAL
NACIONAL,BRASIL,2026-10,LACTEOS,BETA,FAB_BETA,N,17040.14,403656.41,0.04221447,0.04221447,271.600,5671.600,0.04788772,667,11,18,0.8613,0.0105,0.0593,OFICIAL
NACIONAL,BRASIL,2026-10,LACTEOS,GAROTO,NESTLE,Y,12013.96,403656.41,0.02976284,0.02976284,168.900,5671.600,0.02977996,536,12,19,0.8613,0.0105,0.0593,OFICIAL
NACIONAL,BRASIL,2026-10,LACTEOS,MAGGI,NESTLE,Y,10736.94,403656.41,0.02659921,0.02659921,271.600,5671.600,0.04788772,409,13,10,0.8613,0.0105,0.0593,OFICIAL
NACIONAL,BRASIL,2026-10,LACTEOS,NESQUIK,NESTLE,Y,5931.49,403656.41,0.0146944,0.0146944,90.400,5671.600,0.01593906,248,14,15,0.8613,0.0105,0.0593,OFICIAL
NACIONAL,BRASIL,2026-10,NUTRICAO,BETA,FAB_BETA,N,32426.17,299590.65,0.10823492,0.10823492,448.300,4467.400,0.1003492,1233,1,35,0.8613,0.0105,0.0565,OFICIAL
NACIONAL,BRASIL,2026-10,NUTRICAO,NINHO,NESTLE,Y,30581.22,299590.65,0.10207668,0.10207668,404.600,4467.400,0.09056722,952,2,22,0.8613,0.0105,0.0565,OFICIAL
NACIONAL,BRASIL,2026-10,NUTRICAO,NESCAFE,NESTLE,Y,26248.66,299590.65,0.08761508,0.08761508,272.000,4467.400,0.06088553,692,3,13,0.8613,0.0105,0.0565,OFICIAL
NACIONAL,BRASIL,2026-10,NUTRICAO,KITKAT,NESTLE,Y,26105.29,299590.65,0.08713653,0.08713653,271.400,4467.400,0.06075122,981,4,26,0.8613,0.0105,0.0565,OFICIAL
NACIONAL,BRASIL,2026-10,NUTRICAO,DELTA,FAB_DELTA,N,25674.33,299590.65,0.08569804,0.08569804,230.500,4467.400,0.05159601,758,5,22,0.8613,0.0105,0.0565,OFICIAL
NACIONAL,BRASIL,2026-10,NUTRICAO,ALPHA,FAB_ALPHA,N,24869.46,299590.65,0.08301147,0.08301147,245.900,4467.400,0.0550432,907,6,27,0.8613,0.0105,0.0565,OFICIAL
NACIONAL,BRASIL,2026-10,NUTRICAO,NESQUIK,NESTLE,Y,24565.21,299590.65,0.08199592,0.08199592,645.600,4467.400,0.14451359,1791,7,39,0.8613,0.0105,0.0565,OFICIAL
NACIONAL,BRASIL,2026-10,NUTRICAO,SOLAR,FAB_SOLAR,N,24136.57,299590.65,0.08056516,0.08056516,397.800,4467.400,0.08904508,904,8,21,0.8613,0.0105,0.0565,OFICIAL
NACIONAL,BRASIL,2026-10,NUTRICAO,PRIME,FAB_PRIME,N,19560.51,299590.65,0.06529079,0.06529079,372.200,4467.400,0.08331468,729,9,22,0.8613,0.0105,0.0565,OFICIAL
NACIONAL,BRASIL,2026-10,NUTRICAO,MOCA,NESTLE,Y,17234.52,299590.65,0.0575269,0.0575269,247.200,4467.400,0.0553342,533,10,19,0.8613,0.0105,0.0565,OFICIAL
NACIONAL,BRASIL,2026-10,NUTRICAO,NOVA,FAB_NOVA,N,16983.55,299590.65,0.05668919,0.05668919,390.100,4467.400,0.08732148,561,11,18,0.8613,0.0105,0.0565,OFICIAL
NACIONAL,BRASIL,2026-10,NUTRICAO,GAROTO,NESTLE,Y,14766.49,299590.65,0.04928889,0.04928889,251.900,4467.400,0.05638626,452,12,13,0.8613,0.0105,0.0565,OFICIAL
NACIONAL,BRASIL,2026-10,NUTRICAO,VIVA,FAB_VIVA,N,14041.85,299590.65,0.04687012,0.04687012,226.200,4467.400,0.05063348,511,13,14,0.8613,0.0105,0.0565,OFICIAL
NACIONAL,BRASIL,2026-10,NUTRICAO,MAGGI,NESTLE,Y,2396.82,299590.65,0.00800032,0.00800032,63.700,4467.400,0.01425885,185,14,6,0.8613,0.0105,0.0565,OFICIAL
NACIONAL,BRASIL,2026-11,BEBIDAS,SOLAR,FAB_SOLAR,N,35009.33,296728.84,0.11798425,0.11798425,677.100,4640.800,0.14590157,1232,1,24,0.8511,0.0124,0.047,OFICIAL
NACIONAL,BRASIL,2026-11,BEBIDAS,DELTA,FAB_DELTA,N,33950.57,296728.84,0.11441615,0.11441615,496.100,4640.800,0.10689967,932,2,22,0.8511,0.0124,0.047,OFICIAL
NACIONAL,BRASIL,2026-11,BEBIDAS,NINHO,NESTLE,Y,29504.99,296728.84,0.09943418,0.09943418,599.400,4640.800,0.12915877,1328,3,38,0.8511,0.0124,0.047,OFICIAL
NACIONAL,BRASIL,2026-11,BEBIDAS,MAGGI,NESTLE,Y,25456.29,296728.84,0.08578974,0.08578974,270.900,4640.800,0.05837356,621,4,17,0.8511,0.0124,0.047,OFICIAL
NACIONAL,BRASIL,2026-11,BEBIDAS,NESCAFE,NESTLE,Y,25284.38,296728.84,0.08521039,0.08521039,453.100,4640.800,0.09763403,1122,5,30,0.8511,0.0124,0.047,OFICIAL
NACIONAL,BRASIL,2026-11,BEBIDAS,VIVA,FAB_VIVA,N,20108.02,296728.84,0.06776564,0.06776564,221.600,4640.800,0.04775039,539,6,16,0.8511,0.0124,0.047,OFICIAL
NACIONAL,BRASIL,2026-11,BEBIDAS,ALPHA,FAB_ALPHA,N,20100.21,296728.84,0.06773932,0.06773932,330.500,4640.800,0.07121617,533,7,21,0.8511,0.0124,0.047,OFICIAL
NACIONAL,BRASIL,2026-11,BEBIDAS,PRIME,FAB_PRIME,N,19512.50,296728.84,0.06575869,0.06575869,357.600,4640.800,0.07705568,562,8,17,0.8511,0.0124,0.047,OFICIAL
NACIONAL,BRASIL,2026-11,BEBIDAS,NOVA,FAB_NOVA,N,19211.59,296728.84,0.0647446,0.0647446,200.000,4640.800,0.04309602,838,9,22,0.8511,0.0124,0.047,OFICIAL
NACIONAL,BRASIL,2026-11,BEBIDAS,GAROTO,NESTLE,Y,17319.97,296728.84,0.05836969,0.05836969,248.800,4640.800,0.05361145,567,10,13,0.8511,0.0124,0.047,OFICIAL
NACIONAL,BRASIL,2026-11,BEBIDAS,NESQUIK,NESTLE,Y,16340.50,296728.84,0.0550688,0.0550688,264.100,4640.800,0.05690829,519,11,19,0.8511,0.0124,0.047,OFICIAL
NACIONAL,BRASIL,2026-11,BEBIDAS,BETA,FAB_BETA,N,15405.50,296728.84,0.05191777,0.05191777,263.000,4640.800,0.05667126,541,12,25,0.8511,0.0124,0.047,OFICIAL
NACIONAL,BRASIL,2026-11,BEBIDAS,MOCA,NESTLE,Y,12596.76,296728.84,0.04245209,0.04245209,135.600,4640.800,0.0292191,471,13,14,0.8511,0.0124,0.047,OFICIAL
NACIONAL,BRASIL,2026-11,BEBIDAS,KITKAT,NESTLE,Y,6928.23,296728.84,0.02334869,0.02334869,123.000,4640.800,0.02650405,218,14,4,0.8511,0.0124,0.047,OFICIAL
NACIONAL,BRASIL,2026-11,CHOCOLATES,VIVA,FAB_VIVA,N,53302.26,289560.85,0.18407965,0.18407965,653.800,4247.700,0.15391859,1373,1,31,0.8511,0.0124,0.0683,OFICIAL
NACIONAL,BRASIL,2026-11,CHOCOLATES,PRIME,FAB_PRIME,N,31471.19,289560.85,0.10868593,0.10868593,388.700,4247.700,0.09150835,1046,2,32,0.8511,0.0124,0.0683,OFICIAL
NACIONAL,BRASIL,2026-11,CHOCOLATES,BETA,FAB_BETA,N,31283.58,289560.85,0.10803802,0.10803802,480.800,4247.700,0.11319067,1309,3,27,0.8511,0.0124,0.0683,OFICIAL
NACIONAL,BRASIL,2026-11,CHOCOLATES,NESQUIK,NESTLE,Y,29754.75,289560.85,0.10275819,0.10275819,278.300,4247.700,0.06551781,882,4,18,0.8511,0.0124,0.0683,OFICIAL
NACIONAL,BRASIL,2026-11,CHOCOLATES,SOLAR,FAB_SOLAR,N,21317.57,289560.85,0.07362035,0.07362035,300.400,4247.700,0.07072063,723,5,26,0.8511,0.0124,0.0683,OFICIAL
NACIONAL,BRASIL,2026-11,CHOCOLATES,MOCA,NESTLE,Y,21286.47,289560.85,0.07351294,0.07351294,259.000,4247.700,0.06097417,611,6,8,0.8511,0.0124,0.0683,OFICIAL
NACIONAL,BRASIL,2026-11,CHOCOLATES,NOVA,FAB_NOVA,N,19572.90,289560.85,0.06759512,0.06759512,345.700,4247.700,0.08138522,872,7,25,0.8511,0.0124,0.0683,OFICIAL
NACIONAL,BRASIL,2026-11,CHOCOLATES,NESCAFE,NESTLE,Y,16916.60,289560.85,0.05842157,0.05842157,268.600,4247.700,0.06323422,485,8,15,0.8511,0.0124,0.0683,OFICIAL
NACIONAL,BRASIL,2026-11,CHOCOLATES,DELTA,FAB_DELTA,N,14914.22,289560.85,0.05150634,0.05150634,221.100,4247.700,0.0520517,427,9,19,0.8511,0.0124,0.0683,OFICIAL
NACIONAL,BRASIL,2026-11,CHOCOLATES,KITKAT,NESTLE,Y,14584.31,289560.85,0.050367,0.050367,356.500,4247.700,0.08392777,1031,10,11,0.8511,0.0124,0.0683,OFICIAL
NACIONAL,BRASIL,2026-11,CHOCOLATES,NINHO,NESTLE,Y,10520.26,289560.85,0.03633178,0.03633178,285.100,4247.700,0.06711868,447,11,11,0.8511,0.0124,0.0683,OFICIAL
NACIONAL,BRASIL,2026-11,CHOCOLATES,MAGGI,NESTLE,Y,9911.11,289560.85,0.03422807,0.03422807,142.000,4247.700,0.03342986,437,12,11,0.8511,0.0124,0.0683,OFICIAL
NACIONAL,BRASIL,2026-11,CHOCOLATES,ALPHA,FAB_ALPHA,N,9409.06,289560.85,0.03249424,0.03249424,168.700,4247.700,0.03971561,346,13,16,0.8511,0.0124,0.0683,OFICIAL
NACIONAL,BRASIL,2026-11,CHOCOLATES,GAROTO,NESTLE,Y,5316.57,289560.85,0.0183608,0.0183608,99.000,4247.700,0.02330673,191,14,7,0.8511,0.0124,0.0683,OFICIAL
NACIONAL,BRASIL,2026-11,CULINARIOS,SOLAR,FAB_SOLAR,N,48015.79,338243.21,0.1419564,0.1419564,406.500,4860.500,0.08363337,1712,1,20,0.8511,0.0124,0.0398,OFICIAL
NACIONAL,BRASIL,2026-11,CULINARIOS,VIVA,FAB_VIVA,N,41864.74,338243.21,0.12377112,0.12377112,608.700,4860.500,0.12523403,1484,2,35,0.8511,0.0124,0.0398,OFICIAL
NACIONAL,BRASIL,2026-11,CULINARIOS,NOVA,FAB_NOVA,N,35690.08,338243.21,0.10551603,0.10551603,469.800,4860.500,0.09665672,1038,3,30,0.8511,0.0124,0.0398,OFICIAL
NACIONAL,BRASIL,2026-11,CULINARIOS,PRIME,FAB_PRIME,N,33097.31,338243.21,0.09785063,0.09785063,452.600,4860.500,0.09311799,1225,4,25,0.8511,0.0124,0.0398,OFICIAL
NACIONAL,BRASIL,2026-11,CULINARIOS,DELTA,FAB_DELTA,N,32283.79,338243.21,0.09544549,0.09544549,350.100,4860.500,0.07202963,773,5,17,0.8511,0.0124,0.0398,OFICIAL
NACIONAL,BRASIL,2026-11,CULINARIOS,BETA,FAB_BETA,N,31320.63,338243.21,0.09259796,0.09259796,428.800,4860.500,0.08822138,1073,6,32,0.8511,0.0124,0.0398,OFICIAL
NACIONAL,BRASIL,2026-11,CULINARIOS,MAGGI,NESTLE,Y,26988.15,338243.21,0.07978918,0.07978918,186.600,4860.500,0.03839111,724,7,12,0.8511,0.0124,0.0398,OFICIAL
NACIONAL,BRASIL,2026-11,CULINARIOS,MOCA,NESTLE,Y,20761.30,338243.21,0.0613798,0.0613798,347.400,4860.500,0.07147413,629,8,14,0.8511,0.0124,0.0398,OFICIAL
NACIONAL,BRASIL,2026-11,CULINARIOS,NINHO,NESTLE,Y,18778.59,338243.21,0.05551801,0.05551801,711.800,4860.500,0.14644584,919,9,21,0.8511,0.0124,0.0398,OFICIAL
NACIONAL,BRASIL,2026-11,CULINARIOS,NESCAFE,NESTLE,Y,14773.87,338243.21,0.04367825,0.04367825,116.800,4860.500,0.02403045,395,10,7,0.8511,0.0124,0.0398,OFICIAL
NACIONAL,BRASIL,2026-11,CULINARIOS,KITKAT,NESTLE,Y,11776.00,338243.21,0.03481519,0.03481519,264.200,4860.500,0.05435655,493,11,15,0.8511,0.0124,0.0398,OFICIAL
NACIONAL,BRASIL,2026-11,CULINARIOS,ALPHA,FAB_ALPHA,N,10246.42,338243.21,0.03029305,0.03029305,223.000,4860.500,0.04588005,316,12,8,0.8511,0.0124,0.0398,OFICIAL
NACIONAL,BRASIL,2026-11,CULINARIOS,NESQUIK,NESTLE,Y,6368.11,338243.21,0.01882702,0.01882702,135.400,4860.500,0.02785722,229,13,9,0.8511,0.0124,0.0398,OFICIAL
NACIONAL,BRASIL,2026-11,CULINARIOS,GAROTO,NESTLE,Y,6278.43,338243.21,0.01856188,0.01856188,158.800,4860.500,0.03267154,193,14,10,0.8511,0.0124,0.0398,OFICIAL
NACIONAL,BRASIL,2026-11,LACTEOS,DELTA,FAB_DELTA,N,54390.43,342785.33,0.15867199,0.15867199,621.900,4805.400,0.12941691,1610,1,35,0.8511,0.0124,0.0571,OFICIAL
NACIONAL,BRASIL,2026-11,LACTEOS,ALPHA,FAB_ALPHA,N,50961.14,342785.33,0.1486678,0.1486678,574.800,4805.400,0.11961543,1370,2,28,0.8511,0.0124,0.0571,OFICIAL
NACIONAL,BRASIL,2026-11,LACTEOS,GAROTO,NESTLE,Y,39119.73,342785.33,0.11412312,0.11412312,327.100,4805.400,0.06806926,932,3,21,0.8511,0.0124,0.0571,OFICIAL
NACIONAL,BRASIL,2026-11,LACTEOS,VIVA,FAB_VIVA,N,36136.48,342785.33,0.10542015,0.10542015,442.000,4805.400,0.09197986,1124,4,34,0.8511,0.0124,0.0571,OFICIAL
NACIONAL,BRASIL,2026-11,LACTEOS,PRIME,FAB_PRIME,N,23494.18,342785.33,0.06853905,0.06853905,374.900,4805.400,0.0780164,654,5,17,0.8511,0.0124,0.0571,OFICIAL
NACIONAL,BRASIL,2026-11,LACTEOS,NESQUIK,NESTLE,Y,19895.08,342785.33,0.05803947,0.05803947,317.400,4805.400,0.06605069,524,6,13,0.8511,0.0124,0.0571,OFICIAL
NACIONAL,BRASIL,2026-11,LACTEOS,BETA,FAB_BETA,N,19057.28,342785.33,0.05559538,0.05559538,289.900,4805.400,0.06032796,806,7,19,0.8511,0.0124,0.0571,OFICIAL
NACIONAL,BRASIL,2026-11,LACTEOS,SOLAR,FAB_SOLAR,N,18557.75,342785.33,0.05413811,0.05413811,368.000,4805.400,0.07658051,904,8,26,0.8511,0.0124,0.0571,OFICIAL
NACIONAL,BRASIL,2026-11,LACTEOS,MOCA,NESTLE,Y,18460.83,342785.33,0.05385537,0.05385537,504.000,4805.400,0.10488201,676,9,18,0.8511,0.0124,0.0571,OFICIAL
NACIONAL,BRASIL,2026-11,LACTEOS,NESCAFE,NESTLE,Y,17233.11,342785.33,0.05027377,0.05027377,214.900,4805.400,0.04472052,487,10,15,0.8511,0.0124,0.0571,OFICIAL
NACIONAL,BRASIL,2026-11,LACTEOS,NINHO,NESTLE,Y,13660.75,342785.33,0.0398522,0.0398522,184.900,4805.400,0.03847755,393,11,10,0.8511,0.0124,0.0571,OFICIAL
NACIONAL,BRASIL,2026-11,LACTEOS,MAGGI,NESTLE,Y,12196.62,342785.33,0.03558093,0.03558093,207.300,4805.400,0.04313897,382,12,8,0.8511,0.0124,0.0571,OFICIAL
NACIONAL,BRASIL,2026-11,LACTEOS,NOVA,FAB_NOVA,N,11725.42,342785.33,0.03420631,0.03420631,257.400,4805.400,0.05356474,403,13,18,0.8511,0.0124,0.0571,OFICIAL
NACIONAL,BRASIL,2026-11,LACTEOS,KITKAT,NESTLE,Y,7896.53,342785.33,0.02303637,0.02303637,120.900,4805.400,0.0251592,254,14,10,0.8511,0.0124,0.0571,OFICIAL
NACIONAL,BRASIL,2026-11,NUTRICAO,PRIME,FAB_PRIME,N,82024.25,359045.16,0.22845107,0.22845107,1291.800,5918.900,0.21825001,2251,1,45,0.8511,0.0124,0.0953,OFICIAL
NACIONAL,BRASIL,2026-11,NUTRICAO,BETA,FAB_BETA,N,55967.00,359045.16,0.15587733,0.15587733,1068.100,5918.900,0.18045583,1513,2,21,0.8511,0.0124,0.0953,OFICIAL
NACIONAL,BRASIL,2026-11,NUTRICAO,DELTA,FAB_DELTA,N,45280.07,359045.16,0.12611246,0.12611246,555.800,5918.900,0.09390258,1650,3,37,0.8511,0.0124,0.0953,OFICIAL
NACIONAL,BRASIL,2026-11,NUTRICAO,ALPHA,FAB_ALPHA,N,27770.83,359045.16,0.07734634,0.07734634,442.700,5918.900,0.0747943,871,4,24,0.8511,0.0124,0.0953,OFICIAL
NACIONAL,BRASIL,2026-11,NUTRICAO,SOLAR,FAB_SOLAR,N,24414.67,359045.16,0.06799888,0.06799888,655.800,5918.900,0.11079761,1063,5,23,0.8511,0.0124,0.0953,OFICIAL
NACIONAL,BRASIL,2026-11,NUTRICAO,VIVA,FAB_VIVA,N,22675.32,359045.16,0.06315451,0.06315451,377.100,5918.900,0.06371116,655,6,21,0.8511,0.0124,0.0953,OFICIAL
NACIONAL,BRASIL,2026-11,NUTRICAO,NESQUIK,NESTLE,Y,21254.53,359045.16,0.05919737,0.05919737,611.900,5918.900,0.1033807,1510,7,40,0.8511,0.0124,0.0953,OFICIAL
NACIONAL,BRASIL,2026-11,NUTRICAO,MOCA,NESTLE,Y,18342.23,359045.16,0.05108614,0.05108614,189.200,5918.900,0.0319654,665,8,19,0.8511,0.0124,0.0953,OFICIAL
NACIONAL,BRASIL,2026-11,NUTRICAO,NOVA,FAB_NOVA,N,14683.71,359045.16,0.04089655,0.04089655,354.500,5918.900,0.05989289,694,9,18,0.8511,0.0124,0.0953,OFICIAL
NACIONAL,BRASIL,2026-11,NUTRICAO,NESCAFE,NESTLE,Y,14589.39,359045.16,0.04063386,0.04063386,85.800,5918.900,0.01449594,403,10,9,0.8511,0.0124,0.0953,OFICIAL
NACIONAL,BRASIL,2026-11,NUTRICAO,NINHO,NESTLE,Y,13057.04,359045.16,0.03636601,0.03636601,120.300,5918.900,0.02032472,364,11,9,0.8511,0.0124,0.0953,OFICIAL
NACIONAL,BRASIL,2026-11,NUTRICAO,MAGGI,NESTLE,Y,10292.12,359045.16,0.02866525,0.02866525,24.500,5918.900,0.00413928,212,12,4,0.8511,0.0124,0.0953,OFICIAL
NACIONAL,BRASIL,2026-11,NUTRICAO,KITKAT,NESTLE,Y,5231.76,359045.16,0.01457131,0.01457131,97.800,5918.900,0.01652334,210,13,9,0.8511,0.0124,0.0953,OFICIAL
NACIONAL,BRASIL,2026-11,NUTRICAO,GAROTO,NESTLE,Y,3462.24,359045.16,0.00964291,0.00964291,43.600,5918.900,0.00736623,134,14,7,0.8511,0.0124,0.0953,OFICIAL
NACIONAL,BRASIL,2026-12,BEBIDAS,NINHO,NESTLE,Y,35254.45,255063.43,0.13821836,0.13821836,600.800,3921.300,0.1532145,1375,1,37,0.8579,0.0166,0.0825,OFICIAL
NACIONAL,BRASIL,2026-12,BEBIDAS,VIVA,FAB_VIVA,N,24402.40,255063.43,0.09567189,0.09567189,338.800,3921.300,0.08639992,941,2,25,0.8579,0.0166,0.0825,OFICIAL
NACIONAL,BRASIL,2026-12,BEBIDAS,NOVA,FAB_NOVA,N,24049.42,255063.43,0.094288,0.094288,685.500,3921.300,0.17481447,1012,3,26,0.8579,0.0166,0.0825,OFICIAL
NACIONAL,BRASIL,2026-12,BEBIDAS,BETA,FAB_BETA,N,23461.46,255063.43,0.09198285,0.09198285,231.600,3921.300,0.05906205,671,4,21,0.8579,0.0166,0.0825,OFICIAL
NACIONAL,BRASIL,2026-12,BEBIDAS,PRIME,FAB_PRIME,N,22928.38,255063.43,0.08989286,0.08989286,331.500,3921.300,0.08453829,774,5,25,0.8579,0.0166,0.0825,OFICIAL
NACIONAL,BRASIL,2026-12,BEBIDAS,SOLAR,FAB_SOLAR,N,22613.91,255063.43,0.08865995,0.08865995,298.200,3921.300,0.07604621,812,6,24,0.8579,0.0166,0.0825,OFICIAL
NACIONAL,BRASIL,2026-12,BEBIDAS,ALPHA,FAB_ALPHA,N,20595.41,255063.43,0.08074623,0.08074623,223.900,3921.300,0.05709841,599,7,14,0.8579,0.0166,0.0825,OFICIAL
NACIONAL,BRASIL,2026-12,BEBIDAS,KITKAT,NESTLE,Y,17663.91,255063.43,0.06925301,0.06925301,251.400,3921.300,0.06411139,550,8,12,0.8579,0.0166,0.0825,OFICIAL
NACIONAL,BRASIL,2026-12,BEBIDAS,NESCAFE,NESTLE,Y,14107.19,255063.43,0.05530856,0.05530856,284.300,3921.300,0.07250147,824,9,28,0.8579,0.0166,0.0825,OFICIAL
NACIONAL,BRASIL,2026-12,BEBIDAS,DELTA,FAB_DELTA,N,13810.31,255063.43,0.05414461,0.05414461,179.300,3921.300,0.04572463,475,10,17,0.8579,0.0166,0.0825,OFICIAL
NACIONAL,BRASIL,2026-12,BEBIDAS,GAROTO,NESTLE,Y,11544.76,255063.43,0.04526231,0.04526231,110.600,3921.300,0.02820493,292,11,10,0.8579,0.0166,0.0825,OFICIAL
NACIONAL,BRASIL,2026-12,BEBIDAS,MAGGI,NESTLE,Y,10929.53,255063.43,0.04285024,0.04285024,216.300,3921.300,0.05516028,426,12,13,0.8579,0.0166,0.0825,OFICIAL
NACIONAL,BRASIL,2026-12,BEBIDAS,MOCA,NESTLE,Y,8833.86,255063.43,0.03463397,0.03463397,107.200,3921.300,0.02733787,262,13,11,0.8579,0.0166,0.0825,OFICIAL
NACIONAL,BRASIL,2026-12,BEBIDAS,NESQUIK,NESTLE,Y,4868.44,255063.43,0.01908717,0.01908717,61.900,3921.300,0.01578558,173,14,10,0.8579,0.0166,0.0825,OFICIAL
NACIONAL,BRASIL,2026-12,CHOCOLATES,BETA,FAB_BETA,N,56159.81,286151.97,0.19625869,0.19625869,580.100,4556.500,0.12731263,1726,1,34,0.8579,0.0166,0.0545,OFICIAL
NACIONAL,BRASIL,2026-12,CHOCOLATES,PRIME,FAB_PRIME,N,52359.18,286151.97,0.18297683,0.18297683,1343.200,4556.500,0.29478767,1838,2,32,0.8579,0.0166,0.0545,OFICIAL
NACIONAL,BRASIL,2026-12,CHOCOLATES,DELTA,FAB_DELTA,N,34352.06,286151.97,0.12004831,0.12004831,537.800,4556.500,0.11802919,954,3,25,0.8579,0.0166,0.0545,OFICIAL
NACIONAL,BRASIL,2026-12,CHOCOLATES,SOLAR,FAB_SOLAR,N,20342.70,286151.97,0.07109055,0.07109055,226.500,4556.500,0.04970921,674,4,19,0.8579,0.0166,0.0545,OFICIAL
NACIONAL,BRASIL,2026-12,CHOCOLATES,VIVA,FAB_VIVA,N,19927.30,286151.97,0.06963887,0.06963887,251.800,4556.500,0.05526171,681,5,28,0.8579,0.0166,0.0545,OFICIAL
NACIONAL,BRASIL,2026-12,CHOCOLATES,NOVA,FAB_NOVA,N,19638.23,286151.97,0.06862867,0.06862867,330.500,4556.500,0.07253374,805,6,17,0.8579,0.0166,0.0545,OFICIAL
NACIONAL,BRASIL,2026-12,CHOCOLATES,NINHO,NESTLE,Y,18952.44,286151.97,0.06623208,0.06623208,235.500,4556.500,0.05168441,643,7,23,0.8579,0.0166,0.0545,OFICIAL
NACIONAL,BRASIL,2026-12,CHOCOLATES,NESQUIK,NESTLE,Y,14603.16,286151.97,0.05103288,0.05103288,255.600,4556.500,0.05609569,505,8,12,0.8579,0.0166,0.0545,OFICIAL
NACIONAL,BRASIL,2026-12,CHOCOLATES,ALPHA,FAB_ALPHA,N,14296.92,286151.97,0.04996268,0.04996268,236.400,4556.500,0.05188193,560,9,14,0.8579,0.0166,0.0545,OFICIAL
NACIONAL,BRASIL,2026-12,CHOCOLATES,NESCAFE,NESTLE,Y,12714.41,286151.97,0.04443237,0.04443237,215.500,4556.500,0.04729507,391,10,15,0.8579,0.0166,0.0545,OFICIAL
NACIONAL,BRASIL,2026-12,CHOCOLATES,KITKAT,NESTLE,Y,9937.99,286151.97,0.03472976,0.03472976,115.600,4556.500,0.02537035,358,11,16,0.8579,0.0166,0.0545,OFICIAL
NACIONAL,BRASIL,2026-12,CHOCOLATES,MAGGI,NESTLE,Y,7490.69,286151.97,0.02617731,0.02617731,127.700,4556.500,0.0280259,235,12,6,0.8579,0.0166,0.0545,OFICIAL
NACIONAL,BRASIL,2026-12,CHOCOLATES,MOCA,NESTLE,Y,2702.65,286151.97,0.00944481,0.00944481,44.300,4556.500,0.00972237,154,13,5,0.8579,0.0166,0.0545,OFICIAL
NACIONAL,BRASIL,2026-12,CHOCOLATES,GAROTO,NESTLE,Y,2674.43,286151.97,0.00934619,0.00934619,56.000,4556.500,0.01229014,162,14,7,0.8579,0.0166,0.0545,OFICIAL
NACIONAL,BRASIL,2026-12,CULINARIOS,PRIME,FAB_PRIME,N,61468.89,375401.79,0.1637416,0.1637416,961.200,6481.700,0.14829443,1898,1,32,0.8579,0.0166,0.1042,OFICIAL
NACIONAL,BRASIL,2026-12,CULINARIOS,BETA,FAB_BETA,N,50800.81,375401.79,0.13532384,0.13532384,843.000,6481.700,0.13005847,1474,2,19,0.8579,0.0166,0.1042,OFICIAL
NACIONAL,BRASIL,2026-12,CULINARIOS,GAROTO,NESTLE,Y,46065.44,375401.79,0.1227097,0.1227097,610.500,6481.700,0.09418825,1336,3,21,0.8579,0.0166,0.1042,OFICIAL
NACIONAL,BRASIL,2026-12,CULINARIOS,VIVA,FAB_VIVA,N,44980.06,375401.79,0.11981845,0.11981845,902.900,6481.700,0.13929988,1411,4,23,0.8579,0.0166,0.1042,OFICIAL
NACIONAL,BRASIL,2026-12,CULINARIOS,NOVA,FAB_NOVA,N,25186.29,375401.79,0.06709156,0.06709156,584.000,6481.700,0.09009982,827,5,30,0.8579,0.0166,0.1042,OFICIAL
NACIONAL,BRASIL,2026-12,CULINARIOS,DELTA,FAB_DELTA,N,24370.26,375401.79,0.0649178,0.0649178,355.700,6481.700,0.05487758,627,6,18,0.8579,0.0166,0.1042,OFICIAL
NACIONAL,BRASIL,2026-12,CULINARIOS,NESQUIK,NESTLE,Y,24228.12,375401.79,0.06453917,0.06453917,385.000,6481.700,0.059398,960,7,17,0.8579,0.0166,0.1042,OFICIAL
NACIONAL,BRASIL,2026-12,CULINARIOS,ALPHA,FAB_ALPHA,N,23077.87,375401.79,0.06147512,0.06147512,303.400,6481.700,0.04680871,771,8,15,0.8579,0.0166,0.1042,OFICIAL
NACIONAL,BRASIL,2026-12,CULINARIOS,NESCAFE,NESTLE,Y,18749.78,375401.79,0.0499459,0.0499459,470.800,6481.700,0.07263527,862,9,12,0.8579,0.0166,0.1042,OFICIAL
NACIONAL,BRASIL,2026-12,CULINARIOS,NINHO,NESTLE,Y,13666.30,375401.79,0.03640446,0.03640446,193.700,6481.700,0.02988414,655,10,15,0.8579,0.0166,0.1042,OFICIAL
NACIONAL,BRASIL,2026-12,CULINARIOS,SOLAR,FAB_SOLAR,N,11497.77,375401.79,0.0306279,0.0306279,330.200,6481.700,0.05094343,611,11,14,0.8579,0.0166,0.1042,OFICIAL
NACIONAL,BRASIL,2026-12,CULINARIOS,KITKAT,NESTLE,Y,10726.82,375401.79,0.02857424,0.02857424,238.800,6481.700,0.03684219,428,12,8,0.8579,0.0166,0.1042,OFICIAL
NACIONAL,BRASIL,2026-12,CULINARIOS,MAGGI,NESTLE,Y,10292.56,375401.79,0.02741745,0.02741745,205.600,6481.700,0.03172007,432,13,12,0.8579,0.0166,0.1042,OFICIAL
NACIONAL,BRASIL,2026-12,CULINARIOS,MOCA,NESTLE,Y,10290.82,375401.79,0.02741282,0.02741282,96.900,6481.700,0.01494978,446,14,11,0.8579,0.0166,0.1042,OFICIAL
NACIONAL,BRASIL,2026-12,LACTEOS,SOLAR,FAB_SOLAR,N,49484.62,323716.28,0.15286417,0.15286417,614.200,5123.700,0.11987431,1487,1,39,0.8579,0.0166,0.0795,OFICIAL
NACIONAL,BRASIL,2026-12,LACTEOS,VIVA,FAB_VIVA,N,47621.57,323716.28,0.14710897,0.14710897,570.900,5123.700,0.11142339,1331,2,24,0.8579,0.0166,0.0795,OFICIAL
NACIONAL,BRASIL,2026-12,LACTEOS,BETA,FAB_BETA,N,33455.90,323716.28,0.10334945,0.10334945,431.800,5123.700,0.08427504,1088,3,33,0.8579,0.0166,0.0795,OFICIAL
NACIONAL,BRASIL,2026-12,LACTEOS,GAROTO,NESTLE,Y,31972.12,323716.28,0.09876587,0.09876587,468.400,5123.700,0.09141831,1010,4,19,0.8579,0.0166,0.0795,OFICIAL
NACIONAL,BRASIL,2026-12,LACTEOS,NOVA,FAB_NOVA,N,28887.69,323716.28,0.08923768,0.08923768,518.400,5123.700,0.10117688,871,5,19,0.8579,0.0166,0.0795,OFICIAL
NACIONAL,BRASIL,2026-12,LACTEOS,NESCAFE,NESTLE,Y,27402.82,323716.28,0.08465073,0.08465073,223.400,5123.700,0.0436013,844,6,17,0.8579,0.0166,0.0795,OFICIAL
NACIONAL,BRASIL,2026-12,LACTEOS,NINHO,NESTLE,Y,20584.07,323716.28,0.06358676,0.06358676,391.300,5123.700,0.07637059,742,7,13,0.8579,0.0166,0.0795,OFICIAL
NACIONAL,BRASIL,2026-12,LACTEOS,ALPHA,FAB_ALPHA,N,20010.76,323716.28,0.06181574,0.06181574,503.600,5123.700,0.09828835,887,8,25,0.8579,0.0166,0.0795,OFICIAL
NACIONAL,BRASIL,2026-12,LACTEOS,NESQUIK,NESTLE,Y,13303.42,323716.28,0.04109593,0.04109593,148.800,5123.700,0.02904151,429,9,12,0.8579,0.0166,0.0795,OFICIAL
NACIONAL,BRASIL,2026-12,LACTEOS,MOCA,NESTLE,Y,13268.87,323716.28,0.0409892,0.0409892,351.400,5123.700,0.06858325,775,10,24,0.8579,0.0166,0.0795,OFICIAL
NACIONAL,BRASIL,2026-12,LACTEOS,MAGGI,NESTLE,Y,10479.39,323716.28,0.03237214,0.03237214,320.200,5123.700,0.0624939,557,11,11,0.8579,0.0166,0.0795,OFICIAL
NACIONAL,BRASIL,2026-12,LACTEOS,DELTA,FAB_DELTA,N,10401.70,323716.28,0.03213215,0.03213215,172.300,5123.700,0.03362804,518,12,21,0.8579,0.0166,0.0795,OFICIAL
NACIONAL,BRASIL,2026-12,LACTEOS,KITKAT,NESTLE,Y,9765.82,323716.28,0.03016784,0.03016784,286.200,5123.700,0.05585807,517,13,14,0.8579,0.0166,0.0795,OFICIAL
NACIONAL,BRASIL,2026-12,LACTEOS,PRIME,FAB_PRIME,N,7077.53,323716.28,0.02186337,0.02186337,122.800,5123.700,0.02396706,249,14,12,0.8579,0.0166,0.0795,OFICIAL
NACIONAL,BRASIL,2026-12,NUTRICAO,ALPHA,FAB_ALPHA,N,44942.12,340444.53,0.13201011,0.13201011,689.100,5187.600,0.13283599,1492,1,38,0.8579,0.0166,0.0664,OFICIAL
NACIONAL,BRASIL,2026-12,NUTRICAO,NOVA,FAB_NOVA,N,42797.79,340444.53,0.12571149,0.12571149,693.900,5187.600,0.13376128,1322,2,35,0.8579,0.0166,0.0664,OFICIAL
NACIONAL,BRASIL,2026-12,NUTRICAO,DELTA,FAB_DELTA,N,41968.11,340444.53,0.12327444,0.12327444,618.700,5187.600,0.11926517,1496,3,33,0.8579,0.0166,0.0664,OFICIAL
NACIONAL,BRASIL,2026-12,NUTRICAO,BETA,FAB_BETA,N,36512.76,340444.53,0.10725025,0.10725025,371.400,5187.600,0.0715938,1066,4,20,0.8579,0.0166,0.0664,OFICIAL
NACIONAL,BRASIL,2026-12,NUTRICAO,NINHO,NESTLE,Y,32966.65,340444.53,0.09683413,0.09683413,464.300,5187.600,0.08950189,1102,5,22,0.8579,0.0166,0.0664,OFICIAL
NACIONAL,BRASIL,2026-12,NUTRICAO,PRIME,FAB_PRIME,N,21920.42,340444.53,0.06438764,0.06438764,435.400,5187.600,0.08393091,989,6,34,0.8579,0.0166,0.0664,OFICIAL
NACIONAL,BRASIL,2026-12,NUTRICAO,NESQUIK,NESTLE,Y,21798.33,340444.53,0.06402902,0.06402902,368.800,5187.600,0.07109261,1130,7,38,0.8579,0.0166,0.0664,OFICIAL
NACIONAL,BRASIL,2026-12,NUTRICAO,GAROTO,NESTLE,Y,21470.66,340444.53,0.06306654,0.06306654,422.900,5187.600,0.08152132,615,8,7,0.8579,0.0166,0.0664,OFICIAL
NACIONAL,BRASIL,2026-12,NUTRICAO,SOLAR,FAB_SOLAR,N,19379.76,340444.53,0.05692487,0.05692487,257.000,5187.600,0.04954121,657,9,21,0.8579,0.0166,0.0664,OFICIAL
NACIONAL,BRASIL,2026-12,NUTRICAO,MOCA,NESTLE,Y,18697.37,340444.53,0.05492046,0.05492046,213.700,5187.600,0.04119439,680,10,13,0.8579,0.0166,0.0664,OFICIAL
NACIONAL,BRASIL,2026-12,NUTRICAO,KITKAT,NESTLE,Y,15943.04,340444.53,0.04683007,0.04683007,222.700,5187.600,0.04292929,687,11,14,0.8579,0.0166,0.0664,OFICIAL
NACIONAL,BRASIL,2026-12,NUTRICAO,NESCAFE,NESTLE,Y,10424.04,340444.53,0.03061891,0.03061891,241.100,5187.600,0.04647621,431,12,12,0.8579,0.0166,0.0664,OFICIAL
NACIONAL,BRASIL,2026-12,NUTRICAO,VIVA,FAB_VIVA,N,6070.78,340444.53,0.01783192,0.01783192,164.800,5187.600,0.03176806,371,13,13,0.8579,0.0166,0.0664,OFICIAL
NACIONAL,BRASIL,2026-12,NUTRICAO,MAGGI,NESTLE,Y,5552.70,340444.53,0.01631015,0.01631015,23.800,5187.600,0.00458786,131,14,2,0.8579,0.0166,0.0664,OFICIAL
NACIONAL,BRASIL,2026-13,BEBIDAS,SOLAR,FAB_SOLAR,N,52117.56,290116.73,0.17964341,0.17964341,594.300,5028.300,0.11819104,1517,1,30,0.8599,0.0167,0.0384,OFICIAL
NACIONAL,BRASIL,2026-13,BEBIDAS,NOVA,FAB_NOVA,N,33442.38,290116.73,0.11527215,0.11527215,683.600,5028.300,0.13595052,1139,2,21,0.8599,0.0167,0.0384,OFICIAL
NACIONAL,BRASIL,2026-13,BEBIDAS,NESQUIK,NESTLE,Y,27000.30,290116.73,0.09306702,0.09306702,357.000,5028.300,0.07099815,721,3,16,0.8599,0.0167,0.0384,OFICIAL
NACIONAL,BRASIL,2026-13,BEBIDAS,PRIME,FAB_PRIME,N,26724.18,290116.73,0.09211527,0.09211527,316.100,5028.300,0.06286419,802,4,22,0.8599,0.0167,0.0384,OFICIAL
NACIONAL,BRASIL,2026-13,BEBIDAS,ALPHA,FAB_ALPHA,N,26253.32,290116.73,0.09049227,0.09049227,350.700,5028.300,0.06974524,1242,5,26,0.8599,0.0167,0.0384,OFICIAL
NACIONAL,BRASIL,2026-13,BEBIDAS,NINHO,NESTLE,Y,25451.45,290116.73,0.08772831,0.08772831,502.000,5028.300,0.09983493,1268,6,39,0.8599,0.0167,0.0384,OFICIAL
NACIONAL,BRASIL,2026-13,BEBIDAS,NESCAFE,NESTLE,Y,15789.80,290116.73,0.05442568,0.05442568,314.400,5028.300,0.0625261,931,7,30,0.8599,0.0167,0.0384,OFICIAL
NACIONAL,BRASIL,2026-13,BEBIDAS,DELTA,FAB_DELTA,N,15615.63,290116.73,0.05382533,0.05382533,288.400,5028.300,0.05735537,556,8,19,0.8599,0.0167,0.0384,OFICIAL
NACIONAL,BRASIL,2026-13,BEBIDAS,BETA,FAB_BETA,N,15148.33,290116.73,0.0522146,0.0522146,551.100,5028.300,0.10959967,722,9,18,0.8599,0.0167,0.0384,OFICIAL
NACIONAL,BRASIL,2026-13,BEBIDAS,GAROTO,NESTLE,Y,14475.64,290116.73,0.04989592,0.04989592,333.400,5028.300,0.06630472,511,10,12,0.8599,0.0167,0.0384,OFICIAL
NACIONAL,BRASIL,2026-13,BEBIDAS,MAGGI,NESTLE,Y,11805.01,290116.73,0.04069055,0.04069055,210.800,5028.300,0.04192272,426,11,14,0.8599,0.0167,0.0384,OFICIAL
NACIONAL,BRASIL,2026-13,BEBIDAS,MOCA,NESTLE,Y,9701.89,290116.73,0.03344133,0.03344133,237.100,5028.300,0.04715311,514,12,10,0.8599,0.0167,0.0384,OFICIAL
NACIONAL,BRASIL,2026-13,BEBIDAS,KITKAT,NESTLE,Y,8650.63,290116.73,0.02981776,0.02981776,132.900,5028.300,0.0264304,287,13,8,0.8599,0.0167,0.0384,OFICIAL
NACIONAL,BRASIL,2026-13,BEBIDAS,VIVA,FAB_VIVA,N,7940.61,290116.73,0.0273704,0.0273704,156.500,5028.300,0.03112384,370,14,15,0.8599,0.0167,0.0384,OFICIAL
NACIONAL,BRASIL,2026-13,CHOCOLATES,NOVA,FAB_NOVA,N,46809.12,342406.37,0.13670634,0.13670634,716.400,5037.000,0.14222752,1826,1,28,0.8599,0.0167,0.049,OFICIAL
NACIONAL,BRASIL,2026-13,CHOCOLATES,BETA,FAB_BETA,N,45247.18,342406.37,0.13214468,0.13214468,486.000,5037.000,0.096486,1347,2,40,0.8599,0.0167,0.049,OFICIAL
NACIONAL,BRASIL,2026-13,CHOCOLATES,PRIME,FAB_PRIME,N,44548.44,342406.37,0.130104,0.130104,701.800,5037.000,0.13932897,1132,3,28,0.8599,0.0167,0.049,OFICIAL
NACIONAL,BRASIL,2026-13,CHOCOLATES,SOLAR,FAB_SOLAR,N,32761.52,342406.37,0.09568023,0.09568023,351.000,5037.000,0.06968434,867,4,14,0.8599,0.0167,0.049,OFICIAL
NACIONAL,BRASIL,2026-13,CHOCOLATES,VIVA,FAB_VIVA,N,31910.35,342406.37,0.09319438,0.09319438,539.300,5037.000,0.1070677,979,5,35,0.8599,0.0167,0.049,OFICIAL
NACIONAL,BRASIL,2026-13,CHOCOLATES,ALPHA,FAB_ALPHA,N,27185.16,342406.37,0.07939443,0.07939443,473.100,5037.000,0.09392496,846,6,25,0.8599,0.0167,0.049,OFICIAL
NACIONAL,BRASIL,2026-13,CHOCOLATES,DELTA,FAB_DELTA,N,25821.84,342406.37,0.07541285,0.07541285,460.900,5037.000,0.09150288,966,7,25,0.8599,0.0167,0.049,OFICIAL
NACIONAL,BRASIL,2026-13,CHOCOLATES,KITKAT,NESTLE,Y,21319.68,342406.37,0.06226426,0.06226426,202.300,5037.000,0.0401628,558,8,12,0.8599,0.0167,0.049,OFICIAL
NACIONAL,BRASIL,2026-13,CHOCOLATES,NINHO,NESTLE,Y,21247.62,342406.37,0.06205381,0.06205381,245.200,5037.000,0.04867977,720,9,18,0.8599,0.0167,0.049,OFICIAL
NACIONAL,BRASIL,2026-13,CHOCOLATES,NESCAFE,NESTLE,Y,16786.66,342406.37,0.04902555,0.04902555,273.500,5037.000,0.05429819,651,10,17,0.8599,0.0167,0.049,OFICIAL
NACIONAL,BRASIL,2026-13,CHOCOLATES,NESQUIK,NESTLE,Y,14377.48,342406.37,0.04198952,0.04198952,239.300,5037.000,0.04750844,470,11,13,0.8599,0.0167,0.049,OFICIAL
NACIONAL,BRASIL,2026-13,CHOCOLATES,MAGGI,NESTLE,Y,5578.01,342406.37,0.01629061,0.01629061,128.800,5037.000,0.02557078,223,12,9,0.8599,0.0167,0.049,OFICIAL
NACIONAL,BRASIL,2026-13,CHOCOLATES,GAROTO,NESTLE,Y,5009.67,342406.37,0.01463077,0.01463077,188.300,5037.000,0.03738336,314,13,8,0.8599,0.0167,0.049,OFICIAL
NACIONAL,BRASIL,2026-13,CHOCOLATES,MOCA,NESTLE,Y,3803.64,342406.37,0.01110856,0.01110856,31.100,5037.000,0.00617431,179,14,8,0.8599,0.0167,0.049,OFICIAL
NACIONAL,BRASIL,2026-13,CULINARIOS,NOVA,FAB_NOVA,N,53128.85,291693.11,0.18213954,0.18213954,724.800,4750.400,0.15257663,1948,1,36,0.8599,0.0167,0.1001,OFICIAL
NACIONAL,BRASIL,2026-13,CULINARIOS,MAGGI,NESTLE,Y,38065.23,291693.11,0.13049753,0.13049753,867.900,4750.400,0.1827004,974,2,18,0.8599,0.0167,0.1001,OFICIAL
NACIONAL,BRASIL,2026-13,CULINARIOS,NESCAFE,NESTLE,Y,23372.79,291693.11,0.08012802,0.08012802,224.200,4750.400,0.04719603,696,3,11,0.8599,0.0167,0.1001,OFICIAL
NACIONAL,BRASIL,2026-13,CULINARIOS,VIVA,FAB_VIVA,N,21344.24,291693.11,0.07317362,0.07317362,401.300,4750.400,0.0844771,809,4,29,0.8599,0.0167,0.1001,OFICIAL
NACIONAL,BRASIL,2026-13,CULINARIOS,ALPHA,FAB_ALPHA,N,19774.81,291693.11,0.0677932,0.0677932,208.300,4750.400,0.04384894,764,5,18,0.8599,0.0167,0.1001,OFICIAL
NACIONAL,BRASIL,2026-13,CULINARIOS,SOLAR,FAB_SOLAR,N,19743.50,291693.11,0.06768586,0.06768586,234.600,4750.400,0.04938531,632,6,23,0.8599,0.0167,0.1001,OFICIAL
NACIONAL,BRASIL,2026-13,CULINARIOS,PRIME,FAB_PRIME,N,19403.47,291693.11,0.06652015,0.06652015,285.700,4750.400,0.0601423,622,7,25,0.8599,0.0167,0.1001,OFICIAL
NACIONAL,BRASIL,2026-13,CULINARIOS,NINHO,NESTLE,Y,17623.47,291693.11,0.06041785,0.06041785,212.900,4750.400,0.04481728,558,8,12,0.8599,0.0167,0.1001,OFICIAL
NACIONAL,BRASIL,2026-13,CULINARIOS,BETA,FAB_BETA,N,17507.37,291693.11,0.06001983,0.06001983,451.200,4750.400,0.09498148,748,9,22,0.8599,0.0167,0.1001,OFICIAL
NACIONAL,BRASIL,2026-13,CULINARIOS,MOCA,NESTLE,Y,16232.44,291693.11,0.05564903,0.05564903,369.500,4750.400,0.07778292,717,10,18,0.8599,0.0167,0.1001,OFICIAL
NACIONAL,BRASIL,2026-13,CULINARIOS,GAROTO,NESTLE,Y,12982.99,291693.11,0.04450907,0.04450907,132.800,4750.400,0.02795554,370,11,12,0.8599,0.0167,0.1001,OFICIAL
NACIONAL,BRASIL,2026-13,CULINARIOS,NESQUIK,NESTLE,Y,11832.65,291693.11,0.04056541,0.04056541,144.600,4750.400,0.03043954,410,12,13,0.8599,0.0167,0.1001,OFICIAL
NACIONAL,BRASIL,2026-13,CULINARIOS,KITKAT,NESTLE,Y,11201.10,291693.11,0.03840029,0.03840029,214.200,4750.400,0.04509094,245,13,7,0.8599,0.0167,0.1001,OFICIAL
NACIONAL,BRASIL,2026-13,CULINARIOS,DELTA,FAB_DELTA,N,9480.20,291693.11,0.0325006,0.0325006,278.400,4750.400,0.05860559,572,14,17,0.8599,0.0167,0.1001,OFICIAL
NACIONAL,BRASIL,2026-13,LACTEOS,VIVA,FAB_VIVA,N,85568.71,357990.56,0.23902505,0.23902505,999.800,4991.500,0.20030051,2159,1,27,0.8599,0.0167,0.0369,OFICIAL
NACIONAL,BRASIL,2026-13,LACTEOS,BETA,FAB_BETA,N,42203.14,357990.56,0.11788897,0.11788897,706.900,4991.500,0.14162076,1249,2,26,0.8599,0.0167,0.0369,OFICIAL
NACIONAL,BRASIL,2026-13,LACTEOS,DELTA,FAB_DELTA,N,39488.20,357990.56,0.11030514,0.11030514,691.500,4991.500,0.13853551,1500,3,39,0.8599,0.0167,0.0369,OFICIAL
NACIONAL,BRASIL,2026-13,LACTEOS,NOVA,FAB_NOVA,N,35202.19,357990.56,0.09833273,0.09833273,361.400,4991.500,0.07240309,934,4,19,0.8599,0.0167,0.0369,OFICIAL
NACIONAL,BRASIL,2026-13,LACTEOS,SOLAR,FAB_SOLAR,N,30993.63,357990.56,0.08657667,0.08657667,357.700,4991.500,0.07166183,1014,5,32,0.8599,0.0167,0.0369,OFICIAL
NACIONAL,BRASIL,2026-13,LACTEOS,MOCA,NESTLE,Y,23461.62,357990.56,0.06553698,0.06553698,380.300,4991.500,0.07618952,881,6,24,0.8599,0.0167,0.0369,OFICIAL
NACIONAL,BRASIL,2026-13,LACTEOS,PRIME,FAB_PRIME,N,20368.62,357990.56,0.05689709,0.05689709,154.500,4991.500,0.03095262,568,7,19,0.8599,0.0167,0.0369,OFICIAL
NACIONAL,BRASIL,2026-13,LACTEOS,NINHO,NESTLE,Y,18112.60,357990.56,0.05059519,0.05059519,263.700,4991.500,0.05282981,577,8,13,0.8599,0.0167,0.0369,OFICIAL
NACIONAL,BRASIL,2026-13,LACTEOS,ALPHA,FAB_ALPHA,N,17228.27,357990.56,0.04812493,0.04812493,205.200,4991.500,0.04110989,544,9,17,0.8599,0.0167,0.0369,OFICIAL
NACIONAL,BRASIL,2026-13,LACTEOS,MAGGI,NESTLE,Y,12904.22,357990.56,0.03604626,0.03604626,106.900,4991.500,0.02141641,398,10,10,0.8599,0.0167,0.0369,OFICIAL
NACIONAL,BRASIL,2026-13,LACTEOS,KITKAT,NESTLE,Y,11249.88,357990.56,0.03142507,0.03142507,107.700,4991.500,0.02157668,416,11,13,0.8599,0.0167,0.0369,OFICIAL
NACIONAL,BRASIL,2026-13,LACTEOS,NESCAFE,NESTLE,Y,9598.08,357990.56,0.02681099,0.02681099,213.200,4991.500,0.04271261,271,12,11,0.8599,0.0167,0.0369,OFICIAL
NACIONAL,BRASIL,2026-13,LACTEOS,GAROTO,NESTLE,Y,6410.82,357990.56,0.01790779,0.01790779,285.900,4991.500,0.05727737,367,13,7,0.8599,0.0167,0.0369,OFICIAL
NACIONAL,BRASIL,2026-13,LACTEOS,NESQUIK,NESTLE,Y,5200.58,357990.56,0.01452714,0.01452714,156.800,4991.500,0.0314134,290,14,14,0.8599,0.0167,0.0369,OFICIAL
NACIONAL,BRASIL,2026-13,NUTRICAO,ALPHA,FAB_ALPHA,N,45794.58,269199.72,0.17011377,0.17011377,641.000,5107.700,0.1254968,1255,1,26,0.8599,0.0167,0.0432,OFICIAL
NACIONAL,BRASIL,2026-13,NUTRICAO,SOLAR,FAB_SOLAR,N,32164.46,269199.72,0.11948177,0.11948177,560.600,5107.700,0.10975586,1019,2,25,0.8599,0.0167,0.0432,OFICIAL
NACIONAL,BRASIL,2026-13,NUTRICAO,PRIME,FAB_PRIME,N,29226.75,269199.72,0.10856902,0.10856902,905.900,5107.700,0.17735967,1497,3,30,0.8599,0.0167,0.0432,OFICIAL
NACIONAL,BRASIL,2026-13,NUTRICAO,NOVA,FAB_NOVA,N,28579.46,269199.72,0.10616452,0.10616452,422.000,5107.700,0.08262036,866,4,23,0.8599,0.0167,0.0432,OFICIAL
NACIONAL,BRASIL,2026-13,NUTRICAO,BETA,FAB_BETA,N,26439.15,269199.72,0.09821388,0.09821388,404.700,5107.700,0.07923331,967,5,25,0.8599,0.0167,0.0432,OFICIAL
NACIONAL,BRASIL,2026-13,NUTRICAO,NESQUIK,NESTLE,Y,24743.86,269199.72,0.09191637,0.09191637,576.900,5107.700,0.11294712,1158,6,42,0.8599,0.0167,0.0432,OFICIAL
NACIONAL,BRASIL,2026-13,NUTRICAO,VIVA,FAB_VIVA,N,21733.51,269199.72,0.08073378,0.08073378,556.700,5107.700,0.10899231,815,7,17,0.8599,0.0167,0.0432,OFICIAL
NACIONAL,BRASIL,2026-13,NUTRICAO,NINHO,NESTLE,Y,15669.73,269199.72,0.05820857,0.05820857,242.700,5107.700,0.04751649,636,8,14,0.8599,0.0167,0.0432,OFICIAL
NACIONAL,BRASIL,2026-13,NUTRICAO,MOCA,NESTLE,Y,11015.73,269199.72,0.04092029,0.04092029,167.700,5107.700,0.03283278,539,9,13,0.8599,0.0167,0.0432,OFICIAL
NACIONAL,BRASIL,2026-13,NUTRICAO,DELTA,FAB_DELTA,N,10915.48,269199.72,0.04054789,0.04054789,193.700,5107.700,0.03792314,389,10,16,0.8599,0.0167,0.0432,OFICIAL
NACIONAL,BRASIL,2026-13,NUTRICAO,NESCAFE,NESTLE,Y,7973.46,269199.72,0.02961912,0.02961912,88.900,5107.700,0.01740509,219,11,9,0.8599,0.0167,0.0432,OFICIAL
NACIONAL,BRASIL,2026-13,NUTRICAO,KITKAT,NESTLE,Y,6739.44,269199.72,0.02503509,0.02503509,97.500,5107.700,0.01908883,236,12,8,0.8599,0.0167,0.0432,OFICIAL
NACIONAL,BRASIL,2026-13,NUTRICAO,MAGGI,NESTLE,Y,6535.82,269199.72,0.0242787,0.0242787,210.400,5107.700,0.04119271,293,13,7,0.8599,0.0167,0.0432,OFICIAL
NACIONAL,BRASIL,2026-13,NUTRICAO,GAROTO,NESTLE,Y,1668.29,269199.72,0.00619722,0.00619722,39.000,5107.700,0.00763553,87,14,5,0.8599,0.0167,0.0432,OFICIAL
NACIONAL,BRASIL,2026-14,BEBIDAS,NOVA,FAB_NOVA,N,47967.72,356144.38,0.13468616,0.13468616,629.100,4700.200,0.13384537,1377,1,26,0.8823,0.0176,0.0452,OFICIAL
NACIONAL,BRASIL,2026-14,BEBIDAS,SOLAR,FAB_SOLAR,N,46782.24,356144.38,0.13135751,0.13135751,731.400,4700.200,0.1556104,1521,2,38,0.8823,0.0176,0.0452,OFICIAL
NACIONAL,BRASIL,2026-14,BEBIDAS,ALPHA,FAB_ALPHA,N,36477.14,356144.38,0.10242234,0.10242234,545.800,4700.200,0.11612272,1181,3,28,0.8823,0.0176,0.0452,OFICIAL
NACIONAL,BRASIL,2026-14,BEBIDAS,DELTA,FAB_DELTA,N,33089.01,356144.38,0.09290898,0.09290898,361.400,4700.200,0.07689035,1108,4,28,0.8823,0.0176,0.0452,OFICIAL
NACIONAL,BRASIL,2026-14,BEBIDAS,MOCA,NESTLE,Y,30502.21,356144.38,0.08564563,0.08564563,253.900,4700.200,0.05401898,792,5,10,0.8823,0.0176,0.0452,OFICIAL
NACIONAL,BRASIL,2026-14,BEBIDAS,NESQUIK,NESTLE,Y,27686.40,356144.38,0.07773926,0.07773926,280.000,4700.200,0.05957193,801,6,13,0.8823,0.0176,0.0452,OFICIAL
NACIONAL,BRASIL,2026-14,BEBIDAS,NINHO,NESTLE,Y,22315.10,356144.38,0.06265745,0.06265745,318.200,4700.200,0.06769925,1089,7,30,0.8823,0.0176,0.0452,OFICIAL
NACIONAL,BRASIL,2026-14,BEBIDAS,BETA,FAB_BETA,N,21721.55,356144.38,0.06099085,0.06099085,264.000,4700.200,0.05616782,632,8,22,0.8823,0.0176,0.0452,OFICIAL
NACIONAL,BRASIL,2026-14,BEBIDAS,MAGGI,NESTLE,Y,17657.77,356144.38,0.04958037,0.04958037,295.200,4700.200,0.06280584,538,9,14,0.8823,0.0176,0.0452,OFICIAL
NACIONAL,BRASIL,2026-14,BEBIDAS,NESCAFE,NESTLE,Y,17242.89,356144.38,0.04841545,0.04841545,332.800,4700.200,0.0708055,941,10,29,0.8823,0.0176,0.0452,OFICIAL
NACIONAL,BRASIL,2026-14,BEBIDAS,VIVA,FAB_VIVA,N,16182.66,356144.38,0.04543848,0.04543848,200.100,4700.200,0.04257266,476,11,16,0.8823,0.0176,0.0452,OFICIAL
NACIONAL,BRASIL,2026-14,BEBIDAS,PRIME,FAB_PRIME,N,13979.53,356144.38,0.03925242,0.03925242,221.800,4700.200,0.04718948,521,12,21,0.8823,0.0176,0.0452,OFICIAL
NACIONAL,BRASIL,2026-14,BEBIDAS,KITKAT,NESTLE,Y,12693.45,356144.38,0.0356413,0.0356413,82.600,4700.200,0.01757372,347,13,11,0.8823,0.0176,0.0452,OFICIAL
NACIONAL,BRASIL,2026-14,BEBIDAS,GAROTO,NESTLE,Y,11846.71,356144.38,0.03326378,0.03326378,183.900,4700.200,0.03912599,573,14,16,0.8823,0.0176,0.0452,OFICIAL
NACIONAL,BRASIL,2026-14,CHOCOLATES,SOLAR,FAB_SOLAR,N,36405.31,276980.19,0.13143651,0.13143651,724.800,5304.000,0.13665158,1277,1,30,0.8823,0.0176,0.0285,OFICIAL
NACIONAL,BRASIL,2026-14,CHOCOLATES,KITKAT,NESTLE,Y,35606.90,276980.19,0.12855396,0.12855396,452.700,5304.000,0.08535068,1084,2,21,0.8823,0.0176,0.0285,OFICIAL
NACIONAL,BRASIL,2026-14,CHOCOLATES,NESQUIK,NESTLE,Y,28728.50,276980.19,0.10372041,0.10372041,425.800,5304.000,0.08027903,1048,3,20,0.8823,0.0176,0.0285,OFICIAL
NACIONAL,BRASIL,2026-14,CHOCOLATES,NOVA,FAB_NOVA,N,24689.91,276980.19,0.08913962,0.08913962,390.000,5304.000,0.07352941,1045,4,25,0.8823,0.0176,0.0285,OFICIAL
NACIONAL,BRASIL,2026-14,CHOCOLATES,MAGGI,NESTLE,Y,24297.69,276980.19,0.08772357,0.08772357,478.200,5304.000,0.09015837,863,5,15,0.8823,0.0176,0.0285,OFICIAL
NACIONAL,BRASIL,2026-14,CHOCOLATES,NESCAFE,NESTLE,Y,21311.83,276980.19,0.07694352,0.07694352,638.600,5304.000,0.1203997,890,6,19,0.8823,0.0176,0.0285,OFICIAL
NACIONAL,BRASIL,2026-14,CHOCOLATES,VIVA,FAB_VIVA,N,18514.19,276980.19,0.06684301,0.06684301,348.100,5304.000,0.06562971,754,7,28,0.8823,0.0176,0.0285,OFICIAL
NACIONAL,BRASIL,2026-14,CHOCOLATES,BETA,FAB_BETA,N,18336.75,276980.19,0.06620239,0.06620239,405.100,5304.000,0.07637632,816,8,23,0.8823,0.0176,0.0285,OFICIAL
NACIONAL,BRASIL,2026-14,CHOCOLATES,PRIME,FAB_PRIME,N,16981.83,276980.19,0.06131063,0.06131063,321.900,5304.000,0.06069005,722,9,14,0.8823,0.0176,0.0285,OFICIAL
NACIONAL,BRASIL,2026-14,CHOCOLATES,NINHO,NESTLE,Y,15599.26,276980.19,0.05631905,0.05631905,337.900,5304.000,0.06370664,659,10,15,0.8823,0.0176,0.0285,OFICIAL
NACIONAL,BRASIL,2026-14,CHOCOLATES,DELTA,FAB_DELTA,N,11964.25,276980.19,0.04319533,0.04319533,310.200,5304.000,0.05848416,652,11,17,0.8823,0.0176,0.0285,OFICIAL
NACIONAL,BRASIL,2026-14,CHOCOLATES,MOCA,NESTLE,Y,10810.92,276980.19,0.03903138,0.03903138,267.000,5304.000,0.05033937,499,12,8,0.8823,0.0176,0.0285,OFICIAL
NACIONAL,BRASIL,2026-14,CHOCOLATES,ALPHA,FAB_ALPHA,N,8102.66,276980.19,0.02925357,0.02925357,157.300,5304.000,0.02965686,402,13,14,0.8823,0.0176,0.0285,OFICIAL
NACIONAL,BRASIL,2026-14,CHOCOLATES,GAROTO,NESTLE,Y,5630.19,276980.19,0.02032705,0.02032705,46.400,5304.000,0.00874811,140,14,7,0.8823,0.0176,0.0285,OFICIAL
NACIONAL,BRASIL,2026-14,CULINARIOS,VIVA,FAB_VIVA,N,43744.72,290660.18,0.15050125,0.15050125,556.000,4295.100,0.12944984,1448,1,40,0.8823,0.0176,0.0144,OFICIAL
NACIONAL,BRASIL,2026-14,CULINARIOS,ALPHA,FAB_ALPHA,N,34478.68,290660.18,0.11862196,0.11862196,451.400,4295.100,0.10509651,951,2,17,0.8823,0.0176,0.0144,OFICIAL
NACIONAL,BRASIL,2026-14,CULINARIOS,NOVA,FAB_NOVA,N,30512.59,290660.18,0.10497685,0.10497685,448.500,4295.100,0.10442132,1087,3,34,0.8823,0.0176,0.0144,OFICIAL
NACIONAL,BRASIL,2026-14,CULINARIOS,SOLAR,FAB_SOLAR,N,26514.44,290660.18,0.09122144,0.09122144,485.600,4295.100,0.11305907,1136,4,14,0.8823,0.0176,0.0144,OFICIAL
NACIONAL,BRASIL,2026-14,CULINARIOS,PRIME,FAB_PRIME,N,21800.13,290660.18,0.07500212,0.07500212,338.600,4295.100,0.07883402,653,5,18,0.8823,0.0176,0.0144,OFICIAL
NACIONAL,BRASIL,2026-14,CULINARIOS,NINHO,NESTLE,Y,20475.52,290660.18,0.07044487,0.07044487,338.200,4295.100,0.07874089,732,6,22,0.8823,0.0176,0.0144,OFICIAL
NACIONAL,BRASIL,2026-14,CULINARIOS,DELTA,FAB_DELTA,N,18170.27,290660.18,0.06251379,0.06251379,167.300,4295.100,0.03895136,702,7,21,0.8823,0.0176,0.0144,OFICIAL
NACIONAL,BRASIL,2026-14,CULINARIOS,MOCA,NESTLE,Y,17778.50,290660.18,0.06116593,0.06116593,374.000,4295.100,0.08707597,464,8,8,0.8823,0.0176,0.0144,OFICIAL
NACIONAL,BRASIL,2026-14,CULINARIOS,MAGGI,NESTLE,Y,16824.87,290660.18,0.05788502,0.05788502,451.900,4295.100,0.10521292,839,9,14,0.8823,0.0176,0.0144,OFICIAL
NACIONAL,BRASIL,2026-14,CULINARIOS,GAROTO,NESTLE,Y,15679.09,290660.18,0.05394303,0.05394303,187.300,4295.100,0.04360783,552,10,18,0.8823,0.0176,0.0144,OFICIAL
NACIONAL,BRASIL,2026-14,CULINARIOS,NESCAFE,NESTLE,Y,14499.34,290660.18,0.04988416,0.04988416,63.400,4295.100,0.01476101,424,11,10,0.8823,0.0176,0.0144,OFICIAL
NACIONAL,BRASIL,2026-14,CULINARIOS,KITKAT,NESTLE,Y,12396.87,290660.18,0.04265073,0.04265073,213.900,4295.100,0.04980094,360,12,15,0.8823,0.0176,0.0144,OFICIAL
NACIONAL,BRASIL,2026-14,CULINARIOS,BETA,FAB_BETA,N,12149.75,290660.18,0.04180053,0.04180053,143.400,4295.100,0.03338688,417,13,16,0.8823,0.0176,0.0144,OFICIAL
NACIONAL,BRASIL,2026-14,CULINARIOS,NESQUIK,NESTLE,Y,5635.41,290660.18,0.01938831,0.01938831,75.600,4295.100,0.01760145,177,14,9,0.8823,0.0176,0.0144,OFICIAL
NACIONAL,BRASIL,2026-14,LACTEOS,ALPHA,FAB_ALPHA,N,49278.28,306902.60,0.16056651,0.16056651,630.500,4743.100,0.13292994,1330,1,34,0.8823,0.0176,0.0675,OFICIAL
NACIONAL,BRASIL,2026-14,LACTEOS,VIVA,FAB_VIVA,N,39288.62,306902.60,0.12801658,0.12801658,857.300,4743.100,0.18074677,1360,2,36,0.8823,0.0176,0.0675,OFICIAL
NACIONAL,BRASIL,2026-14,LACTEOS,NOVA,FAB_NOVA,N,36355.59,306902.60,0.1184597,0.1184597,541.400,4743.100,0.11414476,1010,3,27,0.8823,0.0176,0.0675,OFICIAL
NACIONAL,BRASIL,2026-14,LACTEOS,DELTA,FAB_DELTA,N,27837.97,306902.60,0.0907062,0.0907062,420.600,4743.100,0.08867618,853,4,30,0.8823,0.0176,0.0675,OFICIAL
NACIONAL,BRASIL,2026-14,LACTEOS,SOLAR,FAB_SOLAR,N,23763.96,306902.60,0.0774316,0.0774316,476.900,4743.100,0.10054606,1070,5,31,0.8823,0.0176,0.0675,OFICIAL
NACIONAL,BRASIL,2026-14,LACTEOS,NINHO,NESTLE,Y,23070.39,306902.60,0.0751717,0.0751717,326.000,4743.100,0.06873142,783,6,18,0.8823,0.0176,0.0675,OFICIAL
NACIONAL,BRASIL,2026-14,LACTEOS,PRIME,FAB_PRIME,N,23041.61,306902.60,0.07507792,0.07507792,293.500,4743.100,0.06187936,837,7,23,0.8823,0.0176,0.0675,OFICIAL
NACIONAL,BRASIL,2026-14,LACTEOS,BETA,FAB_BETA,N,19846.97,306902.60,0.06466863,0.06466863,330.400,4743.100,0.06965908,733,8,21,0.8823,0.0176,0.0675,OFICIAL
NACIONAL,BRASIL,2026-14,LACTEOS,NESQUIK,NESTLE,Y,13600.50,306902.60,0.04431536,0.04431536,179.900,4743.100,0.03792878,585,9,18,0.8823,0.0176,0.0675,OFICIAL
NACIONAL,BRASIL,2026-14,LACTEOS,MOCA,NESTLE,Y,12289.32,306902.60,0.04004306,0.04004306,160.300,4743.100,0.03379646,363,10,16,0.8823,0.0176,0.0675,OFICIAL
NACIONAL,BRASIL,2026-14,LACTEOS,NESCAFE,NESTLE,Y,11168.98,306902.60,0.03639259,0.03639259,102.400,4743.100,0.02158926,381,11,8,0.8823,0.0176,0.0675,OFICIAL
NACIONAL,BRASIL,2026-14,LACTEOS,GAROTO,NESTLE,Y,10746.63,306902.60,0.03501642,0.03501642,173.400,4743.100,0.03655837,418,12,12,0.8823,0.0176,0.0675,OFICIAL
NACIONAL,BRASIL,2026-14,LACTEOS,MAGGI,NESTLE,Y,9237.69,306902.60,0.03009975,0.03009975,86.600,4743.100,0.0182581,324,13,9,0.8823,0.0176,0.0675,OFICIAL
NACIONAL,BRASIL,2026-14,LACTEOS,KITKAT,NESTLE,Y,7376.09,306902.60,0.02403398,0.02403398,163.900,4743.100,0.03455546,274,14,11,0.8823,0.0176,0.0675,OFICIAL
NACIONAL,BRASIL,2026-14,NUTRICAO,BETA,FAB_BETA,N,43895.38,320945.16,0.1367691,0.1367691,611.400,5152.800,0.11865394,1330,1,26,0.8823,0.0176,0.1041,OFICIAL
NACIONAL,BRASIL,2026-14,NUTRICAO,DELTA,FAB_DELTA,N,41196.29,320945.16,0.12835928,0.12835928,923.800,5152.800,0.17928117,1339,2,31,0.8823,0.0176,0.1041,OFICIAL
NACIONAL,BRASIL,2026-14,NUTRICAO,ALPHA,FAB_ALPHA,N,36128.41,320945.16,0.1125688,0.1125688,760.000,5152.800,0.14749263,1439,3,32,0.8823,0.0176,0.1041,OFICIAL
NACIONAL,BRASIL,2026-14,NUTRICAO,VIVA,FAB_VIVA,N,35535.25,320945.16,0.11072063,0.11072063,415.200,5152.800,0.08057755,1362,4,24,0.8823,0.0176,0.1041,OFICIAL
NACIONAL,BRASIL,2026-14,NUTRICAO,KITKAT,NESTLE,Y,34888.97,320945.16,0.10870695,0.10870695,379.200,5152.800,0.07359106,797,5,20,0.8823,0.0176,0.1041,OFICIAL
NACIONAL,BRASIL,2026-14,NUTRICAO,NESCAFE,NESTLE,Y,25428.24,320945.16,0.07922924,0.07922924,227.000,5152.800,0.04405372,714,6,15,0.8823,0.0176,0.1041,OFICIAL
NACIONAL,BRASIL,2026-14,NUTRICAO,PRIME,FAB_PRIME,N,20421.03,320945.16,0.06362779,0.06362779,347.400,5152.800,0.06741966,899,7,27,0.8823,0.0176,0.1041,OFICIAL
NACIONAL,BRASIL,2026-14,NUTRICAO,NESQUIK,NESTLE,Y,20127.96,320945.16,0.06271464,0.06271464,405.500,5152.800,0.07869508,1060,8,40,0.8823,0.0176,0.1041,OFICIAL
NACIONAL,BRASIL,2026-14,NUTRICAO,NOVA,FAB_NOVA,N,18324.76,320945.16,0.05709623,0.05709623,283.000,5152.800,0.0549216,600,9,17,0.8823,0.0176,0.1041,OFICIAL
NACIONAL,BRASIL,2026-14,NUTRICAO,MOCA,NESTLE,Y,17771.65,320945.16,0.05537286,0.05537286,305.100,5152.800,0.05921053,571,10,13,0.8823,0.0176,0.1041,OFICIAL
NACIONAL,BRASIL,2026-14,NUTRICAO,SOLAR,FAB_SOLAR,N,12128.81,320945.16,0.03779091,0.03779091,193.300,5152.800,0.03751358,530,11,12,0.8823,0.0176,0.1041,OFICIAL
NACIONAL,BRASIL,2026-14,NUTRICAO,GAROTO,NESTLE,Y,5812.78,320945.16,0.01811144,0.01811144,94.100,5152.800,0.01826192,257,12,8,0.8823,0.0176,0.1041,OFICIAL
NACIONAL,BRASIL,2026-14,NUTRICAO,MAGGI,NESTLE,Y,5262.93,320945.16,0.01639822,0.01639822,54.000,5152.800,0.01047974,271,13,8,0.8823,0.0176,0.1041,OFICIAL
NACIONAL,BRASIL,2026-14,NUTRICAO,NINHO,NESTLE,Y,4022.70,320945.16,0.01253392,0.01253392,153.800,5152.800,0.02984785,566,14,6,0.8823,0.0176,0.1041,OFICIAL
NACIONAL,BRASIL,2026-15,BEBIDAS,SOLAR,FAB_SOLAR,N,50689.41,291425.82,0.17393589,0.17393589,998.900,4457.700,0.22408417,1528,1,31,0.84,0.0138,0.0288,OFICIAL
NACIONAL,BRASIL,2026-15,BEBIDAS,ALPHA,FAB_ALPHA,N,33557.94,291425.82,0.11515088,0.11515088,339.200,4457.700,0.07609305,1021,2,21,0.84,0.0138,0.0288,OFICIAL
NACIONAL,BRASIL,2026-15,BEBIDAS,GAROTO,NESTLE,Y,25894.68,291425.82,0.08885513,0.08885513,168.000,4457.700,0.0376876,659,3,10,0.84,0.0138,0.0288,OFICIAL
NACIONAL,BRASIL,2026-15,BEBIDAS,BETA,FAB_BETA,N,22162.17,291425.82,0.07604738,0.07604738,424.300,4457.700,0.09518361,736,4,24,0.84,0.0138,0.0288,OFICIAL
NACIONAL,BRASIL,2026-15,BEBIDAS,NOVA,FAB_NOVA,N,20559.74,291425.82,0.07054879,0.07054879,445.600,4457.700,0.09996186,916,5,25,0.84,0.0138,0.0288,OFICIAL
NACIONAL,BRASIL,2026-15,BEBIDAS,NESQUIK,NESTLE,Y,19431.69,291425.82,0.066678,0.066678,292.600,4457.700,0.06563923,513,6,19,0.84,0.0138,0.0288,OFICIAL
NACIONAL,BRASIL,2026-15,BEBIDAS,VIVA,FAB_VIVA,N,19270.07,291425.82,0.06612341,0.06612341,114.900,4457.700,0.02577562,596,7,15,0.84,0.0138,0.0288,OFICIAL
NACIONAL,BRASIL,2026-15,BEBIDAS,NINHO,NESTLE,Y,18173.90,291425.82,0.06236201,0.06236201,376.000,4457.700,0.08434843,937,8,34,0.84,0.0138,0.0288,OFICIAL
NACIONAL,BRASIL,2026-15,BEBIDAS,DELTA,FAB_DELTA,N,15402.81,291425.82,0.05285328,0.05285328,202.000,4457.700,0.04531485,581,9,21,0.84,0.0138,0.0288,OFICIAL
NACIONAL,BRASIL,2026-15,BEBIDAS,MOCA,NESTLE,Y,14873.61,291425.82,0.05103738,0.05103738,237.100,4457.700,0.05318886,392,10,12,0.84,0.0138,0.0288,OFICIAL
NACIONAL,BRASIL,2026-15,BEBIDAS,NESCAFE,NESTLE,Y,14032.00,291425.82,0.04814947,0.04814947,310.800,4457.700,0.06972205,804,11,28,0.84,0.0138,0.0288,OFICIAL
NACIONAL,BRASIL,2026-15,BEBIDAS,KITKAT,NESTLE,Y,13956.95,291425.82,0.04789195,0.04789195,240.600,4457.700,0.05397402,381,12,11,0.84,0.0138,0.0288,OFICIAL
NACIONAL,BRASIL,2026-15,BEBIDAS,MAGGI,NESTLE,Y,13916.25,291425.82,0.04775229,0.04775229,178.600,4457.700,0.0400655,566,13,20,0.84,0.0138,0.0288,OFICIAL
NACIONAL,BRASIL,2026-15,BEBIDAS,PRIME,FAB_PRIME,N,9504.60,291425.82,0.03261413,0.03261413,129.100,4457.700,0.02896112,393,14,13,0.84,0.0138,0.0288,OFICIAL
NACIONAL,BRASIL,2026-15,CHOCOLATES,BETA,FAB_BETA,N,52758.57,359761.30,0.14664882,0.14664882,779.500,6698.000,0.11637802,1430,1,30,0.84,0.0138,0.02,OFICIAL
NACIONAL,BRASIL,2026-15,CHOCOLATES,MAGGI,NESTLE,Y,50999.38,359761.30,0.14175894,0.14175894,1119.800,6698.000,0.16718423,1353,2,14,0.84,0.0138,0.02,OFICIAL
NACIONAL,BRASIL,2026-15,CHOCOLATES,NESCAFE,NESTLE,Y,36316.37,359761.30,0.10094574,0.10094574,892.000,6698.000,0.13317408,1250,3,17,0.84,0.0138,0.02,OFICIAL
NACIONAL,BRASIL,2026-15,CHOCOLATES,PRIME,FAB_PRIME,N,30140.66,359761.30,0.08377961,0.08377961,371.400,6698.000,0.05544939,930,4,29,0.84,0.0138,0.02,OFICIAL
NACIONAL,BRASIL,2026-15,CHOCOLATES,VIVA,FAB_VIVA,N,28947.23,359761.30,0.08046232,0.08046232,491.700,6698.000,0.07340997,1053,5,25,0.84,0.0138,0.02,OFICIAL
NACIONAL,BRASIL,2026-15,CHOCOLATES,SOLAR,FAB_SOLAR,N,23817.09,359761.30,0.06620248,0.06620248,299.400,6698.000,0.04469991,656,6,17,0.84,0.0138,0.02,OFICIAL
NACIONAL,BRASIL,2026-15,CHOCOLATES,GAROTO,NESTLE,Y,23116.56,359761.30,0.06425527,0.06425527,802.800,6698.000,0.11985667,862,7,5,0.84,0.0138,0.02,OFICIAL
NACIONAL,BRASIL,2026-15,CHOCOLATES,DELTA,FAB_DELTA,N,20039.76,359761.30,0.05570293,0.05570293,261.500,6698.000,0.0390415,595,8,21,0.84,0.0138,0.02,OFICIAL
NACIONAL,BRASIL,2026-15,CHOCOLATES,NESQUIK,NESTLE,Y,19790.65,359761.30,0.0550105,0.0550105,329.300,6698.000,0.04916393,557,9,14,0.84,0.0138,0.02,OFICIAL
NACIONAL,BRASIL,2026-15,CHOCOLATES,NINHO,NESTLE,Y,19357.47,359761.30,0.05380643,0.05380643,428.400,6698.000,0.06395939,876,10,19,0.84,0.0138,0.02,OFICIAL
NACIONAL,BRASIL,2026-15,CHOCOLATES,NOVA,FAB_NOVA,N,16335.48,359761.30,0.04540644,0.04540644,292.200,6698.000,0.04362496,595,11,18,0.84,0.0138,0.02,OFICIAL
NACIONAL,BRASIL,2026-15,CHOCOLATES,ALPHA,FAB_ALPHA,N,15584.28,359761.30,0.04331839,0.04331839,278.400,6698.000,0.04156465,625,12,14,0.84,0.0138,0.02,OFICIAL
NACIONAL,BRASIL,2026-15,CHOCOLATES,MOCA,NESTLE,Y,11325.60,359761.30,0.03148087,0.03148087,168.700,6698.000,0.02518662,485,13,17,0.84,0.0138,0.02,OFICIAL
NACIONAL,BRASIL,2026-15,CHOCOLATES,KITKAT,NESTLE,Y,11232.20,359761.30,0.03122126,0.03122126,182.900,6698.000,0.02730666,397,14,14,0.84,0.0138,0.02,OFICIAL
NACIONAL,BRASIL,2026-15,CULINARIOS,PRIME,FAB_PRIME,N,37128.34,261350.74,0.14206327,0.14206327,744.200,4936.000,0.15076985,1177,1,35,0.84,0.0138,0.0151,OFICIAL
NACIONAL,BRASIL,2026-15,CULINARIOS,NOVA,FAB_NOVA,N,33269.54,261350.74,0.12729843,0.12729843,699.400,4936.000,0.14169368,1365,2,48,0.84,0.0138,0.0151,OFICIAL
NACIONAL,BRASIL,2026-15,CULINARIOS,KITKAT,NESTLE,Y,26144.12,261350.74,0.10003461,0.10003461,389.500,4936.000,0.07891005,955,3,24,0.84,0.0138,0.0151,OFICIAL
NACIONAL,BRASIL,2026-15,CULINARIOS,VIVA,FAB_VIVA,N,23714.82,261350.74,0.09073944,0.09073944,745.700,4936.000,0.15107374,1040,4,19,0.84,0.0138,0.0151,OFICIAL
NACIONAL,BRASIL,2026-15,CULINARIOS,DELTA,FAB_DELTA,N,20513.33,261350.74,0.07848966,0.07848966,346.400,4936.000,0.07017828,678,5,21,0.84,0.0138,0.0151,OFICIAL
NACIONAL,BRASIL,2026-15,CULINARIOS,MOCA,NESTLE,Y,17677.12,261350.74,0.06763754,0.06763754,335.800,4936.000,0.06803079,686,6,14,0.84,0.0138,0.0151,OFICIAL
NACIONAL,BRASIL,2026-15,CULINARIOS,NINHO,NESTLE,Y,17489.16,261350.74,0.06691835,0.06691835,256.700,4936.000,0.05200567,634,7,18,0.84,0.0138,0.0151,OFICIAL
NACIONAL,BRASIL,2026-15,CULINARIOS,ALPHA,FAB_ALPHA,N,16528.42,261350.74,0.06324229,0.06324229,290.100,4936.000,0.05877229,685,8,15,0.84,0.0138,0.0151,OFICIAL
NACIONAL,BRASIL,2026-15,CULINARIOS,BETA,FAB_BETA,N,16393.87,261350.74,0.06272747,0.06272747,221.700,4936.000,0.04491491,569,9,23,0.84,0.0138,0.0151,OFICIAL
NACIONAL,BRASIL,2026-15,CULINARIOS,NESCAFE,NESTLE,Y,14321.37,261350.74,0.05479751,0.05479751,258.700,4936.000,0.05241086,395,10,7,0.84,0.0138,0.0151,OFICIAL
NACIONAL,BRASIL,2026-15,CULINARIOS,SOLAR,FAB_SOLAR,N,14142.48,261350.74,0.05411303,0.05411303,183.300,4936.000,0.03713533,403,11,18,0.84,0.0138,0.0151,OFICIAL
NACIONAL,BRASIL,2026-15,CULINARIOS,MAGGI,NESTLE,Y,12728.71,261350.74,0.04870355,0.04870355,279.500,4936.000,0.0566248,444,12,13,0.84,0.0138,0.0151,OFICIAL
NACIONAL,BRASIL,2026-15,CULINARIOS,GAROTO,NESTLE,Y,8047.54,261350.74,0.03079211,0.03079211,124.700,4936.000,0.02526337,278,13,8,0.84,0.0138,0.0151,OFICIAL
NACIONAL,BRASIL,2026-15,CULINARIOS,NESQUIK,NESTLE,Y,3251.92,261350.74,0.01244274,0.01244274,60.300,4936.000,0.01221637,183,14,7,0.84,0.0138,0.0151,OFICIAL
NACIONAL,BRASIL,2026-15,LACTEOS,DELTA,FAB_DELTA,N,68198.78,405898.44,0.16801932,0.16801932,1013.500,5370.800,0.18870559,2290,1,42,0.84,0.0138,0.0438,OFICIAL
NACIONAL,BRASIL,2026-15,LACTEOS,MOCA,NESTLE,Y,44010.75,405898.44,0.10842799,0.10842799,385.100,5370.800,0.07170254,1548,2,24,0.84,0.0138,0.0438,OFICIAL
NACIONAL,BRASIL,2026-15,LACTEOS,VIVA,FAB_VIVA,N,43063.53,405898.44,0.10609435,0.10609435,528.400,5370.800,0.09838385,1285,3,28,0.84,0.0138,0.0438,OFICIAL
NACIONAL,BRASIL,2026-15,LACTEOS,NOVA,FAB_NOVA,N,40749.25,405898.44,0.10039272,0.10039272,356.300,5370.800,0.06634021,1327,4,28,0.84,0.0138,0.0438,OFICIAL
NACIONAL,BRASIL,2026-15,LACTEOS,SOLAR,FAB_SOLAR,N,37182.47,405898.44,0.09160535,0.09160535,450.900,5370.800,0.08395397,1013,5,33,0.84,0.0138,0.0438,OFICIAL
NACIONAL,BRASIL,2026-15,LACTEOS,ALPHA,FAB_ALPHA,N,37161.99,405898.44,0.0915549,0.0915549,729.100,5370.800,0.13575259,1677,6,31,0.84,0.0138,0.0438,OFICIAL
NACIONAL,BRASIL,2026-15,LACTEOS,BETA,FAB_BETA,N,35250.39,405898.44,0.08684534,0.08684534,303.200,5370.800,0.05645341,999,7,23,0.84,0.0138,0.0438,OFICIAL
NACIONAL,BRASIL,2026-15,LACTEOS,GAROTO,NESTLE,Y,23077.28,405898.44,0.05685481,0.05685481,184.400,5370.800,0.03433381,756,8,15,0.84,0.0138,0.0438,OFICIAL
NACIONAL,BRASIL,2026-15,LACTEOS,PRIME,FAB_PRIME,N,20987.43,405898.44,0.05170611,0.05170611,380.400,5370.800,0.07082744,785,9,15,0.84,0.0138,0.0438,OFICIAL
NACIONAL,BRASIL,2026-15,LACTEOS,NESQUIK,NESTLE,Y,19712.61,405898.44,0.04856538,0.04856538,332.300,5370.800,0.0618716,650,10,11,0.84,0.0138,0.0438,OFICIAL
NACIONAL,BRASIL,2026-15,LACTEOS,KITKAT,NESTLE,Y,14809.29,405898.44,0.03648521,0.03648521,312.800,5370.800,0.05824086,764,11,11,0.84,0.0138,0.0438,OFICIAL
NACIONAL,BRASIL,2026-15,LACTEOS,NESCAFE,NESTLE,Y,10832.04,405898.44,0.02668658,0.02668658,158.300,5370.800,0.02947419,348,12,15,0.84,0.0138,0.0438,OFICIAL
NACIONAL,BRASIL,2026-15,LACTEOS,MAGGI,NESTLE,Y,5496.74,405898.44,0.01354216,0.01354216,87.300,5370.800,0.01625456,175,13,8,0.84,0.0138,0.0438,OFICIAL
NACIONAL,BRASIL,2026-15,LACTEOS,NINHO,NESTLE,Y,5365.89,405898.44,0.01321978,0.01321978,148.800,5370.800,0.02770537,287,14,15,0.84,0.0138,0.0438,OFICIAL
NACIONAL,BRASIL,2026-15,NUTRICAO,PRIME,FAB_PRIME,N,44709.42,273895.27,0.16323546,0.16323546,764.200,3895.000,0.19620026,1352,1,35,0.84,0.0138,0.0371,OFICIAL
NACIONAL,BRASIL,2026-15,NUTRICAO,BETA,FAB_BETA,N,31256.26,273895.27,0.11411756,0.11411756,384.100,3895.000,0.09861361,783,2,17,0.84,0.0138,0.0371,OFICIAL
NACIONAL,BRASIL,2026-15,NUTRICAO,NOVA,FAB_NOVA,N,28548.76,273895.27,0.1042324,0.1042324,272.400,3895.000,0.06993582,793,3,21,0.84,0.0138,0.0371,OFICIAL
NACIONAL,BRASIL,2026-15,NUTRICAO,DELTA,FAB_DELTA,N,25781.41,273895.27,0.09412872,0.09412872,261.600,3895.000,0.06716303,715,4,25,0.84,0.0138,0.0371,OFICIAL
NACIONAL,BRASIL,2026-15,NUTRICAO,NESCAFE,NESTLE,Y,25537.84,273895.27,0.09323943,0.09323943,426.600,3895.000,0.10952503,771,5,10,0.84,0.0138,0.0371,OFICIAL
NACIONAL,BRASIL,2026-15,NUTRICAO,SOLAR,FAB_SOLAR,N,18908.36,273895.27,0.069035,0.069035,232.100,3895.000,0.05958922,636,6,20,0.84,0.0138,0.0371,OFICIAL
NACIONAL,BRASIL,2026-15,NUTRICAO,VIVA,FAB_VIVA,N,18887.27,273895.27,0.068958,0.068958,168.000,3895.000,0.04313222,489,7,13,0.84,0.0138,0.0371,OFICIAL
NACIONAL,BRASIL,2026-15,NUTRICAO,ALPHA,FAB_ALPHA,N,18534.69,273895.27,0.06767072,0.06767072,180.100,3895.000,0.04623877,549,8,20,0.84,0.0138,0.0371,OFICIAL
NACIONAL,BRASIL,2026-15,NUTRICAO,NESQUIK,NESTLE,Y,17810.19,273895.27,0.06502555,0.06502555,256.900,3895.000,0.06595635,1008,9,38,0.84,0.0138,0.0371,OFICIAL
NACIONAL,BRASIL,2026-15,NUTRICAO,GAROTO,NESTLE,Y,13476.24,273895.27,0.04920216,0.04920216,232.900,3895.000,0.05979461,540,10,14,0.84,0.0138,0.0371,OFICIAL
NACIONAL,BRASIL,2026-15,NUTRICAO,NINHO,NESTLE,Y,11473.54,273895.27,0.04189025,0.04189025,236.700,3895.000,0.06077022,527,11,13,0.84,0.0138,0.0371,OFICIAL
NACIONAL,BRASIL,2026-15,NUTRICAO,KITKAT,NESTLE,Y,10142.41,273895.27,0.03703025,0.03703025,301.700,3895.000,0.07745828,373,12,10,0.84,0.0138,0.0371,OFICIAL
NACIONAL,BRASIL,2026-15,NUTRICAO,MAGGI,NESTLE,Y,4975.44,273895.27,0.01816548,0.01816548,116.500,3895.000,0.02991014,214,13,5,0.84,0.0138,0.0371,OFICIAL
NACIONAL,BRASIL,2026-15,NUTRICAO,MOCA,NESTLE,Y,3853.44,273895.27,0.01406903,0.01406903,61.200,3895.000,0.01571245,116,14,6,0.84,0.0138,0.0371,OFICIAL
NACIONAL,BRASIL,2026-16,BEBIDAS,SOLAR,FAB_SOLAR,N,31311.78,258751.20,0.12101115,0.12101115,476.000,4240.700,0.11224562,983,1,31,0.8143,0.0087,0.0398,OFICIAL
NACIONAL,BRASIL,2026-16,BEBIDAS,NINHO,NESTLE,Y,26195.51,258751.20,0.10123822,0.10123822,446.800,4240.700,0.10535996,1229,2,42,0.8143,0.0087,0.0398,OFICIAL
NACIONAL,BRASIL,2026-16,BEBIDAS,ALPHA,FAB_ALPHA,N,24922.49,258751.20,0.09631836,0.09631836,245.600,4240.700,0.05791497,704,3,21,0.8143,0.0087,0.0398,OFICIAL
NACIONAL,BRASIL,2026-16,BEBIDAS,VIVA,FAB_VIVA,N,23650.41,258751.20,0.09140213,0.09140213,324.100,4240.700,0.07642606,954,4,14,0.8143,0.0087,0.0398,OFICIAL
NACIONAL,BRASIL,2026-16,BEBIDAS,PRIME,FAB_PRIME,N,22147.13,258751.20,0.08559238,0.08559238,343.300,4240.700,0.08095362,783,5,21,0.8143,0.0087,0.0398,OFICIAL
NACIONAL,BRASIL,2026-16,BEBIDAS,BETA,FAB_BETA,N,19097.30,258751.20,0.07380565,0.07380565,411.100,4240.700,0.09694154,660,6,18,0.8143,0.0087,0.0398,OFICIAL
NACIONAL,BRASIL,2026-16,BEBIDAS,NESCAFE,NESTLE,Y,18982.04,258751.20,0.0733602,0.0733602,438.900,4240.700,0.10349706,974,7,32,0.8143,0.0087,0.0398,OFICIAL
NACIONAL,BRASIL,2026-16,BEBIDAS,NOVA,FAB_NOVA,N,18762.58,258751.20,0.07251205,0.07251205,254.200,4240.700,0.05994293,614,8,15,0.8143,0.0087,0.0398,OFICIAL
NACIONAL,BRASIL,2026-16,BEBIDAS,MOCA,NESTLE,Y,15008.52,258751.20,0.05800367,0.05800367,176.800,4240.700,0.04169123,443,9,18,0.8143,0.0087,0.0398,OFICIAL
NACIONAL,BRASIL,2026-16,BEBIDAS,MAGGI,NESTLE,Y,14139.17,258751.20,0.05464388,0.05464388,217.600,4240.700,0.05131228,457,10,12,0.8143,0.0087,0.0398,OFICIAL
NACIONAL,BRASIL,2026-16,BEBIDAS,KITKAT,NESTLE,Y,13093.72,258751.20,0.05060351,0.05060351,312.600,4240.700,0.07371425,581,11,13,0.8143,0.0087,0.0398,OFICIAL
NACIONAL,BRASIL,2026-16,BEBIDAS,NESQUIK,NESTLE,Y,11953.01,258751.20,0.04619499,0.04619499,191.800,4240.700,0.04522838,445,12,14,0.8143,0.0087,0.0398,OFICIAL
NACIONAL,BRASIL,2026-16,BEBIDAS,GAROTO,NESTLE,Y,11695.45,258751.20,0.0451996,0.0451996,234.100,4240.700,0.05520315,406,13,13,0.8143,0.0087,0.0398,OFICIAL
NACIONAL,BRASIL,2026-16,BEBIDAS,DELTA,FAB_DELTA,N,7792.09,258751.20,0.03011422,0.03011422,167.800,4240.700,0.03956894,299,14,16,0.8143,0.0087,0.0398,OFICIAL
NACIONAL,BRASIL,2026-16,CHOCOLATES,NINHO,NESTLE,Y,55244.36,296725.09,0.18618028,0.18618028,738.100,4536.000,0.16272046,1436,1,15,0.8143,0.0087,0.0342,OFICIAL
NACIONAL,BRASIL,2026-16,CHOCOLATES,PRIME,FAB_PRIME,N,29799.50,296725.09,0.10042798,0.10042798,527.300,4536.000,0.1162478,1387,2,32,0.8143,0.0087,0.0342,OFICIAL
NACIONAL,BRASIL,2026-16,CHOCOLATES,DELTA,FAB_DELTA,N,27822.69,296725.09,0.09376588,0.09376588,312.100,4536.000,0.06880511,1059,3,20,0.8143,0.0087,0.0342,OFICIAL
NACIONAL,BRASIL,2026-16,CHOCOLATES,SOLAR,FAB_SOLAR,N,24375.47,296725.09,0.08214833,0.08214833,491.000,4536.000,0.10824515,910,4,24,0.8143,0.0087,0.0342,OFICIAL
NACIONAL,BRASIL,2026-16,CHOCOLATES,MAGGI,NESTLE,Y,23220.25,296725.09,0.07825509,0.07825509,387.700,4536.000,0.08547178,541,5,12,0.8143,0.0087,0.0342,OFICIAL
NACIONAL,BRASIL,2026-16,CHOCOLATES,VIVA,FAB_VIVA,N,22441.18,296725.09,0.07562953,0.07562953,290.000,4536.000,0.06393298,821,6,24,0.8143,0.0087,0.0342,OFICIAL
NACIONAL,BRASIL,2026-16,CHOCOLATES,BETA,FAB_BETA,N,22265.55,296725.09,0.07503764,0.07503764,439.100,4536.000,0.09680335,880,7,23,0.8143,0.0087,0.0342,OFICIAL
NACIONAL,BRASIL,2026-16,CHOCOLATES,NOVA,FAB_NOVA,N,21466.23,296725.09,0.07234383,0.07234383,269.700,4536.000,0.05945767,579,8,19,0.8143,0.0087,0.0342,OFICIAL
NACIONAL,BRASIL,2026-16,CHOCOLATES,NESQUIK,NESTLE,Y,19960.95,296725.09,0.06727085,0.06727085,274.100,4536.000,0.06042769,736,9,11,0.8143,0.0087,0.0342,OFICIAL
NACIONAL,BRASIL,2026-16,CHOCOLATES,ALPHA,FAB_ALPHA,N,16603.60,296725.09,0.05595617,0.05595617,294.600,4536.000,0.06494709,633,10,23,0.8143,0.0087,0.0342,OFICIAL
NACIONAL,BRASIL,2026-16,CHOCOLATES,NESCAFE,NESTLE,Y,13400.78,296725.09,0.04516227,0.04516227,185.500,4536.000,0.04089506,390,11,14,0.8143,0.0087,0.0342,OFICIAL
NACIONAL,BRASIL,2026-16,CHOCOLATES,KITKAT,NESTLE,Y,9816.54,296725.09,0.03308295,0.03308295,179.000,4536.000,0.03946208,273,12,10,0.8143,0.0087,0.0342,OFICIAL
NACIONAL,BRASIL,2026-16,CHOCOLATES,MOCA,NESTLE,Y,7099.91,296725.09,0.02392757,0.02392757,53.900,4536.000,0.01188272,275,13,9,0.8143,0.0087,0.0342,OFICIAL
NACIONAL,BRASIL,2026-16,CHOCOLATES,GAROTO,NESTLE,Y,3208.08,296725.09,0.01081162,0.01081162,93.900,4536.000,0.02070106,158,14,7,0.8143,0.0087,0.0342,OFICIAL
NACIONAL,BRASIL,2026-16,CULINARIOS,VIVA,FAB_VIVA,N,59541.29,318938.91,0.18668556,0.18668556,878.500,4921.500,0.17850249,1878,1,32,0.8143,0.0087,0.0356,OFICIAL
NACIONAL,BRASIL,2026-16,CULINARIOS,DELTA,FAB_DELTA,N,42267.70,318938.91,0.13252601,0.13252601,806.100,4921.500,0.16379153,1251,2,24,0.8143,0.0087,0.0356,OFICIAL
NACIONAL,BRASIL,2026-16,CULINARIOS,SOLAR,FAB_SOLAR,N,39753.65,318938.91,0.12464346,0.12464346,478.200,4921.500,0.0971655,1291,3,26,0.8143,0.0087,0.0356,OFICIAL
NACIONAL,BRASIL,2026-16,CULINARIOS,BETA,FAB_BETA,N,38695.73,318938.91,0.12132646,0.12132646,651.800,4921.500,0.1324393,1692,4,30,0.8143,0.0087,0.0356,OFICIAL
NACIONAL,BRASIL,2026-16,CULINARIOS,MOCA,NESTLE,Y,20696.13,318938.91,0.06489058,0.06489058,210.700,4921.500,0.04281215,709,5,11,0.8143,0.0087,0.0356,OFICIAL
NACIONAL,BRASIL,2026-16,CULINARIOS,MAGGI,NESTLE,Y,19030.49,318938.91,0.05966814,0.05966814,187.900,4921.500,0.03817942,737,6,12,0.8143,0.0087,0.0356,OFICIAL
NACIONAL,BRASIL,2026-16,CULINARIOS,NOVA,FAB_NOVA,N,18409.92,318938.91,0.0577224,0.0577224,257.700,4921.500,0.05236208,689,7,26,0.8143,0.0087,0.0356,OFICIAL
NACIONAL,BRASIL,2026-16,CULINARIOS,PRIME,FAB_PRIME,N,17949.33,318938.91,0.05627827,0.05627827,463.700,4921.500,0.09421924,864,8,27,0.8143,0.0087,0.0356,OFICIAL
NACIONAL,BRASIL,2026-16,CULINARIOS,NINHO,NESTLE,Y,17287.51,318938.91,0.0542032,0.0542032,235.500,4921.500,0.04785126,549,9,12,0.8143,0.0087,0.0356,OFICIAL
NACIONAL,BRASIL,2026-16,CULINARIOS,ALPHA,FAB_ALPHA,N,13682.39,318938.91,0.04289972,0.04289972,155.900,4921.500,0.03167733,418,10,12,0.8143,0.0087,0.0356,OFICIAL
NACIONAL,BRASIL,2026-16,CULINARIOS,NESQUIK,NESTLE,Y,12870.07,318938.91,0.04035277,0.04035277,168.800,4921.500,0.03429849,399,11,14,0.8143,0.0087,0.0356,OFICIAL
NACIONAL,BRASIL,2026-16,CULINARIOS,KITKAT,NESTLE,Y,7749.19,318938.91,0.02429678,0.02429678,124.500,4921.500,0.02529717,332,12,15,0.8143,0.0087,0.0356,OFICIAL
NACIONAL,BRASIL,2026-16,CULINARIOS,GAROTO,NESTLE,Y,5687.75,318938.91,0.01783335,0.01783335,104.600,4921.500,0.02125368,246,13,10,0.8143,0.0087,0.0356,OFICIAL
NACIONAL,BRASIL,2026-16,CULINARIOS,NESCAFE,NESTLE,Y,5317.76,318938.91,0.01667329,0.01667329,197.600,4921.500,0.04015036,231,14,6,0.8143,0.0087,0.0356,OFICIAL
NACIONAL,BRASIL,2026-16,LACTEOS,SOLAR,FAB_SOLAR,N,64470.05,379329.50,0.16995791,0.16995791,1281.000,5703.400,0.22460287,2475,1,35,0.8143,0.0087,0.0462,OFICIAL
NACIONAL,BRASIL,2026-16,LACTEOS,DELTA,FAB_DELTA,N,55102.31,379329.50,0.14526239,0.14526239,915.000,5703.400,0.16043062,1934,2,44,0.8143,0.0087,0.0462,OFICIAL
NACIONAL,BRASIL,2026-16,LACTEOS,MAGGI,NESTLE,Y,38248.28,379329.50,0.10083128,0.10083128,422.400,5703.400,0.07406109,1046,3,14,0.8143,0.0087,0.0462,OFICIAL
NACIONAL,BRASIL,2026-16,LACTEOS,ALPHA,FAB_ALPHA,N,34209.89,379329.50,0.09018516,0.09018516,401.000,5703.400,0.07030894,1042,4,30,0.8143,0.0087,0.0462,OFICIAL
NACIONAL,BRASIL,2026-16,LACTEOS,NINHO,NESTLE,Y,31261.60,379329.50,0.08241278,0.08241278,364.000,5703.400,0.06382158,987,5,22,0.8143,0.0087,0.0462,OFICIAL
NACIONAL,BRASIL,2026-16,LACTEOS,VIVA,FAB_VIVA,N,25431.15,379329.50,0.06704237,0.06704237,347.600,5703.400,0.0609461,943,6,23,0.8143,0.0087,0.0462,OFICIAL
NACIONAL,BRASIL,2026-16,LACTEOS,NOVA,FAB_NOVA,N,21163.48,379329.50,0.05579181,0.05579181,365.700,5703.400,0.06411965,838,7,24,0.8143,0.0087,0.0462,OFICIAL
NACIONAL,BRASIL,2026-16,LACTEOS,GAROTO,NESTLE,Y,21046.30,379329.50,0.0554829,0.0554829,241.400,5703.400,0.04232563,674,8,12,0.8143,0.0087,0.0462,OFICIAL
NACIONAL,BRASIL,2026-16,LACTEOS,PRIME,FAB_PRIME,N,19567.56,379329.50,0.0515846,0.0515846,302.400,5703.400,0.05302101,754,9,14,0.8143,0.0087,0.0462,OFICIAL
NACIONAL,BRASIL,2026-16,LACTEOS,NESQUIK,NESTLE,Y,19419.71,379329.50,0.05119483,0.05119483,178.400,5703.400,0.03127959,741,10,16,0.8143,0.0087,0.0462,OFICIAL
NACIONAL,BRASIL,2026-16,LACTEOS,MOCA,NESTLE,Y,15088.86,379329.50,0.03977771,0.03977771,211.900,5703.400,0.03715328,509,11,16,0.8143,0.0087,0.0462,OFICIAL
NACIONAL,BRASIL,2026-16,LACTEOS,BETA,FAB_BETA,N,14090.45,379329.50,0.03714567,0.03714567,320.300,5703.400,0.05615948,527,12,20,0.8143,0.0087,0.0462,OFICIAL
NACIONAL,BRASIL,2026-16,LACTEOS,NESCAFE,NESTLE,Y,12309.48,379329.50,0.03245063,0.03245063,291.300,5703.400,0.0510748,410,13,12,0.8143,0.0087,0.0462,OFICIAL
NACIONAL,BRASIL,2026-16,LACTEOS,KITKAT,NESTLE,Y,7920.38,379329.50,0.02087995,0.02087995,61.000,5703.400,0.01069537,335,14,8,0.8143,0.0087,0.0462,OFICIAL
NACIONAL,BRASIL,2026-16,NUTRICAO,BETA,FAB_BETA,N,51007.92,324319.38,0.15727682,0.15727682,749.600,5192.000,0.14437596,1405,1,42,0.8143,0.0087,0.0983,OFICIAL
NACIONAL,BRASIL,2026-16,NUTRICAO,NINHO,NESTLE,Y,35111.85,324319.38,0.10826319,0.10826319,511.300,5192.000,0.09847843,1576,2,15,0.8143,0.0087,0.0983,OFICIAL
NACIONAL,BRASIL,2026-16,NUTRICAO,ALPHA,FAB_ALPHA,N,33776.04,324319.38,0.10414438,0.10414438,699.200,5192.000,0.13466872,1168,3,27,0.8143,0.0087,0.0983,OFICIAL
NACIONAL,BRASIL,2026-16,NUTRICAO,SOLAR,FAB_SOLAR,N,32749.32,324319.38,0.10097861,0.10097861,338.200,5192.000,0.06513867,943,4,24,0.8143,0.0087,0.0983,OFICIAL
NACIONAL,BRASIL,2026-16,NUTRICAO,NESQUIK,NESTLE,Y,28420.56,324319.38,0.0876314,0.0876314,619.200,5192.000,0.1192604,1668,5,47,0.8143,0.0087,0.0983,OFICIAL
NACIONAL,BRASIL,2026-16,NUTRICAO,PRIME,FAB_PRIME,N,27195.27,324319.38,0.08385336,0.08385336,449.400,5192.000,0.08655624,953,6,28,0.8143,0.0087,0.0983,OFICIAL
NACIONAL,BRASIL,2026-16,NUTRICAO,NOVA,FAB_NOVA,N,24132.60,324319.38,0.07440998,0.07440998,347.100,5192.000,0.06685285,792,7,22,0.8143,0.0087,0.0983,OFICIAL
NACIONAL,BRASIL,2026-16,NUTRICAO,MOCA,NESTLE,Y,17887.44,324319.38,0.05515378,0.05515378,218.700,5192.000,0.0421225,530,8,19,0.8143,0.0087,0.0983,OFICIAL
NACIONAL,BRASIL,2026-16,NUTRICAO,DELTA,FAB_DELTA,N,16777.73,324319.38,0.05173212,0.05173212,229.100,5192.000,0.04412558,553,9,21,0.8143,0.0087,0.0983,OFICIAL
NACIONAL,BRASIL,2026-16,NUTRICAO,MAGGI,NESTLE,Y,15343.96,324319.38,0.04731126,0.04731126,151.700,5192.000,0.02921803,340,10,4,0.8143,0.0087,0.0983,OFICIAL
NACIONAL,BRASIL,2026-16,NUTRICAO,NESCAFE,NESTLE,Y,12024.76,324319.38,0.03707691,0.03707691,173.700,5192.000,0.03345532,337,11,10,0.8143,0.0087,0.0983,OFICIAL
NACIONAL,BRASIL,2026-16,NUTRICAO,KITKAT,NESTLE,Y,11894.93,324319.38,0.03667659,0.03667659,211.800,5192.000,0.04079353,434,12,17,0.8143,0.0087,0.0983,OFICIAL
NACIONAL,BRASIL,2026-16,NUTRICAO,VIVA,FAB_VIVA,N,9438.20,324319.38,0.02910156,0.02910156,320.200,5192.000,0.0616718,452,13,12,0.8143,0.0087,0.0983,OFICIAL
NACIONAL,BRASIL,2026-16,NUTRICAO,GAROTO,NESTLE,Y,8558.80,324319.38,0.02639004,0.02639004,172.800,5192.000,0.03328197,276,14,11,0.8143,0.0087,0.0983,OFICIAL
NACIONAL,BRASIL,2026-17,BEBIDAS,NESQUIK,NESTLE,Y,29274.49,242384.07,0.12077729,0.12077729,447.000,3965.900,0.11271086,1116,1,23,0.8493,0.0144,0.0354,OFICIAL
NACIONAL,BRASIL,2026-17,BEBIDAS,NINHO,NESTLE,Y,25996.20,242384.07,0.1072521,0.1072521,566.400,3965.900,0.14281752,1537,2,44,0.8493,0.0144,0.0354,OFICIAL
NACIONAL,BRASIL,2026-17,BEBIDAS,DELTA,FAB_DELTA,N,23395.69,242384.07,0.09652322,0.09652322,416.400,3965.900,0.10499508,713,3,17,0.8493,0.0144,0.0354,OFICIAL
NACIONAL,BRASIL,2026-17,BEBIDAS,SOLAR,FAB_SOLAR,N,22854.69,242384.07,0.09429122,0.09429122,387.000,3965.900,0.09758189,894,4,32,0.8493,0.0144,0.0354,OFICIAL
NACIONAL,BRASIL,2026-17,BEBIDAS,NOVA,FAB_NOVA,N,18759.90,242384.07,0.07739741,0.07739741,223.300,3965.900,0.056305,678,5,18,0.8493,0.0144,0.0354,OFICIAL
NACIONAL,BRASIL,2026-17,BEBIDAS,NESCAFE,NESTLE,Y,17848.07,242384.07,0.07363549,0.07363549,377.000,3965.900,0.09506039,1057,6,31,0.8493,0.0144,0.0354,OFICIAL
NACIONAL,BRASIL,2026-17,BEBIDAS,PRIME,FAB_PRIME,N,17388.65,242384.07,0.07174007,0.07174007,267.800,3965.900,0.06752566,629,7,12,0.8493,0.0144,0.0354,OFICIAL
NACIONAL,BRASIL,2026-17,BEBIDAS,MAGGI,NESTLE,Y,15293.01,242384.07,0.06309412,0.06309412,130.600,3965.900,0.03293073,561,8,15,0.8493,0.0144,0.0354,OFICIAL
NACIONAL,BRASIL,2026-17,BEBIDAS,ALPHA,FAB_ALPHA,N,14004.44,242384.07,0.05777789,0.05777789,204.300,3965.900,0.05151416,521,9,14,0.8493,0.0144,0.0354,OFICIAL
NACIONAL,BRASIL,2026-17,BEBIDAS,VIVA,FAB_VIVA,N,13532.47,242384.07,0.05583069,0.05583069,209.800,3965.900,0.05290098,531,10,19,0.8493,0.0144,0.0354,OFICIAL
NACIONAL,BRASIL,2026-17,BEBIDAS,GAROTO,NESTLE,Y,13437.29,242384.07,0.05543801,0.05543801,188.300,3965.900,0.04747977,407,11,17,0.8493,0.0144,0.0354,OFICIAL
NACIONAL,BRASIL,2026-17,BEBIDAS,MOCA,NESTLE,Y,12282.10,242384.07,0.05067206,0.05067206,305.900,3965.900,0.07713256,417,12,9,0.8493,0.0144,0.0354,OFICIAL
NACIONAL,BRASIL,2026-17,BEBIDAS,BETA,FAB_BETA,N,11930.21,242384.07,0.04922027,0.04922027,171.200,3965.900,0.04316801,475,13,20,0.8493,0.0144,0.0354,OFICIAL
NACIONAL,BRASIL,2026-17,BEBIDAS,KITKAT,NESTLE,Y,6386.86,242384.07,0.02635016,0.02635016,70.900,3965.900,0.0178774,196,14,8,0.8493,0.0144,0.0354,OFICIAL
NACIONAL,BRASIL,2026-17,CHOCOLATES,ALPHA,FAB_ALPHA,N,33479.60,262681.27,0.12745332,0.12745332,659.000,4514.100,0.14598702,1027,1,20,0.8493,0.0144,0.0356,OFICIAL
NACIONAL,BRASIL,2026-17,CHOCOLATES,PRIME,FAB_PRIME,N,33395.05,262681.27,0.12713145,0.12713145,368.800,4514.100,0.08169956,1049,2,26,0.8493,0.0144,0.0356,OFICIAL
NACIONAL,BRASIL,2026-17,CHOCOLATES,BETA,FAB_BETA,N,33107.00,262681.27,0.12603487,0.12603487,530.300,4514.100,0.11747635,1217,3,33,0.8493,0.0144,0.0356,OFICIAL
NACIONAL,BRASIL,2026-17,CHOCOLATES,NOVA,FAB_NOVA,N,27783.93,262681.27,0.1057705,0.1057705,448.500,4514.100,0.09935535,890,4,20,0.8493,0.0144,0.0356,OFICIAL
NACIONAL,BRASIL,2026-17,CHOCOLATES,NESCAFE,NESTLE,Y,22065.11,262681.27,0.08399956,0.08399956,344.200,4514.100,0.07624997,886,5,15,0.8493,0.0144,0.0356,OFICIAL
NACIONAL,BRASIL,2026-17,CHOCOLATES,DELTA,FAB_DELTA,N,19468.61,262681.27,0.07411495,0.07411495,406.800,4514.100,0.09011763,836,6,29,0.8493,0.0144,0.0356,OFICIAL
NACIONAL,BRASIL,2026-17,CHOCOLATES,VIVA,FAB_VIVA,N,18407.08,262681.27,0.07007382,0.07007382,381.700,4514.100,0.08455728,626,7,19,0.8493,0.0144,0.0356,OFICIAL
NACIONAL,BRASIL,2026-17,CHOCOLATES,NINHO,NESTLE,Y,18361.89,262681.27,0.06990179,0.06990179,412.800,4514.100,0.0914468,918,8,20,0.8493,0.0144,0.0356,OFICIAL
NACIONAL,BRASIL,2026-17,CHOCOLATES,MOCA,NESTLE,Y,17019.75,262681.27,0.0647924,0.0647924,153.000,4514.100,0.0338938,438,9,14,0.8493,0.0144,0.0356,OFICIAL
NACIONAL,BRASIL,2026-17,CHOCOLATES,SOLAR,FAB_SOLAR,N,15350.18,262681.27,0.05843652,0.05843652,440.400,4514.100,0.09756098,735,10,19,0.8493,0.0144,0.0356,OFICIAL
NACIONAL,BRASIL,2026-17,CHOCOLATES,MAGGI,NESTLE,Y,10702.99,262681.27,0.04074516,0.04074516,140.100,4514.100,0.03103609,303,11,9,0.8493,0.0144,0.0356,OFICIAL
NACIONAL,BRASIL,2026-17,CHOCOLATES,KITKAT,NESTLE,Y,5035.51,262681.27,0.01916966,0.01916966,99.700,4514.100,0.02208635,218,12,8,0.8493,0.0144,0.0356,OFICIAL
NACIONAL,BRASIL,2026-17,CHOCOLATES,NESQUIK,NESTLE,Y,4375.60,262681.27,0.01665745,0.01665745,100.800,4514.100,0.02233003,226,13,8,0.8493,0.0144,0.0356,OFICIAL
NACIONAL,BRASIL,2026-17,CHOCOLATES,GAROTO,NESTLE,Y,4128.97,262681.27,0.01571856,0.01571856,28.000,4514.100,0.00620279,110,14,4,0.8493,0.0144,0.0356,OFICIAL
NACIONAL,BRASIL,2026-17,CULINARIOS,PRIME,FAB_PRIME,N,52217.28,280206.30,0.18635298,0.18635298,705.100,4404.200,0.16009718,2196,1,29,0.8493,0.0144,0.0749,OFICIAL
NACIONAL,BRASIL,2026-17,CULINARIOS,NOVA,FAB_NOVA,N,33812.62,280206.30,0.12067045,0.12067045,742.300,4404.200,0.16854366,1169,2,26,0.8493,0.0144,0.0749,OFICIAL
NACIONAL,BRASIL,2026-17,CULINARIOS,BETA,FAB_BETA,N,30669.00,280206.30,0.1094515,0.1094515,409.000,4404.200,0.0928659,988,3,34,0.8493,0.0144,0.0749,OFICIAL
NACIONAL,BRASIL,2026-17,CULINARIOS,VIVA,FAB_VIVA,N,27896.31,280206.30,0.09955633,0.09955633,551.100,4404.200,0.12513056,967,4,26,0.8493,0.0144,0.0749,OFICIAL
NACIONAL,BRASIL,2026-17,CULINARIOS,SOLAR,FAB_SOLAR,N,22756.48,280206.30,0.08121331,0.08121331,239.300,4404.200,0.0543345,724,5,23,0.8493,0.0144,0.0749,OFICIAL
NACIONAL,BRASIL,2026-17,CULINARIOS,NINHO,NESTLE,Y,17741.23,280206.30,0.06331489,0.06331489,135.600,4404.200,0.03078879,519,6,10,0.8493,0.0144,0.0749,OFICIAL
NACIONAL,BRASIL,2026-17,CULINARIOS,KITKAT,NESTLE,Y,16725.98,280206.30,0.05969166,0.05969166,184.200,4404.200,0.04182371,774,7,18,0.8493,0.0144,0.0749,OFICIAL
NACIONAL,BRASIL,2026-17,CULINARIOS,GAROTO,NESTLE,Y,14348.55,280206.30,0.05120709,0.05120709,110.400,4404.200,0.02506698,464,8,12,0.8493,0.0144,0.0749,OFICIAL
NACIONAL,BRASIL,2026-17,CULINARIOS,MOCA,NESTLE,Y,14085.23,280206.30,0.05026736,0.05026736,241.500,4404.200,0.05483402,494,9,12,0.8493,0.0144,0.0749,OFICIAL
NACIONAL,BRASIL,2026-17,CULINARIOS,NESQUIK,NESTLE,Y,11930.76,280206.30,0.04257849,0.04257849,243.000,4404.200,0.05517461,466,10,14,0.8493,0.0144,0.0749,OFICIAL
NACIONAL,BRASIL,2026-17,CULINARIOS,DELTA,FAB_DELTA,N,11436.46,280206.30,0.04081443,0.04081443,191.900,4404.200,0.04357204,512,11,18,0.8493,0.0144,0.0749,OFICIAL
NACIONAL,BRASIL,2026-17,CULINARIOS,MAGGI,NESTLE,Y,10394.52,280206.30,0.03709595,0.03709595,380.800,4404.200,0.08646292,453,12,10,0.8493,0.0144,0.0749,OFICIAL
NACIONAL,BRASIL,2026-17,CULINARIOS,ALPHA,FAB_ALPHA,N,8492.84,280206.30,0.03030924,0.03030924,206.500,4404.200,0.04688706,480,13,14,0.8493,0.0144,0.0749,OFICIAL
NACIONAL,BRASIL,2026-17,CULINARIOS,NESCAFE,NESTLE,Y,7699.04,280206.30,0.02747633,0.02747633,63.500,4404.200,0.01441806,258,14,9,0.8493,0.0144,0.0749,OFICIAL
NACIONAL,BRASIL,2026-17,LACTEOS,DELTA,FAB_DELTA,N,41161.44,329169.07,0.1250465,0.1250465,480.600,4802.000,0.1000833,1254,1,27,0.8493,0.0144,0.0509,OFICIAL
NACIONAL,BRASIL,2026-17,LACTEOS,ALPHA,FAB_ALPHA,N,34852.89,329169.07,0.10588142,0.10588142,566.100,4802.000,0.11788838,1234,2,27,0.8493,0.0144,0.0509,OFICIAL
NACIONAL,BRASIL,2026-17,LACTEOS,VIVA,FAB_VIVA,N,33963.75,329169.07,0.10318026,0.10318026,449.400,4802.000,0.09358601,1334,3,37,0.8493,0.0144,0.0509,OFICIAL
NACIONAL,BRASIL,2026-17,LACTEOS,SOLAR,FAB_SOLAR,N,33306.30,329169.07,0.10118296,0.10118296,672.200,4802.000,0.13998334,1361,4,35,0.8493,0.0144,0.0509,OFICIAL
NACIONAL,BRASIL,2026-17,LACTEOS,BETA,FAB_BETA,N,30670.47,329169.07,0.09317543,0.09317543,283.400,4802.000,0.05901708,904,5,30,0.8493,0.0144,0.0509,OFICIAL
NACIONAL,BRASIL,2026-17,LACTEOS,KITKAT,NESTLE,Y,23194.79,329169.07,0.07046467,0.07046467,280.600,4802.000,0.05843399,709,6,11,0.8493,0.0144,0.0509,OFICIAL
NACIONAL,BRASIL,2026-17,LACTEOS,GAROTO,NESTLE,Y,22260.07,329169.07,0.06762504,0.06762504,430.000,4802.000,0.08954602,627,7,8,0.8493,0.0144,0.0509,OFICIAL
NACIONAL,BRASIL,2026-17,LACTEOS,MOCA,NESTLE,Y,20605.05,329169.07,0.06259716,0.06259716,321.000,4802.000,0.06684715,875,8,21,0.8493,0.0144,0.0509,OFICIAL
NACIONAL,BRASIL,2026-17,LACTEOS,NINHO,NESTLE,Y,17796.03,329169.07,0.05406349,0.05406349,202.700,4802.000,0.04221158,428,9,11,0.8493,0.0144,0.0509,OFICIAL
NACIONAL,BRASIL,2026-17,LACTEOS,NESQUIK,NESTLE,Y,17459.43,329169.07,0.05304092,0.05304092,159.700,4802.000,0.03325698,583,10,16,0.8493,0.0144,0.0509,OFICIAL
NACIONAL,BRASIL,2026-17,LACTEOS,PRIME,FAB_PRIME,N,16569.44,329169.07,0.05033717,0.05033717,351.200,4802.000,0.07313619,659,11,17,0.8493,0.0144,0.0509,OFICIAL
NACIONAL,BRASIL,2026-17,LACTEOS,NOVA,FAB_NOVA,N,14443.74,329169.07,0.0438794,0.0438794,212.500,4802.000,0.04425239,503,12,19,0.8493,0.0144,0.0509,OFICIAL
NACIONAL,BRASIL,2026-17,LACTEOS,NESCAFE,NESTLE,Y,12856.80,329169.07,0.03905835,0.03905835,273.400,4802.000,0.05693461,484,13,13,0.8493,0.0144,0.0509,OFICIAL
NACIONAL,BRASIL,2026-17,LACTEOS,MAGGI,NESTLE,Y,10028.87,329169.07,0.03046723,0.03046723,119.200,4802.000,0.02482299,497,14,9,0.8493,0.0144,0.0509,OFICIAL
NACIONAL,BRASIL,2026-17,NUTRICAO,BETA,FAB_BETA,N,52657.90,285277.48,0.18458485,0.18458485,733.100,5162.700,0.14199934,1268,1,33,0.8493,0.0144,0.0431,OFICIAL
NACIONAL,BRASIL,2026-17,NUTRICAO,NOVA,FAB_NOVA,N,28843.04,285277.48,0.10110521,0.10110521,588.000,5162.700,0.11389389,973,2,17,0.8493,0.0144,0.0431,OFICIAL
NACIONAL,BRASIL,2026-17,NUTRICAO,ALPHA,FAB_ALPHA,N,28231.70,285277.48,0.09896225,0.09896225,504.200,5162.700,0.09766208,1059,3,31,0.8493,0.0144,0.0431,OFICIAL
NACIONAL,BRASIL,2026-17,NUTRICAO,NESQUIK,NESTLE,Y,26180.45,285277.48,0.09177188,0.09177188,529.400,5162.700,0.10254324,1422,4,39,0.8493,0.0144,0.0431,OFICIAL
NACIONAL,BRASIL,2026-17,NUTRICAO,DELTA,FAB_DELTA,N,22395.97,285277.48,0.07850592,0.07850592,587.800,5162.700,0.11385515,955,5,29,0.8493,0.0144,0.0431,OFICIAL
NACIONAL,BRASIL,2026-17,NUTRICAO,MOCA,NESTLE,Y,21352.90,285277.48,0.07484958,0.07484958,421.000,5162.700,0.08154648,723,6,19,0.8493,0.0144,0.0431,OFICIAL
NACIONAL,BRASIL,2026-17,NUTRICAO,SOLAR,FAB_SOLAR,N,17575.96,285277.48,0.06161005,0.06161005,311.900,5162.700,0.06041412,579,7,21,0.8493,0.0144,0.0431,OFICIAL
NACIONAL,BRASIL,2026-17,NUTRICAO,NINHO,NESTLE,Y,16813.33,285277.48,0.05893676,0.05893676,222.100,5162.700,0.04302013,503,8,15,0.8493,0.0144,0.0431,OFICIAL
NACIONAL,BRASIL,2026-17,NUTRICAO,KITKAT,NESTLE,Y,15815.35,285277.48,0.05543848,0.05543848,337.200,5162.700,0.06531466,633,9,20,0.8493,0.0144,0.0431,OFICIAL
NACIONAL,BRASIL,2026-17,NUTRICAO,NESCAFE,NESTLE,Y,15545.47,285277.48,0.05449245,0.05449245,129.200,5162.700,0.02502566,527,10,11,0.8493,0.0144,0.0431,OFICIAL
NACIONAL,BRASIL,2026-17,NUTRICAO,PRIME,FAB_PRIME,N,11546.24,285277.48,0.04047372,0.04047372,334.100,5162.700,0.0647142,618,11,22,0.8493,0.0144,0.0431,OFICIAL
NACIONAL,BRASIL,2026-17,NUTRICAO,VIVA,FAB_VIVA,N,11447.34,285277.48,0.04012704,0.04012704,245.000,5162.700,0.04745579,458,12,21,0.8493,0.0144,0.0431,OFICIAL
NACIONAL,BRASIL,2026-17,NUTRICAO,GAROTO,NESTLE,Y,9183.35,285277.48,0.03219094,0.03219094,86.000,5162.700,0.01665795,334,13,11,0.8493,0.0144,0.0431,OFICIAL
NACIONAL,BRASIL,2026-17,NUTRICAO,MAGGI,NESTLE,Y,7688.48,285277.48,0.02695088,0.02695088,133.700,5162.700,0.0258973,329,14,11,0.8493,0.0144,0.0431,OFICIAL
NACIONAL,BRASIL,2026-18,BEBIDAS,PRIME,FAB_PRIME,N,36112.74,264195.33,0.13668955,0.13668955,459.400,4043.100,0.11362568,1203,1,30,0.8534,0.0076,0.0715,OFICIAL
NACIONAL,BRASIL,2026-18,BEBIDAS,NINHO,NESTLE,Y,26080.18,264195.33,0.09871552,0.09871552,504.400,4043.100,0.12475576,1240,2,36,0.8534,0.0076,0.0715,OFICIAL
NACIONAL,BRASIL,2026-18,BEBIDAS,DELTA,FAB_DELTA,N,25451.65,264195.33,0.09633649,0.09633649,515.700,4043.100,0.12755064,918,3,22,0.8534,0.0076,0.0715,OFICIAL
NACIONAL,BRASIL,2026-18,BEBIDAS,SOLAR,FAB_SOLAR,N,25395.83,264195.33,0.0961252,0.0961252,360.600,4043.100,0.08918899,804,4,15,0.8534,0.0076,0.0715,OFICIAL
NACIONAL,BRASIL,2026-18,BEBIDAS,VIVA,FAB_VIVA,N,24835.33,264195.33,0.09400367,0.09400367,306.700,4043.100,0.07585763,705,5,17,0.8534,0.0076,0.0715,OFICIAL
NACIONAL,BRASIL,2026-18,BEBIDAS,NESCAFE,NESTLE,Y,22089.56,264195.33,0.08361071,0.08361071,457.300,4043.100,0.11310628,1259,6,34,0.8534,0.0076,0.0715,OFICIAL
NACIONAL,BRASIL,2026-18,BEBIDAS,GAROTO,NESTLE,Y,20363.37,264195.33,0.07707695,0.07707695,227.100,4043.100,0.05616977,766,7,16,0.8534,0.0076,0.0715,OFICIAL
NACIONAL,BRASIL,2026-18,BEBIDAS,NOVA,FAB_NOVA,N,18715.64,264195.33,0.07084016,0.07084016,215.300,4043.100,0.05325122,548,8,17,0.8534,0.0076,0.0715,OFICIAL
NACIONAL,BRASIL,2026-18,BEBIDAS,BETA,FAB_BETA,N,18135.74,264195.33,0.0686452,0.0686452,220.900,4043.100,0.05463629,658,9,16,0.8534,0.0076,0.0715,OFICIAL
NACIONAL,BRASIL,2026-18,BEBIDAS,ALPHA,FAB_ALPHA,N,12931.20,264195.33,0.0489456,0.0489456,246.600,4043.100,0.0609928,474,10,18,0.8534,0.0076,0.0715,OFICIAL
NACIONAL,BRASIL,2026-18,BEBIDAS,NESQUIK,NESTLE,Y,10969.56,264195.33,0.04152064,0.04152064,170.500,4043.100,0.04217061,396,11,15,0.8534,0.0076,0.0715,OFICIAL
NACIONAL,BRASIL,2026-18,BEBIDAS,KITKAT,NESTLE,Y,8579.49,264195.33,0.03247404,0.03247404,147.800,4043.100,0.03655611,584,12,9,0.8534,0.0076,0.0715,OFICIAL
NACIONAL,BRASIL,2026-18,BEBIDAS,MAGGI,NESTLE,Y,8420.73,264195.33,0.03187312,0.03187312,125.400,4043.100,0.0310158,379,13,7,0.8534,0.0076,0.0715,OFICIAL
NACIONAL,BRASIL,2026-18,BEBIDAS,MOCA,NESTLE,Y,6114.31,264195.33,0.02314314,0.02314314,85.400,4043.100,0.02112241,265,14,7,0.8534,0.0076,0.0715,OFICIAL
NACIONAL,BRASIL,2026-18,CHOCOLATES,VIVA,FAB_VIVA,N,47683.68,329606.02,0.14466872,0.14466872,505.700,4548.300,0.1111844,1705,1,34,0.8534,0.0076,0.0365,OFICIAL
NACIONAL,BRASIL,2026-18,CHOCOLATES,DELTA,FAB_DELTA,N,36606.16,329606.02,0.11106035,0.11106035,445.900,4548.300,0.09803663,1384,2,31,0.8534,0.0076,0.0365,OFICIAL
NACIONAL,BRASIL,2026-18,CHOCOLATES,PRIME,FAB_PRIME,N,35487.02,329606.02,0.10766496,0.10766496,600.900,4548.300,0.1321153,1093,3,31,0.8534,0.0076,0.0365,OFICIAL
NACIONAL,BRASIL,2026-18,CHOCOLATES,BETA,FAB_BETA,N,35318.92,329606.02,0.10715496,0.10715496,441.200,4548.300,0.09700328,1107,4,31,0.8534,0.0076,0.0365,OFICIAL
NACIONAL,BRASIL,2026-18,CHOCOLATES,ALPHA,FAB_ALPHA,N,28608.12,329606.02,0.0867949,0.0867949,507.000,4548.300,0.11147022,889,5,23,0.8534,0.0076,0.0365,OFICIAL
NACIONAL,BRASIL,2026-18,CHOCOLATES,NESCAFE,NESTLE,Y,23865.17,329606.02,0.07240514,0.07240514,177.200,4548.300,0.03895961,691,6,15,0.8534,0.0076,0.0365,OFICIAL
NACIONAL,BRASIL,2026-18,CHOCOLATES,NOVA,FAB_NOVA,N,22811.50,329606.02,0.06920838,0.06920838,316.600,4548.300,0.06960843,761,7,23,0.8534,0.0076,0.0365,OFICIAL
NACIONAL,BRASIL,2026-18,CHOCOLATES,NINHO,NESTLE,Y,19964.72,329606.02,0.06057147,0.06057147,345.200,4548.300,0.07589649,716,8,24,0.8534,0.0076,0.0365,OFICIAL
NACIONAL,BRASIL,2026-18,CHOCOLATES,MOCA,NESTLE,Y,19552.11,329606.02,0.05931964,0.05931964,84.000,4548.300,0.01846844,572,9,8,0.8534,0.0076,0.0365,OFICIAL
NACIONAL,BRASIL,2026-18,CHOCOLATES,SOLAR,FAB_SOLAR,N,18722.08,329606.02,0.05680139,0.05680139,280.100,4548.300,0.06158345,634,10,22,0.8534,0.0076,0.0365,OFICIAL
NACIONAL,BRASIL,2026-18,CHOCOLATES,NESQUIK,NESTLE,Y,15371.39,329606.02,0.04663565,0.04663565,331.000,4548.300,0.07277444,691,11,24,0.8534,0.0076,0.0365,OFICIAL
NACIONAL,BRASIL,2026-18,CHOCOLATES,GAROTO,NESTLE,Y,10276.58,329606.02,0.03117837,0.03117837,217.500,4548.300,0.04782006,374,12,12,0.8534,0.0076,0.0365,OFICIAL
NACIONAL,BRASIL,2026-18,CHOCOLATES,KITKAT,NESTLE,Y,9884.50,329606.02,0.02998883,0.02998883,194.000,4548.300,0.0426533,398,13,11,0.8534,0.0076,0.0365,OFICIAL
NACIONAL,BRASIL,2026-18,CHOCOLATES,MAGGI,NESTLE,Y,5454.07,329606.02,0.01654724,0.01654724,102.000,4548.300,0.02242596,205,14,14,0.8534,0.0076,0.0365,OFICIAL
NACIONAL,BRASIL,2026-18,CULINARIOS,NOVA,FAB_NOVA,N,46876.17,221379.28,0.21174597,0.21174597,857.000,4232.800,0.20246645,1735,1,39,0.8534,0.0076,0.0446,OFICIAL
NACIONAL,BRASIL,2026-18,CULINARIOS,MAGGI,NESTLE,Y,30382.73,221379.28,0.13724288,0.13724288,638.200,4232.800,0.1507749,1137,2,16,0.8534,0.0076,0.0446,OFICIAL
NACIONAL,BRASIL,2026-18,CULINARIOS,BETA,FAB_BETA,N,27490.08,221379.28,0.12417639,0.12417639,559.300,4232.800,0.13213476,814,3,17,0.8534,0.0076,0.0446,OFICIAL
NACIONAL,BRASIL,2026-18,CULINARIOS,DELTA,FAB_DELTA,N,18352.57,221379.28,0.08290103,0.08290103,337.100,4232.800,0.07963995,847,4,21,0.8534,0.0076,0.0446,OFICIAL
NACIONAL,BRASIL,2026-18,CULINARIOS,NESQUIK,NESTLE,Y,17972.72,221379.28,0.08118519,0.08118519,162.100,4232.800,0.03829616,596,5,16,0.8534,0.0076,0.0446,OFICIAL
NACIONAL,BRASIL,2026-18,CULINARIOS,PRIME,FAB_PRIME,N,15678.83,221379.28,0.07082339,0.07082339,200.100,4232.800,0.04727367,567,6,27,0.8534,0.0076,0.0446,OFICIAL
NACIONAL,BRASIL,2026-18,CULINARIOS,VIVA,FAB_VIVA,N,15585.48,221379.28,0.07040171,0.07040171,454.200,4232.800,0.10730486,885,7,28,0.8534,0.0076,0.0446,OFICIAL
NACIONAL,BRASIL,2026-18,CULINARIOS,MOCA,NESTLE,Y,13385.25,221379.28,0.06046298,0.06046298,239.600,4232.800,0.05660556,616,8,12,0.8534,0.0076,0.0446,OFICIAL
NACIONAL,BRASIL,2026-18,CULINARIOS,KITKAT,NESTLE,Y,8289.69,221379.28,0.03744565,0.03744565,160.100,4232.800,0.03782366,370,9,15,0.8534,0.0076,0.0446,OFICIAL
NACIONAL,BRASIL,2026-18,CULINARIOS,NESCAFE,NESTLE,Y,6897.53,221379.28,0.03115707,0.03115707,109.300,4232.800,0.02582215,367,10,10,0.8534,0.0076,0.0446,OFICIAL
NACIONAL,BRASIL,2026-18,CULINARIOS,NINHO,NESTLE,Y,5296.15,221379.28,0.02392342,0.02392342,144.000,4232.800,0.03402003,279,11,9,0.8534,0.0076,0.0446,OFICIAL
NACIONAL,BRASIL,2026-18,CULINARIOS,GAROTO,NESTLE,Y,5262.44,221379.28,0.02377115,0.02377115,124.500,4232.800,0.02941315,207,12,6,0.8534,0.0076,0.0446,OFICIAL
NACIONAL,BRASIL,2026-18,CULINARIOS,SOLAR,FAB_SOLAR,N,4993.31,221379.28,0.02255545,0.02255545,185.600,4232.800,0.04384804,310,13,15,0.8534,0.0076,0.0446,OFICIAL
NACIONAL,BRASIL,2026-18,CULINARIOS,ALPHA,FAB_ALPHA,N,4916.33,221379.28,0.02220772,0.02220772,61.700,4232.800,0.01457664,214,14,8,0.8534,0.0076,0.0446,OFICIAL
NACIONAL,BRASIL,2026-18,LACTEOS,ALPHA,FAB_ALPHA,N,43272.26,373767.75,0.11577312,0.11577312,662.100,5936.200,0.111536,1547,1,29,0.8534,0.0076,0.0263,OFICIAL
NACIONAL,BRASIL,2026-18,LACTEOS,DELTA,FAB_DELTA,N,34178.68,373767.75,0.09144363,0.09144363,416.700,5936.200,0.07019642,1051,2,34,0.8534,0.0076,0.0263,OFICIAL
NACIONAL,BRASIL,2026-18,LACTEOS,NOVA,FAB_NOVA,N,32971.71,373767.75,0.08821443,0.08821443,484.500,5936.200,0.08161787,1005,3,27,0.8534,0.0076,0.0263,OFICIAL
NACIONAL,BRASIL,2026-18,LACTEOS,MAGGI,NESTLE,Y,30408.28,373767.75,0.08135608,0.08135608,551.000,5936.200,0.09282032,839,4,16,0.8534,0.0076,0.0263,OFICIAL
NACIONAL,BRASIL,2026-18,LACTEOS,NESCAFE,NESTLE,Y,30335.24,373767.75,0.08116067,0.08116067,128.800,5936.200,0.02169738,739,5,14,0.8534,0.0076,0.0263,OFICIAL
NACIONAL,BRASIL,2026-18,LACTEOS,SOLAR,FAB_SOLAR,N,29780.99,373767.75,0.07967779,0.07967779,434.600,5936.200,0.07321182,1022,6,30,0.8534,0.0076,0.0263,OFICIAL
NACIONAL,BRASIL,2026-18,LACTEOS,NINHO,NESTLE,Y,29419.06,373767.75,0.07870947,0.07870947,651.000,5936.200,0.10966612,808,7,17,0.8534,0.0076,0.0263,OFICIAL
NACIONAL,BRASIL,2026-18,LACTEOS,VIVA,FAB_VIVA,N,28432.08,373767.75,0.07606884,0.07606884,344.900,5936.200,0.05810114,1029,8,31,0.8534,0.0076,0.0263,OFICIAL
NACIONAL,BRASIL,2026-18,LACTEOS,BETA,FAB_BETA,N,27155.54,373767.75,0.07265351,0.07265351,828.400,5936.200,0.13955055,1306,9,26,0.8534,0.0076,0.0263,OFICIAL
NACIONAL,BRASIL,2026-18,LACTEOS,KITKAT,NESTLE,Y,23402.55,373767.75,0.06261254,0.06261254,483.700,5936.200,0.0814831,726,10,15,0.8534,0.0076,0.0263,OFICIAL
NACIONAL,BRASIL,2026-18,LACTEOS,NESQUIK,NESTLE,Y,18167.68,373767.75,0.04860687,0.04860687,313.600,5936.200,0.05282841,536,11,16,0.8534,0.0076,0.0263,OFICIAL
NACIONAL,BRASIL,2026-18,LACTEOS,PRIME,FAB_PRIME,N,17978.76,373767.75,0.04810142,0.04810142,235.200,5936.200,0.03962131,805,12,28,0.8534,0.0076,0.0263,OFICIAL
NACIONAL,BRASIL,2026-18,LACTEOS,GAROTO,NESTLE,Y,17152.78,373767.75,0.04589155,0.04589155,232.200,5936.200,0.03911593,507,13,15,0.8534,0.0076,0.0263,OFICIAL
NACIONAL,BRASIL,2026-18,LACTEOS,MOCA,NESTLE,Y,11112.14,373767.75,0.02973007,0.02973007,169.500,5936.200,0.02855362,413,14,15,0.8534,0.0076,0.0263,OFICIAL
NACIONAL,BRASIL,2026-18,NUTRICAO,DELTA,FAB_DELTA,N,42069.39,336328.64,0.12508417,0.12508417,524.400,5435.200,0.09648219,1583,1,43,0.8534,0.0076,0.0585,OFICIAL
NACIONAL,BRASIL,2026-18,NUTRICAO,PRIME,FAB_PRIME,N,40128.34,336328.64,0.11931288,0.11931288,515.400,5435.200,0.09482632,1147,2,28,0.8534,0.0076,0.0585,OFICIAL
NACIONAL,BRASIL,2026-18,NUTRICAO,BETA,FAB_BETA,N,35653.62,336328.64,0.10600828,0.10600828,725.700,5435.200,0.13351855,1416,3,36,0.8534,0.0076,0.0585,OFICIAL
NACIONAL,BRASIL,2026-18,NUTRICAO,NOVA,FAB_NOVA,N,34070.92,336328.64,0.10130246,0.10130246,675.400,5435.200,0.12426406,1048,4,19,0.8534,0.0076,0.0585,OFICIAL
NACIONAL,BRASIL,2026-18,NUTRICAO,ALPHA,FAB_ALPHA,N,33705.28,336328.64,0.10021531,0.10021531,537.900,5435.200,0.098966,1151,5,30,0.8534,0.0076,0.0585,OFICIAL
NACIONAL,BRASIL,2026-18,NUTRICAO,NESQUIK,NESTLE,Y,24369.85,336328.64,0.07245844,0.07245844,467.000,5435.200,0.0859214,1300,6,44,0.8534,0.0076,0.0585,OFICIAL
NACIONAL,BRASIL,2026-18,NUTRICAO,MOCA,NESTLE,Y,22367.14,336328.64,0.06650382,0.06650382,394.300,5435.200,0.07254563,942,7,18,0.8534,0.0076,0.0585,OFICIAL
NACIONAL,BRASIL,2026-18,NUTRICAO,NESCAFE,NESTLE,Y,18478.84,336328.64,0.05494281,0.05494281,205.200,5435.200,0.0377539,571,8,12,0.8534,0.0076,0.0585,OFICIAL
NACIONAL,BRASIL,2026-18,NUTRICAO,SOLAR,FAB_SOLAR,N,17124.02,336328.64,0.05091455,0.05091455,335.600,5435.200,0.06174566,609,9,21,0.8534,0.0076,0.0585,OFICIAL
NACIONAL,BRASIL,2026-18,NUTRICAO,VIVA,FAB_VIVA,N,15867.88,336328.64,0.04717969,0.04717969,236.500,5435.200,0.04351266,702,10,18,0.8534,0.0076,0.0585,OFICIAL
NACIONAL,BRASIL,2026-18,NUTRICAO,MAGGI,NESTLE,Y,15771.66,336328.64,0.0468936,0.0468936,204.100,5435.200,0.03755152,567,11,9,0.8534,0.0076,0.0585,OFICIAL
NACIONAL,BRASIL,2026-18,NUTRICAO,NINHO,NESTLE,Y,15513.19,336328.64,0.04612509,0.04612509,259.500,5435.200,0.04774433,823,12,20,0.8534,0.0076,0.0585,OFICIAL
NACIONAL,BRASIL,2026-18,NUTRICAO,KITKAT,NESTLE,Y,11145.14,336328.64,0.03313765,0.03313765,252.700,5435.200,0.04649323,454,13,16,0.8534,0.0076,0.0585,OFICIAL
NACIONAL,BRASIL,2026-18,NUTRICAO,GAROTO,NESTLE,Y,10063.37,336328.64,0.02992124,0.02992124,101.500,5435.200,0.01867457,381,14,9,0.8534,0.0076,0.0585,OFICIAL
NACIONAL,BRASIL,2026-19,BEBIDAS,SOLAR,FAB_SOLAR,N,30927.06,236425.67,0.13081092,0.13081092,889.100,4705.400,0.18895312,1398,1,27,0.8362,0.0147,0.055,OFICIAL
NACIONAL,BRASIL,2026-19,BEBIDAS,ALPHA,FAB_ALPHA,N,29352.62,236425.67,0.12415158,0.12415158,465.700,4705.400,0.09897139,1232,2,28,0.8362,0.0147,0.055,OFICIAL
NACIONAL,BRASIL,2026-19,BEBIDAS,DELTA,FAB_DELTA,N,23700.48,236425.67,0.10024495,0.10024495,368.000,4705.400,0.07820802,595,3,16,0.8362,0.0147,0.055,OFICIAL
NACIONAL,BRASIL,2026-19,BEBIDAS,NINHO,NESTLE,Y,22087.38,236425.67,0.09342209,0.09342209,378.500,4705.400,0.0804395,1095,4,37,0.8362,0.0147,0.055,OFICIAL
NACIONAL,BRASIL,2026-19,BEBIDAS,PRIME,FAB_PRIME,N,18987.07,236425.67,0.08030883,0.08030883,446.100,4705.400,0.09480597,768,5,27,0.8362,0.0147,0.055,OFICIAL
NACIONAL,BRASIL,2026-19,BEBIDAS,NESCAFE,NESTLE,Y,18623.96,236425.67,0.078773,0.078773,417.900,4705.400,0.08881285,999,6,31,0.8362,0.0147,0.055,OFICIAL
NACIONAL,BRASIL,2026-19,BEBIDAS,NESQUIK,NESTLE,Y,18592.55,236425.67,0.07864015,0.07864015,295.800,4705.400,0.06286394,534,7,19,0.8362,0.0147,0.055,OFICIAL
NACIONAL,BRASIL,2026-19,BEBIDAS,GAROTO,NESTLE,Y,15363.02,236425.67,0.06498034,0.06498034,299.200,4705.400,0.06358652,837,8,17,0.8362,0.0147,0.055,OFICIAL
NACIONAL,BRASIL,2026-19,BEBIDAS,NOVA,FAB_NOVA,N,15229.95,236425.67,0.0644175,0.0644175,460.400,4705.400,0.09784503,530,9,15,0.8362,0.0147,0.055,OFICIAL
NACIONAL,BRASIL,2026-19,BEBIDAS,KITKAT,NESTLE,Y,9749.07,236425.67,0.04123524,0.04123524,117.000,4705.400,0.02486505,358,10,7,0.8362,0.0147,0.055,OFICIAL
NACIONAL,BRASIL,2026-19,BEBIDAS,MOCA,NESTLE,Y,9472.43,236425.67,0.04006515,0.04006515,195.500,4705.400,0.04154801,360,11,13,0.8362,0.0147,0.055,OFICIAL
NACIONAL,BRASIL,2026-19,BEBIDAS,VIVA,FAB_VIVA,N,9041.83,236425.67,0.03824386,0.03824386,121.200,4705.400,0.02575764,336,12,15,0.8362,0.0147,0.055,OFICIAL
NACIONAL,BRASIL,2026-19,BEBIDAS,MAGGI,NESTLE,Y,7935.90,236425.67,0.03356615,0.03356615,140.000,4705.400,0.02975305,267,13,5,0.8362,0.0147,0.055,OFICIAL
NACIONAL,BRASIL,2026-19,BEBIDAS,BETA,FAB_BETA,N,7362.35,236425.67,0.03114023,0.03114023,111.000,4705.400,0.02358992,292,14,14,0.8362,0.0147,0.055,OFICIAL
NACIONAL,BRASIL,2026-19,CHOCOLATES,VIVA,FAB_VIVA,N,45744.46,292617.70,0.15632841,0.15632841,546.900,4566.400,0.11976612,1363,1,37,0.8362,0.0147,0.0505,OFICIAL
NACIONAL,BRASIL,2026-19,CHOCOLATES,SOLAR,FAB_SOLAR,N,40449.90,292617.70,0.13823463,0.13823463,621.300,4566.400,0.13605904,1191,2,25,0.8362,0.0147,0.0505,OFICIAL
NACIONAL,BRASIL,2026-19,CHOCOLATES,DELTA,FAB_DELTA,N,35713.99,292617.70,0.12205,0.12205,782.200,4566.400,0.17129467,1478,3,21,0.8362,0.0147,0.0505,OFICIAL
NACIONAL,BRASIL,2026-19,CHOCOLATES,BETA,FAB_BETA,N,33290.28,292617.70,0.11376714,0.11376714,511.900,4566.400,0.11210144,1158,4,29,0.8362,0.0147,0.0505,OFICIAL
NACIONAL,BRASIL,2026-19,CHOCOLATES,PRIME,FAB_PRIME,N,28318.69,292617.70,0.09677709,0.09677709,277.300,4566.400,0.06072617,901,5,24,0.8362,0.0147,0.0505,OFICIAL
NACIONAL,BRASIL,2026-19,CHOCOLATES,NESCAFE,NESTLE,Y,20446.11,292617.70,0.06987311,0.06987311,352.100,4566.400,0.07710669,822,6,19,0.8362,0.0147,0.0505,OFICIAL
NACIONAL,BRASIL,2026-19,CHOCOLATES,NOVA,FAB_NOVA,N,17750.03,292617.70,0.06065945,0.06065945,386.500,4566.400,0.08463998,800,7,21,0.8362,0.0147,0.0505,OFICIAL
NACIONAL,BRASIL,2026-19,CHOCOLATES,ALPHA,FAB_ALPHA,N,15413.55,292617.70,0.0526747,0.0526747,213.100,4566.400,0.04666696,706,8,22,0.8362,0.0147,0.0505,OFICIAL
NACIONAL,BRASIL,2026-19,CHOCOLATES,NINHO,NESTLE,Y,14307.33,292617.70,0.04889427,0.04889427,186.800,4566.400,0.0409075,577,9,14,0.8362,0.0147,0.0505,OFICIAL
NACIONAL,BRASIL,2026-19,CHOCOLATES,NESQUIK,NESTLE,Y,12060.84,292617.70,0.04121706,0.04121706,149.300,4566.400,0.03269534,338,10,13,0.8362,0.0147,0.0505,OFICIAL
NACIONAL,BRASIL,2026-19,CHOCOLATES,KITKAT,NESTLE,Y,11174.52,292617.70,0.03818812,0.03818812,205.200,4566.400,0.04493693,510,11,16,0.8362,0.0147,0.0505,OFICIAL
NACIONAL,BRASIL,2026-19,CHOCOLATES,MAGGI,NESTLE,Y,8576.95,292617.70,0.02931111,0.02931111,121.500,4566.400,0.02660739,249,12,11,0.8362,0.0147,0.0505,OFICIAL
NACIONAL,BRASIL,2026-19,CHOCOLATES,MOCA,NESTLE,Y,7443.22,292617.70,0.02543667,0.02543667,181.100,4566.400,0.03965925,205,13,10,0.8362,0.0147,0.0505,OFICIAL
NACIONAL,BRASIL,2026-19,CHOCOLATES,GAROTO,NESTLE,Y,1927.83,292617.70,0.00658822,0.00658822,31.200,4566.400,0.00683252,75,14,2,0.8362,0.0147,0.0505,OFICIAL
NACIONAL,BRASIL,2026-19,CULINARIOS,VIVA,FAB_VIVA,N,43262.94,268250.95,0.16127786,0.16127786,562.500,3866.900,0.14546536,1454,1,32,0.8362,0.0147,0.1058,OFICIAL
NACIONAL,BRASIL,2026-19,CULINARIOS,NOVA,FAB_NOVA,N,42106.72,268250.95,0.15696765,0.15696765,595.000,3866.900,0.15387003,1465,2,41,0.8362,0.0147,0.1058,OFICIAL
NACIONAL,BRASIL,2026-19,CULINARIOS,SOLAR,FAB_SOLAR,N,33146.02,268250.95,0.12356348,0.12356348,581.000,3866.900,0.15024955,847,3,20,0.8362,0.0147,0.1058,OFICIAL
NACIONAL,BRASIL,2026-19,CULINARIOS,BETA,FAB_BETA,N,29588.48,268250.95,0.11030149,0.11030149,426.400,3866.900,0.11026921,902,4,23,0.8362,0.0147,0.1058,OFICIAL
NACIONAL,BRASIL,2026-19,CULINARIOS,MOCA,NESTLE,Y,23152.90,268250.95,0.0863106,0.0863106,203.500,3866.900,0.05262613,694,5,24,0.8362,0.0147,0.1058,OFICIAL
NACIONAL,BRASIL,2026-19,CULINARIOS,MAGGI,NESTLE,Y,16326.70,268250.95,0.06086353,0.06086353,143.500,3866.900,0.03710983,471,6,16,0.8362,0.0147,0.1058,OFICIAL
NACIONAL,BRASIL,2026-19,CULINARIOS,ALPHA,FAB_ALPHA,N,13742.76,268250.95,0.05123098,0.05123098,197.100,3866.900,0.05097106,525,7,12,0.8362,0.0147,0.1058,OFICIAL
NACIONAL,BRASIL,2026-19,CULINARIOS,KITKAT,NESTLE,Y,12755.85,268250.95,0.04755193,0.04755193,195.800,3866.900,0.05063488,529,8,20,0.8362,0.0147,0.1058,OFICIAL
NACIONAL,BRASIL,2026-19,CULINARIOS,PRIME,FAB_PRIME,N,12566.98,268250.95,0.04684785,0.04684785,185.600,3866.900,0.0479971,526,9,14,0.8362,0.0147,0.1058,OFICIAL
NACIONAL,BRASIL,2026-19,CULINARIOS,NESCAFE,NESTLE,Y,11563.13,268250.95,0.04310564,0.04310564,225.200,3866.900,0.05823787,416,10,12,0.8362,0.0147,0.1058,OFICIAL
NACIONAL,BRASIL,2026-19,CULINARIOS,NINHO,NESTLE,Y,10984.82,268250.95,0.04094979,0.04094979,90.000,3866.900,0.02327446,341,11,14,0.8362,0.0147,0.1058,OFICIAL
NACIONAL,BRASIL,2026-19,CULINARIOS,DELTA,FAB_DELTA,N,8379.92,268250.95,0.03123911,0.03123911,237.100,3866.900,0.06131527,390,12,12,0.8362,0.0147,0.1058,OFICIAL
NACIONAL,BRASIL,2026-19,CULINARIOS,GAROTO,NESTLE,Y,7724.77,268250.95,0.0287968,0.0287968,171.800,3866.900,0.04442835,272,13,11,0.8362,0.0147,0.1058,OFICIAL
NACIONAL,BRASIL,2026-19,CULINARIOS,NESQUIK,NESTLE,Y,2948.96,268250.95,0.01099329,0.01099329,52.400,3866.900,0.01355091,98,14,7,0.8362,0.0147,0.1058,OFICIAL
NACIONAL,BRASIL,2026-19,LACTEOS,SOLAR,FAB_SOLAR,N,54942.01,324815.55,0.16914834,0.16914834,953.000,4453.500,0.213989,1702,1,36,0.8362,0.0147,0.044,OFICIAL
NACIONAL,BRASIL,2026-19,LACTEOS,VIVA,FAB_VIVA,N,32486.63,324815.55,0.10001562,0.10001562,316.600,4453.500,0.07109015,1082,2,29,0.8362,0.0147,0.044,OFICIAL
NACIONAL,BRASIL,2026-19,LACTEOS,BETA,FAB_BETA,N,26889.23,324815.55,0.08278307,0.08278307,423.900,4453.500,0.09518356,770,3,22,0.8362,0.0147,0.044,OFICIAL
NACIONAL,BRASIL,2026-19,LACTEOS,NOVA,FAB_NOVA,N,26546.52,324815.55,0.08172798,0.08172798,497.800,4453.500,0.11177725,1012,4,27,0.8362,0.0147,0.044,OFICIAL
NACIONAL,BRASIL,2026-19,LACTEOS,MOCA,NESTLE,Y,25196.44,324815.55,0.07757153,0.07757153,337.600,4453.500,0.07580555,762,5,27,0.8362,0.0147,0.044,OFICIAL
NACIONAL,BRASIL,2026-19,LACTEOS,NESQUIK,NESTLE,Y,25104.23,324815.55,0.07728765,0.07728765,286.300,4453.500,0.06428652,664,6,19,0.8362,0.0147,0.044,OFICIAL
NACIONAL,BRASIL,2026-19,LACTEOS,ALPHA,FAB_ALPHA,N,24202.86,324815.55,0.07451263,0.07451263,283.800,4453.500,0.06372516,784,7,16,0.8362,0.0147,0.044,OFICIAL
NACIONAL,BRASIL,2026-19,LACTEOS,NESCAFE,NESTLE,Y,20743.85,324815.55,0.06386348,0.06386348,292.400,4453.500,0.06565623,910,8,11,0.8362,0.0147,0.044,OFICIAL
NACIONAL,BRASIL,2026-19,LACTEOS,PRIME,FAB_PRIME,N,20011.58,324815.55,0.06160906,0.06160906,109.300,4453.500,0.02454249,508,9,12,0.8362,0.0147,0.044,OFICIAL
NACIONAL,BRASIL,2026-19,LACTEOS,DELTA,FAB_DELTA,N,18638.26,324815.55,0.05738106,0.05738106,463.900,4453.500,0.10416526,730,10,26,0.8362,0.0147,0.044,OFICIAL
NACIONAL,BRASIL,2026-19,LACTEOS,GAROTO,NESTLE,Y,15455.90,324815.55,0.04758362,0.04758362,157.600,4453.500,0.0353879,455,11,12,0.8362,0.0147,0.044,OFICIAL
NACIONAL,BRASIL,2026-19,LACTEOS,KITKAT,NESTLE,Y,13141.92,324815.55,0.04045964,0.04045964,115.300,4453.500,0.02588975,403,12,12,0.8362,0.0147,0.044,OFICIAL
NACIONAL,BRASIL,2026-19,LACTEOS,NINHO,NESTLE,Y,11237.83,324815.55,0.03459757,0.03459757,130.100,4453.500,0.02921298,370,13,12,0.8362,0.0147,0.044,OFICIAL
NACIONAL,BRASIL,2026-19,LACTEOS,MAGGI,NESTLE,Y,10218.29,324815.55,0.03145875,0.03145875,85.900,4453.500,0.0192882,254,14,10,0.8362,0.0147,0.044,OFICIAL
NACIONAL,BRASIL,2026-19,NUTRICAO,BETA,FAB_BETA,N,38666.49,264466.48,0.14620564,0.14620564,450.000,4495.300,0.10010455,1119,1,26,0.8362,0.0147,0.0745,OFICIAL
NACIONAL,BRASIL,2026-19,NUTRICAO,PRIME,FAB_PRIME,N,35960.99,264466.48,0.13597561,0.13597561,557.300,4495.300,0.12397393,1074,2,34,0.8362,0.0147,0.0745,OFICIAL
NACIONAL,BRASIL,2026-19,NUTRICAO,ALPHA,FAB_ALPHA,N,26059.70,264466.48,0.09853687,0.09853687,348.700,4495.300,0.07756991,659,3,24,0.8362,0.0147,0.0745,OFICIAL
NACIONAL,BRASIL,2026-19,NUTRICAO,SOLAR,FAB_SOLAR,N,23024.94,264466.48,0.08706185,0.08706185,528.400,4495.300,0.11754499,890,4,22,0.8362,0.0147,0.0745,OFICIAL
NACIONAL,BRASIL,2026-19,NUTRICAO,MOCA,NESTLE,Y,22390.37,264466.48,0.08466241,0.08466241,450.100,4495.300,0.1001268,1064,5,18,0.8362,0.0147,0.0745,OFICIAL
NACIONAL,BRASIL,2026-19,NUTRICAO,KITKAT,NESTLE,Y,21545.39,264466.48,0.08146738,0.08146738,400.800,4495.300,0.08915979,791,6,21,0.8362,0.0147,0.0745,OFICIAL
NACIONAL,BRASIL,2026-19,NUTRICAO,DELTA,FAB_DELTA,N,20381.24,264466.48,0.07706549,0.07706549,388.800,4495.300,0.08649033,723,7,27,0.8362,0.0147,0.0745,OFICIAL
NACIONAL,BRASIL,2026-19,NUTRICAO,NESQUIK,NESTLE,Y,20239.96,264466.48,0.07653129,0.07653129,374.300,4495.300,0.08326474,1044,8,37,0.8362,0.0147,0.0745,OFICIAL
NACIONAL,BRASIL,2026-19,NUTRICAO,NOVA,FAB_NOVA,N,13722.08,264466.48,0.0518859,0.0518859,255.300,4495.300,0.05679265,595,9,21,0.8362,0.0147,0.0745,OFICIAL
NACIONAL,BRASIL,2026-19,NUTRICAO,GAROTO,NESTLE,Y,12299.38,264466.48,0.04650639,0.04650639,230.800,4495.300,0.05134251,390,10,11,0.8362,0.0147,0.0745,OFICIAL
NACIONAL,BRASIL,2026-19,NUTRICAO,VIVA,FAB_VIVA,N,9549.97,264466.48,0.03611032,0.03611032,38.400,4495.300,0.00854226,239,11,9,0.8362,0.0147,0.0745,OFICIAL
NACIONAL,BRASIL,2026-19,NUTRICAO,NINHO,NESTLE,Y,8912.71,264466.48,0.03370072,0.03370072,264.500,4495.300,0.05883923,390,12,10,0.8362,0.0147,0.0745,OFICIAL
NACIONAL,BRASIL,2026-19,NUTRICAO,MAGGI,NESTLE,Y,6382.91,264466.48,0.02413504,0.02413504,86.000,4495.300,0.01913109,228,13,7,0.8362,0.0147,0.0745,OFICIAL
NACIONAL,BRASIL,2026-19,NUTRICAO,NESCAFE,NESTLE,Y,5330.35,264466.48,0.02015511,0.02015511,121.900,4495.300,0.02711721,311,14,8,0.8362,0.0147,0.0745,OFICIAL
NACIONAL,BRASIL,2026-20,BEBIDAS,VIVA,FAB_VIVA,N,32316.98,305952.45,0.10562746,0.10562746,333.900,5054.100,0.06606517,841,1,18,0.8491,0.0108,0.0593,OFICIAL
NACIONAL,BRASIL,2026-20,BEBIDAS,NINHO,NESTLE,Y,31487.91,305952.45,0.10291766,0.10291766,595.900,5054.100,0.11790428,1448,2,42,0.8491,0.0108,0.0593,OFICIAL
NACIONAL,BRASIL,2026-20,BEBIDAS,BETA,FAB_BETA,N,28117.45,305952.45,0.09190137,0.09190137,389.900,5054.100,0.07714529,972,3,32,0.8491,0.0108,0.0593,OFICIAL
NACIONAL,BRASIL,2026-20,BEBIDAS,ALPHA,FAB_ALPHA,N,26869.87,305952.45,0.08782368,0.08782368,366.700,5054.100,0.07255496,1180,4,24,0.8491,0.0108,0.0593,OFICIAL
NACIONAL,BRASIL,2026-20,BEBIDAS,NESCAFE,NESTLE,Y,26240.22,305952.45,0.08576568,0.08576568,527.400,5054.100,0.10435092,1254,5,36,0.8491,0.0108,0.0593,OFICIAL
NACIONAL,BRASIL,2026-20,BEBIDAS,PRIME,FAB_PRIME,N,26064.30,305952.45,0.08519069,0.08519069,700.800,5054.100,0.1386597,1071,6,21,0.8491,0.0108,0.0593,OFICIAL
NACIONAL,BRASIL,2026-20,BEBIDAS,SOLAR,FAB_SOLAR,N,24421.55,305952.45,0.07982139,0.07982139,477.700,5054.100,0.09451732,1128,7,29,0.8491,0.0108,0.0593,OFICIAL
NACIONAL,BRASIL,2026-20,BEBIDAS,DELTA,FAB_DELTA,N,22306.49,305952.45,0.07290836,0.07290836,375.000,5054.100,0.07419719,769,8,27,0.8491,0.0108,0.0593,OFICIAL
NACIONAL,BRASIL,2026-20,BEBIDAS,MOCA,NESTLE,Y,20709.51,305952.45,0.06768866,0.06768866,211.300,5054.100,0.04180764,805,9,18,0.8491,0.0108,0.0593,OFICIAL
NACIONAL,BRASIL,2026-20,BEBIDAS,NESQUIK,NESTLE,Y,20319.82,305952.45,0.06641496,0.06641496,495.200,5054.100,0.09797986,728,10,22,0.8491,0.0108,0.0593,OFICIAL
NACIONAL,BRASIL,2026-20,BEBIDAS,GAROTO,NESTLE,Y,18395.62,305952.45,0.06012575,0.06012575,173.400,5054.100,0.03430878,584,11,15,0.8491,0.0108,0.0593,OFICIAL
NACIONAL,BRASIL,2026-20,BEBIDAS,NOVA,FAB_NOVA,N,14454.91,305952.45,0.04724561,0.04724561,121.100,5054.100,0.02396074,400,12,8,0.8491,0.0108,0.0593,OFICIAL
NACIONAL,BRASIL,2026-20,BEBIDAS,KITKAT,NESTLE,Y,11309.26,305952.45,0.03696411,0.03696411,180.100,5054.100,0.03563444,366,13,15,0.8491,0.0108,0.0593,OFICIAL
NACIONAL,BRASIL,2026-20,BEBIDAS,MAGGI,NESTLE,Y,2938.56,305952.45,0.00960463,0.00960463,105.700,5054.100,0.02091371,184,14,8,0.8491,0.0108,0.0593,OFICIAL
NACIONAL,BRASIL,2026-20,CHOCOLATES,NOVA,FAB_NOVA,N,43360.28,299227.92,0.1449072,0.1449072,861.700,4721.000,0.18252489,1431,1,29,0.8491,0.0108,0.0363,OFICIAL
NACIONAL,BRASIL,2026-20,CHOCOLATES,PRIME,FAB_PRIME,N,33873.56,299227.92,0.11320321,0.11320321,534.600,4721.000,0.11323872,1134,2,30,0.8491,0.0108,0.0363,OFICIAL
NACIONAL,BRASIL,2026-20,CHOCOLATES,BETA,FAB_BETA,N,33587.68,299227.92,0.11224781,0.11224781,525.500,4721.000,0.11131116,1104,3,26,0.8491,0.0108,0.0363,OFICIAL
NACIONAL,BRASIL,2026-20,CHOCOLATES,ALPHA,FAB_ALPHA,N,30901.66,299227.92,0.10327131,0.10327131,431.800,4721.000,0.09146367,988,4,26,0.8491,0.0108,0.0363,OFICIAL
NACIONAL,BRASIL,2026-20,CHOCOLATES,GAROTO,NESTLE,Y,27200.54,299227.92,0.09090241,0.09090241,275.100,4721.000,0.05827155,685,5,9,0.8491,0.0108,0.0363,OFICIAL
NACIONAL,BRASIL,2026-20,CHOCOLATES,NESCAFE,NESTLE,Y,26339.86,299227.92,0.08802608,0.08802608,496.500,4721.000,0.1051684,838,6,17,0.8491,0.0108,0.0363,OFICIAL
NACIONAL,BRASIL,2026-20,CHOCOLATES,SOLAR,FAB_SOLAR,N,19509.43,299227.92,0.06519923,0.06519923,444.500,4721.000,0.09415378,882,7,10,0.8491,0.0108,0.0363,OFICIAL
NACIONAL,BRASIL,2026-20,CHOCOLATES,VIVA,FAB_VIVA,N,19288.43,299227.92,0.06446066,0.06446066,226.200,4721.000,0.04791358,571,8,19,0.8491,0.0108,0.0363,OFICIAL
NACIONAL,BRASIL,2026-20,CHOCOLATES,NESQUIK,NESTLE,Y,16061.43,299227.92,0.05367624,0.05367624,106.700,4721.000,0.02260114,428,9,14,0.8491,0.0108,0.0363,OFICIAL
NACIONAL,BRASIL,2026-20,CHOCOLATES,DELTA,FAB_DELTA,N,13304.62,299227.92,0.04446316,0.04446316,241.900,4721.000,0.05123914,495,10,26,0.8491,0.0108,0.0363,OFICIAL
NACIONAL,BRASIL,2026-20,CHOCOLATES,KITKAT,NESTLE,Y,12861.70,299227.92,0.04298295,0.04298295,155.900,4721.000,0.03302266,478,11,15,0.8491,0.0108,0.0363,OFICIAL
NACIONAL,BRASIL,2026-20,CHOCOLATES,NINHO,NESTLE,Y,9429.64,299227.92,0.03151324,0.03151324,206.000,4721.000,0.04363482,403,12,14,0.8491,0.0108,0.0363,OFICIAL
NACIONAL,BRASIL,2026-20,CHOCOLATES,MAGGI,NESTLE,Y,9248.92,299227.92,0.03090928,0.03090928,146.700,4721.000,0.03107393,372,13,13,0.8491,0.0108,0.0363,OFICIAL
NACIONAL,BRASIL,2026-20,CHOCOLATES,MOCA,NESTLE,Y,4260.17,299227.92,0.01423721,0.01423721,67.900,4721.000,0.01438255,182,14,9,0.8491,0.0108,0.0363,OFICIAL
NACIONAL,BRASIL,2026-20,CULINARIOS,NINHO,NESTLE,Y,36945.60,292364.72,0.12636819,0.12636819,426.800,4227.300,0.10096279,1233,1,29,0.8491,0.0108,0.0299,OFICIAL
NACIONAL,BRASIL,2026-20,CULINARIOS,SOLAR,FAB_SOLAR,N,35356.55,292364.72,0.12093303,0.12093303,493.100,4227.300,0.11664656,1057,2,27,0.8491,0.0108,0.0299,OFICIAL
NACIONAL,BRASIL,2026-20,CULINARIOS,NESQUIK,NESTLE,Y,28214.47,292364.72,0.09650436,0.09650436,292.300,4227.300,0.06914579,714,3,17,0.8491,0.0108,0.0299,OFICIAL
NACIONAL,BRASIL,2026-20,CULINARIOS,PRIME,FAB_PRIME,N,27942.67,292364.72,0.0955747,0.0955747,378.100,4227.300,0.08944243,922,4,29,0.8491,0.0108,0.0299,OFICIAL
NACIONAL,BRASIL,2026-20,CULINARIOS,NOVA,FAB_NOVA,N,25626.91,292364.72,0.08765391,0.08765391,441.400,4227.300,0.10441653,832,5,28,0.8491,0.0108,0.0299,OFICIAL
NACIONAL,BRASIL,2026-20,CULINARIOS,BETA,FAB_BETA,N,23898.52,292364.72,0.08174215,0.08174215,431.000,4227.300,0.10195633,905,6,26,0.8491,0.0108,0.0299,OFICIAL
NACIONAL,BRASIL,2026-20,CULINARIOS,VIVA,FAB_VIVA,N,23515.65,292364.72,0.08043258,0.08043258,432.400,4227.300,0.10228751,785,7,23,0.8491,0.0108,0.0299,OFICIAL
NACIONAL,BRASIL,2026-20,CULINARIOS,ALPHA,FAB_ALPHA,N,22710.11,292364.72,0.07767733,0.07767733,289.200,4227.300,0.06841246,764,8,13,0.8491,0.0108,0.0299,OFICIAL
NACIONAL,BRASIL,2026-20,CULINARIOS,MOCA,NESTLE,Y,17054.01,292364.72,0.05833129,0.05833129,354.000,4227.300,0.0837414,550,9,12,0.8491,0.0108,0.0299,OFICIAL
NACIONAL,BRASIL,2026-20,CULINARIOS,GAROTO,NESTLE,Y,13594.08,292364.72,0.04649699,0.04649699,165.500,4227.300,0.03915029,417,10,14,0.8491,0.0108,0.0299,OFICIAL
NACIONAL,BRASIL,2026-20,CULINARIOS,MAGGI,NESTLE,Y,12973.86,292364.72,0.0443756,0.0443756,286.500,4227.300,0.06777376,531,11,15,0.8491,0.0108,0.0299,OFICIAL
NACIONAL,BRASIL,2026-20,CULINARIOS,DELTA,FAB_DELTA,N,11533.80,292364.72,0.03945004,0.03945004,135.600,4227.300,0.03207721,493,12,12,0.8491,0.0108,0.0299,OFICIAL
NACIONAL,BRASIL,2026-20,CULINARIOS,NESCAFE,NESTLE,Y,7187.01,292364.72,0.02458234,0.02458234,44.000,4227.300,0.01040854,181,13,8,0.8491,0.0108,0.0299,OFICIAL
NACIONAL,BRASIL,2026-20,CULINARIOS,KITKAT,NESTLE,Y,5811.48,292364.72,0.0198775,0.0198775,57.400,4227.300,0.01357841,230,14,10,0.8491,0.0108,0.0299,OFICIAL
NACIONAL,BRASIL,2026-20,LACTEOS,SOLAR,FAB_SOLAR,N,45693.77,324795.64,0.14068468,0.14068468,457.100,4252.900,0.1074796,1417,1,32,0.8491,0.0108,0.0493,OFICIAL
NACIONAL,BRASIL,2026-20,LACTEOS,DELTA,FAB_DELTA,N,43092.97,324795.64,0.13267718,0.13267718,667.800,4252.900,0.15702227,1518,2,28,0.8491,0.0108,0.0493,OFICIAL
NACIONAL,BRASIL,2026-20,LACTEOS,ALPHA,FAB_ALPHA,N,38910.97,324795.64,0.11980139,0.11980139,748.700,4252.900,0.17604458,1658,3,37,0.8491,0.0108,0.0493,OFICIAL
NACIONAL,BRASIL,2026-20,LACTEOS,NESQUIK,NESTLE,Y,31642.20,324795.64,0.09742187,0.09742187,173.900,4252.900,0.04088975,1004,4,16,0.8491,0.0108,0.0493,OFICIAL
NACIONAL,BRASIL,2026-20,LACTEOS,NOVA,FAB_NOVA,N,31417.95,324795.64,0.09673144,0.09673144,411.600,4252.900,0.09678102,1080,5,23,0.8491,0.0108,0.0493,OFICIAL
NACIONAL,BRASIL,2026-20,LACTEOS,VIVA,FAB_VIVA,N,22950.65,324795.64,0.07066182,0.07066182,364.800,4252.900,0.08577676,701,6,26,0.8491,0.0108,0.0493,OFICIAL
NACIONAL,BRASIL,2026-20,LACTEOS,PRIME,FAB_PRIME,N,21841.37,324795.64,0.0672465,0.0672465,266.000,4252.900,0.06254556,809,7,19,0.8491,0.0108,0.0493,OFICIAL
NACIONAL,BRASIL,2026-20,LACTEOS,MOCA,NESTLE,Y,21290.74,324795.64,0.06555119,0.06555119,153.600,4252.900,0.03611653,685,8,17,0.8491,0.0108,0.0493,OFICIAL
NACIONAL,BRASIL,2026-20,LACTEOS,NESCAFE,NESTLE,Y,17448.51,324795.64,0.0537215,0.0537215,283.000,4252.900,0.06654283,479,9,14,0.8491,0.0108,0.0493,OFICIAL
NACIONAL,BRASIL,2026-20,LACTEOS,KITKAT,NESTLE,Y,13813.44,324795.64,0.04252963,0.04252963,196.800,4252.900,0.04627431,398,10,14,0.8491,0.0108,0.0493,OFICIAL
NACIONAL,BRASIL,2026-20,LACTEOS,GAROTO,NESTLE,Y,13207.56,324795.64,0.04066422,0.04066422,110.800,4252.900,0.02605281,435,11,10,0.8491,0.0108,0.0493,OFICIAL
NACIONAL,BRASIL,2026-20,LACTEOS,BETA,FAB_BETA,N,11675.93,324795.64,0.03594854,0.03594854,239.000,4252.900,0.05619695,524,12,19,0.8491,0.0108,0.0493,OFICIAL
NACIONAL,BRASIL,2026-20,LACTEOS,NINHO,NESTLE,Y,6249.00,324795.64,0.01923979,0.01923979,80.400,4252.900,0.01890475,276,13,9,0.8491,0.0108,0.0493,OFICIAL
NACIONAL,BRASIL,2026-20,LACTEOS,MAGGI,NESTLE,Y,5560.58,324795.64,0.01712024,0.01712024,99.400,4252.900,0.02337229,138,14,5,0.8491,0.0108,0.0493,OFICIAL
NACIONAL,BRASIL,2026-20,NUTRICAO,SOLAR,FAB_SOLAR,N,40053.36,257667.37,0.15544599,0.15544599,471.100,3751.500,0.12557644,1171,1,23,0.8491,0.0108,0.0452,OFICIAL
NACIONAL,BRASIL,2026-20,NUTRICAO,DELTA,FAB_DELTA,N,28697.68,257667.37,0.11137491,0.11137491,574.800,3751.500,0.15321871,1084,2,27,0.8491,0.0108,0.0452,OFICIAL
NACIONAL,BRASIL,2026-20,NUTRICAO,PRIME,FAB_PRIME,N,28571.23,257667.37,0.11088416,0.11088416,360.200,3751.500,0.09601493,1071,3,21,0.8491,0.0108,0.0452,OFICIAL
NACIONAL,BRASIL,2026-20,NUTRICAO,BETA,FAB_BETA,N,21031.56,257667.37,0.08162291,0.08162291,352.800,3751.500,0.09404238,802,4,24,0.8491,0.0108,0.0452,OFICIAL
NACIONAL,BRASIL,2026-20,NUTRICAO,NOVA,FAB_NOVA,N,20864.77,257667.37,0.0809756,0.0809756,223.800,3751.500,0.05965614,796,5,17,0.8491,0.0108,0.0452,OFICIAL
NACIONAL,BRASIL,2026-20,NUTRICAO,GAROTO,NESTLE,Y,20306.05,257667.37,0.07880722,0.07880722,108.500,3751.500,0.02892176,523,6,7,0.8491,0.0108,0.0452,OFICIAL
NACIONAL,BRASIL,2026-20,NUTRICAO,VIVA,FAB_VIVA,N,17256.85,257667.37,0.06697336,0.06697336,270.000,3751.500,0.07197121,572,7,20,0.8491,0.0108,0.0452,OFICIAL
NACIONAL,BRASIL,2026-20,NUTRICAO,NESCAFE,NESTLE,Y,14970.14,257667.37,0.0580987,0.0580987,260.200,3751.500,0.06935892,500,8,12,0.8491,0.0108,0.0452,OFICIAL
NACIONAL,BRASIL,2026-20,NUTRICAO,ALPHA,FAB_ALPHA,N,14179.35,257667.37,0.05502967,0.05502967,243.700,3751.500,0.06496068,627,9,23,0.8491,0.0108,0.0452,OFICIAL
NACIONAL,BRASIL,2026-20,NUTRICAO,NINHO,NESTLE,Y,14009.92,257667.37,0.05437212,0.05437212,152.300,3751.500,0.04059709,490,10,18,0.8491,0.0108,0.0452,OFICIAL
NACIONAL,BRASIL,2026-20,NUTRICAO,NESQUIK,NESTLE,Y,12946.99,257667.37,0.05024691,0.05024691,326.900,3751.500,0.08713848,877,11,36,0.8491,0.0108,0.0452,OFICIAL
NACIONAL,BRASIL,2026-20,NUTRICAO,MOCA,NESTLE,Y,11772.88,257667.37,0.04569022,0.04569022,119.000,3751.500,0.03172065,417,12,14,0.8491,0.0108,0.0452,OFICIAL
NACIONAL,BRASIL,2026-20,NUTRICAO,KITKAT,NESTLE,Y,9877.68,257667.37,0.03833501,0.03833501,190.600,3751.500,0.05080634,305,13,12,0.8491,0.0108,0.0452,OFICIAL
NACIONAL,BRASIL,2026-20,NUTRICAO,MAGGI,NESTLE,Y,3128.91,257667.37,0.01214321,0.01214321,97.600,3751.500,0.02601626,124,14,4,0.8491,0.0108,0.0452,OFICIAL
NACIONAL,BRASIL,2026-21,BEBIDAS,SOLAR,FAB_SOLAR,N,32574.61,259387.19,0.12558296,0.12558296,493.300,4497.500,0.10968316,1221,1,34,0.8509,0.0117,0.0281,OFICIAL
NACIONAL,BRASIL,2026-21,BEBIDAS,DELTA,FAB_DELTA,N,29109.47,259387.19,0.11222401,0.11222401,410.300,4497.500,0.09122846,948,2,25,0.8509,0.0117,0.0281,OFICIAL
NACIONAL,BRASIL,2026-21,BEBIDAS,NINHO,NESTLE,Y,28177.08,259387.19,0.10862942,0.10862942,555.400,4497.500,0.12349083,1274,3,37,0.8509,0.0117,0.0281,OFICIAL
NACIONAL,BRASIL,2026-21,BEBIDAS,NOVA,FAB_NOVA,N,27149.42,259387.19,0.10466754,0.10466754,257.600,4497.500,0.05727626,972,4,25,0.8509,0.0117,0.0281,OFICIAL
NACIONAL,BRASIL,2026-21,BEBIDAS,PRIME,FAB_PRIME,N,22545.40,259387.19,0.08691794,0.08691794,789.800,4497.500,0.17560867,1082,5,20,0.8509,0.0117,0.0281,OFICIAL
NACIONAL,BRASIL,2026-21,BEBIDAS,GAROTO,NESTLE,Y,17683.01,259387.19,0.06817226,0.06817226,315.400,4497.500,0.07012785,562,6,15,0.8509,0.0117,0.0281,OFICIAL
NACIONAL,BRASIL,2026-21,BEBIDAS,VIVA,FAB_VIVA,N,17088.49,259387.19,0.06588024,0.06588024,165.100,4497.500,0.03670928,613,7,18,0.8509,0.0117,0.0281,OFICIAL
NACIONAL,BRASIL,2026-21,BEBIDAS,NESCAFE,NESTLE,Y,16800.69,259387.19,0.0647707,0.0647707,301.500,4497.500,0.06703724,860,8,28,0.8509,0.0117,0.0281,OFICIAL
NACIONAL,BRASIL,2026-21,BEBIDAS,BETA,FAB_BETA,N,16118.54,259387.19,0.06214085,0.06214085,248.600,4497.500,0.05527515,536,9,15,0.8509,0.0117,0.0281,OFICIAL
NACIONAL,BRASIL,2026-21,BEBIDAS,MAGGI,NESTLE,Y,13869.87,259387.19,0.05347168,0.05347168,219.700,4497.500,0.04884936,516,10,13,0.8509,0.0117,0.0281,OFICIAL
NACIONAL,BRASIL,2026-21,BEBIDAS,ALPHA,FAB_ALPHA,N,12708.19,259387.19,0.04899313,0.04899313,284.600,4497.500,0.0632796,456,11,20,0.8509,0.0117,0.0281,OFICIAL
NACIONAL,BRASIL,2026-21,BEBIDAS,NESQUIK,NESTLE,Y,12145.06,259387.19,0.04682213,0.04682213,226.300,4497.500,0.05031684,364,12,19,0.8509,0.0117,0.0281,OFICIAL
NACIONAL,BRASIL,2026-21,BEBIDAS,MOCA,NESTLE,Y,7720.08,259387.19,0.02976277,0.02976277,109.100,4497.500,0.02425792,282,13,8,0.8509,0.0117,0.0281,OFICIAL
NACIONAL,BRASIL,2026-21,BEBIDAS,KITKAT,NESTLE,Y,5697.28,259387.19,0.02196438,0.02196438,120.800,4497.500,0.02685937,252,14,10,0.8509,0.0117,0.0281,OFICIAL
NACIONAL,BRASIL,2026-21,CHOCOLATES,DELTA,FAB_DELTA,N,40495.71,328534.43,0.12326169,0.12326169,705.700,5080.100,0.13891459,1245,1,31,0.8509,0.0117,0.0426,OFICIAL
NACIONAL,BRASIL,2026-21,CHOCOLATES,PRIME,FAB_PRIME,N,38510.15,328534.43,0.117218,0.117218,782.000,5080.100,0.15393398,1414,2,30,0.8509,0.0117,0.0426,OFICIAL
NACIONAL,BRASIL,2026-21,CHOCOLATES,NINHO,NESTLE,Y,36953.18,328534.43,0.11247887,0.11247887,431.900,5080.100,0.08501801,1196,3,20,0.8509,0.0117,0.0426,OFICIAL
NACIONAL,BRASIL,2026-21,CHOCOLATES,VIVA,FAB_VIVA,N,34008.28,328534.43,0.10351512,0.10351512,437.800,5080.100,0.08617941,1034,4,19,0.8509,0.0117,0.0426,OFICIAL
NACIONAL,BRASIL,2026-21,CHOCOLATES,BETA,FAB_BETA,N,33842.16,328534.43,0.10300948,0.10300948,574.100,5080.100,0.11300959,983,5,24,0.8509,0.0117,0.0426,OFICIAL
NACIONAL,BRASIL,2026-21,CHOCOLATES,NESCAFE,NESTLE,Y,30771.37,328534.43,0.09366254,0.09366254,251.900,5080.100,0.04958564,866,6,16,0.8509,0.0117,0.0426,OFICIAL
NACIONAL,BRASIL,2026-21,CHOCOLATES,KITKAT,NESTLE,Y,27322.55,328534.43,0.08316495,0.08316495,486.500,5080.100,0.09576583,812,7,12,0.8509,0.0117,0.0426,OFICIAL
NACIONAL,BRASIL,2026-21,CHOCOLATES,SOLAR,FAB_SOLAR,N,23971.00,328534.43,0.07296343,0.07296343,335.800,5080.100,0.06610106,980,8,18,0.8509,0.0117,0.0426,OFICIAL
NACIONAL,BRASIL,2026-21,CHOCOLATES,NOVA,FAB_NOVA,N,20264.55,328534.43,0.06168166,0.06168166,552.300,5080.100,0.10871833,767,9,20,0.8509,0.0117,0.0426,OFICIAL
NACIONAL,BRASIL,2026-21,CHOCOLATES,ALPHA,FAB_ALPHA,N,20114.12,328534.43,0.06122378,0.06122378,238.800,5080.100,0.04700695,742,10,19,0.8509,0.0117,0.0426,OFICIAL
NACIONAL,BRASIL,2026-21,CHOCOLATES,MAGGI,NESTLE,Y,11758.30,328534.43,0.03579016,0.03579016,120.900,5080.100,0.02379874,442,11,12,0.8509,0.0117,0.0426,OFICIAL
NACIONAL,BRASIL,2026-21,CHOCOLATES,MOCA,NESTLE,Y,6367.78,328534.43,0.01938238,0.01938238,75.600,5080.100,0.0148816,272,12,10,0.8509,0.0117,0.0426,OFICIAL
NACIONAL,BRASIL,2026-21,CHOCOLATES,NESQUIK,NESTLE,Y,2900.00,328534.43,0.00882708,0.00882708,84.200,5080.100,0.01657448,176,13,9,0.8509,0.0117,0.0426,OFICIAL
NACIONAL,BRASIL,2026-21,CHOCOLATES,GAROTO,NESTLE,Y,1255.28,328534.43,0.00382085,0.00382085,2.600,5080.100,0.0005118,26,14,1,0.8509,0.0117,0.0426,OFICIAL
NACIONAL,BRASIL,2026-21,CULINARIOS,NOVA,FAB_NOVA,N,71165.01,367646.15,0.19356931,0.19356931,1129.200,5509.500,0.20495508,1962,1,31,0.8509,0.0117,0.031,OFICIAL
NACIONAL,BRASIL,2026-21,CULINARIOS,VIVA,FAB_VIVA,N,47485.62,367646.15,0.12916121,0.12916121,645.700,5509.500,0.11719757,1552,2,32,0.8509,0.0117,0.031,OFICIAL
NACIONAL,BRASIL,2026-21,CULINARIOS,SOLAR,FAB_SOLAR,N,43576.94,367646.15,0.11852957,0.11852957,638.800,5509.500,0.11594519,1165,3,24,0.8509,0.0117,0.031,OFICIAL
NACIONAL,BRASIL,2026-21,CULINARIOS,NESCAFE,NESTLE,Y,31120.93,367646.15,0.08464914,0.08464914,301.200,5509.500,0.05466921,843,4,10,0.8509,0.0117,0.031,OFICIAL
NACIONAL,BRASIL,2026-21,CULINARIOS,NINHO,NESTLE,Y,28285.14,367646.15,0.07693577,0.07693577,547.000,5509.500,0.09928306,867,5,25,0.8509,0.0117,0.031,OFICIAL
NACIONAL,BRASIL,2026-21,CULINARIOS,ALPHA,FAB_ALPHA,N,24509.16,367646.15,0.06666508,0.06666508,338.800,5509.500,0.06149378,603,6,15,0.8509,0.0117,0.031,OFICIAL
NACIONAL,BRASIL,2026-21,CULINARIOS,PRIME,FAB_PRIME,N,23514.09,367646.15,0.06395848,0.06395848,214.900,5509.500,0.03900535,820,7,24,0.8509,0.0117,0.031,OFICIAL
NACIONAL,BRASIL,2026-21,CULINARIOS,DELTA,FAB_DELTA,N,21579.27,367646.15,0.05869576,0.05869576,370.700,5509.500,0.06728378,823,8,22,0.8509,0.0117,0.031,OFICIAL
NACIONAL,BRASIL,2026-21,CULINARIOS,BETA,FAB_BETA,N,17047.85,367646.15,0.04637027,0.04637027,283.100,5509.500,0.05138397,712,9,20,0.8509,0.0117,0.031,OFICIAL
NACIONAL,BRASIL,2026-21,CULINARIOS,KITKAT,NESTLE,Y,16096.73,367646.15,0.04378321,0.04378321,256.600,5509.500,0.0465741,521,10,15,0.8509,0.0117,0.031,OFICIAL
NACIONAL,BRASIL,2026-21,CULINARIOS,GAROTO,NESTLE,Y,15477.40,367646.15,0.04209863,0.04209863,213.300,5509.500,0.03871495,536,11,14,0.8509,0.0117,0.031,OFICIAL
NACIONAL,BRASIL,2026-21,CULINARIOS,MAGGI,NESTLE,Y,12053.71,367646.15,0.03278617,0.03278617,217.900,5509.500,0.03954987,510,12,14,0.8509,0.0117,0.031,OFICIAL
NACIONAL,BRASIL,2026-21,CULINARIOS,MOCA,NESTLE,Y,11024.70,367646.15,0.02998726,0.02998726,90.300,5509.500,0.01638987,335,13,18,0.8509,0.0117,0.031,OFICIAL
NACIONAL,BRASIL,2026-21,CULINARIOS,NESQUIK,NESTLE,Y,4709.60,367646.15,0.01281014,0.01281014,262.000,5509.500,0.04755422,280,14,7,0.8509,0.0117,0.031,OFICIAL
NACIONAL,BRASIL,2026-21,LACTEOS,VIVA,FAB_VIVA,N,45762.44,346539.77,0.13205538,0.13205538,912.500,5250.900,0.17377973,1269,1,23,0.8509,0.0117,0.0136,OFICIAL
NACIONAL,BRASIL,2026-21,LACTEOS,SOLAR,FAB_SOLAR,N,43546.39,346539.77,0.12566058,0.12566058,762.100,5250.900,0.14513702,1469,2,37,0.8509,0.0117,0.0136,OFICIAL
NACIONAL,BRASIL,2026-21,LACTEOS,NOVA,FAB_NOVA,N,35830.37,346539.77,0.10339468,0.10339468,463.900,5250.900,0.08834676,1101,3,29,0.8509,0.0117,0.0136,OFICIAL
NACIONAL,BRASIL,2026-21,LACTEOS,PRIME,FAB_PRIME,N,30367.90,346539.77,0.08763179,0.08763179,544.600,5250.900,0.10371555,1034,4,14,0.8509,0.0117,0.0136,OFICIAL
NACIONAL,BRASIL,2026-21,LACTEOS,BETA,FAB_BETA,N,29635.33,346539.77,0.08551783,0.08551783,280.600,5250.900,0.05343846,973,5,23,0.8509,0.0117,0.0136,OFICIAL
NACIONAL,BRASIL,2026-21,LACTEOS,DELTA,FAB_DELTA,N,28390.36,346539.77,0.08192526,0.08192526,486.900,5250.900,0.09272696,1081,6,37,0.8509,0.0117,0.0136,OFICIAL
NACIONAL,BRASIL,2026-21,LACTEOS,NINHO,NESTLE,Y,26802.26,346539.77,0.07734252,0.07734252,300.500,5250.900,0.05722828,779,7,15,0.8509,0.0117,0.0136,OFICIAL
NACIONAL,BRASIL,2026-21,LACTEOS,NESQUIK,NESTLE,Y,26316.89,346539.77,0.0759419,0.0759419,396.800,5250.900,0.075568,1092,8,18,0.8509,0.0117,0.0136,OFICIAL
NACIONAL,BRASIL,2026-21,LACTEOS,NESCAFE,NESTLE,Y,19572.78,346539.77,0.05648062,0.05648062,236.500,5250.900,0.0450399,668,9,16,0.8509,0.0117,0.0136,OFICIAL
NACIONAL,BRASIL,2026-21,LACTEOS,MOCA,NESTLE,Y,14019.73,346539.77,0.04045634,0.04045634,243.600,5250.900,0.04639205,435,10,9,0.8509,0.0117,0.0136,OFICIAL
NACIONAL,BRASIL,2026-21,LACTEOS,ALPHA,FAB_ALPHA,N,13962.83,346539.77,0.04029214,0.04029214,207.700,5250.900,0.03955512,581,11,21,0.8509,0.0117,0.0136,OFICIAL
NACIONAL,BRASIL,2026-21,LACTEOS,GAROTO,NESTLE,Y,12711.26,346539.77,0.03668052,0.03668052,182.400,5250.900,0.0347369,385,12,13,0.8509,0.0117,0.0136,OFICIAL
NACIONAL,BRASIL,2026-21,LACTEOS,KITKAT,NESTLE,Y,10895.25,346539.77,0.03144011,0.03144011,133.700,5250.900,0.0254623,397,13,11,0.8509,0.0117,0.0136,OFICIAL
NACIONAL,BRASIL,2026-21,LACTEOS,MAGGI,NESTLE,Y,8725.98,346539.77,0.02518031,0.02518031,99.100,5250.900,0.01887296,248,14,10,0.8509,0.0117,0.0136,OFICIAL
NACIONAL,BRASIL,2026-21,NUTRICAO,MOCA,NESTLE,Y,34186.37,267223.45,0.12793177,0.12793177,540.800,4188.200,0.12912468,1292,1,23,0.8509,0.0117,0.0661,OFICIAL
NACIONAL,BRASIL,2026-21,NUTRICAO,SOLAR,FAB_SOLAR,N,23741.05,267223.45,0.08884344,0.08884344,437.100,4188.200,0.10436464,716,2,22,0.8509,0.0117,0.0661,OFICIAL
NACIONAL,BRASIL,2026-21,NUTRICAO,NOVA,FAB_NOVA,N,23334.83,267223.45,0.08732329,0.08732329,335.800,4188.200,0.08017764,563,3,15,0.8509,0.0117,0.0661,OFICIAL
NACIONAL,BRASIL,2026-21,NUTRICAO,DELTA,FAB_DELTA,N,21119.05,267223.45,0.07903142,0.07903142,402.100,4188.200,0.09600783,1166,4,22,0.8509,0.0117,0.0661,OFICIAL
NACIONAL,BRASIL,2026-21,NUTRICAO,VIVA,FAB_VIVA,N,21012.40,267223.45,0.07863232,0.07863232,210.200,4188.200,0.05018863,581,5,15,0.8509,0.0117,0.0661,OFICIAL
NACIONAL,BRASIL,2026-21,NUTRICAO,ALPHA,FAB_ALPHA,N,20519.03,267223.45,0.07678604,0.07678604,445.000,4188.200,0.1062509,886,6,26,0.8509,0.0117,0.0661,OFICIAL
NACIONAL,BRASIL,2026-21,NUTRICAO,PRIME,FAB_PRIME,N,20173.33,267223.45,0.07549236,0.07549236,157.000,4188.200,0.03748627,743,7,19,0.8509,0.0117,0.0661,OFICIAL
NACIONAL,BRASIL,2026-21,NUTRICAO,NINHO,NESTLE,Y,20135.60,267223.45,0.07535117,0.07535117,247.700,4188.200,0.05914235,706,8,14,0.8509,0.0117,0.0661,OFICIAL
NACIONAL,BRASIL,2026-21,NUTRICAO,GAROTO,NESTLE,Y,19217.30,267223.45,0.07191472,0.07191472,240.600,4188.200,0.05744711,615,9,18,0.8509,0.0117,0.0661,OFICIAL
NACIONAL,BRASIL,2026-21,NUTRICAO,NESQUIK,NESTLE,Y,18794.52,267223.45,0.0703326,0.0703326,443.000,4188.200,0.10577336,1124,10,39,0.8509,0.0117,0.0661,OFICIAL
NACIONAL,BRASIL,2026-21,NUTRICAO,BETA,FAB_BETA,N,17052.16,267223.45,0.06381236,0.06381236,298.400,4188.200,0.07124779,583,11,27,0.8509,0.0117,0.0661,OFICIAL
NACIONAL,BRASIL,2026-21,NUTRICAO,KITKAT,NESTLE,Y,12279.21,267223.45,0.04595109,0.04595109,200.500,4188.200,0.04787259,549,12,15,0.8509,0.0117,0.0661,OFICIAL
NACIONAL,BRASIL,2026-21,NUTRICAO,MAGGI,NESTLE,Y,8705.43,267223.45,0.03257734,0.03257734,162.600,4188.200,0.03882336,223,13,9,0.8509,0.0117,0.0661,OFICIAL
NACIONAL,BRASIL,2026-21,NUTRICAO,NESCAFE,NESTLE,Y,6953.17,267223.45,0.02602006,0.02602006,67.400,4188.200,0.01609283,263,14,10,0.8509,0.0117,0.0661,OFICIAL
NACIONAL,BRASIL,2026-22,BEBIDAS,NESCAFE,NESTLE,Y,50732.82,344713.61,0.14717382,0.14717382,990.200,6122.900,0.16172075,1668,1,33,0.8488,0.0162,0.1098,OFICIAL
NACIONAL,BRASIL,2026-22,BEBIDAS,ALPHA,FAB_ALPHA,N,44234.29,344713.61,0.12832186,0.12832186,733.000,6122.900,0.11971451,1152,2,17,0.8488,0.0162,0.1098,OFICIAL
NACIONAL,BRASIL,2026-22,BEBIDAS,BETA,FAB_BETA,N,39494.93,344713.61,0.11457317,0.11457317,493.300,6122.900,0.0805664,1245,3,26,0.8488,0.0162,0.1098,OFICIAL
NACIONAL,BRASIL,2026-22,BEBIDAS,VIVA,FAB_VIVA,N,29914.45,344713.61,0.08678059,0.08678059,339.300,6122.900,0.05541492,894,4,17,0.8488,0.0162,0.1098,OFICIAL
NACIONAL,BRASIL,2026-22,BEBIDAS,NINHO,NESTLE,Y,29780.52,344713.61,0.08639206,0.08639206,545.800,6122.900,0.08914077,1310,5,37,0.8488,0.0162,0.1098,OFICIAL
NACIONAL,BRASIL,2026-22,BEBIDAS,SOLAR,FAB_SOLAR,N,29097.05,344713.61,0.08440934,0.08440934,249.000,6122.900,0.040667,895,6,25,0.8488,0.0162,0.1098,OFICIAL
NACIONAL,BRASIL,2026-22,BEBIDAS,GAROTO,NESTLE,Y,28339.72,344713.61,0.08221236,0.08221236,920.200,6122.900,0.15028826,1148,7,18,0.8488,0.0162,0.1098,OFICIAL
NACIONAL,BRASIL,2026-22,BEBIDAS,MAGGI,NESTLE,Y,20343.05,344713.61,0.05901435,0.05901435,431.600,6122.900,0.07048947,720,8,11,0.8488,0.0162,0.1098,OFICIAL
NACIONAL,BRASIL,2026-22,BEBIDAS,DELTA,FAB_DELTA,N,17418.62,344713.61,0.0505307,0.0505307,419.700,6122.900,0.06854595,720,9,24,0.8488,0.0162,0.1098,OFICIAL
NACIONAL,BRASIL,2026-22,BEBIDAS,PRIME,FAB_PRIME,N,14841.66,344713.61,0.04305505,0.04305505,224.500,6122.900,0.03666563,579,10,21,0.8488,0.0162,0.1098,OFICIAL
NACIONAL,BRASIL,2026-22,BEBIDAS,KITKAT,NESTLE,Y,11881.01,344713.61,0.03446632,0.03446632,142.400,6122.900,0.02325695,316,11,12,0.8488,0.0162,0.1098,OFICIAL
NACIONAL,BRASIL,2026-22,BEBIDAS,MOCA,NESTLE,Y,11225.42,344713.61,0.03256448,0.03256448,229.000,6122.900,0.03740058,305,12,8,0.8488,0.0162,0.1098,OFICIAL
NACIONAL,BRASIL,2026-22,BEBIDAS,NESQUIK,NESTLE,Y,10672.54,344713.61,0.0309606,0.0309606,240.300,6122.900,0.03924611,424,13,15,0.8488,0.0162,0.1098,OFICIAL
NACIONAL,BRASIL,2026-22,BEBIDAS,NOVA,FAB_NOVA,N,6737.53,344713.61,0.0195453,0.0195453,164.600,6122.900,0.02688269,234,14,11,0.8488,0.0162,0.1098,OFICIAL
NACIONAL,BRASIL,2026-22,CHOCOLATES,BETA,FAB_BETA,N,56948.10,343815.11,0.16563583,0.16563583,594.300,4883.400,0.121698,1573,1,26,0.8488,0.0162,0.0434,OFICIAL
NACIONAL,BRASIL,2026-22,CHOCOLATES,NINHO,NESTLE,Y,44799.76,343815.11,0.13030189,0.13030189,336.600,4883.400,0.06892739,1398,2,17,0.8488,0.0162,0.0434,OFICIAL
NACIONAL,BRASIL,2026-22,CHOCOLATES,PRIME,FAB_PRIME,N,35597.67,343815.11,0.10353725,0.10353725,472.200,4883.400,0.09669493,1056,3,29,0.8488,0.0162,0.0434,OFICIAL
NACIONAL,BRASIL,2026-22,CHOCOLATES,SOLAR,FAB_SOLAR,N,32010.51,343815.11,0.09310385,0.09310385,329.800,4883.400,0.06753491,907,4,25,0.8488,0.0162,0.0434,OFICIAL
NACIONAL,BRASIL,2026-22,CHOCOLATES,VIVA,FAB_VIVA,N,30417.18,343815.11,0.08846958,0.08846958,730.400,4883.400,0.14956792,1355,5,29,0.8488,0.0162,0.0434,OFICIAL
NACIONAL,BRASIL,2026-22,CHOCOLATES,NESCAFE,NESTLE,Y,28531.49,343815.11,0.08298498,0.08298498,488.800,4883.400,0.1000942,974,6,22,0.8488,0.0162,0.0434,OFICIAL
NACIONAL,BRASIL,2026-22,CHOCOLATES,ALPHA,FAB_ALPHA,N,24928.91,343815.11,0.07250673,0.07250673,541.600,4883.400,0.11090634,829,7,22,0.8488,0.0162,0.0434,OFICIAL
NACIONAL,BRASIL,2026-22,CHOCOLATES,DELTA,FAB_DELTA,N,23229.13,343815.11,0.06756285,0.06756285,350.100,4883.400,0.07169185,932,8,29,0.8488,0.0162,0.0434,OFICIAL
NACIONAL,BRASIL,2026-22,CHOCOLATES,NESQUIK,NESTLE,Y,20758.22,343815.11,0.06037611,0.06037611,207.500,4883.400,0.04249089,851,9,18,0.8488,0.0162,0.0434,OFICIAL
NACIONAL,BRASIL,2026-22,CHOCOLATES,KITKAT,NESTLE,Y,17937.77,343815.11,0.05217272,0.05217272,301.200,4883.400,0.06167834,615,10,16,0.8488,0.0162,0.0434,OFICIAL
NACIONAL,BRASIL,2026-22,CHOCOLATES,NOVA,FAB_NOVA,N,16616.00,343815.11,0.0483283,0.0483283,357.500,4883.400,0.07320719,754,11,21,0.8488,0.0162,0.0434,OFICIAL
NACIONAL,BRASIL,2026-22,CHOCOLATES,MAGGI,NESTLE,Y,6937.18,343815.11,0.02017707,0.02017707,76.800,4883.400,0.01572675,264,12,13,0.8488,0.0162,0.0434,OFICIAL
NACIONAL,BRASIL,2026-22,CHOCOLATES,MOCA,NESTLE,Y,4715.27,343815.11,0.01371455,0.01371455,92.000,4883.400,0.01883933,170,13,8,0.8488,0.0162,0.0434,OFICIAL
NACIONAL,BRASIL,2026-22,CHOCOLATES,GAROTO,NESTLE,Y,387.92,343815.11,0.00112828,0.00112828,4.600,4883.400,0.00094197,18,14,2,0.8488,0.0162,0.0434,OFICIAL
NACIONAL,BRASIL,2026-22,CULINARIOS,NOVA,FAB_NOVA,N,52172.98,291740.79,0.17883334,0.17883334,729.900,4889.300,0.14928517,1299,1,31,0.8488,0.0162,0.0335,OFICIAL
NACIONAL,BRASIL,2026-22,CULINARIOS,SOLAR,FAB_SOLAR,N,36912.48,291740.79,0.12652492,0.12652492,768.300,4889.300,0.15713906,1123,2,19,0.8488,0.0162,0.0335,OFICIAL
NACIONAL,BRASIL,2026-22,CULINARIOS,PRIME,FAB_PRIME,N,31784.94,291740.79,0.10894925,0.10894925,484.700,4889.300,0.09913485,1140,3,25,0.8488,0.0162,0.0335,OFICIAL
NACIONAL,BRASIL,2026-22,CULINARIOS,NESQUIK,NESTLE,Y,27201.10,291740.79,0.09323722,0.09323722,224.000,4889.300,0.04581433,822,4,11,0.8488,0.0162,0.0335,OFICIAL
NACIONAL,BRASIL,2026-22,CULINARIOS,BETA,FAB_BETA,N,25327.22,291740.79,0.08681412,0.08681412,291.100,4889.300,0.05953818,827,5,27,0.8488,0.0162,0.0335,OFICIAL
NACIONAL,BRASIL,2026-22,CULINARIOS,VIVA,FAB_VIVA,N,24976.05,291740.79,0.08561041,0.08561041,773.300,4889.300,0.1581617,1133,6,19,0.8488,0.0162,0.0335,OFICIAL
NACIONAL,BRASIL,2026-22,CULINARIOS,ALPHA,FAB_ALPHA,N,19237.59,291740.79,0.06594069,0.06594069,311.100,4889.300,0.06362874,574,7,11,0.8488,0.0162,0.0335,OFICIAL
NACIONAL,BRASIL,2026-22,CULINARIOS,KITKAT,NESTLE,Y,17553.90,291740.79,0.06016951,0.06016951,176.700,4889.300,0.03614014,566,8,17,0.8488,0.0162,0.0335,OFICIAL
NACIONAL,BRASIL,2026-22,CULINARIOS,NINHO,NESTLE,Y,15803.16,291740.79,0.0541685,0.0541685,306.400,4889.300,0.06266746,488,9,15,0.8488,0.0162,0.0335,OFICIAL
NACIONAL,BRASIL,2026-22,CULINARIOS,DELTA,FAB_DELTA,N,12500.88,291740.79,0.04284927,0.04284927,300.600,4889.300,0.06148119,466,10,15,0.8488,0.0162,0.0335,OFICIAL
NACIONAL,BRASIL,2026-22,CULINARIOS,MAGGI,NESTLE,Y,9224.03,291740.79,0.03161721,0.03161721,154.100,4889.300,0.0315178,400,11,15,0.8488,0.0162,0.0335,OFICIAL
NACIONAL,BRASIL,2026-22,CULINARIOS,MOCA,NESTLE,Y,7814.65,291740.79,0.02678628,0.02678628,165.700,4889.300,0.03389033,408,12,11,0.8488,0.0162,0.0335,OFICIAL
NACIONAL,BRASIL,2026-22,CULINARIOS,GAROTO,NESTLE,Y,6659.50,291740.79,0.02282677,0.02282677,94.300,4889.300,0.01928701,247,13,11,0.8488,0.0162,0.0335,OFICIAL
NACIONAL,BRASIL,2026-22,CULINARIOS,NESCAFE,NESTLE,Y,4572.31,291740.79,0.01567251,0.01567251,109.100,4889.300,0.02231403,248,14,10,0.8488,0.0162,0.0335,OFICIAL
NACIONAL,BRASIL,2026-22,LACTEOS,SOLAR,FAB_SOLAR,N,52690.80,321651.46,0.16381334,0.16381334,625.600,4832.200,0.12946484,1637,1,45,0.8488,0.0162,0.0396,OFICIAL
NACIONAL,BRASIL,2026-22,LACTEOS,DELTA,FAB_DELTA,N,48681.25,321651.46,0.15134783,0.15134783,646.900,4832.200,0.13387277,1642,2,36,0.8488,0.0162,0.0396,OFICIAL
NACIONAL,BRASIL,2026-22,LACTEOS,VIVA,FAB_VIVA,N,39268.69,321651.46,0.1220846,0.1220846,406.300,4832.200,0.08408178,1185,3,30,0.8488,0.0162,0.0396,OFICIAL
NACIONAL,BRASIL,2026-22,LACTEOS,BETA,FAB_BETA,N,31491.08,321651.46,0.09790436,0.09790436,522.500,4832.200,0.1081288,1088,4,24,0.8488,0.0162,0.0396,OFICIAL
NACIONAL,BRASIL,2026-22,LACTEOS,MAGGI,NESTLE,Y,21487.67,321651.46,0.0668042,0.0668042,289.700,4832.200,0.05995199,640,5,12,0.8488,0.0162,0.0396,OFICIAL
NACIONAL,BRASIL,2026-22,LACTEOS,MOCA,NESTLE,Y,20488.24,321651.46,0.06369702,0.06369702,387.800,4832.200,0.0802533,738,6,28,0.8488,0.0162,0.0396,OFICIAL
NACIONAL,BRASIL,2026-22,LACTEOS,ALPHA,FAB_ALPHA,N,18521.86,321651.46,0.05758363,0.05758363,309.500,4832.200,0.0640495,607,7,27,0.8488,0.0162,0.0396,OFICIAL
NACIONAL,BRASIL,2026-22,LACTEOS,NOVA,FAB_NOVA,N,18425.62,321651.46,0.05728443,0.05728443,370.000,4832.200,0.07656968,796,8,27,0.8488,0.0162,0.0396,OFICIAL
NACIONAL,BRASIL,2026-22,LACTEOS,PRIME,FAB_PRIME,N,18322.77,321651.46,0.05696467,0.05696467,332.000,4832.200,0.06870577,650,9,15,0.8488,0.0162,0.0396,OFICIAL
NACIONAL,BRASIL,2026-22,LACTEOS,GAROTO,NESTLE,Y,15417.15,321651.46,0.04793123,0.04793123,188.200,4832.200,0.03894706,494,10,16,0.8488,0.0162,0.0396,OFICIAL
NACIONAL,BRASIL,2026-22,LACTEOS,NESCAFE,NESTLE,Y,10858.88,321651.46,0.03375977,0.03375977,320.200,4832.200,0.06626381,590,11,15,0.8488,0.0162,0.0396,OFICIAL
NACIONAL,BRASIL,2026-22,LACTEOS,NESQUIK,NESTLE,Y,10105.69,321651.46,0.03141814,0.03141814,196.200,4832.200,0.04060262,544,12,15,0.8488,0.0162,0.0396,OFICIAL
NACIONAL,BRASIL,2026-22,LACTEOS,NINHO,NESTLE,Y,8625.13,321651.46,0.02681514,0.02681514,142.600,4832.200,0.02951037,398,13,9,0.8488,0.0162,0.0396,OFICIAL
NACIONAL,BRASIL,2026-22,LACTEOS,KITKAT,NESTLE,Y,7266.63,321651.46,0.02259163,0.02259163,94.700,4832.200,0.0195977,290,14,9,0.8488,0.0162,0.0396,OFICIAL
NACIONAL,BRASIL,2026-22,NUTRICAO,DELTA,FAB_DELTA,N,48329.75,298609.79,0.16184918,0.16184918,754.500,4936.800,0.15283179,1555,1,38,0.8488,0.0162,0.0562,OFICIAL
NACIONAL,BRASIL,2026-22,NUTRICAO,ALPHA,FAB_ALPHA,N,32072.53,298609.79,0.10740616,0.10740616,443.700,4936.800,0.08987603,1111,2,30,0.8488,0.0162,0.0562,OFICIAL
NACIONAL,BRASIL,2026-22,NUTRICAO,GAROTO,NESTLE,Y,27357.81,298609.79,0.09161726,0.09161726,171.100,4936.800,0.03465808,615,3,10,0.8488,0.0162,0.0562,OFICIAL
NACIONAL,BRASIL,2026-22,NUTRICAO,NESQUIK,NESTLE,Y,25372.64,298609.79,0.08496922,0.08496922,700.600,4936.800,0.14191379,1374,4,39,0.8488,0.0162,0.0562,OFICIAL
NACIONAL,BRASIL,2026-22,NUTRICAO,PRIME,FAB_PRIME,N,24476.45,298609.79,0.08196801,0.08196801,381.500,4936.800,0.07727678,962,5,29,0.8488,0.0162,0.0562,OFICIAL
NACIONAL,BRASIL,2026-22,NUTRICAO,NINHO,NESTLE,Y,21487.97,298609.79,0.07196003,0.07196003,375.300,4936.800,0.0760209,885,6,15,0.8488,0.0162,0.0562,OFICIAL
NACIONAL,BRASIL,2026-22,NUTRICAO,NOVA,FAB_NOVA,N,20021.47,298609.79,0.06704894,0.06704894,300.500,4936.800,0.06086939,762,7,17,0.8488,0.0162,0.0562,OFICIAL
NACIONAL,BRASIL,2026-22,NUTRICAO,VIVA,FAB_VIVA,N,18270.01,298609.79,0.06118356,0.06118356,404.200,4936.800,0.0818749,808,8,16,0.8488,0.0162,0.0562,OFICIAL
NACIONAL,BRASIL,2026-22,NUTRICAO,SOLAR,FAB_SOLAR,N,17317.46,298609.79,0.05799361,0.05799361,305.400,4936.800,0.06186193,623,9,22,0.8488,0.0162,0.0562,OFICIAL
NACIONAL,BRASIL,2026-22,NUTRICAO,BETA,FAB_BETA,N,14626.97,298609.79,0.04898356,0.04898356,296.300,4936.800,0.06001864,707,10,22,0.8488,0.0162,0.0562,OFICIAL
NACIONAL,BRASIL,2026-22,NUTRICAO,MOCA,NESTLE,Y,14288.98,298609.79,0.04785168,0.04785168,216.000,4936.800,0.04375304,475,11,15,0.8488,0.0162,0.0562,OFICIAL
NACIONAL,BRASIL,2026-22,NUTRICAO,KITKAT,NESTLE,Y,12911.80,298609.79,0.04323971,0.04323971,217.300,4936.800,0.04401637,616,12,13,0.8488,0.0162,0.0562,OFICIAL
NACIONAL,BRASIL,2026-22,NUTRICAO,NESCAFE,NESTLE,Y,11727.86,298609.79,0.03927487,0.03927487,267.000,4936.800,0.05408362,435,13,14,0.8488,0.0162,0.0562,OFICIAL
NACIONAL,BRASIL,2026-22,NUTRICAO,MAGGI,NESTLE,Y,10348.09,298609.79,0.03465422,0.03465422,103.400,4936.800,0.02094474,355,14,12,0.8488,0.0162,0.0562,OFICIAL
NACIONAL,BRASIL,2026-23,BEBIDAS,DELTA,FAB_DELTA,N,50819.11,284613.48,0.17855482,0.17855482,401.600,3699.800,0.10854641,1411,1,22,0.8311,0.0157,0.0112,OFICIAL
NACIONAL,BRASIL,2026-23,BEBIDAS,SOLAR,FAB_SOLAR,N,38656.20,284613.48,0.13581999,0.13581999,419.600,3699.800,0.11341154,1119,2,23,0.8311,0.0157,0.0112,OFICIAL
NACIONAL,BRASIL,2026-23,BEBIDAS,GAROTO,NESTLE,Y,36161.43,284613.48,0.12705452,0.12705452,311.900,3699.800,0.08430185,897,3,17,0.8311,0.0157,0.0112,OFICIAL
NACIONAL,BRASIL,2026-23,BEBIDAS,BETA,FAB_BETA,N,20480.57,284613.48,0.07195924,0.07195924,342.700,3699.800,0.09262663,839,4,20,0.8311,0.0157,0.0112,OFICIAL
NACIONAL,BRASIL,2026-23,BEBIDAS,PRIME,FAB_PRIME,N,19585.69,284613.48,0.06881505,0.06881505,348.100,3699.800,0.09408617,632,5,22,0.8311,0.0157,0.0112,OFICIAL
NACIONAL,BRASIL,2026-23,BEBIDAS,NESQUIK,NESTLE,Y,18264.81,284613.48,0.06417409,0.06417409,330.600,3699.800,0.08935618,604,6,15,0.8311,0.0157,0.0112,OFICIAL
NACIONAL,BRASIL,2026-23,BEBIDAS,NESCAFE,NESTLE,Y,17705.74,284613.48,0.06220977,0.06220977,366.100,3699.800,0.09895129,935,7,31,0.8311,0.0157,0.0112,OFICIAL
NACIONAL,BRASIL,2026-23,BEBIDAS,NOVA,FAB_NOVA,N,17649.62,284613.48,0.06201259,0.06201259,245.100,3699.800,0.06624682,631,8,18,0.8311,0.0157,0.0112,OFICIAL
NACIONAL,BRASIL,2026-23,BEBIDAS,ALPHA,FAB_ALPHA,N,16073.51,284613.48,0.05647487,0.05647487,284.000,3699.800,0.07676091,570,9,21,0.8311,0.0157,0.0112,OFICIAL
NACIONAL,BRASIL,2026-23,BEBIDAS,VIVA,FAB_VIVA,N,14642.11,284613.48,0.0514456,0.0514456,154.100,3699.800,0.0416509,426,10,14,0.8311,0.0157,0.0112,OFICIAL
NACIONAL,BRASIL,2026-23,BEBIDAS,KITKAT,NESTLE,Y,12387.66,284613.48,0.0435245,0.0435245,74.300,3699.800,0.02008217,350,11,12,0.8311,0.0157,0.0112,OFICIAL
NACIONAL,BRASIL,2026-23,BEBIDAS,NINHO,NESTLE,Y,10988.68,284613.48,0.03860913,0.03860913,282.300,3699.800,0.07630142,813,12,31,0.8311,0.0157,0.0112,OFICIAL
NACIONAL,BRASIL,2026-23,BEBIDAS,MOCA,NESTLE,Y,8412.68,284613.48,0.02955826,0.02955826,107.800,3699.800,0.02913671,271,13,12,0.8311,0.0157,0.0112,OFICIAL
NACIONAL,BRASIL,2026-23,BEBIDAS,MAGGI,NESTLE,Y,2785.67,284613.48,0.00978755,0.00978755,31.600,3699.800,0.008541,161,14,5,0.8311,0.0157,0.0112,OFICIAL
NACIONAL,BRASIL,2026-23,CHOCOLATES,SOLAR,FAB_SOLAR,N,31792.09,290897.16,0.10928979,0.10928979,510.600,4895.400,0.104302,1054,1,20,0.8311,0.0157,0.0158,OFICIAL
NACIONAL,BRASIL,2026-23,CHOCOLATES,VIVA,FAB_VIVA,N,31563.86,290897.16,0.10850522,0.10850522,856.900,4895.400,0.17504188,1251,2,25,0.8311,0.0157,0.0158,OFICIAL
NACIONAL,BRASIL,2026-23,CHOCOLATES,ALPHA,FAB_ALPHA,N,29755.53,290897.16,0.10228883,0.10228883,586.700,4895.400,0.1198472,1136,3,22,0.8311,0.0157,0.0158,OFICIAL
NACIONAL,BRASIL,2026-23,CHOCOLATES,DELTA,FAB_DELTA,N,25514.76,290897.16,0.08771058,0.08771058,325.700,4895.400,0.06653185,882,4,27,0.8311,0.0157,0.0158,OFICIAL
NACIONAL,BRASIL,2026-23,CHOCOLATES,NOVA,FAB_NOVA,N,23992.53,290897.16,0.0824777,0.0824777,504.800,4895.400,0.10311721,772,5,22,0.8311,0.0157,0.0158,OFICIAL
NACIONAL,BRASIL,2026-23,CHOCOLATES,BETA,FAB_BETA,N,21052.00,290897.16,0.07236922,0.07236922,330.700,4895.400,0.06755321,864,6,29,0.8311,0.0157,0.0158,OFICIAL
NACIONAL,BRASIL,2026-23,CHOCOLATES,PRIME,FAB_PRIME,N,19835.51,290897.16,0.06818736,0.06818736,194.000,4895.400,0.03962904,728,7,27,0.8311,0.0157,0.0158,OFICIAL
NACIONAL,BRASIL,2026-23,CHOCOLATES,NESQUIK,NESTLE,Y,19004.62,290897.16,0.06533106,0.06533106,331.200,4895.400,0.06765535,570,8,15,0.8311,0.0157,0.0158,OFICIAL
NACIONAL,BRASIL,2026-23,CHOCOLATES,GAROTO,NESTLE,Y,17063.85,290897.16,0.05865939,0.05865939,361.000,4895.400,0.0737427,515,9,7,0.8311,0.0157,0.0158,OFICIAL
NACIONAL,BRASIL,2026-23,CHOCOLATES,MAGGI,NESTLE,Y,15247.22,290897.16,0.05241447,0.05241447,257.800,4895.400,0.05266168,476,10,14,0.8311,0.0157,0.0158,OFICIAL
NACIONAL,BRASIL,2026-23,CHOCOLATES,NINHO,NESTLE,Y,14570.42,290897.16,0.05008787,0.05008787,109.400,4895.400,0.02234751,404,11,12,0.8311,0.0157,0.0158,OFICIAL
NACIONAL,BRASIL,2026-23,CHOCOLATES,MOCA,NESTLE,Y,14284.99,290897.16,0.04910667,0.04910667,78.200,4895.400,0.01597418,349,12,8,0.8311,0.0157,0.0158,OFICIAL
NACIONAL,BRASIL,2026-23,CHOCOLATES,NESCAFE,NESTLE,Y,14021.79,290897.16,0.04820188,0.04820188,273.200,4895.400,0.05580749,684,13,15,0.8311,0.0157,0.0158,OFICIAL
NACIONAL,BRASIL,2026-23,CHOCOLATES,KITKAT,NESTLE,Y,13197.99,290897.16,0.04536995,0.04536995,175.200,4895.400,0.0357887,370,14,11,0.8311,0.0157,0.0158,OFICIAL
NACIONAL,BRASIL,2026-23,CULINARIOS,VIVA,FAB_VIVA,N,40554.89,278139.60,0.14580768,0.14580768,490.000,3507.600,0.13969666,1433,1,35,0.8311,0.0157,0.0287,OFICIAL
NACIONAL,BRASIL,2026-23,CULINARIOS,NOVA,FAB_NOVA,N,40547.65,278139.60,0.14578165,0.14578165,523.500,3507.600,0.14924735,1234,2,35,0.8311,0.0157,0.0287,OFICIAL
NACIONAL,BRASIL,2026-23,CULINARIOS,SOLAR,FAB_SOLAR,N,38959.17,278139.60,0.14007056,0.14007056,644.500,3507.600,0.18374387,1425,3,31,0.8311,0.0157,0.0287,OFICIAL
NACIONAL,BRASIL,2026-23,CULINARIOS,BETA,FAB_BETA,N,26380.28,278139.60,0.09484547,0.09484547,374.200,3507.600,0.10668263,745,4,28,0.8311,0.0157,0.0287,OFICIAL
NACIONAL,BRASIL,2026-23,CULINARIOS,DELTA,FAB_DELTA,N,20544.04,278139.60,0.07386233,0.07386233,212.800,3507.600,0.06066826,674,5,16,0.8311,0.0157,0.0287,OFICIAL
NACIONAL,BRASIL,2026-23,CULINARIOS,KITKAT,NESTLE,Y,17432.19,278139.60,0.06267425,0.06267425,154.200,3507.600,0.04396168,626,6,15,0.8311,0.0157,0.0287,OFICIAL
NACIONAL,BRASIL,2026-23,CULINARIOS,MAGGI,NESTLE,Y,16962.29,278139.60,0.06098481,0.06098481,177.700,3507.600,0.05066142,560,7,12,0.8311,0.0157,0.0287,OFICIAL
NACIONAL,BRASIL,2026-23,CULINARIOS,ALPHA,FAB_ALPHA,N,14990.98,278139.60,0.05389732,0.05389732,213.500,3507.600,0.06086783,415,8,14,0.8311,0.0157,0.0287,OFICIAL
NACIONAL,BRASIL,2026-23,CULINARIOS,NINHO,NESTLE,Y,13874.54,278139.60,0.04988337,0.04988337,166.400,3507.600,0.04743984,426,9,14,0.8311,0.0157,0.0287,OFICIAL
NACIONAL,BRASIL,2026-23,CULINARIOS,PRIME,FAB_PRIME,N,11031.34,278139.60,0.03966116,0.03966116,99.800,3507.600,0.0284525,326,10,12,0.8311,0.0157,0.0287,OFICIAL
NACIONAL,BRASIL,2026-23,CULINARIOS,GAROTO,NESTLE,Y,10496.39,278139.60,0.03773785,0.03773785,194.700,3507.600,0.05550804,452,11,12,0.8311,0.0157,0.0287,OFICIAL
NACIONAL,BRASIL,2026-23,CULINARIOS,MOCA,NESTLE,Y,9363.42,278139.60,0.03366446,0.03366446,106.300,3507.600,0.03030562,432,12,7,0.8311,0.0157,0.0287,OFICIAL
NACIONAL,BRASIL,2026-23,CULINARIOS,NESQUIK,NESTLE,Y,8846.52,278139.60,0.03180604,0.03180604,34.200,3507.600,0.00975026,336,13,6,0.8311,0.0157,0.0287,OFICIAL
NACIONAL,BRASIL,2026-23,CULINARIOS,NESCAFE,NESTLE,Y,8155.90,278139.60,0.02932305,0.02932305,115.800,3507.600,0.03301403,292,14,8,0.8311,0.0157,0.0287,OFICIAL
NACIONAL,BRASIL,2026-23,LACTEOS,NOVA,FAB_NOVA,N,40486.03,308362.22,0.13129374,0.13129374,989.000,5201.700,0.19013015,1602,1,24,0.8311,0.0157,0.0653,OFICIAL
NACIONAL,BRASIL,2026-23,LACTEOS,SOLAR,FAB_SOLAR,N,39931.74,308362.22,0.12949621,0.12949621,586.100,5201.700,0.1126747,1363,2,32,0.8311,0.0157,0.0653,OFICIAL
NACIONAL,BRASIL,2026-23,LACTEOS,ALPHA,FAB_ALPHA,N,30994.36,308362.22,0.10051283,0.10051283,387.300,5201.700,0.07445643,912,3,22,0.8311,0.0157,0.0653,OFICIAL
NACIONAL,BRASIL,2026-23,LACTEOS,VIVA,FAB_VIVA,N,30915.55,308362.22,0.10025726,0.10025726,545.000,5201.700,0.10477344,1099,4,30,0.8311,0.0157,0.0653,OFICIAL
NACIONAL,BRASIL,2026-23,LACTEOS,BETA,FAB_BETA,N,29573.64,308362.22,0.09590552,0.09590552,549.600,5201.700,0.10565777,1244,5,25,0.8311,0.0157,0.0653,OFICIAL
NACIONAL,BRASIL,2026-23,LACTEOS,PRIME,FAB_PRIME,N,27656.71,308362.22,0.08968904,0.08968904,425.400,5201.700,0.08178096,835,6,19,0.8311,0.0157,0.0653,OFICIAL
NACIONAL,BRASIL,2026-23,LACTEOS,KITKAT,NESTLE,Y,19737.15,308362.22,0.06400638,0.06400638,266.100,5201.700,0.05115635,437,7,7,0.8311,0.0157,0.0653,OFICIAL
NACIONAL,BRASIL,2026-23,LACTEOS,DELTA,FAB_DELTA,N,18650.94,308362.22,0.06048387,0.06048387,352.800,5201.700,0.06782398,756,8,28,0.8311,0.0157,0.0653,OFICIAL
NACIONAL,BRASIL,2026-23,LACTEOS,NINHO,NESTLE,Y,17292.23,308362.22,0.05607765,0.05607765,252.200,5201.700,0.04848415,615,9,19,0.8311,0.0157,0.0653,OFICIAL
NACIONAL,BRASIL,2026-23,LACTEOS,MAGGI,NESTLE,Y,17012.57,308362.22,0.05517073,0.05517073,228.600,5201.700,0.04394717,517,10,12,0.8311,0.0157,0.0653,OFICIAL
NACIONAL,BRASIL,2026-23,LACTEOS,MOCA,NESTLE,Y,14219.37,308362.22,0.04611256,0.04611256,288.000,5201.700,0.05536651,502,11,14,0.8311,0.0157,0.0653,OFICIAL
NACIONAL,BRASIL,2026-23,LACTEOS,NESQUIK,NESTLE,Y,7829.79,308362.22,0.02539153,0.02539153,119.900,5201.700,0.02305016,291,12,7,0.8311,0.0157,0.0653,OFICIAL
NACIONAL,BRASIL,2026-23,LACTEOS,NESCAFE,NESTLE,Y,7436.11,308362.22,0.02411485,0.02411485,132.500,5201.700,0.02547244,522,13,12,0.8311,0.0157,0.0653,OFICIAL
NACIONAL,BRASIL,2026-23,LACTEOS,GAROTO,NESTLE,Y,6626.03,308362.22,0.02148781,0.02148781,79.200,5201.700,0.01522579,281,14,10,0.8311,0.0157,0.0653,OFICIAL
NACIONAL,BRASIL,2026-23,NUTRICAO,DELTA,FAB_DELTA,N,65048.59,275688.83,0.23594931,0.23594931,826.000,4713.300,0.17524876,1756,1,32,0.8311,0.0157,0.0419,OFICIAL
NACIONAL,BRASIL,2026-23,NUTRICAO,ALPHA,FAB_ALPHA,N,44160.98,275688.83,0.16018415,0.16018415,500.200,4713.300,0.10612522,1139,2,34,0.8311,0.0157,0.0419,OFICIAL
NACIONAL,BRASIL,2026-23,NUTRICAO,NOVA,FAB_NOVA,N,27635.16,275688.83,0.10024041,0.10024041,477.400,4713.300,0.10128785,865,3,28,0.8311,0.0157,0.0419,OFICIAL
NACIONAL,BRASIL,2026-23,NUTRICAO,BETA,FAB_BETA,N,24573.84,275688.83,0.08913615,0.08913615,732.800,4713.300,0.15547493,1417,4,31,0.8311,0.0157,0.0419,OFICIAL
NACIONAL,BRASIL,2026-23,NUTRICAO,PRIME,FAB_PRIME,N,22375.24,275688.83,0.08116121,0.08116121,347.600,4713.300,0.07374875,723,5,29,0.8311,0.0157,0.0419,OFICIAL
NACIONAL,BRASIL,2026-23,NUTRICAO,SOLAR,FAB_SOLAR,N,22177.08,275688.83,0.08044243,0.08044243,314.100,4713.300,0.06664121,918,6,22,0.8311,0.0157,0.0419,OFICIAL
NACIONAL,BRASIL,2026-23,NUTRICAO,NINHO,NESTLE,Y,13041.13,275688.83,0.0473038,0.0473038,193.200,4713.300,0.04099039,529,7,16,0.8311,0.0157,0.0419,OFICIAL
NACIONAL,BRASIL,2026-23,NUTRICAO,MOCA,NESTLE,Y,11702.66,275688.83,0.0424488,0.0424488,305.400,4713.300,0.06479537,541,8,16,0.8311,0.0157,0.0419,OFICIAL
NACIONAL,BRASIL,2026-23,NUTRICAO,VIVA,FAB_VIVA,N,11138.12,275688.83,0.04040106,0.04040106,257.200,4713.300,0.05456899,516,9,21,0.8311,0.0157,0.0419,OFICIAL
NACIONAL,BRASIL,2026-23,NUTRICAO,NESQUIK,NESTLE,Y,9448.48,275688.83,0.03427226,0.03427226,317.900,4713.300,0.06744744,841,10,31,0.8311,0.0157,0.0419,OFICIAL
NACIONAL,BRASIL,2026-23,NUTRICAO,NESCAFE,NESTLE,Y,8955.58,275688.83,0.03248438,0.03248438,178.400,4713.300,0.03785034,245,11,7,0.8311,0.0157,0.0419,OFICIAL
NACIONAL,BRASIL,2026-23,NUTRICAO,GAROTO,NESTLE,Y,6670.86,275688.83,0.02419706,0.02419706,95.000,4713.300,0.02015573,199,12,7,0.8311,0.0157,0.0419,OFICIAL
NACIONAL,BRASIL,2026-23,NUTRICAO,KITKAT,NESTLE,Y,6587.75,275688.83,0.0238956,0.0238956,126.900,4713.300,0.02692381,218,13,10,0.8311,0.0157,0.0419,OFICIAL
NACIONAL,BRASIL,2026-23,NUTRICAO,MAGGI,NESTLE,Y,2173.36,275688.83,0.00788338,0.00788338,41.200,4713.300,0.00874122,79,14,4,0.8311,0.0157,0.0419,OFICIAL
NACIONAL,BRASIL,2026-24,BEBIDAS,NESCAFE,NESTLE,Y,49314.61,294130.83,0.16766216,0.16766216,550.500,4403.100,0.12502555,1944,1,36,0.8184,0.0099,0.1033,OFICIAL
NACIONAL,BRASIL,2026-24,BEBIDAS,SOLAR,FAB_SOLAR,N,37748.99,294130.83,0.12834081,0.12834081,564.300,4403.100,0.12815971,949,2,19,0.8184,0.0099,0.1033,OFICIAL
NACIONAL,BRASIL,2026-24,BEBIDAS,DELTA,FAB_DELTA,N,31151.10,294130.83,0.10590899,0.10590899,392.100,4403.100,0.0890509,928,3,18,0.8184,0.0099,0.1033,OFICIAL
NACIONAL,BRASIL,2026-24,BEBIDAS,ALPHA,FAB_ALPHA,N,26810.99,294130.83,0.09115328,0.09115328,495.700,4403.100,0.11257977,1055,4,24,0.8184,0.0099,0.1033,OFICIAL
NACIONAL,BRASIL,2026-24,BEBIDAS,NOVA,FAB_NOVA,N,22842.27,294130.83,0.07766024,0.07766024,258.100,4403.100,0.05861779,724,5,25,0.8184,0.0099,0.1033,OFICIAL
NACIONAL,BRASIL,2026-24,BEBIDAS,NINHO,NESTLE,Y,22465.89,294130.83,0.0763806,0.0763806,458.800,4403.100,0.10419931,1163,6,36,0.8184,0.0099,0.1033,OFICIAL
NACIONAL,BRASIL,2026-24,BEBIDAS,BETA,FAB_BETA,N,22300.12,294130.83,0.07581701,0.07581701,216.600,4403.100,0.04919261,677,7,18,0.8184,0.0099,0.1033,OFICIAL
NACIONAL,BRASIL,2026-24,BEBIDAS,NESQUIK,NESTLE,Y,20875.94,294130.83,0.07097501,0.07097501,444.800,4403.100,0.10101974,793,8,20,0.8184,0.0099,0.1033,OFICIAL
NACIONAL,BRASIL,2026-24,BEBIDAS,PRIME,FAB_PRIME,N,15267.86,294130.83,0.0519084,0.0519084,308.300,4403.100,0.07001885,700,9,19,0.8184,0.0099,0.1033,OFICIAL
NACIONAL,BRASIL,2026-24,BEBIDAS,KITKAT,NESTLE,Y,13471.27,294130.83,0.04580027,0.04580027,119.900,4403.100,0.02723081,333,10,8,0.8184,0.0099,0.1033,OFICIAL
NACIONAL,BRASIL,2026-24,BEBIDAS,GAROTO,NESTLE,Y,9016.67,294130.83,0.0306553,0.0306553,233.100,4403.100,0.05293997,414,11,20,0.8184,0.0099,0.1033,OFICIAL
NACIONAL,BRASIL,2026-24,BEBIDAS,VIVA,FAB_VIVA,N,8493.14,294130.83,0.02887538,0.02887538,84.500,4403.100,0.01919102,292,12,14,0.8184,0.0099,0.1033,OFICIAL
NACIONAL,BRASIL,2026-24,BEBIDAS,MOCA,NESTLE,Y,7648.31,294130.83,0.02600309,0.02600309,127.100,4403.100,0.02886603,308,13,13,0.8184,0.0099,0.1033,OFICIAL
NACIONAL,BRASIL,2026-24,BEBIDAS,MAGGI,NESTLE,Y,6723.67,294130.83,0.02285945,0.02285945,149.300,4403.100,0.03390793,212,14,5,0.8184,0.0099,0.1033,OFICIAL
NACIONAL,BRASIL,2026-24,CHOCOLATES,VIVA,FAB_VIVA,N,33587.12,256497.27,0.13094533,0.13094533,506.200,4030.700,0.12558613,1273,1,28,0.8184,0.0099,0.0363,OFICIAL
NACIONAL,BRASIL,2026-24,CHOCOLATES,SOLAR,FAB_SOLAR,N,33336.42,256497.27,0.12996793,0.12996793,388.700,4030.700,0.09643486,977,2,27,0.8184,0.0099,0.0363,OFICIAL
NACIONAL,BRASIL,2026-24,CHOCOLATES,DELTA,FAB_DELTA,N,28992.33,256497.27,0.11303173,0.11303173,532.200,4030.700,0.13203662,1087,3,17,0.8184,0.0099,0.0363,OFICIAL
NACIONAL,BRASIL,2026-24,CHOCOLATES,PRIME,FAB_PRIME,N,28649.54,256497.27,0.1116953,0.1116953,497.100,4030.700,0.12332845,991,4,23,0.8184,0.0099,0.0363,OFICIAL
NACIONAL,BRASIL,2026-24,CHOCOLATES,ALPHA,FAB_ALPHA,N,19639.37,256497.27,0.07656756,0.07656756,479.000,4030.700,0.11883792,894,5,22,0.8184,0.0099,0.0363,OFICIAL
NACIONAL,BRASIL,2026-24,CHOCOLATES,NESCAFE,NESTLE,Y,19331.90,256497.27,0.07536883,0.07536883,313.800,4030.700,0.07785248,668,6,15,0.8184,0.0099,0.0363,OFICIAL
NACIONAL,BRASIL,2026-24,CHOCOLATES,BETA,FAB_BETA,N,18828.07,256497.27,0.07340456,0.07340456,356.900,4030.700,0.08854541,734,7,20,0.8184,0.0099,0.0363,OFICIAL
NACIONAL,BRASIL,2026-24,CHOCOLATES,NOVA,FAB_NOVA,N,18461.03,256497.27,0.07197359,0.07197359,215.600,4030.700,0.05348947,639,8,19,0.8184,0.0099,0.0363,OFICIAL
NACIONAL,BRASIL,2026-24,CHOCOLATES,MAGGI,NESTLE,Y,12106.80,256497.27,0.0472005,0.0472005,102.700,4030.700,0.02547945,322,9,10,0.8184,0.0099,0.0363,OFICIAL
NACIONAL,BRASIL,2026-24,CHOCOLATES,KITKAT,NESTLE,Y,12102.37,256497.27,0.04718323,0.04718323,193.200,4030.700,0.04793212,469,10,15,0.8184,0.0099,0.0363,OFICIAL
NACIONAL,BRASIL,2026-24,CHOCOLATES,NINHO,NESTLE,Y,11214.40,256497.27,0.04372132,0.04372132,146.200,4030.700,0.03627162,326,11,10,0.8184,0.0099,0.0363,OFICIAL
NACIONAL,BRASIL,2026-24,CHOCOLATES,GAROTO,NESTLE,Y,7967.21,256497.27,0.03106158,0.03106158,71.300,4030.700,0.01768924,230,12,6,0.8184,0.0099,0.0363,OFICIAL
NACIONAL,BRASIL,2026-24,CHOCOLATES,MOCA,NESTLE,Y,6158.38,256497.27,0.02400953,0.02400953,106.400,4030.700,0.0263974,218,13,10,0.8184,0.0099,0.0363,OFICIAL
NACIONAL,BRASIL,2026-24,CHOCOLATES,NESQUIK,NESTLE,Y,6122.33,256497.27,0.02386899,0.02386899,121.400,4030.700,0.03011884,244,14,12,0.8184,0.0099,0.0363,OFICIAL
NACIONAL,BRASIL,2026-24,CULINARIOS,NOVA,FAB_NOVA,N,43598.12,275134.44,0.15846115,0.15846115,834.500,4181.200,0.19958385,1341,1,35,0.8184,0.0099,0.0847,OFICIAL
NACIONAL,BRASIL,2026-24,CULINARIOS,VIVA,FAB_VIVA,N,34804.82,275134.44,0.12650114,0.12650114,525.600,4181.200,0.12570554,1642,2,30,0.8184,0.0099,0.0847,OFICIAL
NACIONAL,BRASIL,2026-24,CULINARIOS,DELTA,FAB_DELTA,N,28719.23,275134.44,0.10438253,0.10438253,151.100,4181.200,0.03613795,756,3,16,0.8184,0.0099,0.0847,OFICIAL
NACIONAL,BRASIL,2026-24,CULINARIOS,NINHO,NESTLE,Y,25084.51,275134.44,0.09117183,0.09117183,241.700,4181.200,0.05780637,624,4,17,0.8184,0.0099,0.0847,OFICIAL
NACIONAL,BRASIL,2026-24,CULINARIOS,ALPHA,FAB_ALPHA,N,20131.37,275134.44,0.07316921,0.07316921,294.100,4181.200,0.07033866,605,5,12,0.8184,0.0099,0.0847,OFICIAL
NACIONAL,BRASIL,2026-24,CULINARIOS,BETA,FAB_BETA,N,18970.06,275134.44,0.06894833,0.06894833,304.500,4181.200,0.07282598,736,6,25,0.8184,0.0099,0.0847,OFICIAL
NACIONAL,BRASIL,2026-24,CULINARIOS,SOLAR,FAB_SOLAR,N,18391.21,275134.44,0.06684445,0.06684445,520.300,4181.200,0.12443796,672,7,19,0.8184,0.0099,0.0847,OFICIAL
NACIONAL,BRASIL,2026-24,CULINARIOS,MAGGI,NESTLE,Y,17081.09,275134.44,0.0620827,0.0620827,322.700,4181.200,0.0771788,588,8,18,0.8184,0.0099,0.0847,OFICIAL
NACIONAL,BRASIL,2026-24,CULINARIOS,PRIME,FAB_PRIME,N,17076.96,275134.44,0.06206769,0.06206769,175.200,4181.200,0.04190185,669,9,18,0.8184,0.0099,0.0847,OFICIAL
NACIONAL,BRASIL,2026-24,CULINARIOS,NESQUIK,NESTLE,Y,16962.01,275134.44,0.0616499,0.0616499,228.500,4181.200,0.05464938,512,10,12,0.8184,0.0099,0.0847,OFICIAL
NACIONAL,BRASIL,2026-24,CULINARIOS,NESCAFE,NESTLE,Y,12067.87,275134.44,0.04386172,0.04386172,223.300,4181.200,0.05340572,373,11,15,0.8184,0.0099,0.0847,OFICIAL
NACIONAL,BRASIL,2026-24,CULINARIOS,MOCA,NESTLE,Y,9059.92,275134.44,0.03292907,0.03292907,123.900,4181.200,0.02963264,332,12,11,0.8184,0.0099,0.0847,OFICIAL
NACIONAL,BRASIL,2026-24,CULINARIOS,KITKAT,NESTLE,Y,7379.79,275134.44,0.02682249,0.02682249,146.700,4181.200,0.03508562,400,13,14,0.8184,0.0099,0.0847,OFICIAL
NACIONAL,BRASIL,2026-24,CULINARIOS,GAROTO,NESTLE,Y,5807.48,275134.44,0.02110779,0.02110779,89.100,4181.200,0.02130967,281,14,5,0.8184,0.0099,0.0847,OFICIAL
NACIONAL,BRASIL,2026-24,LACTEOS,SOLAR,FAB_SOLAR,N,46587.23,338600.15,0.13758774,0.13758774,745.100,5509.400,0.13524159,2251,1,32,0.8184,0.0099,0.0363,OFICIAL
NACIONAL,BRASIL,2026-24,LACTEOS,ALPHA,FAB_ALPHA,N,43213.20,338600.15,0.1276231,0.1276231,530.300,5509.400,0.09625368,1333,2,26,0.8184,0.0099,0.0363,OFICIAL
NACIONAL,BRASIL,2026-24,LACTEOS,DELTA,FAB_DELTA,N,35192.14,338600.15,0.10393421,0.10393421,584.200,5509.400,0.10603696,1221,3,35,0.8184,0.0099,0.0363,OFICIAL
NACIONAL,BRASIL,2026-24,LACTEOS,VIVA,FAB_VIVA,N,34576.97,338600.15,0.10211741,0.10211741,474.900,5509.400,0.08619813,1102,4,24,0.8184,0.0099,0.0363,OFICIAL
NACIONAL,BRASIL,2026-24,LACTEOS,NOVA,FAB_NOVA,N,28342.18,338600.15,0.08370398,0.08370398,445.000,5509.400,0.08077105,998,5,24,0.8184,0.0099,0.0363,OFICIAL
NACIONAL,BRASIL,2026-24,LACTEOS,NESCAFE,NESTLE,Y,27934.77,338600.15,0.08250076,0.08250076,339.500,5509.400,0.06162196,901,6,19,0.8184,0.0099,0.0363,OFICIAL
NACIONAL,BRASIL,2026-24,LACTEOS,MOCA,NESTLE,Y,26683.43,338600.15,0.07880513,0.07880513,711.500,5509.400,0.12914292,1038,7,16,0.8184,0.0099,0.0363,OFICIAL
NACIONAL,BRASIL,2026-24,LACTEOS,NINHO,NESTLE,Y,20040.65,338600.15,0.05918677,0.05918677,279.900,5509.400,0.05080408,624,8,13,0.8184,0.0099,0.0363,OFICIAL
NACIONAL,BRASIL,2026-24,LACTEOS,PRIME,FAB_PRIME,N,14268.93,338600.15,0.04214094,0.04214094,171.300,5509.400,0.03109232,503,9,19,0.8184,0.0099,0.0363,OFICIAL
NACIONAL,BRASIL,2026-24,LACTEOS,GAROTO,NESTLE,Y,14124.49,338600.15,0.04171436,0.04171436,367.800,5509.400,0.06675863,852,10,15,0.8184,0.0099,0.0363,OFICIAL
NACIONAL,BRASIL,2026-24,LACTEOS,KITKAT,NESTLE,Y,13819.85,338600.15,0.04081466,0.04081466,165.800,5509.400,0.03009402,378,11,11,0.8184,0.0099,0.0363,OFICIAL
NACIONAL,BRASIL,2026-24,LACTEOS,NESQUIK,NESTLE,Y,13735.13,338600.15,0.04056445,0.04056445,215.800,5509.400,0.03916942,473,12,15,0.8184,0.0099,0.0363,OFICIAL
NACIONAL,BRASIL,2026-24,LACTEOS,BETA,FAB_BETA,N,13447.55,338600.15,0.03971513,0.03971513,344.300,5509.400,0.06249319,419,13,15,0.8184,0.0099,0.0363,OFICIAL
NACIONAL,BRASIL,2026-24,LACTEOS,MAGGI,NESTLE,Y,6633.63,338600.15,0.01959134,0.01959134,134.000,5509.400,0.02432207,353,14,7,0.8184,0.0099,0.0363,OFICIAL
NACIONAL,BRASIL,2026-24,NUTRICAO,DELTA,FAB_DELTA,N,40177.02,296721.81,0.13540299,0.13540299,631.600,4227.200,0.14941332,1101,1,26,0.8184,0.0099,0.0451,OFICIAL
NACIONAL,BRASIL,2026-24,NUTRICAO,BETA,FAB_BETA,N,38131.31,296721.81,0.12850862,0.12850862,558.500,4227.200,0.13212055,1082,2,30,0.8184,0.0099,0.0451,OFICIAL
NACIONAL,BRASIL,2026-24,NUTRICAO,PRIME,FAB_PRIME,N,29159.34,296721.81,0.09827164,0.09827164,233.900,4227.200,0.05533213,695,3,27,0.8184,0.0099,0.0451,OFICIAL
NACIONAL,BRASIL,2026-24,NUTRICAO,ALPHA,FAB_ALPHA,N,28366.99,296721.81,0.0956013,0.0956013,490.300,4227.200,0.11598694,910,4,17,0.8184,0.0099,0.0451,OFICIAL
NACIONAL,BRASIL,2026-24,NUTRICAO,NOVA,FAB_NOVA,N,27621.98,296721.81,0.09309049,0.09309049,271.800,4227.200,0.06429788,847,5,31,0.8184,0.0099,0.0451,OFICIAL
NACIONAL,BRASIL,2026-24,NUTRICAO,NESCAFE,NESTLE,Y,25006.36,296721.81,0.08427544,0.08427544,207.600,4227.200,0.04911052,825,6,12,0.8184,0.0099,0.0451,OFICIAL
NACIONAL,BRASIL,2026-24,NUTRICAO,NESQUIK,NESTLE,Y,20260.28,296721.81,0.06828039,0.06828039,384.100,4227.200,0.09086393,1171,7,42,0.8184,0.0099,0.0451,OFICIAL
NACIONAL,BRASIL,2026-24,NUTRICAO,SOLAR,FAB_SOLAR,N,18667.03,296721.81,0.06291088,0.06291088,233.000,4227.200,0.05511923,544,8,18,0.8184,0.0099,0.0451,OFICIAL
NACIONAL,BRASIL,2026-24,NUTRICAO,NINHO,NESTLE,Y,18101.81,296721.81,0.061006,0.061006,215.800,4227.200,0.05105034,627,9,12,0.8184,0.0099,0.0451,OFICIAL
NACIONAL,BRASIL,2026-24,NUTRICAO,KITKAT,NESTLE,Y,17452.55,296721.81,0.05881789,0.05881789,185.800,4227.200,0.04395344,497,10,8,0.8184,0.0099,0.0451,OFICIAL
NACIONAL,BRASIL,2026-24,NUTRICAO,VIVA,FAB_VIVA,N,16417.91,296721.81,0.05533098,0.05533098,341.700,4227.200,0.08083365,622,11,16,0.8184,0.0099,0.0451,OFICIAL
NACIONAL,BRASIL,2026-24,NUTRICAO,GAROTO,NESTLE,Y,7695.22,296721.81,0.02593412,0.02593412,130.700,4227.200,0.03091881,367,12,10,0.8184,0.0099,0.0451,OFICIAL
NACIONAL,BRASIL,2026-24,NUTRICAO,MAGGI,NESTLE,Y,5025.02,296721.81,0.01693512,0.01693512,214.900,4227.200,0.05083743,359,13,10,0.8184,0.0099,0.0451,OFICIAL
NACIONAL,BRASIL,2026-24,NUTRICAO,MOCA,NESTLE,Y,4638.99,296721.81,0.01563414,0.01563414,127.500,4227.200,0.03016181,297,14,10,0.8184,0.0099,0.0451,OFICIAL
NACIONAL,BRASIL,2026-25,BEBIDAS,BETA,FAB_BETA,N,46765.25,249793.89,0.18721535,0.18721535,847.400,4232.000,0.20023629,1618,1,26,0.845,0.0123,0.0243,OFICIAL
NACIONAL,BRASIL,2026-25,BEBIDAS,DELTA,FAB_DELTA,N,23468.97,249793.89,0.09395334,0.09395334,488.600,4232.000,0.11545369,715,2,17,0.845,0.0123,0.0243,OFICIAL
NACIONAL,BRASIL,2026-25,BEBIDAS,SOLAR,FAB_SOLAR,N,22440.46,249793.89,0.0898359,0.0898359,349.100,4232.000,0.08249055,745,3,28,0.845,0.0123,0.0243,OFICIAL
NACIONAL,BRASIL,2026-25,BEBIDAS,NOVA,FAB_NOVA,N,20389.62,249793.89,0.08162578,0.08162578,206.200,4232.000,0.04872401,686,4,20,0.845,0.0123,0.0243,OFICIAL
NACIONAL,BRASIL,2026-25,BEBIDAS,VIVA,FAB_VIVA,N,18832.54,249793.89,0.07539232,0.07539232,232.400,4232.000,0.05491493,513,5,9,0.845,0.0123,0.0243,OFICIAL
NACIONAL,BRASIL,2026-25,BEBIDAS,NESCAFE,NESTLE,Y,17065.51,249793.89,0.06831836,0.06831836,341.100,4232.000,0.08060019,991,6,31,0.845,0.0123,0.0243,OFICIAL
NACIONAL,BRASIL,2026-25,BEBIDAS,NINHO,NESTLE,Y,16860.28,249793.89,0.06749677,0.06749677,334.300,4232.000,0.07899338,1001,7,31,0.845,0.0123,0.0243,OFICIAL
NACIONAL,BRASIL,2026-25,BEBIDAS,GAROTO,NESTLE,Y,16491.73,249793.89,0.06602135,0.06602135,288.700,4232.000,0.06821834,599,8,23,0.845,0.0123,0.0243,OFICIAL
NACIONAL,BRASIL,2026-25,BEBIDAS,PRIME,FAB_PRIME,N,14864.50,249793.89,0.05950706,0.05950706,164.600,4232.000,0.03889414,626,9,17,0.845,0.0123,0.0243,OFICIAL
NACIONAL,BRASIL,2026-25,BEBIDAS,KITKAT,NESTLE,Y,14306.88,249793.89,0.05727474,0.05727474,158.200,4232.000,0.03738185,366,10,10,0.845,0.0123,0.0243,OFICIAL
NACIONAL,BRASIL,2026-25,BEBIDAS,ALPHA,FAB_ALPHA,N,13334.92,249793.89,0.05338369,0.05338369,411.900,4232.000,0.09732987,613,11,15,0.845,0.0123,0.0243,OFICIAL
NACIONAL,BRASIL,2026-25,BEBIDAS,NESQUIK,NESTLE,Y,11957.93,249793.89,0.04787119,0.04787119,215.900,4232.000,0.05101607,510,12,15,0.845,0.0123,0.0243,OFICIAL
NACIONAL,BRASIL,2026-25,BEBIDAS,MAGGI,NESTLE,Y,6831.51,249793.89,0.02734859,0.02734859,91.100,4232.000,0.02152647,208,13,9,0.845,0.0123,0.0243,OFICIAL
NACIONAL,BRASIL,2026-25,BEBIDAS,MOCA,NESTLE,Y,6183.79,249793.89,0.02475557,0.02475557,102.500,4232.000,0.02422023,285,14,11,0.845,0.0123,0.0243,OFICIAL
NACIONAL,BRASIL,2026-25,CHOCOLATES,PRIME,FAB_PRIME,N,34343.42,262440.63,0.13086167,0.13086167,520.700,4353.700,0.11959942,1377,1,40,0.845,0.0123,0.0648,OFICIAL
NACIONAL,BRASIL,2026-25,CHOCOLATES,BETA,FAB_BETA,N,34321.07,262440.63,0.13077651,0.13077651,405.100,4353.700,0.09304729,868,2,24,0.845,0.0123,0.0648,OFICIAL
NACIONAL,BRASIL,2026-25,CHOCOLATES,MAGGI,NESTLE,Y,24434.44,262440.63,0.09310464,0.09310464,458.500,4353.700,0.10531272,819,3,19,0.845,0.0123,0.0648,OFICIAL
NACIONAL,BRASIL,2026-25,CHOCOLATES,VIVA,FAB_VIVA,N,22982.79,262440.63,0.08757329,0.08757329,430.600,4353.700,0.09890438,1069,4,31,0.845,0.0123,0.0648,OFICIAL
NACIONAL,BRASIL,2026-25,CHOCOLATES,SOLAR,FAB_SOLAR,N,21586.06,262440.63,0.08225121,0.08225121,357.900,4353.700,0.08220594,607,5,18,0.845,0.0123,0.0648,OFICIAL
NACIONAL,BRASIL,2026-25,CHOCOLATES,NOVA,FAB_NOVA,N,19814.87,262440.63,0.0755023,0.0755023,393.000,4353.700,0.09026805,1159,6,24,0.845,0.0123,0.0648,OFICIAL
NACIONAL,BRASIL,2026-25,CHOCOLATES,NESQUIK,NESTLE,Y,19440.28,262440.63,0.07407496,0.07407496,214.000,4353.700,0.04915359,645,7,16,0.845,0.0123,0.0648,OFICIAL
NACIONAL,BRASIL,2026-25,CHOCOLATES,KITKAT,NESTLE,Y,15987.38,262440.63,0.06091808,0.06091808,116.600,4353.700,0.02678182,387,8,12,0.845,0.0123,0.0648,OFICIAL
NACIONAL,BRASIL,2026-25,CHOCOLATES,NESCAFE,NESTLE,Y,15596.74,262440.63,0.05942959,0.05942959,477.600,4353.700,0.1096998,904,9,23,0.845,0.0123,0.0648,OFICIAL
NACIONAL,BRASIL,2026-25,CHOCOLATES,ALPHA,FAB_ALPHA,N,15415.23,262440.63,0.05873797,0.05873797,313.700,4353.700,0.07205366,428,10,17,0.845,0.0123,0.0648,OFICIAL
NACIONAL,BRASIL,2026-25,CHOCOLATES,MOCA,NESTLE,Y,15385.81,262440.63,0.05862587,0.05862587,223.000,4353.700,0.0512208,639,11,15,0.845,0.0123,0.0648,OFICIAL
NACIONAL,BRASIL,2026-25,CHOCOLATES,DELTA,FAB_DELTA,N,12768.93,262440.63,0.04865455,0.04865455,241.800,4353.700,0.05553897,707,12,17,0.845,0.0123,0.0648,OFICIAL
NACIONAL,BRASIL,2026-25,CHOCOLATES,NINHO,NESTLE,Y,7454.52,262440.63,0.0284046,0.0284046,163.000,4353.700,0.03743942,334,13,15,0.845,0.0123,0.0648,OFICIAL
NACIONAL,BRASIL,2026-25,CHOCOLATES,GAROTO,NESTLE,Y,2909.09,262440.63,0.01108475,0.01108475,38.200,4353.700,0.00877415,214,14,6,0.845,0.0123,0.0648,OFICIAL
NACIONAL,BRASIL,2026-25,CULINARIOS,NOVA,FAB_NOVA,N,87107.50,371831.06,0.23426634,0.23426634,1422.800,6534.300,0.21774329,2991,1,48,0.845,0.0123,0.0444,OFICIAL
NACIONAL,BRASIL,2026-25,CULINARIOS,SOLAR,FAB_SOLAR,N,51514.97,371831.06,0.13854402,0.13854402,1033.000,6534.300,0.15808885,1482,2,18,0.845,0.0123,0.0444,OFICIAL
NACIONAL,BRASIL,2026-25,CULINARIOS,VIVA,FAB_VIVA,N,45123.49,371831.06,0.12135482,0.12135482,500.600,6534.300,0.07661111,1286,3,27,0.845,0.0123,0.0444,OFICIAL
NACIONAL,BRASIL,2026-25,CULINARIOS,PRIME,FAB_PRIME,N,39540.17,371831.06,0.10633907,0.10633907,767.200,6534.300,0.1174112,1368,4,28,0.845,0.0123,0.0444,OFICIAL
NACIONAL,BRASIL,2026-25,CULINARIOS,ALPHA,FAB_ALPHA,N,26606.23,371831.06,0.07155462,0.07155462,372.000,6534.300,0.05693035,949,5,20,0.845,0.0123,0.0444,OFICIAL
NACIONAL,BRASIL,2026-25,CULINARIOS,DELTA,FAB_DELTA,N,22933.26,371831.06,0.06167656,0.06167656,359.000,6534.300,0.05494085,749,6,22,0.845,0.0123,0.0444,OFICIAL
NACIONAL,BRASIL,2026-25,CULINARIOS,BETA,FAB_BETA,N,19794.92,371831.06,0.05323633,0.05323633,139.600,6534.300,0.02136419,666,7,19,0.845,0.0123,0.0444,OFICIAL
NACIONAL,BRASIL,2026-25,CULINARIOS,NINHO,NESTLE,Y,19385.39,371831.06,0.05213494,0.05213494,338.500,6534.300,0.05180356,621,8,13,0.845,0.0123,0.0444,OFICIAL
NACIONAL,BRASIL,2026-25,CULINARIOS,MAGGI,NESTLE,Y,14842.81,371831.06,0.03991816,0.03991816,167.200,6534.300,0.02558805,456,9,11,0.845,0.0123,0.0444,OFICIAL
NACIONAL,BRASIL,2026-25,CULINARIOS,KITKAT,NESTLE,Y,13422.92,371831.06,0.03609951,0.03609951,747.600,6534.300,0.11441164,917,10,14,0.845,0.0123,0.0444,OFICIAL
NACIONAL,BRASIL,2026-25,CULINARIOS,MOCA,NESTLE,Y,11568.94,371831.06,0.03111343,0.03111343,178.400,6534.300,0.02730208,513,11,15,0.845,0.0123,0.0444,OFICIAL
NACIONAL,BRASIL,2026-25,CULINARIOS,GAROTO,NESTLE,Y,9294.93,371831.06,0.02499772,0.02499772,131.300,6534.300,0.02009397,294,12,9,0.845,0.0123,0.0444,OFICIAL
NACIONAL,BRASIL,2026-25,CULINARIOS,NESQUIK,NESTLE,Y,7928.39,371831.06,0.02132256,0.02132256,163.000,6534.300,0.02494529,200,13,6,0.845,0.0123,0.0444,OFICIAL
NACIONAL,BRASIL,2026-25,CULINARIOS,NESCAFE,NESTLE,Y,2767.14,371831.06,0.00744193,0.00744193,214.100,6534.300,0.03276556,252,14,8,0.845,0.0123,0.0444,OFICIAL
NACIONAL,BRASIL,2026-25,LACTEOS,ALPHA,FAB_ALPHA,N,51062.29,329596.15,0.15492381,0.15492381,718.000,5050.500,0.14216414,1602,1,35,0.845,0.0123,0.0448,OFICIAL
NACIONAL,BRASIL,2026-25,LACTEOS,BETA,FAB_BETA,N,37792.04,329596.15,0.11466165,0.11466165,407.800,5050.500,0.08074448,1265,2,27,0.845,0.0123,0.0448,OFICIAL
NACIONAL,BRASIL,2026-25,LACTEOS,SOLAR,FAB_SOLAR,N,37439.38,329596.15,0.11359168,0.11359168,491.900,5050.500,0.0973963,1371,3,28,0.845,0.0123,0.0448,OFICIAL
NACIONAL,BRASIL,2026-25,LACTEOS,NOVA,FAB_NOVA,N,35016.28,329596.15,0.10623995,0.10623995,430.300,5050.500,0.08519949,975,4,18,0.845,0.0123,0.0448,OFICIAL
NACIONAL,BRASIL,2026-25,LACTEOS,MOCA,NESTLE,Y,24965.27,329596.15,0.07574503,0.07574503,449.200,5050.500,0.08894169,1233,5,19,0.845,0.0123,0.0448,OFICIAL
NACIONAL,BRASIL,2026-25,LACTEOS,PRIME,FAB_PRIME,N,24673.62,329596.15,0.07486016,0.07486016,511.700,5050.500,0.1013167,1076,6,22,0.845,0.0123,0.0448,OFICIAL
NACIONAL,BRASIL,2026-25,LACTEOS,NESQUIK,NESTLE,Y,22174.19,329596.15,0.06727685,0.06727685,403.500,5050.500,0.07989308,759,7,20,0.845,0.0123,0.0448,OFICIAL
NACIONAL,BRASIL,2026-25,LACTEOS,VIVA,FAB_VIVA,N,22080.11,329596.15,0.06699141,0.06699141,389.000,5050.500,0.07702208,795,8,26,0.845,0.0123,0.0448,OFICIAL
NACIONAL,BRASIL,2026-25,LACTEOS,DELTA,FAB_DELTA,N,21665.49,329596.15,0.06573344,0.06573344,297.000,5050.500,0.05880606,795,9,34,0.845,0.0123,0.0448,OFICIAL
NACIONAL,BRASIL,2026-25,LACTEOS,GAROTO,NESTLE,Y,15030.61,329596.15,0.04560311,0.04560311,241.900,5050.500,0.04789625,601,10,18,0.845,0.0123,0.0448,OFICIAL
NACIONAL,BRASIL,2026-25,LACTEOS,NINHO,NESTLE,Y,13779.87,329596.15,0.04180835,0.04180835,315.900,5050.500,0.06254826,439,11,15,0.845,0.0123,0.0448,OFICIAL
NACIONAL,BRASIL,2026-25,LACTEOS,KITKAT,NESTLE,Y,13505.51,329596.15,0.04097593,0.04097593,190.600,5050.500,0.03773884,476,12,8,0.845,0.0123,0.0448,OFICIAL
NACIONAL,BRASIL,2026-25,LACTEOS,NESCAFE,NESTLE,Y,5355.77,329596.15,0.01624949,0.01624949,128.500,5050.500,0.02544303,272,13,9,0.845,0.0123,0.0448,OFICIAL
NACIONAL,BRASIL,2026-25,LACTEOS,MAGGI,NESTLE,Y,5055.72,329596.15,0.01533914,0.01533914,75.200,5050.500,0.01488961,246,14,8,0.845,0.0123,0.0448,OFICIAL
NACIONAL,BRASIL,2026-25,NUTRICAO,ALPHA,FAB_ALPHA,N,49747.52,288048.12,0.17270559,0.17270559,746.300,4187.800,0.17820813,1232,1,23,0.845,0.0123,0.0516,OFICIAL
NACIONAL,BRASIL,2026-25,NUTRICAO,DELTA,FAB_DELTA,N,31081.39,288048.12,0.10790346,0.10790346,351.000,4187.800,0.08381489,887,2,35,0.845,0.0123,0.0516,OFICIAL
NACIONAL,BRASIL,2026-25,NUTRICAO,SOLAR,FAB_SOLAR,N,31080.47,288048.12,0.10790027,0.10790027,249.400,4187.800,0.05955394,893,3,20,0.845,0.0123,0.0516,OFICIAL
NACIONAL,BRASIL,2026-25,NUTRICAO,NOVA,FAB_NOVA,N,28964.89,288048.12,0.10055573,0.10055573,476.600,4187.800,0.11380677,1033,4,28,0.845,0.0123,0.0516,OFICIAL
NACIONAL,BRASIL,2026-25,NUTRICAO,PRIME,FAB_PRIME,N,23785.42,288048.12,0.08257447,0.08257447,400.700,4187.800,0.0956827,712,5,25,0.845,0.0123,0.0516,OFICIAL
NACIONAL,BRASIL,2026-25,NUTRICAO,KITKAT,NESTLE,Y,23121.56,288048.12,0.08026978,0.08026978,325.500,4187.800,0.07772577,919,6,19,0.845,0.0123,0.0516,OFICIAL
NACIONAL,BRASIL,2026-25,NUTRICAO,VIVA,FAB_VIVA,N,21492.80,288048.12,0.07461531,0.07461531,252.100,4187.800,0.06019867,686,7,17,0.845,0.0123,0.0516,OFICIAL
NACIONAL,BRASIL,2026-25,NUTRICAO,BETA,FAB_BETA,N,18671.36,288048.12,0.06482028,0.06482028,227.500,4187.800,0.05432447,772,8,26,0.845,0.0123,0.0516,OFICIAL
NACIONAL,BRASIL,2026-25,NUTRICAO,NESQUIK,NESTLE,Y,17846.33,288048.12,0.06195607,0.06195607,492.100,4187.800,0.117508,1149,9,39,0.845,0.0123,0.0516,OFICIAL
NACIONAL,BRASIL,2026-25,NUTRICAO,NESCAFE,NESTLE,Y,13523.93,288048.12,0.04695025,0.04695025,174.500,4187.800,0.04166866,391,10,13,0.845,0.0123,0.0516,OFICIAL
NACIONAL,BRASIL,2026-25,NUTRICAO,NINHO,NESTLE,Y,11464.89,288048.12,0.039802,0.039802,243.400,4187.800,0.05812121,386,11,9,0.845,0.0123,0.0516,OFICIAL
NACIONAL,BRASIL,2026-25,NUTRICAO,MOCA,NESTLE,Y,10521.35,288048.12,0.03652636,0.03652636,182.200,4187.800,0.04350733,440,12,12,0.845,0.0123,0.0516,OFICIAL
NACIONAL,BRASIL,2026-25,NUTRICAO,GAROTO,NESTLE,Y,6260.61,288048.12,0.0217346,0.0217346,56.500,4187.800,0.01349157,304,13,9,0.845,0.0123,0.0516,OFICIAL
NACIONAL,BRASIL,2026-25,NUTRICAO,MAGGI,NESTLE,Y,485.60,288048.12,0.00168583,0.00168583,10.000,4187.800,0.00238789,20,14,1,0.845,0.0123,0.0516,OFICIAL
NACIONAL,BRASIL,2026-26,BEBIDAS,NINHO,NESTLE,Y,35824.91,263654.82,0.13587808,0.13587808,567.300,4395.100,0.12907556,1762,1,43,0.828,0.012,0.0417,OFICIAL
NACIONAL,BRASIL,2026-26,BEBIDAS,BETA,FAB_BETA,N,35342.95,263654.82,0.13405008,0.13405008,430.600,4395.100,0.09797274,1250,2,25,0.828,0.012,0.0417,OFICIAL
NACIONAL,BRASIL,2026-26,BEBIDAS,SOLAR,FAB_SOLAR,N,34898.20,263654.82,0.13236322,0.13236322,575.900,4395.100,0.13103229,1244,3,27,0.828,0.012,0.0417,OFICIAL
NACIONAL,BRASIL,2026-26,BEBIDAS,DELTA,FAB_DELTA,N,26022.18,263654.82,0.09869791,0.09869791,418.800,4395.100,0.09528793,1045,4,28,0.828,0.012,0.0417,OFICIAL
NACIONAL,BRASIL,2026-26,BEBIDAS,NESCAFE,NESTLE,Y,23169.82,263654.82,0.08787937,0.08787937,460.000,4395.100,0.10466201,1136,5,28,0.828,0.012,0.0417,OFICIAL
NACIONAL,BRASIL,2026-26,BEBIDAS,PRIME,FAB_PRIME,N,22242.95,263654.82,0.0843639,0.0843639,449.100,4395.100,0.10218198,917,6,22,0.828,0.012,0.0417,OFICIAL
NACIONAL,BRASIL,2026-26,BEBIDAS,GAROTO,NESTLE,Y,20027.69,263654.82,0.07596178,0.07596178,130.000,4395.100,0.02957839,496,7,17,0.828,0.012,0.0417,OFICIAL
NACIONAL,BRASIL,2026-26,BEBIDAS,NOVA,FAB_NOVA,N,14582.65,263654.82,0.05530963,0.05530963,215.400,4395.100,0.04900912,462,8,13,0.828,0.012,0.0417,OFICIAL
NACIONAL,BRASIL,2026-26,BEBIDAS,NESQUIK,NESTLE,Y,11595.51,263654.82,0.04397989,0.04397989,204.600,4395.100,0.04655184,677,9,17,0.828,0.012,0.0417,OFICIAL
NACIONAL,BRASIL,2026-26,BEBIDAS,MAGGI,NESTLE,Y,11323.66,263654.82,0.04294881,0.04294881,279.700,4395.100,0.06363905,446,10,13,0.828,0.012,0.0417,OFICIAL
NACIONAL,BRASIL,2026-26,BEBIDAS,KITKAT,NESTLE,Y,8587.37,263654.82,0.0325705,0.0325705,119.200,4395.100,0.02712111,426,11,15,0.828,0.012,0.0417,OFICIAL
NACIONAL,BRASIL,2026-26,BEBIDAS,MOCA,NESTLE,Y,7141.42,263654.82,0.02708625,0.02708625,84.300,4395.100,0.01918045,259,12,13,0.828,0.012,0.0417,OFICIAL
NACIONAL,BRASIL,2026-26,BEBIDAS,ALPHA,FAB_ALPHA,N,6823.50,263654.82,0.02588043,0.02588043,253.300,4395.100,0.05763236,520,13,7,0.828,0.012,0.0417,OFICIAL
NACIONAL,BRASIL,2026-26,BEBIDAS,VIVA,FAB_VIVA,N,6072.01,263654.82,0.02303015,0.02303015,206.900,4395.100,0.04707515,342,14,15,0.828,0.012,0.0417,OFICIAL
NACIONAL,BRASIL,2026-26,CHOCOLATES,ALPHA,FAB_ALPHA,N,69988.42,293418.31,0.23852779,0.23852779,821.200,4339.200,0.18925147,1995,1,32,0.828,0.012,0.0679,OFICIAL
NACIONAL,BRASIL,2026-26,CHOCOLATES,DELTA,FAB_DELTA,N,29936.50,293418.31,0.10202669,0.10202669,582.000,4339.200,0.13412611,943,2,20,0.828,0.012,0.0679,OFICIAL
NACIONAL,BRASIL,2026-26,CHOCOLATES,BETA,FAB_BETA,N,28558.00,293418.31,0.09732862,0.09732862,498.100,4339.200,0.11479074,1001,3,33,0.828,0.012,0.0679,OFICIAL
NACIONAL,BRASIL,2026-26,CHOCOLATES,PRIME,FAB_PRIME,N,24515.88,293418.31,0.08355266,0.08355266,325.100,4339.200,0.07492164,946,4,26,0.828,0.012,0.0679,OFICIAL
NACIONAL,BRASIL,2026-26,CHOCOLATES,NINHO,NESTLE,Y,24423.75,293418.31,0.08323867,0.08323867,210.700,4339.200,0.04855734,806,5,14,0.828,0.012,0.0679,OFICIAL
NACIONAL,BRASIL,2026-26,CHOCOLATES,SOLAR,FAB_SOLAR,N,21196.03,293418.31,0.07223827,0.07223827,312.000,4339.200,0.07190265,713,6,21,0.828,0.012,0.0679,OFICIAL
NACIONAL,BRASIL,2026-26,CHOCOLATES,NESQUIK,NESTLE,Y,20884.79,293418.31,0.07117753,0.07117753,398.100,4339.200,0.09174502,660,7,18,0.828,0.012,0.0679,OFICIAL
NACIONAL,BRASIL,2026-26,CHOCOLATES,NESCAFE,NESTLE,Y,19203.70,293418.31,0.0654482,0.0654482,113.600,4339.200,0.02617994,559,8,14,0.828,0.012,0.0679,OFICIAL
NACIONAL,BRASIL,2026-26,CHOCOLATES,VIVA,FAB_VIVA,N,16990.22,293418.31,0.05790443,0.05790443,220.500,4339.200,0.05081582,589,9,22,0.828,0.012,0.0679,OFICIAL
NACIONAL,BRASIL,2026-26,CHOCOLATES,NOVA,FAB_NOVA,N,11169.35,293418.31,0.0380663,0.0380663,286.300,4339.200,0.0659799,427,10,17,0.828,0.012,0.0679,OFICIAL
NACIONAL,BRASIL,2026-26,CHOCOLATES,KITKAT,NESTLE,Y,7982.43,293418.31,0.02720495,0.02720495,180.800,4339.200,0.04166667,431,11,11,0.828,0.012,0.0679,OFICIAL
NACIONAL,BRASIL,2026-26,CHOCOLATES,GAROTO,NESTLE,Y,7559.60,293418.31,0.0257639,0.0257639,178.600,4339.200,0.04115966,275,12,8,0.828,0.012,0.0679,OFICIAL
NACIONAL,BRASIL,2026-26,CHOCOLATES,MAGGI,NESTLE,Y,7056.42,293418.31,0.02404901,0.02404901,122.000,4339.200,0.02811578,240,13,6,0.828,0.012,0.0679,OFICIAL
NACIONAL,BRASIL,2026-26,CHOCOLATES,MOCA,NESTLE,Y,3953.22,293418.31,0.01347298,0.01347298,90.200,4339.200,0.02078724,225,14,7,0.828,0.012,0.0679,OFICIAL
NACIONAL,BRASIL,2026-26,CULINARIOS,SOLAR,FAB_SOLAR,N,42221.08,356594.98,0.11840066,0.11840066,387.900,4142.400,0.09364137,1163,1,15,0.828,0.012,0.007,OFICIAL
NACIONAL,BRASIL,2026-26,CULINARIOS,NOVA,FAB_NOVA,N,40620.33,356594.98,0.11391167,0.11391167,539.200,4142.400,0.13016609,1199,2,29,0.828,0.012,0.007,OFICIAL
NACIONAL,BRASIL,2026-26,CULINARIOS,NESCAFE,NESTLE,Y,31230.33,356594.98,0.08757928,0.08757928,157.200,4142.400,0.03794902,949,3,8,0.828,0.012,0.007,OFICIAL
NACIONAL,BRASIL,2026-26,CULINARIOS,NINHO,NESTLE,Y,31122.33,356594.98,0.08727641,0.08727641,359.300,4142.400,0.08673716,890,4,20,0.828,0.012,0.007,OFICIAL
NACIONAL,BRASIL,2026-26,CULINARIOS,VIVA,FAB_VIVA,N,30638.61,356594.98,0.08591991,0.08591991,327.600,4142.400,0.07908459,1014,5,31,0.828,0.012,0.007,OFICIAL
NACIONAL,BRASIL,2026-26,CULINARIOS,MOCA,NESTLE,Y,28989.51,356594.98,0.08129534,0.08129534,115.900,4142.400,0.02797895,790,6,13,0.828,0.012,0.007,OFICIAL
NACIONAL,BRASIL,2026-26,CULINARIOS,PRIME,FAB_PRIME,N,27863.00,356594.98,0.07813627,0.07813627,403.800,4142.400,0.09747972,822,7,21,0.828,0.012,0.007,OFICIAL
NACIONAL,BRASIL,2026-26,CULINARIOS,BETA,FAB_BETA,N,26778.77,356594.98,0.07509576,0.07509576,473.000,4142.400,0.11418501,995,8,23,0.828,0.012,0.007,OFICIAL
NACIONAL,BRASIL,2026-26,CULINARIOS,KITKAT,NESTLE,Y,25647.28,356594.98,0.07192272,0.07192272,338.700,4142.400,0.08176419,703,9,13,0.828,0.012,0.007,OFICIAL
NACIONAL,BRASIL,2026-26,CULINARIOS,DELTA,FAB_DELTA,N,24912.70,356594.98,0.06986273,0.06986273,256.300,4142.400,0.06187234,817,10,21,0.828,0.012,0.007,OFICIAL
NACIONAL,BRASIL,2026-26,CULINARIOS,ALPHA,FAB_ALPHA,N,21557.62,356594.98,0.06045408,0.06045408,365.700,4142.400,0.08828216,829,11,14,0.828,0.012,0.007,OFICIAL
NACIONAL,BRASIL,2026-26,CULINARIOS,NESQUIK,NESTLE,Y,9621.70,356594.98,0.02698215,0.02698215,117.100,4142.400,0.02826864,262,12,8,0.828,0.012,0.007,OFICIAL
NACIONAL,BRASIL,2026-26,CULINARIOS,MAGGI,NESTLE,Y,8285.69,356594.98,0.02323558,0.02323558,136.200,4142.400,0.03287949,350,13,14,0.828,0.012,0.007,OFICIAL
NACIONAL,BRASIL,2026-26,CULINARIOS,GAROTO,NESTLE,Y,7106.03,356594.98,0.01992745,0.01992745,164.500,4142.400,0.03971128,295,14,15,0.828,0.012,0.007,OFICIAL
NACIONAL,BRASIL,2026-26,LACTEOS,SOLAR,FAB_SOLAR,N,43290.03,270310.13,0.16014949,0.16014949,746.100,5207.500,0.14327412,1597,1,33,0.828,0.012,0.0354,OFICIAL
NACIONAL,BRASIL,2026-26,LACTEOS,DELTA,FAB_DELTA,N,31299.42,270310.13,0.11579078,0.11579078,507.100,5207.500,0.09737878,1173,2,30,0.828,0.012,0.0354,OFICIAL
NACIONAL,BRASIL,2026-26,LACTEOS,GAROTO,NESTLE,Y,27765.67,270310.13,0.10271783,0.10271783,385.500,5207.500,0.07402784,861,3,13,0.828,0.012,0.0354,OFICIAL
NACIONAL,BRASIL,2026-26,LACTEOS,VIVA,FAB_VIVA,N,25664.82,270310.13,0.09494583,0.09494583,447.600,5207.500,0.08595295,861,4,27,0.828,0.012,0.0354,OFICIAL
NACIONAL,BRASIL,2026-26,LACTEOS,ALPHA,FAB_ALPHA,N,25434.69,270310.13,0.09409448,0.09409448,755.800,5207.500,0.14513682,1232,5,25,0.828,0.012,0.0354,OFICIAL
NACIONAL,BRASIL,2026-26,LACTEOS,BETA,FAB_BETA,N,20659.29,270310.13,0.0764281,0.0764281,440.200,5207.500,0.08453193,808,6,20,0.828,0.012,0.0354,OFICIAL
NACIONAL,BRASIL,2026-26,LACTEOS,KITKAT,NESTLE,Y,15699.65,270310.13,0.05808014,0.05808014,152.300,5207.500,0.02924628,585,7,11,0.828,0.012,0.0354,OFICIAL
NACIONAL,BRASIL,2026-26,LACTEOS,NOVA,FAB_NOVA,N,15473.01,270310.13,0.05724169,0.05724169,344.400,5207.500,0.06613538,542,8,17,0.828,0.012,0.0354,OFICIAL
NACIONAL,BRASIL,2026-26,LACTEOS,MAGGI,NESTLE,Y,15404.02,270310.13,0.05698647,0.05698647,438.900,5207.500,0.08428229,518,9,11,0.828,0.012,0.0354,OFICIAL
NACIONAL,BRASIL,2026-26,LACTEOS,PRIME,FAB_PRIME,N,12602.64,270310.13,0.04662289,0.04662289,322.000,5207.500,0.06183389,378,10,9,0.828,0.012,0.0354,OFICIAL
NACIONAL,BRASIL,2026-26,LACTEOS,MOCA,NESTLE,Y,12234.37,270310.13,0.04526049,0.04526049,179.800,5207.500,0.03452712,665,11,15,0.828,0.012,0.0354,OFICIAL
NACIONAL,BRASIL,2026-26,LACTEOS,NESQUIK,NESTLE,Y,11245.35,270310.13,0.04160166,0.04160166,61.400,5207.500,0.01179069,383,12,13,0.828,0.012,0.0354,OFICIAL
NACIONAL,BRASIL,2026-26,LACTEOS,NESCAFE,NESTLE,Y,9476.16,270310.13,0.03505662,0.03505662,337.900,5207.500,0.06488718,480,13,14,0.828,0.012,0.0354,OFICIAL
NACIONAL,BRASIL,2026-26,LACTEOS,NINHO,NESTLE,Y,4061.01,270310.13,0.01502352,0.01502352,88.500,5207.500,0.01699472,169,14,8,0.828,0.012,0.0354,OFICIAL
NACIONAL,BRASIL,2026-26,NUTRICAO,PRIME,FAB_PRIME,N,64108.93,331500.31,0.19339026,0.19339026,833.300,5411.400,0.15398973,2473,1,32,0.828,0.012,0.0367,OFICIAL
NACIONAL,BRASIL,2026-26,NUTRICAO,DELTA,FAB_DELTA,N,55069.84,331500.31,0.16612304,0.16612304,990.700,5411.400,0.18307647,1662,2,35,0.828,0.012,0.0367,OFICIAL
NACIONAL,BRASIL,2026-26,NUTRICAO,ALPHA,FAB_ALPHA,N,42834.09,331500.31,0.12921282,0.12921282,822.100,5411.400,0.15192002,1511,3,29,0.828,0.012,0.0367,OFICIAL
NACIONAL,BRASIL,2026-26,NUTRICAO,BETA,FAB_BETA,N,28928.48,331500.31,0.08726532,0.08726532,435.000,5411.400,0.08038585,940,4,29,0.828,0.012,0.0367,OFICIAL
NACIONAL,BRASIL,2026-26,NUTRICAO,NOVA,FAB_NOVA,N,24419.14,331500.31,0.0736625,0.0736625,524.500,5411.400,0.09692501,1065,5,20,0.828,0.012,0.0367,OFICIAL
NACIONAL,BRASIL,2026-26,NUTRICAO,NINHO,NESTLE,Y,22118.61,331500.31,0.06672274,0.06672274,280.100,5411.400,0.0517611,703,6,21,0.828,0.012,0.0367,OFICIAL
NACIONAL,BRASIL,2026-26,NUTRICAO,SOLAR,FAB_SOLAR,N,20227.41,331500.31,0.06101777,0.06101777,266.000,5411.400,0.04915549,606,7,22,0.828,0.012,0.0367,OFICIAL
NACIONAL,BRASIL,2026-26,NUTRICAO,NESQUIK,NESTLE,Y,19992.32,331500.31,0.0603086,0.0603086,412.400,5411.400,0.07620948,1076,8,41,0.828,0.012,0.0367,OFICIAL
NACIONAL,BRASIL,2026-26,NUTRICAO,VIVA,FAB_VIVA,N,14320.08,331500.31,0.04319779,0.04319779,164.900,5411.400,0.03047271,544,9,18,0.828,0.012,0.0367,OFICIAL
NACIONAL,BRASIL,2026-26,NUTRICAO,KITKAT,NESTLE,Y,14054.78,331500.31,0.04239749,0.04239749,328.100,5411.400,0.06063126,541,10,9,0.828,0.012,0.0367,OFICIAL
NACIONAL,BRASIL,2026-26,NUTRICAO,MOCA,NESTLE,Y,10563.81,331500.31,0.03186667,0.03186667,204.000,5411.400,0.03769819,405,11,14,0.828,0.012,0.0367,OFICIAL
NACIONAL,BRASIL,2026-26,NUTRICAO,NESCAFE,NESTLE,Y,7335.15,331500.31,0.02212713,0.02212713,53.800,5411.400,0.00994197,203,12,7,0.828,0.012,0.0367,OFICIAL
NACIONAL,BRASIL,2026-26,NUTRICAO,GAROTO,NESTLE,Y,5380.45,331500.31,0.0162306,0.0162306,64.200,5411.400,0.01186384,174,13,8,0.828,0.012,0.0367,OFICIAL
NACIONAL,BRASIL,2026-26,NUTRICAO,MAGGI,NESTLE,Y,2147.22,331500.31,0.00647728,0.00647728,32.300,5411.400,0.00596888,92,14,3,0.828,0.012,0.0367,OFICIAL
NACIONAL,BRASIL,2026-27,BEBIDAS,ALPHA,FAB_ALPHA,N,67010.98,321304.91,0.20855884,0.20855884,1524.100,6232.900,0.24452502,2255,1,29,0.8598,0.0078,0.0614,OFICIAL
NACIONAL,BRASIL,2026-27,BEBIDAS,SOLAR,FAB_SOLAR,N,37851.74,321304.91,0.11780629,0.11780629,618.900,6232.900,0.09929567,1257,2,32,0.8598,0.0078,0.0614,OFICIAL
NACIONAL,BRASIL,2026-27,BEBIDAS,BETA,FAB_BETA,N,36865.91,321304.91,0.11473808,0.11473808,642.900,6232.900,0.10314621,1271,3,25,0.8598,0.0078,0.0614,OFICIAL
NACIONAL,BRASIL,2026-27,BEBIDAS,NOVA,FAB_NOVA,N,36442.96,321304.91,0.11342173,0.11342173,538.900,6232.900,0.08646056,1074,4,27,0.8598,0.0078,0.0614,OFICIAL
NACIONAL,BRASIL,2026-27,BEBIDAS,DELTA,FAB_DELTA,N,27604.21,321304.91,0.08591282,0.08591282,398.500,6232.900,0.06393493,962,5,24,0.8598,0.0078,0.0614,OFICIAL
NACIONAL,BRASIL,2026-27,BEBIDAS,PRIME,FAB_PRIME,N,25348.77,321304.91,0.07889319,0.07889319,416.700,6232.900,0.06685492,1077,6,23,0.8598,0.0078,0.0614,OFICIAL
NACIONAL,BRASIL,2026-27,BEBIDAS,NINHO,NESTLE,Y,19037.87,321304.91,0.05925172,0.05925172,529.800,6232.900,0.08500056,1190,7,39,0.8598,0.0078,0.0614,OFICIAL
NACIONAL,BRASIL,2026-27,BEBIDAS,NESQUIK,NESTLE,Y,18530.87,321304.91,0.05767378,0.05767378,367.600,6232.900,0.05897736,670,8,19,0.8598,0.0078,0.0614,OFICIAL
NACIONAL,BRASIL,2026-27,BEBIDAS,NESCAFE,NESTLE,Y,15251.94,321304.91,0.04746874,0.04746874,359.200,6232.900,0.05762967,953,9,29,0.8598,0.0078,0.0614,OFICIAL
NACIONAL,BRASIL,2026-27,BEBIDAS,GAROTO,NESTLE,Y,14904.53,321304.91,0.0463875,0.0463875,311.500,6232.900,0.04997674,586,10,15,0.8598,0.0078,0.0614,OFICIAL
NACIONAL,BRASIL,2026-27,BEBIDAS,VIVA,FAB_VIVA,N,8490.21,321304.91,0.02642415,0.02642415,216.800,6232.900,0.03478317,485,11,15,0.8598,0.0078,0.0614,OFICIAL
NACIONAL,BRASIL,2026-27,BEBIDAS,MOCA,NESTLE,Y,7735.29,321304.91,0.02407461,0.02407461,142.600,6232.900,0.0228786,268,12,9,0.8598,0.0078,0.0614,OFICIAL
NACIONAL,BRASIL,2026-27,BEBIDAS,MAGGI,NESTLE,Y,5046.58,321304.91,0.01570651,0.01570651,157.000,6232.900,0.02518892,234,13,9,0.8598,0.0078,0.0614,OFICIAL
NACIONAL,BRASIL,2026-27,BEBIDAS,KITKAT,NESTLE,Y,1183.05,321304.91,0.00368202,0.00368202,8.400,6232.900,0.00134769,33,14,4,0.8598,0.0078,0.0614,OFICIAL
NACIONAL,BRASIL,2026-27,CHOCOLATES,PRIME,FAB_PRIME,N,51703.29,282695.87,0.18289369,0.18289369,460.200,4812.800,0.09562001,1651,1,29,0.8598,0.0078,0.0346,OFICIAL
NACIONAL,BRASIL,2026-27,CHOCOLATES,BETA,FAB_BETA,N,31945.02,282695.87,0.11300137,0.11300137,706.000,4812.800,0.14669215,1076,2,29,0.8598,0.0078,0.0346,OFICIAL
NACIONAL,BRASIL,2026-27,CHOCOLATES,DELTA,FAB_DELTA,N,29423.14,282695.87,0.10408054,0.10408054,598.000,4812.800,0.12425199,944,3,20,0.8598,0.0078,0.0346,OFICIAL
NACIONAL,BRASIL,2026-27,CHOCOLATES,VIVA,FAB_VIVA,N,28419.28,282695.87,0.10052952,0.10052952,525.800,4812.800,0.10925033,1015,4,29,0.8598,0.0078,0.0346,OFICIAL
NACIONAL,BRASIL,2026-27,CHOCOLATES,NOVA,FAB_NOVA,N,27590.62,282695.87,0.09759824,0.09759824,494.400,4812.800,0.10272606,889,5,28,0.8598,0.0078,0.0346,OFICIAL
NACIONAL,BRASIL,2026-27,CHOCOLATES,ALPHA,FAB_ALPHA,N,17991.40,282695.87,0.06364225,0.06364225,268.500,4812.800,0.05578873,746,6,21,0.8598,0.0078,0.0346,OFICIAL
NACIONAL,BRASIL,2026-27,CHOCOLATES,NESCAFE,NESTLE,Y,15547.72,282695.87,0.05499804,0.05499804,369.300,4812.800,0.07673288,590,7,11,0.8598,0.0078,0.0346,OFICIAL
NACIONAL,BRASIL,2026-27,CHOCOLATES,SOLAR,FAB_SOLAR,N,14969.32,282695.87,0.05295203,0.05295203,236.100,4812.800,0.04905668,806,8,16,0.8598,0.0078,0.0346,OFICIAL
NACIONAL,BRASIL,2026-27,CHOCOLATES,NINHO,NESTLE,Y,13433.64,282695.87,0.04751976,0.04751976,288.000,4812.800,0.05984043,676,9,14,0.8598,0.0078,0.0346,OFICIAL
NACIONAL,BRASIL,2026-27,CHOCOLATES,MAGGI,NESTLE,Y,13091.26,282695.87,0.04630864,0.04630864,118.300,4812.800,0.02458029,546,10,11,0.8598,0.0078,0.0346,OFICIAL
NACIONAL,BRASIL,2026-27,CHOCOLATES,NESQUIK,NESTLE,Y,12571.91,282695.87,0.0444715,0.0444715,228.000,4812.800,0.04737367,447,11,14,0.8598,0.0078,0.0346,OFICIAL
NACIONAL,BRASIL,2026-27,CHOCOLATES,KITKAT,NESTLE,Y,11567.95,282695.87,0.04092012,0.04092012,190.000,4812.800,0.03947806,526,12,14,0.8598,0.0078,0.0346,OFICIAL
NACIONAL,BRASIL,2026-27,CHOCOLATES,MOCA,NESTLE,Y,8044.69,282695.87,0.02845705,0.02845705,130.200,4812.800,0.02705286,295,13,11,0.8598,0.0078,0.0346,OFICIAL
NACIONAL,BRASIL,2026-27,CHOCOLATES,GAROTO,NESTLE,Y,6396.63,282695.87,0.02262725,0.02262725,200.000,4812.800,0.04155585,252,14,5,0.8598,0.0078,0.0346,OFICIAL
NACIONAL,BRASIL,2026-27,CULINARIOS,VIVA,FAB_VIVA,N,34295.26,263655.50,0.13007603,0.13007603,487.800,4167.300,0.11705421,1193,1,38,0.8598,0.0078,0.0285,OFICIAL
NACIONAL,BRASIL,2026-27,CULINARIOS,NOVA,FAB_NOVA,N,31862.07,263655.50,0.12084736,0.12084736,375.500,4167.300,0.0901063,1026,2,28,0.8598,0.0078,0.0285,OFICIAL
NACIONAL,BRASIL,2026-27,CULINARIOS,NINHO,NESTLE,Y,29730.01,263655.50,0.11276082,0.11276082,439.400,4167.300,0.10543997,866,3,19,0.8598,0.0078,0.0285,OFICIAL
NACIONAL,BRASIL,2026-27,CULINARIOS,SOLAR,FAB_SOLAR,N,26985.83,263655.50,0.10235262,0.10235262,392.900,4167.300,0.09428167,831,4,23,0.8598,0.0078,0.0285,OFICIAL
NACIONAL,BRASIL,2026-27,CULINARIOS,BETA,FAB_BETA,N,19077.31,263655.50,0.07235696,0.07235696,466.000,4167.300,0.111823,789,5,22,0.8598,0.0078,0.0285,OFICIAL
NACIONAL,BRASIL,2026-27,CULINARIOS,PRIME,FAB_PRIME,N,18762.10,263655.50,0.07116142,0.07116142,218.300,4167.300,0.05238404,666,6,27,0.8598,0.0078,0.0285,OFICIAL
NACIONAL,BRASIL,2026-27,CULINARIOS,MOCA,NESTLE,Y,18524.12,263655.50,0.0702588,0.0702588,224.700,4167.300,0.0539198,448,7,13,0.8598,0.0078,0.0285,OFICIAL
NACIONAL,BRASIL,2026-27,CULINARIOS,MAGGI,NESTLE,Y,14960.11,263655.50,0.05674113,0.05674113,233.200,4167.300,0.05595949,377,8,14,0.8598,0.0078,0.0285,OFICIAL
NACIONAL,BRASIL,2026-27,CULINARIOS,KITKAT,NESTLE,Y,14771.43,263655.50,0.0560255,0.0560255,387.500,4167.300,0.09298587,494,9,18,0.8598,0.0078,0.0285,OFICIAL
NACIONAL,BRASIL,2026-27,CULINARIOS,NESQUIK,NESTLE,Y,12276.52,263655.50,0.04656273,0.04656273,199.600,4167.300,0.04789672,412,10,11,0.8598,0.0078,0.0285,OFICIAL
NACIONAL,BRASIL,2026-27,CULINARIOS,DELTA,FAB_DELTA,N,11893.67,263655.50,0.04511065,0.04511065,225.100,4167.300,0.05401579,495,11,13,0.8598,0.0078,0.0285,OFICIAL
NACIONAL,BRASIL,2026-27,CULINARIOS,ALPHA,FAB_ALPHA,N,11638.89,263655.50,0.04414431,0.04414431,171.300,4167.300,0.04110575,454,12,15,0.8598,0.0078,0.0285,OFICIAL
NACIONAL,BRASIL,2026-27,CULINARIOS,GAROTO,NESTLE,Y,11388.67,263655.50,0.04319527,0.04319527,153.700,4167.300,0.03688239,312,13,11,0.8598,0.0078,0.0285,OFICIAL
NACIONAL,BRASIL,2026-27,CULINARIOS,NESCAFE,NESTLE,Y,7489.51,263655.50,0.02840642,0.02840642,192.300,4167.300,0.04614499,216,14,9,0.8598,0.0078,0.0285,OFICIAL
NACIONAL,BRASIL,2026-27,LACTEOS,DELTA,FAB_DELTA,N,57390.79,364637.05,0.15739155,0.15739155,968.800,5043.100,0.19210406,1913,1,43,0.8598,0.0078,0.0417,OFICIAL
NACIONAL,BRASIL,2026-27,LACTEOS,VIVA,FAB_VIVA,N,40203.55,364637.05,0.11025635,0.11025635,660.900,5043.100,0.13105035,1336,2,36,0.8598,0.0078,0.0417,OFICIAL
NACIONAL,BRASIL,2026-27,LACTEOS,ALPHA,FAB_ALPHA,N,37580.49,364637.05,0.10306273,0.10306273,260.000,5043.100,0.05155559,1126,3,27,0.8598,0.0078,0.0417,OFICIAL
NACIONAL,BRASIL,2026-27,LACTEOS,MOCA,NESTLE,Y,29177.28,364637.05,0.08001732,0.08001732,444.900,5043.100,0.08821955,979,4,17,0.8598,0.0078,0.0417,OFICIAL
NACIONAL,BRASIL,2026-27,LACTEOS,SOLAR,FAB_SOLAR,N,28470.12,364637.05,0.07807797,0.07807797,188.000,5043.100,0.03727866,1020,5,26,0.8598,0.0078,0.0417,OFICIAL
NACIONAL,BRASIL,2026-27,LACTEOS,NINHO,NESTLE,Y,25765.38,364637.05,0.07066035,0.07066035,282.600,5043.100,0.05603696,795,6,17,0.8598,0.0078,0.0417,OFICIAL
NACIONAL,BRASIL,2026-27,LACTEOS,KITKAT,NESTLE,Y,25281.96,364637.05,0.06933459,0.06933459,417.700,5043.100,0.08282604,985,7,16,0.8598,0.0078,0.0417,OFICIAL
NACIONAL,BRASIL,2026-27,LACTEOS,BETA,FAB_BETA,N,25162.69,364637.05,0.0690075,0.0690075,385.500,5043.100,0.07644108,857,8,26,0.8598,0.0078,0.0417,OFICIAL
NACIONAL,BRASIL,2026-27,LACTEOS,NESQUIK,NESTLE,Y,22736.32,364637.05,0.06235329,0.06235329,260.300,5043.100,0.05161508,676,9,18,0.8598,0.0078,0.0417,OFICIAL
NACIONAL,BRASIL,2026-27,LACTEOS,NOVA,FAB_NOVA,N,21090.92,364637.05,0.05784086,0.05784086,406.000,5043.100,0.08050604,668,10,20,0.8598,0.0078,0.0417,OFICIAL
NACIONAL,BRASIL,2026-27,LACTEOS,NESCAFE,NESTLE,Y,15810.98,364637.05,0.04336087,0.04336087,228.000,5043.100,0.04521029,548,11,16,0.8598,0.0078,0.0417,OFICIAL
NACIONAL,BRASIL,2026-27,LACTEOS,MAGGI,NESTLE,Y,15179.70,364637.05,0.04162962,0.04162962,177.200,5043.100,0.03513712,576,12,14,0.8598,0.0078,0.0417,OFICIAL
NACIONAL,BRASIL,2026-27,LACTEOS,PRIME,FAB_PRIME,N,12532.15,364637.05,0.03436883,0.03436883,221.800,5043.100,0.04398088,509,13,18,0.8598,0.0078,0.0417,OFICIAL
NACIONAL,BRASIL,2026-27,LACTEOS,GAROTO,NESTLE,Y,8254.72,364637.05,0.02263818,0.02263818,141.400,5043.100,0.02803831,364,14,13,0.8598,0.0078,0.0417,OFICIAL
NACIONAL,BRASIL,2026-27,NUTRICAO,NESQUIK,NESTLE,Y,46786.97,283202.05,0.16520703,0.16520703,657.100,4368.400,0.15042121,1943,1,42,0.8598,0.0078,0.0272,OFICIAL
NACIONAL,BRASIL,2026-27,NUTRICAO,PRIME,FAB_PRIME,N,34769.03,283202.05,0.12277111,0.12277111,551.100,4368.400,0.12615603,1181,2,31,0.8598,0.0078,0.0272,OFICIAL
NACIONAL,BRASIL,2026-27,NUTRICAO,NOVA,FAB_NOVA,N,30259.17,283202.05,0.10684658,0.10684658,512.300,4368.400,0.11727406,1203,3,21,0.8598,0.0078,0.0272,OFICIAL
NACIONAL,BRASIL,2026-27,NUTRICAO,ALPHA,FAB_ALPHA,N,29334.37,283202.05,0.10358107,0.10358107,581.900,4368.400,0.13320667,1007,4,26,0.8598,0.0078,0.0272,OFICIAL
NACIONAL,BRASIL,2026-27,NUTRICAO,NESCAFE,NESTLE,Y,26660.27,283202.05,0.09413869,0.09413869,207.500,4368.400,0.04750023,681,5,12,0.8598,0.0078,0.0272,OFICIAL
NACIONAL,BRASIL,2026-27,NUTRICAO,MOCA,NESTLE,Y,22556.18,283202.05,0.07964695,0.07964695,228.600,4368.400,0.05233037,618,6,14,0.8598,0.0078,0.0272,OFICIAL
NACIONAL,BRASIL,2026-27,NUTRICAO,SOLAR,FAB_SOLAR,N,22067.59,283202.05,0.07792172,0.07792172,361.400,4368.400,0.08273052,611,7,19,0.8598,0.0078,0.0272,OFICIAL
NACIONAL,BRASIL,2026-27,NUTRICAO,DELTA,FAB_DELTA,N,19946.57,283202.05,0.07043229,0.07043229,335.900,4368.400,0.07689314,779,8,31,0.8598,0.0078,0.0272,OFICIAL
NACIONAL,BRASIL,2026-27,NUTRICAO,BETA,FAB_BETA,N,14904.19,283202.05,0.05262741,0.05262741,257.600,4368.400,0.05896896,737,9,25,0.8598,0.0078,0.0272,OFICIAL
NACIONAL,BRASIL,2026-27,NUTRICAO,NINHO,NESTLE,Y,14209.12,283202.05,0.05017308,0.05017308,191.900,4368.400,0.04392913,567,10,15,0.8598,0.0078,0.0272,OFICIAL
NACIONAL,BRASIL,2026-27,NUTRICAO,VIVA,FAB_VIVA,N,10077.10,283202.05,0.03558272,0.03558272,191.100,4368.400,0.04374599,316,11,11,0.8598,0.0078,0.0272,OFICIAL
NACIONAL,BRASIL,2026-27,NUTRICAO,GAROTO,NESTLE,Y,4976.83,283202.05,0.01757343,0.01757343,143.000,4368.400,0.0327351,231,12,13,0.8598,0.0078,0.0272,OFICIAL
NACIONAL,BRASIL,2026-27,NUTRICAO,KITKAT,NESTLE,Y,4694.62,283202.05,0.01657693,0.01657693,111.900,4368.400,0.02561579,198,13,8,0.8598,0.0078,0.0272,OFICIAL
NACIONAL,BRASIL,2026-27,NUTRICAO,MAGGI,NESTLE,Y,1960.04,283202.05,0.006921,0.006921,37.100,4368.400,0.00849281,69,14,4,0.8598,0.0078,0.0272,OFICIAL
NACIONAL,BRASIL,2026-28,BEBIDAS,PRIME,FAB_PRIME,N,34161.48,312195.00,0.10942353,0.10942353,416.800,4968.000,0.08389694,1092,1,25,0.802,0.0092,0.0347,OFICIAL
NACIONAL,BRASIL,2026-28,BEBIDAS,ALPHA,FAB_ALPHA,N,29351.79,312195.00,0.09401749,0.09401749,431.600,4968.000,0.08687601,1010,2,23,0.802,0.0092,0.0347,OFICIAL
NACIONAL,BRASIL,2026-28,BEBIDAS,BETA,FAB_BETA,N,27989.23,312195.00,0.08965304,0.08965304,563.400,4968.000,0.1134058,1162,3,23,0.802,0.0092,0.0347,OFICIAL
NACIONAL,BRASIL,2026-28,BEBIDAS,SOLAR,FAB_SOLAR,N,27189.09,312195.00,0.08709009,0.08709009,440.600,4968.000,0.0886876,789,4,24,0.802,0.0092,0.0347,OFICIAL
NACIONAL,BRASIL,2026-28,BEBIDAS,GAROTO,NESTLE,Y,26360.42,312195.00,0.08443575,0.08443575,473.300,4968.000,0.09526973,1021,5,20,0.802,0.0092,0.0347,OFICIAL
NACIONAL,BRASIL,2026-28,BEBIDAS,VIVA,FAB_VIVA,N,25052.81,312195.00,0.08024731,0.08024731,328.500,4968.000,0.06612319,658,6,21,0.802,0.0092,0.0347,OFICIAL
NACIONAL,BRASIL,2026-28,BEBIDAS,NESCAFE,NESTLE,Y,23908.11,312195.00,0.07658069,0.07658069,404.600,4968.000,0.08144122,1143,7,33,0.802,0.0092,0.0347,OFICIAL
NACIONAL,BRASIL,2026-28,BEBIDAS,NINHO,NESTLE,Y,23136.83,312195.00,0.07411019,0.07411019,540.800,4968.000,0.10885668,1114,8,35,0.802,0.0092,0.0347,OFICIAL
NACIONAL,BRASIL,2026-28,BEBIDAS,NOVA,FAB_NOVA,N,21696.57,312195.00,0.06949685,0.06949685,279.000,4968.000,0.05615942,720,9,20,0.802,0.0092,0.0347,OFICIAL
NACIONAL,BRASIL,2026-28,BEBIDAS,MOCA,NESTLE,Y,19484.31,312195.00,0.0624107,0.0624107,181.400,4968.000,0.03651369,508,10,13,0.802,0.0092,0.0347,OFICIAL
NACIONAL,BRASIL,2026-28,BEBIDAS,DELTA,FAB_DELTA,N,15963.79,312195.00,0.05113403,0.05113403,323.800,4968.000,0.06517713,719,11,23,0.802,0.0092,0.0347,OFICIAL
NACIONAL,BRASIL,2026-28,BEBIDAS,NESQUIK,NESTLE,Y,15945.12,312195.00,0.05107423,0.05107423,211.200,4968.000,0.04251208,535,12,14,0.802,0.0092,0.0347,OFICIAL
NACIONAL,BRASIL,2026-28,BEBIDAS,KITKAT,NESTLE,Y,15352.71,312195.00,0.04917667,0.04917667,242.200,4968.000,0.04875201,577,13,11,0.802,0.0092,0.0347,OFICIAL
NACIONAL,BRASIL,2026-28,BEBIDAS,MAGGI,NESTLE,Y,6602.74,312195.00,0.02114941,0.02114941,130.800,4968.000,0.0263285,279,14,9,0.802,0.0092,0.0347,OFICIAL
NACIONAL,BRASIL,2026-28,CHOCOLATES,VIVA,FAB_VIVA,N,71010.32,329332.73,0.21561878,0.21561878,860.300,4119.600,0.20883095,2257,1,40,0.802,0.0092,0.0295,OFICIAL
NACIONAL,BRASIL,2026-28,CHOCOLATES,MAGGI,NESTLE,Y,47286.17,329332.73,0.14358175,0.14358175,315.000,4119.600,0.07646373,1140,2,17,0.802,0.0092,0.0295,OFICIAL
NACIONAL,BRASIL,2026-28,CHOCOLATES,BETA,FAB_BETA,N,36211.34,329332.73,0.10995366,0.10995366,526.800,4119.600,0.12787649,1298,3,33,0.802,0.0092,0.0295,OFICIAL
NACIONAL,BRASIL,2026-28,CHOCOLATES,PRIME,FAB_PRIME,N,34388.69,329332.73,0.10441929,0.10441929,337.200,4119.600,0.08185261,1049,4,24,0.802,0.0092,0.0295,OFICIAL
NACIONAL,BRASIL,2026-28,CHOCOLATES,NOVA,FAB_NOVA,N,28748.34,329332.73,0.08729269,0.08729269,425.800,4119.600,0.10335955,1106,5,33,0.802,0.0092,0.0295,OFICIAL
NACIONAL,BRASIL,2026-28,CHOCOLATES,NINHO,NESTLE,Y,16710.17,329332.73,0.05073948,0.05073948,407.400,4119.600,0.0988931,839,6,17,0.802,0.0092,0.0295,OFICIAL
NACIONAL,BRASIL,2026-28,CHOCOLATES,KITKAT,NESTLE,Y,16454.06,329332.73,0.04996181,0.04996181,170.500,4119.600,0.04138751,506,7,13,0.802,0.0092,0.0295,OFICIAL
NACIONAL,BRASIL,2026-28,CHOCOLATES,ALPHA,FAB_ALPHA,N,15473.98,329332.73,0.04698586,0.04698586,149.200,4119.600,0.03621711,534,8,21,0.802,0.0092,0.0295,OFICIAL
NACIONAL,BRASIL,2026-28,CHOCOLATES,MOCA,NESTLE,Y,15159.45,329332.73,0.0460308,0.0460308,222.300,4119.600,0.05396155,386,9,10,0.802,0.0092,0.0295,OFICIAL
NACIONAL,BRASIL,2026-28,CHOCOLATES,DELTA,FAB_DELTA,N,14183.88,329332.73,0.04306854,0.04306854,169.100,4119.600,0.04104767,393,10,16,0.802,0.0092,0.0295,OFICIAL
NACIONAL,BRASIL,2026-28,CHOCOLATES,SOLAR,FAB_SOLAR,N,11996.83,329332.73,0.03642769,0.03642769,195.500,4119.600,0.04745606,405,11,14,0.802,0.0092,0.0295,OFICIAL
NACIONAL,BRASIL,2026-28,CHOCOLATES,NESCAFE,NESTLE,Y,11906.49,329332.73,0.03615338,0.03615338,246.200,4119.600,0.05976308,402,12,12,0.802,0.0092,0.0295,OFICIAL
NACIONAL,BRASIL,2026-28,CHOCOLATES,GAROTO,NESTLE,Y,5979.21,329332.73,0.01815553,0.01815553,35.800,4119.600,0.00869016,164,13,5,0.802,0.0092,0.0295,OFICIAL
NACIONAL,BRASIL,2026-28,CHOCOLATES,NESQUIK,NESTLE,Y,3823.80,329332.73,0.01161075,0.01161075,58.500,4119.600,0.01420041,180,14,7,0.802,0.0092,0.0295,OFICIAL
NACIONAL,BRASIL,2026-28,CULINARIOS,VIVA,FAB_VIVA,N,39660.58,237634.87,0.16689714,0.16689714,672.400,4591.500,0.14644452,1328,1,32,0.802,0.0092,0.0666,OFICIAL
NACIONAL,BRASIL,2026-28,CULINARIOS,NOVA,FAB_NOVA,N,28454.77,237634.87,0.11974156,0.11974156,411.100,4591.500,0.08953501,1067,2,31,0.802,0.0092,0.0666,OFICIAL
NACIONAL,BRASIL,2026-28,CULINARIOS,KITKAT,NESTLE,Y,20681.23,237634.87,0.08702944,0.08702944,401.700,4591.500,0.08748775,664,3,18,0.802,0.0092,0.0666,OFICIAL
NACIONAL,BRASIL,2026-28,CULINARIOS,MAGGI,NESTLE,Y,17543.10,237634.87,0.07382376,0.07382376,179.200,4591.500,0.03902864,444,4,13,0.802,0.0092,0.0666,OFICIAL
NACIONAL,BRASIL,2026-28,CULINARIOS,NINHO,NESTLE,Y,17476.05,237634.87,0.07354161,0.07354161,215.000,4591.500,0.04682566,556,5,17,0.802,0.0092,0.0666,OFICIAL
NACIONAL,BRASIL,2026-28,CULINARIOS,PRIME,FAB_PRIME,N,17425.22,237634.87,0.07332771,0.07332771,314.300,4591.500,0.06845258,785,6,28,0.802,0.0092,0.0666,OFICIAL
NACIONAL,BRASIL,2026-28,CULINARIOS,SOLAR,FAB_SOLAR,N,16226.46,237634.87,0.06828316,0.06828316,593.700,4591.500,0.12930415,732,7,16,0.802,0.0092,0.0666,OFICIAL
NACIONAL,BRASIL,2026-28,CULINARIOS,MOCA,NESTLE,Y,16211.86,237634.87,0.06822172,0.06822172,210.900,4591.500,0.0459327,484,8,14,0.802,0.0092,0.0666,OFICIAL
NACIONAL,BRASIL,2026-28,CULINARIOS,ALPHA,FAB_ALPHA,N,15753.61,237634.87,0.06629334,0.06629334,320.000,4591.500,0.069694,552,9,16,0.802,0.0092,0.0666,OFICIAL
NACIONAL,BRASIL,2026-28,CULINARIOS,BETA,FAB_BETA,N,12455.04,237634.87,0.05241251,0.05241251,308.000,4591.500,0.06708047,399,10,17,0.802,0.0092,0.0666,OFICIAL
NACIONAL,BRASIL,2026-28,CULINARIOS,NESCAFE,NESTLE,Y,11534.62,237634.87,0.04853926,0.04853926,508.400,4591.500,0.11072634,647,11,13,0.802,0.0092,0.0666,OFICIAL
NACIONAL,BRASIL,2026-28,CULINARIOS,DELTA,FAB_DELTA,N,9895.00,237634.87,0.04163951,0.04163951,169.400,4591.500,0.03689426,377,12,14,0.802,0.0092,0.0666,OFICIAL
NACIONAL,BRASIL,2026-28,CULINARIOS,GAROTO,NESTLE,Y,7816.10,237634.87,0.03289122,0.03289122,90.700,4591.500,0.01975389,233,13,10,0.802,0.0092,0.0666,OFICIAL
NACIONAL,BRASIL,2026-28,CULINARIOS,NESQUIK,NESTLE,Y,6501.23,237634.87,0.02735806,0.02735806,196.700,4591.500,0.04284003,407,14,8,0.802,0.0092,0.0666,OFICIAL
NACIONAL,BRASIL,2026-28,LACTEOS,DELTA,FAB_DELTA,N,47657.76,336346.48,0.14169246,0.14169246,471.200,4750.400,0.09919165,1350,1,35,0.802,0.0092,0.0404,OFICIAL
NACIONAL,BRASIL,2026-28,LACTEOS,VIVA,FAB_VIVA,N,38562.36,336346.48,0.1146507,0.1146507,594.400,4750.400,0.12512631,1270,2,31,0.802,0.0092,0.0404,OFICIAL
NACIONAL,BRASIL,2026-28,LACTEOS,SOLAR,FAB_SOLAR,N,36819.88,336346.48,0.10947009,0.10947009,813.600,4750.400,0.17126979,1237,3,33,0.802,0.0092,0.0404,OFICIAL
NACIONAL,BRASIL,2026-28,LACTEOS,ALPHA,FAB_ALPHA,N,33424.51,336346.48,0.09937523,0.09937523,360.900,4750.400,0.07597255,1038,4,25,0.802,0.0092,0.0404,OFICIAL
NACIONAL,BRASIL,2026-28,LACTEOS,NOVA,FAB_NOVA,N,27504.56,336346.48,0.08177448,0.08177448,417.400,4750.400,0.08786628,1051,5,26,0.802,0.0092,0.0404,OFICIAL
NACIONAL,BRASIL,2026-28,LACTEOS,BETA,FAB_BETA,N,27074.86,336346.48,0.08049693,0.08049693,297.000,4750.400,0.06252105,894,6,25,0.802,0.0092,0.0404,OFICIAL
NACIONAL,BRASIL,2026-28,LACTEOS,NESQUIK,NESTLE,Y,23646.38,336346.48,0.07030363,0.07030363,270.300,4750.400,0.05690047,816,7,23,0.802,0.0092,0.0404,OFICIAL
NACIONAL,BRASIL,2026-28,LACTEOS,GAROTO,NESTLE,Y,20737.05,336346.48,0.06165383,0.06165383,321.200,4750.400,0.06761536,569,8,16,0.802,0.0092,0.0404,OFICIAL
NACIONAL,BRASIL,2026-28,LACTEOS,PRIME,FAB_PRIME,N,19572.46,336346.48,0.05819136,0.05819136,381.100,4750.400,0.08022482,654,9,22,0.802,0.0092,0.0404,OFICIAL
NACIONAL,BRASIL,2026-28,LACTEOS,MOCA,NESTLE,Y,18672.05,336346.48,0.05551433,0.05551433,198.200,4750.400,0.0417228,551,10,22,0.802,0.0092,0.0404,OFICIAL
NACIONAL,BRASIL,2026-28,LACTEOS,NINHO,NESTLE,Y,15332.02,336346.48,0.04558401,0.04558401,215.000,4750.400,0.04525935,443,11,16,0.802,0.0092,0.0404,OFICIAL
NACIONAL,BRASIL,2026-28,LACTEOS,NESCAFE,NESTLE,Y,14536.20,336346.48,0.04321793,0.04321793,219.000,4750.400,0.04610138,520,12,14,0.802,0.0092,0.0404,OFICIAL
NACIONAL,BRASIL,2026-28,LACTEOS,MAGGI,NESTLE,Y,9015.66,336346.48,0.02680468,0.02680468,95.500,4750.400,0.02010357,299,13,9,0.802,0.0092,0.0404,OFICIAL
NACIONAL,BRASIL,2026-28,LACTEOS,KITKAT,NESTLE,Y,3790.73,336346.48,0.01127031,0.01127031,95.600,4750.400,0.02012462,189,14,11,0.802,0.0092,0.0404,OFICIAL
NACIONAL,BRASIL,2026-28,NUTRICAO,PRIME,FAB_PRIME,N,34562.93,287970.12,0.12002263,0.12002263,491.300,4824.200,0.10184072,1100,1,26,0.802,0.0092,0.0401,OFICIAL
NACIONAL,BRASIL,2026-28,NUTRICAO,DELTA,FAB_DELTA,N,29588.13,287970.12,0.10274722,0.10274722,486.700,4824.200,0.10088719,1138,2,32,0.802,0.0092,0.0401,OFICIAL
NACIONAL,BRASIL,2026-28,NUTRICAO,NOVA,FAB_NOVA,N,29280.94,287970.12,0.10168048,0.10168048,558.300,4824.200,0.11572903,1108,3,19,0.802,0.0092,0.0401,OFICIAL
NACIONAL,BRASIL,2026-28,NUTRICAO,SOLAR,FAB_SOLAR,N,28910.27,287970.12,0.1003933,0.1003933,236.600,4824.200,0.0490444,858,4,20,0.802,0.0092,0.0401,OFICIAL
NACIONAL,BRASIL,2026-28,NUTRICAO,BETA,FAB_BETA,N,23004.58,287970.12,0.0798853,0.0798853,338.000,4824.200,0.07006343,987,5,21,0.802,0.0092,0.0401,OFICIAL
NACIONAL,BRASIL,2026-28,NUTRICAO,ALPHA,FAB_ALPHA,N,22681.08,287970.12,0.07876192,0.07876192,273.600,4824.200,0.05671407,881,6,25,0.802,0.0092,0.0401,OFICIAL
NACIONAL,BRASIL,2026-28,NUTRICAO,MOCA,NESTLE,Y,19493.74,287970.12,0.06769362,0.06769362,256.000,4824.200,0.05306579,675,7,21,0.802,0.0092,0.0401,OFICIAL
NACIONAL,BRASIL,2026-28,NUTRICAO,NESQUIK,NESTLE,Y,19034.92,287970.12,0.06610033,0.06610033,288.000,4824.200,0.05969902,984,8,36,0.802,0.0092,0.0401,OFICIAL
NACIONAL,BRASIL,2026-28,NUTRICAO,KITKAT,NESTLE,Y,18352.26,287970.12,0.06372974,0.06372974,281.500,4824.200,0.05835164,545,9,13,0.802,0.0092,0.0401,OFICIAL
NACIONAL,BRASIL,2026-28,NUTRICAO,NESCAFE,NESTLE,Y,16899.87,287970.12,0.05868619,0.05868619,660.400,4824.200,0.13689316,1035,10,14,0.802,0.0092,0.0401,OFICIAL
NACIONAL,BRASIL,2026-28,NUTRICAO,GAROTO,NESTLE,Y,14591.70,287970.12,0.05067088,0.05067088,180.100,4824.200,0.03733261,356,11,12,0.802,0.0092,0.0401,OFICIAL
NACIONAL,BRASIL,2026-28,NUTRICAO,VIVA,FAB_VIVA,N,14337.63,287970.12,0.0497886,0.0497886,307.000,4824.200,0.06363749,522,12,19,0.802,0.0092,0.0401,OFICIAL
NACIONAL,BRASIL,2026-28,NUTRICAO,MAGGI,NESTLE,Y,9219.78,287970.12,0.03201645,0.03201645,100.100,4824.200,0.02074955,226,13,8,0.802,0.0092,0.0401,OFICIAL
NACIONAL,BRASIL,2026-28,NUTRICAO,NINHO,NESTLE,Y,8012.29,287970.12,0.02782334,0.02782334,366.600,4824.200,0.07599187,452,14,10,0.802,0.0092,0.0401,OFICIAL
NACIONAL,BRASIL,2026-29,BEBIDAS,PRIME,FAB_PRIME,N,34749.90,312651.34,0.11114585,0.11114585,720.000,4980.700,0.14455799,1339,1,34,0.8624,0.0149,0.0513,OFICIAL
NACIONAL,BRASIL,2026-29,BEBIDAS,BETA,FAB_BETA,N,33768.06,312651.34,0.10800549,0.10800549,370.000,4980.700,0.07428675,978,2,31,0.8624,0.0149,0.0513,OFICIAL
NACIONAL,BRASIL,2026-29,BEBIDAS,NESQUIK,NESTLE,Y,31416.28,312651.34,0.10048343,0.10048343,659.700,4980.700,0.13245126,1101,3,18,0.8624,0.0149,0.0513,OFICIAL
NACIONAL,BRASIL,2026-29,BEBIDAS,NOVA,FAB_NOVA,N,30849.92,312651.34,0.09867196,0.09867196,352.900,4980.700,0.07085349,966,4,20,0.8624,0.0149,0.0513,OFICIAL
NACIONAL,BRASIL,2026-29,BEBIDAS,GAROTO,NESTLE,Y,25803.73,312651.34,0.08253197,0.08253197,299.400,4980.700,0.06011203,752,5,22,0.8624,0.0149,0.0513,OFICIAL
NACIONAL,BRASIL,2026-29,BEBIDAS,DELTA,FAB_DELTA,N,24948.54,312651.34,0.07979668,0.07979668,365.600,4980.700,0.07340334,771,6,23,0.8624,0.0149,0.0513,OFICIAL
NACIONAL,BRASIL,2026-29,BEBIDAS,ALPHA,FAB_ALPHA,N,24927.47,312651.34,0.07972929,0.07972929,462.300,4980.700,0.09281828,896,7,20,0.8624,0.0149,0.0513,OFICIAL
NACIONAL,BRASIL,2026-29,BEBIDAS,NINHO,NESTLE,Y,20723.14,312651.34,0.06628195,0.06628195,388.400,4980.700,0.07798101,1121,8,42,0.8624,0.0149,0.0513,OFICIAL
NACIONAL,BRASIL,2026-29,BEBIDAS,KITKAT,NESTLE,Y,17994.66,312651.34,0.05755504,0.05755504,164.900,4980.700,0.0331078,465,9,10,0.8624,0.0149,0.0513,OFICIAL
NACIONAL,BRASIL,2026-29,BEBIDAS,NESCAFE,NESTLE,Y,17781.49,312651.34,0.05687323,0.05687323,417.900,4980.700,0.08390387,1007,10,31,0.8624,0.0149,0.0513,OFICIAL
NACIONAL,BRASIL,2026-29,BEBIDAS,VIVA,FAB_VIVA,N,17473.77,312651.34,0.055889,0.055889,358.800,4980.700,0.07203807,643,11,17,0.8624,0.0149,0.0513,OFICIAL
NACIONAL,BRASIL,2026-29,BEBIDAS,SOLAR,FAB_SOLAR,N,17459.20,312651.34,0.0558424,0.0558424,265.000,4980.700,0.05320537,778,12,23,0.8624,0.0149,0.0513,OFICIAL
NACIONAL,BRASIL,2026-29,BEBIDAS,MOCA,NESTLE,Y,7541.74,312651.34,0.02412189,0.02412189,85.800,4980.700,0.01722649,260,13,10,0.8624,0.0149,0.0513,OFICIAL
NACIONAL,BRASIL,2026-29,BEBIDAS,MAGGI,NESTLE,Y,7213.44,312651.34,0.02307183,0.02307183,70.000,4980.700,0.01405425,207,14,4,0.8624,0.0149,0.0513,OFICIAL
NACIONAL,BRASIL,2026-29,CHOCOLATES,BETA,FAB_BETA,N,38977.06,255715.60,0.15242347,0.15242347,626.500,3927.200,0.15952842,1486,1,41,0.8624,0.0149,0.0505,OFICIAL
NACIONAL,BRASIL,2026-29,CHOCOLATES,VIVA,FAB_VIVA,N,36949.14,255715.60,0.1444931,0.1444931,582.900,3927.200,0.14842636,1240,2,32,0.8624,0.0149,0.0505,OFICIAL
NACIONAL,BRASIL,2026-29,CHOCOLATES,MOCA,NESTLE,Y,22205.25,255715.60,0.08683573,0.08683573,282.600,3927.200,0.07195967,773,3,14,0.8624,0.0149,0.0505,OFICIAL
NACIONAL,BRASIL,2026-29,CHOCOLATES,PRIME,FAB_PRIME,N,21829.33,255715.60,0.08536566,0.08536566,324.500,3927.200,0.08262885,742,4,28,0.8624,0.0149,0.0505,OFICIAL
NACIONAL,BRASIL,2026-29,CHOCOLATES,NINHO,NESTLE,Y,19207.26,255715.60,0.0751118,0.0751118,532.500,3927.200,0.13559279,769,5,21,0.8624,0.0149,0.0505,OFICIAL
NACIONAL,BRASIL,2026-29,CHOCOLATES,ALPHA,FAB_ALPHA,N,18707.22,255715.60,0.07315635,0.07315635,265.200,3927.200,0.06752903,636,6,19,0.8624,0.0149,0.0505,OFICIAL
NACIONAL,BRASIL,2026-29,CHOCOLATES,MAGGI,NESTLE,Y,18493.20,255715.60,0.0723194,0.0723194,254.300,3927.200,0.06475351,546,7,14,0.8624,0.0149,0.0505,OFICIAL
NACIONAL,BRASIL,2026-29,CHOCOLATES,DELTA,FAB_DELTA,N,15749.12,255715.60,0.06158842,0.06158842,148.900,3927.200,0.03791505,570,8,16,0.8624,0.0149,0.0505,OFICIAL
NACIONAL,BRASIL,2026-29,CHOCOLATES,NESCAFE,NESTLE,Y,15156.48,255715.60,0.05927085,0.05927085,253.000,3927.200,0.06442249,589,9,11,0.8624,0.0149,0.0505,OFICIAL
NACIONAL,BRASIL,2026-29,CHOCOLATES,NOVA,FAB_NOVA,N,14840.20,255715.60,0.058034,0.058034,192.900,3927.200,0.04911897,432,10,12,0.8624,0.0149,0.0505,OFICIAL
NACIONAL,BRASIL,2026-29,CHOCOLATES,NESQUIK,NESTLE,Y,10130.39,255715.60,0.03961585,0.03961585,144.700,3927.200,0.03684559,413,11,11,0.8624,0.0149,0.0505,OFICIAL
NACIONAL,BRASIL,2026-29,CHOCOLATES,SOLAR,FAB_SOLAR,N,9726.21,255715.60,0.03803526,0.03803526,139.800,3927.200,0.03559788,284,12,8,0.8624,0.0149,0.0505,OFICIAL
NACIONAL,BRASIL,2026-29,CHOCOLATES,KITKAT,NESTLE,Y,8376.22,255715.60,0.032756,0.032756,116.100,3927.200,0.02956305,515,13,12,0.8624,0.0149,0.0505,OFICIAL
NACIONAL,BRASIL,2026-29,CHOCOLATES,GAROTO,NESTLE,Y,5368.52,255715.60,0.0209941,0.0209941,63.300,3927.200,0.01611835,154,14,6,0.8624,0.0149,0.0505,OFICIAL
NACIONAL,BRASIL,2026-29,CULINARIOS,BETA,FAB_BETA,N,45898.04,339024.52,0.13538266,0.13538266,495.400,5222.400,0.0948606,1706,1,29,0.8624,0.0149,0.0685,OFICIAL
NACIONAL,BRASIL,2026-29,CULINARIOS,NOVA,FAB_NOVA,N,35396.07,339024.52,0.10440563,0.10440563,477.000,5222.400,0.09133732,1048,2,36,0.8624,0.0149,0.0685,OFICIAL
NACIONAL,BRASIL,2026-29,CULINARIOS,VIVA,FAB_VIVA,N,30656.62,339024.52,0.09042597,0.09042597,600.300,5222.400,0.11494715,1046,3,28,0.8624,0.0149,0.0685,OFICIAL
NACIONAL,BRASIL,2026-29,CULINARIOS,NESQUIK,NESTLE,Y,27162.67,339024.52,0.08012008,0.08012008,121.000,5222.400,0.02316942,578,4,5,0.8624,0.0149,0.0685,OFICIAL
NACIONAL,BRASIL,2026-29,CULINARIOS,KITKAT,NESTLE,Y,26324.46,339024.52,0.07764766,0.07764766,388.700,5222.400,0.07442938,866,5,20,0.8624,0.0149,0.0685,OFICIAL
NACIONAL,BRASIL,2026-29,CULINARIOS,NINHO,NESTLE,Y,25903.38,339024.52,0.07640562,0.07640562,227.300,5222.400,0.04352405,754,6,16,0.8624,0.0149,0.0685,OFICIAL
NACIONAL,BRASIL,2026-29,CULINARIOS,ALPHA,FAB_ALPHA,N,24674.79,339024.52,0.07278173,0.07278173,522.000,5222.400,0.09995404,987,7,17,0.8624,0.0149,0.0685,OFICIAL
NACIONAL,BRASIL,2026-29,CULINARIOS,NESCAFE,NESTLE,Y,24646.22,339024.52,0.07269746,0.07269746,525.300,5222.400,0.10058594,752,8,13,0.8624,0.0149,0.0685,OFICIAL
NACIONAL,BRASIL,2026-29,CULINARIOS,GAROTO,NESTLE,Y,22309.72,339024.52,0.06580562,0.06580562,459.500,5222.400,0.08798637,954,9,15,0.8624,0.0149,0.0685,OFICIAL
NACIONAL,BRASIL,2026-29,CULINARIOS,DELTA,FAB_DELTA,N,22251.26,339024.52,0.06563319,0.06563319,422.600,5222.400,0.08092065,997,10,18,0.8624,0.0149,0.0685,OFICIAL
NACIONAL,BRASIL,2026-29,CULINARIOS,PRIME,FAB_PRIME,N,20283.56,339024.52,0.05982918,0.05982918,399.500,5222.400,0.0764974,864,11,22,0.8624,0.0149,0.0685,OFICIAL
NACIONAL,BRASIL,2026-29,CULINARIOS,MAGGI,NESTLE,Y,13604.22,339024.52,0.04012754,0.04012754,129.100,5222.400,0.02472044,424,12,18,0.8624,0.0149,0.0685,OFICIAL
NACIONAL,BRASIL,2026-29,CULINARIOS,MOCA,NESTLE,Y,11072.73,339024.52,0.03266056,0.03266056,161.400,5222.400,0.03090533,608,13,14,0.8624,0.0149,0.0685,OFICIAL
NACIONAL,BRASIL,2026-29,CULINARIOS,SOLAR,FAB_SOLAR,N,8840.78,339024.52,0.02607711,0.02607711,293.300,5222.400,0.05616192,372,14,8,0.8624,0.0149,0.0685,OFICIAL
NACIONAL,BRASIL,2026-29,LACTEOS,DELTA,FAB_DELTA,N,40742.84,343299.36,0.11868021,0.11868021,563.500,5397.200,0.10440599,1188,1,31,0.8624,0.0149,0.0523,OFICIAL
NACIONAL,BRASIL,2026-29,LACTEOS,NOVA,FAB_NOVA,N,34934.66,343299.36,0.10176151,0.10176151,490.300,5397.200,0.0908434,1078,2,28,0.8624,0.0149,0.0523,OFICIAL
NACIONAL,BRASIL,2026-29,LACTEOS,NESCAFE,NESTLE,Y,34208.71,343299.36,0.09964688,0.09964688,372.600,5397.200,0.0690358,1026,3,16,0.8624,0.0149,0.0523,OFICIAL
NACIONAL,BRASIL,2026-29,LACTEOS,VIVA,FAB_VIVA,N,31150.72,343299.36,0.09073923,0.09073923,531.300,5397.200,0.09843993,1228,4,37,0.8624,0.0149,0.0523,OFICIAL
NACIONAL,BRASIL,2026-29,LACTEOS,SOLAR,FAB_SOLAR,N,31099.35,343299.36,0.0905896,0.0905896,469.500,5397.200,0.08698955,1359,5,28,0.8624,0.0149,0.0523,OFICIAL
NACIONAL,BRASIL,2026-29,LACTEOS,ALPHA,FAB_ALPHA,N,29073.12,343299.36,0.08468737,0.08468737,457.600,5397.200,0.0847847,909,6,28,0.8624,0.0149,0.0523,OFICIAL
NACIONAL,BRASIL,2026-29,LACTEOS,BETA,FAB_BETA,N,27930.08,343299.36,0.0813578,0.0813578,685.200,5397.200,0.12695472,983,7,23,0.8624,0.0149,0.0523,OFICIAL
NACIONAL,BRASIL,2026-29,LACTEOS,GAROTO,NESTLE,Y,27004.76,343299.36,0.07866242,0.07866242,226.700,5397.200,0.04200326,696,8,17,0.8624,0.0149,0.0523,OFICIAL
NACIONAL,BRASIL,2026-29,LACTEOS,KITKAT,NESTLE,Y,22715.96,343299.36,0.06616954,0.06616954,361.400,5397.200,0.06696065,601,9,16,0.8624,0.0149,0.0523,OFICIAL
NACIONAL,BRASIL,2026-29,LACTEOS,NESQUIK,NESTLE,Y,17050.91,343299.36,0.04966776,0.04966776,272.100,5397.200,0.05041503,618,10,13,0.8624,0.0149,0.0523,OFICIAL
NACIONAL,BRASIL,2026-29,LACTEOS,NINHO,NESTLE,Y,14705.91,343299.36,0.04283699,0.04283699,327.100,5397.200,0.0606055,657,11,19,0.8624,0.0149,0.0523,OFICIAL
NACIONAL,BRASIL,2026-29,LACTEOS,MOCA,NESTLE,Y,12998.77,343299.36,0.03786424,0.03786424,375.900,5397.200,0.06964722,576,12,21,0.8624,0.0149,0.0523,OFICIAL
NACIONAL,BRASIL,2026-29,LACTEOS,PRIME,FAB_PRIME,N,12547.49,343299.36,0.0365497,0.0365497,193.600,5397.200,0.03587045,519,13,19,0.8624,0.0149,0.0523,OFICIAL
NACIONAL,BRASIL,2026-29,LACTEOS,MAGGI,NESTLE,Y,7136.08,343299.36,0.02078676,0.02078676,70.400,5397.200,0.0130438,231,14,9,0.8624,0.0149,0.0523,OFICIAL
NACIONAL,BRASIL,2026-29,NUTRICAO,BETA,FAB_BETA,N,45853.08,337209.05,0.1359782,0.1359782,855.800,5909.900,0.14480786,1556,1,31,0.8624,0.0149,0.0235,OFICIAL
NACIONAL,BRASIL,2026-29,NUTRICAO,NOVA,FAB_NOVA,N,45290.44,337209.05,0.13430968,0.13430968,724.000,5909.900,0.1225063,1238,2,24,0.8624,0.0149,0.0235,OFICIAL
NACIONAL,BRASIL,2026-29,NUTRICAO,DELTA,FAB_DELTA,N,44520.02,337209.05,0.13202499,0.13202499,674.600,5909.900,0.11414745,1420,3,35,0.8624,0.0149,0.0235,OFICIAL
NACIONAL,BRASIL,2026-29,NUTRICAO,PRIME,FAB_PRIME,N,35579.29,337209.05,0.10551108,0.10551108,761.600,5909.900,0.12886851,1824,4,26,0.8624,0.0149,0.0235,OFICIAL
NACIONAL,BRASIL,2026-29,NUTRICAO,SOLAR,FAB_SOLAR,N,30893.28,337209.05,0.09161462,0.09161462,542.800,5909.900,0.09184589,934,5,22,0.8624,0.0149,0.0235,OFICIAL
NACIONAL,BRASIL,2026-29,NUTRICAO,NESCAFE,NESTLE,Y,26818.80,337209.05,0.07953167,0.07953167,212.800,5909.900,0.03600738,853,6,6,0.8624,0.0149,0.0235,OFICIAL
NACIONAL,BRASIL,2026-29,NUTRICAO,ALPHA,FAB_ALPHA,N,25527.88,337209.05,0.07570342,0.07570342,397.100,5909.900,0.06719234,766,7,24,0.8624,0.0149,0.0235,OFICIAL
NACIONAL,BRASIL,2026-29,NUTRICAO,VIVA,FAB_VIVA,N,20014.58,337209.05,0.05935363,0.05935363,476.700,5909.900,0.08066126,822,8,16,0.8624,0.0149,0.0235,OFICIAL
NACIONAL,BRASIL,2026-29,NUTRICAO,KITKAT,NESTLE,Y,17635.74,337209.05,0.05229913,0.05229913,256.300,5909.900,0.04336791,539,9,14,0.8624,0.0149,0.0235,OFICIAL
NACIONAL,BRASIL,2026-29,NUTRICAO,NESQUIK,NESTLE,Y,14440.86,337209.05,0.04282465,0.04282465,411.200,5909.900,0.06957817,931,10,38,0.8624,0.0149,0.0235,OFICIAL
NACIONAL,BRASIL,2026-29,NUTRICAO,NINHO,NESTLE,Y,12241.24,337209.05,0.03630164,0.03630164,191.500,5909.900,0.03240326,485,11,13,0.8624,0.0149,0.0235,OFICIAL
NACIONAL,BRASIL,2026-29,NUTRICAO,GAROTO,NESTLE,Y,10666.94,337209.05,0.03163302,0.03163302,202.300,5909.900,0.0342307,429,12,11,0.8624,0.0149,0.0235,OFICIAL
NACIONAL,BRASIL,2026-29,NUTRICAO,MOCA,NESTLE,Y,7089.14,337209.05,0.02102298,0.02102298,159.200,5909.900,0.02693785,311,13,11,0.8624,0.0149,0.0235,OFICIAL
NACIONAL,BRASIL,2026-29,NUTRICAO,MAGGI,NESTLE,Y,637.76,337209.05,0.00189129,0.00189129,44.000,5909.900,0.00744513,44,14,3,0.8624,0.0149,0.0235,OFICIAL
NACIONAL,BRASIL,2026-30,BEBIDAS,NINHO,NESTLE,Y,55533.69,300339.65,0.18490296,0.18490296,1333.100,5306.300,0.25122967,2908,1,43,0.8686,0.0227,0.0288,OFICIAL
NACIONAL,BRASIL,2026-30,BEBIDAS,DELTA,FAB_DELTA,N,34131.70,300339.65,0.11364367,0.11364367,445.400,5306.300,0.08393796,914,2,23,0.8686,0.0227,0.0288,OFICIAL
NACIONAL,BRASIL,2026-30,BEBIDAS,VIVA,FAB_VIVA,N,29970.55,300339.65,0.09978886,0.09978886,319.000,5306.300,0.06011722,949,3,26,0.8686,0.0227,0.0288,OFICIAL
NACIONAL,BRASIL,2026-30,BEBIDAS,ALPHA,FAB_ALPHA,N,24716.06,300339.65,0.0822937,0.0822937,295.900,5306.300,0.0557639,931,4,18,0.8686,0.0227,0.0288,OFICIAL
NACIONAL,BRASIL,2026-30,BEBIDAS,PRIME,FAB_PRIME,N,21328.39,300339.65,0.07101423,0.07101423,318.300,5306.300,0.0599853,687,5,19,0.8686,0.0227,0.0288,OFICIAL
NACIONAL,BRASIL,2026-30,BEBIDAS,NESCAFE,NESTLE,Y,20190.78,300339.65,0.06722649,0.06722649,324.900,5306.300,0.06122911,1005,6,31,0.8686,0.0227,0.0288,OFICIAL
NACIONAL,BRASIL,2026-30,BEBIDAS,BETA,FAB_BETA,N,19968.93,300339.65,0.06648782,0.06648782,320.200,5306.300,0.06034337,732,7,19,0.8686,0.0227,0.0288,OFICIAL
NACIONAL,BRASIL,2026-30,BEBIDAS,NESQUIK,NESTLE,Y,19411.82,300339.65,0.06463289,0.06463289,308.200,5306.300,0.0580819,780,8,16,0.8686,0.0227,0.0288,OFICIAL
NACIONAL,BRASIL,2026-30,BEBIDAS,GAROTO,NESTLE,Y,18020.85,300339.65,0.06000157,0.06000157,396.200,5306.300,0.07466596,733,9,15,0.8686,0.0227,0.0288,OFICIAL
NACIONAL,BRASIL,2026-30,BEBIDAS,MAGGI,NESTLE,Y,13495.72,300339.65,0.04493486,0.04493486,580.500,5306.300,0.10939826,900,10,14,0.8686,0.0227,0.0288,OFICIAL
NACIONAL,BRASIL,2026-30,BEBIDAS,SOLAR,FAB_SOLAR,N,12846.42,300339.65,0.04277297,0.04277297,134.700,5306.300,0.02538492,446,11,18,0.8686,0.0227,0.0288,OFICIAL
NACIONAL,BRASIL,2026-30,BEBIDAS,NOVA,FAB_NOVA,N,11354.47,300339.65,0.03780543,0.03780543,293.600,5306.300,0.05533046,578,12,19,0.8686,0.0227,0.0288,OFICIAL
NACIONAL,BRASIL,2026-30,BEBIDAS,KITKAT,NESTLE,Y,11146.10,300339.65,0.03711165,0.03711165,111.900,5306.300,0.02108814,339,13,11,0.8686,0.0227,0.0288,OFICIAL
NACIONAL,BRASIL,2026-30,BEBIDAS,MOCA,NESTLE,Y,8224.17,300339.65,0.0273829,0.0273829,124.400,5306.300,0.02344383,388,14,14,0.8686,0.0227,0.0288,OFICIAL
NACIONAL,BRASIL,2026-30,CHOCOLATES,PRIME,FAB_PRIME,N,31874.06,260154.40,0.12251978,0.12251978,670.900,4648.000,0.14434165,1159,1,31,0.8686,0.0227,0.0327,OFICIAL
NACIONAL,BRASIL,2026-30,CHOCOLATES,DELTA,FAB_DELTA,N,25862.52,260154.40,0.0994122,0.0994122,398.100,4648.000,0.08564974,902,2,21,0.8686,0.0227,0.0327,OFICIAL
NACIONAL,BRASIL,2026-30,CHOCOLATES,ALPHA,FAB_ALPHA,N,25600.18,260154.40,0.09840379,0.09840379,338.100,4648.000,0.07274096,801,3,24,0.8686,0.0227,0.0327,OFICIAL
NACIONAL,BRASIL,2026-30,CHOCOLATES,NOVA,FAB_NOVA,N,25595.76,260154.40,0.0983868,0.0983868,799.800,4648.000,0.17207401,1296,4,24,0.8686,0.0227,0.0327,OFICIAL
NACIONAL,BRASIL,2026-30,CHOCOLATES,BETA,FAB_BETA,N,25451.05,260154.40,0.09783056,0.09783056,441.200,4648.000,0.09492255,1140,5,30,0.8686,0.0227,0.0327,OFICIAL
NACIONAL,BRASIL,2026-30,CHOCOLATES,VIVA,FAB_VIVA,N,20768.21,260154.40,0.07983032,0.07983032,378.900,4648.000,0.08151893,779,6,26,0.8686,0.0227,0.0327,OFICIAL
NACIONAL,BRASIL,2026-30,CHOCOLATES,NESQUIK,NESTLE,Y,18639.35,260154.40,0.07164726,0.07164726,332.700,4648.000,0.07157917,658,7,17,0.8686,0.0227,0.0327,OFICIAL
NACIONAL,BRASIL,2026-30,CHOCOLATES,SOLAR,FAB_SOLAR,N,17900.90,260154.40,0.06880875,0.06880875,323.400,4648.000,0.06957831,686,8,17,0.8686,0.0227,0.0327,OFICIAL
NACIONAL,BRASIL,2026-30,CHOCOLATES,KITKAT,NESTLE,Y,17535.71,260154.40,0.06740501,0.06740501,190.700,4648.000,0.0410284,423,9,14,0.8686,0.0227,0.0327,OFICIAL
NACIONAL,BRASIL,2026-30,CHOCOLATES,MAGGI,NESTLE,Y,12726.46,260154.40,0.04891887,0.04891887,194.000,4648.000,0.04173838,629,10,12,0.8686,0.0227,0.0327,OFICIAL
NACIONAL,BRASIL,2026-30,CHOCOLATES,NESCAFE,NESTLE,Y,12689.30,260154.40,0.04877603,0.04877603,229.200,4648.000,0.04931153,430,11,14,0.8686,0.0227,0.0327,OFICIAL
NACIONAL,BRASIL,2026-30,CHOCOLATES,NINHO,NESTLE,Y,12455.30,260154.40,0.04787657,0.04787657,177.500,4648.000,0.03818847,575,12,16,0.8686,0.0227,0.0327,OFICIAL
NACIONAL,BRASIL,2026-30,CHOCOLATES,MOCA,NESTLE,Y,8874.73,260154.40,0.03411332,0.03411332,140.500,4648.000,0.03022806,712,13,7,0.8686,0.0227,0.0327,OFICIAL
NACIONAL,BRASIL,2026-30,CHOCOLATES,GAROTO,NESTLE,Y,4180.87,260154.40,0.01607073,0.01607073,33.000,4648.000,0.00709983,101,14,4,0.8686,0.0227,0.0327,OFICIAL
NACIONAL,BRASIL,2026-30,CULINARIOS,VIVA,FAB_VIVA,N,60854.79,389600.38,0.15619797,0.15619797,679.700,5621.000,0.12092154,1924,1,39,0.8686,0.0227,0.0745,OFICIAL
NACIONAL,BRASIL,2026-30,CULINARIOS,BETA,FAB_BETA,N,57036.49,389600.38,0.14639742,0.14639742,943.400,5621.000,0.1678349,1671,2,31,0.8686,0.0227,0.0745,OFICIAL
NACIONAL,BRASIL,2026-30,CULINARIOS,NOVA,FAB_NOVA,N,43062.62,389600.38,0.11053023,0.11053023,681.900,5621.000,0.12131293,1363,3,32,0.8686,0.0227,0.0745,OFICIAL
NACIONAL,BRASIL,2026-30,CULINARIOS,PRIME,FAB_PRIME,N,37669.33,389600.38,0.0966871,0.0966871,421.800,5621.000,0.07504003,1188,4,25,0.8686,0.0227,0.0745,OFICIAL
NACIONAL,BRASIL,2026-30,CULINARIOS,NINHO,NESTLE,Y,34191.07,389600.38,0.08775933,0.08775933,356.000,5621.000,0.06333393,932,5,22,0.8686,0.0227,0.0745,OFICIAL
NACIONAL,BRASIL,2026-30,CULINARIOS,SOLAR,FAB_SOLAR,N,21783.45,389600.38,0.05591229,0.05591229,296.700,5621.000,0.0527842,615,6,18,0.8686,0.0227,0.0745,OFICIAL
NACIONAL,BRASIL,2026-30,CULINARIOS,KITKAT,NESTLE,Y,20065.67,389600.38,0.05150321,0.05150321,154.400,5621.000,0.02746842,561,7,17,0.8686,0.0227,0.0745,OFICIAL
NACIONAL,BRASIL,2026-30,CULINARIOS,DELTA,FAB_DELTA,N,19581.25,389600.38,0.05025983,0.05025983,323.200,5621.000,0.05749867,835,8,21,0.8686,0.0227,0.0745,OFICIAL
NACIONAL,BRASIL,2026-30,CULINARIOS,ALPHA,FAB_ALPHA,N,16866.57,389600.38,0.04329198,0.04329198,412.200,5621.000,0.07333215,726,9,20,0.8686,0.0227,0.0745,OFICIAL
NACIONAL,BRASIL,2026-30,CULINARIOS,NESCAFE,NESTLE,Y,16172.03,389600.38,0.04150928,0.04150928,403.100,5621.000,0.07171322,741,10,15,0.8686,0.0227,0.0745,OFICIAL
NACIONAL,BRASIL,2026-30,CULINARIOS,MAGGI,NESTLE,Y,16108.99,389600.38,0.04134747,0.04134747,307.300,5621.000,0.05466999,451,11,12,0.8686,0.0227,0.0745,OFICIAL
NACIONAL,BRASIL,2026-30,CULINARIOS,NESQUIK,NESTLE,Y,15952.18,389600.38,0.04094498,0.04094498,199.400,5621.000,0.03547411,438,12,13,0.8686,0.0227,0.0745,OFICIAL
NACIONAL,BRASIL,2026-30,CULINARIOS,GAROTO,NESTLE,Y,15223.31,389600.38,0.03907417,0.03907417,156.100,5621.000,0.02777086,669,13,14,0.8686,0.0227,0.0745,OFICIAL
NACIONAL,BRASIL,2026-30,CULINARIOS,MOCA,NESTLE,Y,15032.63,389600.38,0.03858474,0.03858474,285.800,5621.000,0.05084505,449,14,17,0.8686,0.0227,0.0745,OFICIAL
NACIONAL,BRASIL,2026-30,LACTEOS,SOLAR,FAB_SOLAR,N,46894.33,325147.77,0.14422467,0.14422467,512.300,5206.100,0.0984038,1276,1,31,0.8686,0.0227,0.0403,OFICIAL
NACIONAL,BRASIL,2026-30,LACTEOS,DELTA,FAB_DELTA,N,45300.76,325147.77,0.13932361,0.13932361,302.400,5206.100,0.05808571,1254,2,30,0.8686,0.0227,0.0403,OFICIAL
NACIONAL,BRASIL,2026-30,LACTEOS,MOCA,NESTLE,Y,40059.93,325147.77,0.1232053,0.1232053,713.300,5206.100,0.13701235,898,3,15,0.8686,0.0227,0.0403,OFICIAL
NACIONAL,BRASIL,2026-30,LACTEOS,VIVA,FAB_VIVA,N,38803.30,325147.77,0.11934051,0.11934051,597.400,5206.100,0.11475,1203,4,37,0.8686,0.0227,0.0403,OFICIAL
NACIONAL,BRASIL,2026-30,LACTEOS,ALPHA,FAB_ALPHA,N,28370.47,325147.77,0.08725408,0.08725408,718.800,5206.100,0.1380688,1200,5,27,0.8686,0.0227,0.0403,OFICIAL
NACIONAL,BRASIL,2026-30,LACTEOS,NESQUIK,NESTLE,Y,20981.79,325147.77,0.06453001,0.06453001,375.200,5206.100,0.0720693,876,6,15,0.8686,0.0227,0.0403,OFICIAL
NACIONAL,BRASIL,2026-30,LACTEOS,NESCAFE,NESTLE,Y,20135.38,325147.77,0.06192686,0.06192686,417.700,5206.100,0.0802328,662,7,18,0.8686,0.0227,0.0403,OFICIAL
NACIONAL,BRASIL,2026-30,LACTEOS,BETA,FAB_BETA,N,17724.96,325147.77,0.05451355,0.05451355,250.200,5206.100,0.04805901,569,8,15,0.8686,0.0227,0.0403,OFICIAL
NACIONAL,BRASIL,2026-30,LACTEOS,MAGGI,NESTLE,Y,12862.36,325147.77,0.03955851,0.03955851,297.100,5206.100,0.05706767,588,9,11,0.8686,0.0227,0.0403,OFICIAL
NACIONAL,BRASIL,2026-30,LACTEOS,PRIME,FAB_PRIME,N,12221.18,325147.77,0.03758654,0.03758654,208.500,5206.100,0.04004917,526,10,15,0.8686,0.0227,0.0403,OFICIAL
NACIONAL,BRASIL,2026-30,LACTEOS,NOVA,FAB_NOVA,N,12167.78,325147.77,0.03742231,0.03742231,260.100,5206.100,0.04996062,437,11,21,0.8686,0.0227,0.0403,OFICIAL
NACIONAL,BRASIL,2026-30,LACTEOS,GAROTO,NESTLE,Y,10932.06,325147.77,0.03362182,0.03362182,122.800,5206.100,0.02358771,392,12,12,0.8686,0.0227,0.0403,OFICIAL
NACIONAL,BRASIL,2026-30,LACTEOS,NINHO,NESTLE,Y,10019.05,325147.77,0.03081384,0.03081384,234.500,5206.100,0.04504331,423,13,15,0.8686,0.0227,0.0403,OFICIAL
NACIONAL,BRASIL,2026-30,LACTEOS,KITKAT,NESTLE,Y,8674.42,325147.77,0.02667839,0.02667839,195.800,5206.100,0.03760973,340,14,13,0.8686,0.0227,0.0403,OFICIAL
NACIONAL,BRASIL,2026-30,NUTRICAO,SOLAR,FAB_SOLAR,N,48069.38,301152.44,0.1596181,0.1596181,739.400,4887.900,0.15127151,1487,1,25,0.8686,0.0227,0.0546,OFICIAL
NACIONAL,BRASIL,2026-30,NUTRICAO,BETA,FAB_BETA,N,46169.74,301152.44,0.1533102,0.1533102,565.700,4887.900,0.11573477,1272,2,33,0.8686,0.0227,0.0546,OFICIAL
NACIONAL,BRASIL,2026-30,NUTRICAO,ALPHA,FAB_ALPHA,N,28884.52,301152.44,0.09591329,0.09591329,651.500,4887.900,0.13328832,1181,3,25,0.8686,0.0227,0.0546,OFICIAL
NACIONAL,BRASIL,2026-30,NUTRICAO,PRIME,FAB_PRIME,N,28243.13,301152.44,0.0937835,0.0937835,303.800,4887.900,0.06215348,761,4,20,0.8686,0.0227,0.0546,OFICIAL
NACIONAL,BRASIL,2026-30,NUTRICAO,NOVA,FAB_NOVA,N,25187.87,301152.44,0.08363827,0.08363827,400.300,4887.900,0.08189611,909,5,21,0.8686,0.0227,0.0546,OFICIAL
NACIONAL,BRASIL,2026-30,NUTRICAO,DELTA,FAB_DELTA,N,22175.74,301152.44,0.07363626,0.07363626,179.800,4887.900,0.03678471,654,6,18,0.8686,0.0227,0.0546,OFICIAL
NACIONAL,BRASIL,2026-30,NUTRICAO,VIVA,FAB_VIVA,N,16993.50,301152.44,0.05642823,0.05642823,170.600,4887.900,0.03490251,596,7,13,0.8686,0.0227,0.0546,OFICIAL
NACIONAL,BRASIL,2026-30,NUTRICAO,NINHO,NESTLE,Y,15775.39,301152.44,0.0523834,0.0523834,291.100,4887.900,0.05955523,442,8,14,0.8686,0.0227,0.0546,OFICIAL
NACIONAL,BRASIL,2026-30,NUTRICAO,NESQUIK,NESTLE,Y,15401.57,301152.44,0.05114211,0.05114211,339.000,4887.900,0.06935494,884,9,38,0.8686,0.0227,0.0546,OFICIAL
NACIONAL,BRASIL,2026-30,NUTRICAO,GAROTO,NESTLE,Y,15025.00,301152.44,0.04989168,0.04989168,201.400,4887.900,0.04120379,378,10,11,0.8686,0.0227,0.0546,OFICIAL
NACIONAL,BRASIL,2026-30,NUTRICAO,NESCAFE,NESTLE,Y,10434.31,301152.44,0.03464793,0.03464793,261.000,4887.900,0.05339716,435,11,14,0.8686,0.0227,0.0546,OFICIAL
NACIONAL,BRASIL,2026-30,NUTRICAO,MAGGI,NESTLE,Y,9933.62,301152.44,0.03298535,0.03298535,271.700,4887.900,0.05558624,350,12,4,0.8686,0.0227,0.0546,OFICIAL
NACIONAL,BRASIL,2026-30,NUTRICAO,KITKAT,NESTLE,Y,9432.68,301152.44,0.03132194,0.03132194,91.000,4887.900,0.0186174,283,13,11,0.8686,0.0227,0.0546,OFICIAL
NACIONAL,BRASIL,2026-30,NUTRICAO,MOCA,NESTLE,Y,9425.99,301152.44,0.03129973,0.03129973,421.600,4887.900,0.08625381,522,14,10,0.8686,0.0227,0.0546,OFICIAL
NACIONAL,BRASIL,2026-31,BEBIDAS,BETA,FAB_BETA,N,37274.33,303185.56,0.1229423,0.1229423,620.800,4118.000,0.15075279,1065,1,26,0.8588,0.0137,0.0334,OFICIAL
NACIONAL,BRASIL,2026-31,BEBIDAS,VIVA,FAB_VIVA,N,35488.07,303185.56,0.11705066,0.11705066,456.300,4118.000,0.11080622,1208,2,23,0.8588,0.0137,0.0334,OFICIAL
NACIONAL,BRASIL,2026-31,BEBIDAS,DELTA,FAB_DELTA,N,35109.08,303185.56,0.11580063,0.11580063,405.400,4118.000,0.09844585,1094,3,23,0.8588,0.0137,0.0334,OFICIAL
NACIONAL,BRASIL,2026-31,BEBIDAS,PRIME,FAB_PRIME,N,32618.57,303185.56,0.10758616,0.10758616,345.200,4118.000,0.0838271,1102,4,30,0.8588,0.0137,0.0334,OFICIAL
NACIONAL,BRASIL,2026-31,BEBIDAS,ALPHA,FAB_ALPHA,N,32064.31,303185.56,0.10575804,0.10575804,345.600,4118.000,0.08392424,990,5,22,0.8588,0.0137,0.0334,OFICIAL
NACIONAL,BRASIL,2026-31,BEBIDAS,NINHO,NESTLE,Y,22614.38,303185.56,0.07458924,0.07458924,502.300,4118.000,0.12197669,1207,6,43,0.8588,0.0137,0.0334,OFICIAL
NACIONAL,BRASIL,2026-31,BEBIDAS,NESQUIK,NESTLE,Y,18605.11,303185.56,0.06136542,0.06136542,192.700,4118.000,0.04679456,571,7,18,0.8588,0.0137,0.0334,OFICIAL
NACIONAL,BRASIL,2026-31,BEBIDAS,MOCA,NESTLE,Y,17694.03,303185.56,0.0583604,0.0583604,124.500,4118.000,0.03023312,522,8,13,0.8588,0.0137,0.0334,OFICIAL
NACIONAL,BRASIL,2026-31,BEBIDAS,NESCAFE,NESTLE,Y,17131.05,303185.56,0.05650352,0.05650352,326.300,4118.000,0.07923749,911,9,31,0.8588,0.0137,0.0334,OFICIAL
NACIONAL,BRASIL,2026-31,BEBIDAS,SOLAR,FAB_SOLAR,N,16982.75,303185.56,0.05601438,0.05601438,247.700,4118.000,0.06015056,685,10,26,0.8588,0.0137,0.0334,OFICIAL
NACIONAL,BRASIL,2026-31,BEBIDAS,GAROTO,NESTLE,Y,14567.96,303185.56,0.04804965,0.04804965,328.500,4118.000,0.07977173,559,11,13,0.8588,0.0137,0.0334,OFICIAL
NACIONAL,BRASIL,2026-31,BEBIDAS,KITKAT,NESTLE,Y,10131.36,303185.56,0.03341637,0.03341637,59.300,4118.000,0.01440019,246,12,5,0.8588,0.0137,0.0334,OFICIAL
NACIONAL,BRASIL,2026-31,BEBIDAS,NOVA,FAB_NOVA,N,7204.12,303185.56,0.02376142,0.02376142,83.100,4118.000,0.0201797,239,13,14,0.8588,0.0137,0.0334,OFICIAL
NACIONAL,BRASIL,2026-31,BEBIDAS,MAGGI,NESTLE,Y,5700.44,303185.56,0.01880182,0.01880182,80.300,4118.000,0.01949976,159,14,9,0.8588,0.0137,0.0334,OFICIAL
NACIONAL,BRASIL,2026-31,CHOCOLATES,PRIME,FAB_PRIME,N,42007.77,304167.77,0.13810724,0.13810724,510.200,4137.400,0.12331416,1254,1,35,0.8588,0.0137,0.0476,OFICIAL
NACIONAL,BRASIL,2026-31,CHOCOLATES,NESCAFE,NESTLE,Y,35017.79,304167.77,0.11512656,0.11512656,273.800,4137.400,0.06617683,1013,2,26,0.8588,0.0137,0.0476,OFICIAL
NACIONAL,BRASIL,2026-31,CHOCOLATES,NESQUIK,NESTLE,Y,33567.72,304167.77,0.11035923,0.11035923,207.500,4137.400,0.05015227,846,3,23,0.8588,0.0137,0.0476,OFICIAL
NACIONAL,BRASIL,2026-31,CHOCOLATES,NOVA,FAB_NOVA,N,32056.91,304167.77,0.1053922,0.1053922,566.700,4137.400,0.13697008,920,4,31,0.8588,0.0137,0.0476,OFICIAL
NACIONAL,BRASIL,2026-31,CHOCOLATES,DELTA,FAB_DELTA,N,28438.04,304167.77,0.09349459,0.09349459,355.700,4137.400,0.08597187,995,5,32,0.8588,0.0137,0.0476,OFICIAL
NACIONAL,BRASIL,2026-31,CHOCOLATES,VIVA,FAB_VIVA,N,25919.58,304167.77,0.08521475,0.08521475,317.900,4137.400,0.07683569,944,6,33,0.8588,0.0137,0.0476,OFICIAL
NACIONAL,BRASIL,2026-31,CHOCOLATES,BETA,FAB_BETA,N,24104.47,304167.77,0.07924729,0.07924729,335.400,4137.400,0.0810654,813,7,23,0.8588,0.0137,0.0476,OFICIAL
NACIONAL,BRASIL,2026-31,CHOCOLATES,SOLAR,FAB_SOLAR,N,20152.63,304167.77,0.06625498,0.06625498,322.300,4137.400,0.07789916,871,8,19,0.8588,0.0137,0.0476,OFICIAL
NACIONAL,BRASIL,2026-31,CHOCOLATES,KITKAT,NESTLE,Y,18446.92,304167.77,0.06064719,0.06064719,228.400,4137.400,0.05520375,450,9,15,0.8588,0.0137,0.0476,OFICIAL
NACIONAL,BRASIL,2026-31,CHOCOLATES,MAGGI,NESTLE,Y,13919.86,304167.77,0.04576376,0.04576376,506.100,4137.400,0.1223232,776,10,17,0.8588,0.0137,0.0476,OFICIAL
NACIONAL,BRASIL,2026-31,CHOCOLATES,NINHO,NESTLE,Y,13857.17,304167.77,0.04555765,0.04555765,142.400,4137.400,0.03441775,477,11,14,0.8588,0.0137,0.0476,OFICIAL
NACIONAL,BRASIL,2026-31,CHOCOLATES,ALPHA,FAB_ALPHA,N,11617.79,304167.77,0.03819534,0.03819534,319.900,4137.400,0.07731909,466,12,23,0.8588,0.0137,0.0476,OFICIAL
NACIONAL,BRASIL,2026-31,CHOCOLATES,MOCA,NESTLE,Y,3056.47,304167.77,0.01004863,0.01004863,33.200,4137.400,0.00802436,105,13,6,0.8588,0.0137,0.0476,OFICIAL
NACIONAL,BRASIL,2026-31,CHOCOLATES,GAROTO,NESTLE,Y,2004.65,304167.77,0.00659061,0.00659061,17.900,4137.400,0.00432639,79,14,5,0.8588,0.0137,0.0476,OFICIAL
NACIONAL,BRASIL,2026-31,CULINARIOS,NOVA,FAB_NOVA,N,39964.69,306173.01,0.13052976,0.13052976,622.800,4306.500,0.1446186,1357,1,34,0.8588,0.0137,0.0437,OFICIAL
NACIONAL,BRASIL,2026-31,CULINARIOS,VIVA,FAB_VIVA,N,37817.16,306173.01,0.12351566,0.12351566,401.600,4306.500,0.09325438,1042,2,28,0.8588,0.0137,0.0437,OFICIAL
NACIONAL,BRASIL,2026-31,CULINARIOS,SOLAR,FAB_SOLAR,N,33195.80,306173.01,0.10842171,0.10842171,390.400,4306.500,0.09065366,975,3,25,0.8588,0.0137,0.0437,OFICIAL
NACIONAL,BRASIL,2026-31,CULINARIOS,PRIME,FAB_PRIME,N,30411.94,306173.01,0.09932926,0.09932926,439.900,4306.500,0.10214792,1329,4,36,0.8588,0.0137,0.0437,OFICIAL
NACIONAL,BRASIL,2026-31,CULINARIOS,KITKAT,NESTLE,Y,23012.96,306173.01,0.07516325,0.07516325,252.300,4306.500,0.05858586,784,5,17,0.8588,0.0137,0.0437,OFICIAL
NACIONAL,BRASIL,2026-31,CULINARIOS,BETA,FAB_BETA,N,21165.00,306173.01,0.06912758,0.06912758,380.200,4306.500,0.08828515,761,6,18,0.8588,0.0137,0.0437,OFICIAL
NACIONAL,BRASIL,2026-31,CULINARIOS,NESCAFE,NESTLE,Y,20611.22,306173.01,0.06731887,0.06731887,270.200,4306.500,0.06274237,489,7,12,0.8588,0.0137,0.0437,OFICIAL
NACIONAL,BRASIL,2026-31,CULINARIOS,NINHO,NESTLE,Y,17904.70,306173.01,0.05847903,0.05847903,383.400,4306.500,0.08902821,853,8,24,0.8588,0.0137,0.0437,OFICIAL
NACIONAL,BRASIL,2026-31,CULINARIOS,MAGGI,NESTLE,Y,17374.20,306173.01,0.05674635,0.05674635,389.200,4306.500,0.09037501,520,9,13,0.8588,0.0137,0.0437,OFICIAL
NACIONAL,BRASIL,2026-31,CULINARIOS,NESQUIK,NESTLE,Y,15900.49,306173.01,0.05193302,0.05193302,140.800,4306.500,0.03269476,557,10,12,0.8588,0.0137,0.0437,OFICIAL
NACIONAL,BRASIL,2026-31,CULINARIOS,GAROTO,NESTLE,Y,15378.67,306173.01,0.05022869,0.05022869,86.900,4306.500,0.0201788,419,11,16,0.8588,0.0137,0.0437,OFICIAL
NACIONAL,BRASIL,2026-31,CULINARIOS,MOCA,NESTLE,Y,14884.00,306173.01,0.04861304,0.04861304,259.200,4306.500,0.06018809,855,12,13,0.8588,0.0137,0.0437,OFICIAL
NACIONAL,BRASIL,2026-31,CULINARIOS,DELTA,FAB_DELTA,N,13895.50,306173.01,0.04538447,0.04538447,238.300,4306.500,0.05533496,542,13,17,0.8588,0.0137,0.0437,OFICIAL
NACIONAL,BRASIL,2026-31,CULINARIOS,ALPHA,FAB_ALPHA,N,4656.68,306173.01,0.01520931,0.01520931,51.300,4306.500,0.01191223,238,14,8,0.8588,0.0137,0.0437,OFICIAL
NACIONAL,BRASIL,2026-31,LACTEOS,VIVA,FAB_VIVA,N,41303.01,320530.39,0.12885833,0.12885833,800.000,5593.000,0.14303594,1317,1,27,0.8588,0.0137,0.0805,OFICIAL
NACIONAL,BRASIL,2026-31,LACTEOS,SOLAR,FAB_SOLAR,N,35742.30,320530.39,0.11150986,0.11150986,601.200,5593.000,0.10749151,1059,2,30,0.8588,0.0137,0.0805,OFICIAL
NACIONAL,BRASIL,2026-31,LACTEOS,DELTA,FAB_DELTA,N,35123.22,320530.39,0.10957844,0.10957844,417.900,5593.000,0.0747184,1199,3,39,0.8588,0.0137,0.0805,OFICIAL
NACIONAL,BRASIL,2026-31,LACTEOS,ALPHA,FAB_ALPHA,N,30939.55,320530.39,0.0965261,0.0965261,400.600,5593.000,0.07162525,1035,4,29,0.8588,0.0137,0.0805,OFICIAL
NACIONAL,BRASIL,2026-31,LACTEOS,MAGGI,NESTLE,Y,25260.05,320530.39,0.07880704,0.07880704,165.900,5593.000,0.02966208,685,5,11,0.8588,0.0137,0.0805,OFICIAL
NACIONAL,BRASIL,2026-31,LACTEOS,NOVA,FAB_NOVA,N,23202.98,320530.39,0.07238933,0.07238933,417.500,5593.000,0.07464688,800,6,25,0.8588,0.0137,0.0805,OFICIAL
NACIONAL,BRASIL,2026-31,LACTEOS,BETA,FAB_BETA,N,20580.13,320530.39,0.06420649,0.06420649,652.100,5593.000,0.11659217,907,7,23,0.8588,0.0137,0.0805,OFICIAL
NACIONAL,BRASIL,2026-31,LACTEOS,KITKAT,NESTLE,Y,19763.66,320530.39,0.06165924,0.06165924,282.600,5593.000,0.05052745,551,8,13,0.8588,0.0137,0.0805,OFICIAL
NACIONAL,BRASIL,2026-31,LACTEOS,PRIME,FAB_PRIME,N,19332.31,320530.39,0.0603135,0.0603135,475.500,5593.000,0.08501699,841,9,25,0.8588,0.0137,0.0805,OFICIAL
NACIONAL,BRASIL,2026-31,LACTEOS,MOCA,NESTLE,Y,15856.10,320530.39,0.04946832,0.04946832,190.500,5593.000,0.03406043,609,10,11,0.8588,0.0137,0.0805,OFICIAL
NACIONAL,BRASIL,2026-31,LACTEOS,NESQUIK,NESTLE,Y,15172.32,320530.39,0.04733504,0.04733504,253.600,5593.000,0.04534239,521,11,18,0.8588,0.0137,0.0805,OFICIAL
NACIONAL,BRASIL,2026-31,LACTEOS,NESCAFE,NESTLE,Y,12888.99,320530.39,0.04021144,0.04021144,358.100,5593.000,0.06402646,689,12,18,0.8588,0.0137,0.0805,OFICIAL
NACIONAL,BRASIL,2026-31,LACTEOS,NINHO,NESTLE,Y,12806.52,320530.39,0.03995415,0.03995415,287.200,5593.000,0.0513499,384,13,11,0.8588,0.0137,0.0805,OFICIAL
NACIONAL,BRASIL,2026-31,LACTEOS,GAROTO,NESTLE,Y,12559.25,320530.39,0.03918271,0.03918271,290.300,5593.000,0.05190417,489,14,17,0.8588,0.0137,0.0805,OFICIAL
NACIONAL,BRASIL,2026-31,NUTRICAO,ALPHA,FAB_ALPHA,N,39599.12,299066.21,0.13240921,0.13240921,893.300,5119.700,0.17448288,1541,1,21,0.8588,0.0137,0.0152,OFICIAL
NACIONAL,BRASIL,2026-31,NUTRICAO,DELTA,FAB_DELTA,N,35583.82,299066.21,0.11898308,0.11898308,463.800,5119.700,0.09059125,1216,2,32,0.8588,0.0137,0.0152,OFICIAL
NACIONAL,BRASIL,2026-31,NUTRICAO,NESQUIK,NESTLE,Y,32845.39,299066.21,0.10982648,0.10982648,533.100,5119.700,0.1041272,1351,3,38,0.8588,0.0137,0.0152,OFICIAL
NACIONAL,BRASIL,2026-31,NUTRICAO,PRIME,FAB_PRIME,N,28041.53,299066.21,0.09376362,0.09376362,404.100,5119.700,0.07893041,917,4,22,0.8588,0.0137,0.0152,OFICIAL
NACIONAL,BRASIL,2026-31,NUTRICAO,BETA,FAB_BETA,N,27176.15,299066.21,0.09087001,0.09087001,568.700,5119.700,0.11108073,1031,5,26,0.8588,0.0137,0.0152,OFICIAL
NACIONAL,BRASIL,2026-31,NUTRICAO,NINHO,NESTLE,Y,21385.10,299066.21,0.07150624,0.07150624,380.100,5119.700,0.07424263,641,6,17,0.8588,0.0137,0.0152,OFICIAL
NACIONAL,BRASIL,2026-31,NUTRICAO,KITKAT,NESTLE,Y,20235.78,299066.21,0.06766321,0.06766321,342.300,5119.700,0.06685939,622,7,15,0.8588,0.0137,0.0152,OFICIAL
NACIONAL,BRASIL,2026-31,NUTRICAO,MOCA,NESTLE,Y,17260.46,299066.21,0.05771451,0.05771451,359.000,5119.700,0.0701213,448,8,14,0.8588,0.0137,0.0152,OFICIAL
NACIONAL,BRASIL,2026-31,NUTRICAO,NESCAFE,NESTLE,Y,16687.53,299066.21,0.05579878,0.05579878,214.600,5119.700,0.04191652,637,9,16,0.8588,0.0137,0.0152,OFICIAL
NACIONAL,BRASIL,2026-31,NUTRICAO,SOLAR,FAB_SOLAR,N,16228.97,299066.21,0.05426548,0.05426548,390.000,5119.700,0.07617634,609,10,24,0.8588,0.0137,0.0152,OFICIAL
NACIONAL,BRASIL,2026-31,NUTRICAO,NOVA,FAB_NOVA,N,14541.53,299066.21,0.04862311,0.04862311,135.900,5119.700,0.02654452,466,11,14,0.8588,0.0137,0.0152,OFICIAL
NACIONAL,BRASIL,2026-31,NUTRICAO,VIVA,FAB_VIVA,N,12426.71,299066.21,0.0415517,0.0415517,162.300,5119.700,0.03170108,365,12,14,0.8588,0.0137,0.0152,OFICIAL
NACIONAL,BRASIL,2026-31,NUTRICAO,GAROTO,NESTLE,Y,12018.06,299066.21,0.04018528,0.04018528,224.200,5119.700,0.04379163,560,13,11,0.8588,0.0137,0.0152,OFICIAL
NACIONAL,BRASIL,2026-31,NUTRICAO,MAGGI,NESTLE,Y,5036.06,299066.21,0.01683928,0.01683928,48.300,5119.700,0.00943415,203,14,4,0.8588,0.0137,0.0152,OFICIAL
NACIONAL,BRASIL,2026-32,BEBIDAS,SOLAR,FAB_SOLAR,N,54453.92,305920.82,0.17800005,0.17800005,887.300,5291.300,0.16769036,1962,1,36,0.8595,0.0108,0.0132,OFICIAL
NACIONAL,BRASIL,2026-32,BEBIDAS,NESCAFE,NESTLE,Y,34916.85,305920.82,0.11413689,0.11413689,694.800,5291.300,0.13130989,1543,2,34,0.8595,0.0108,0.0132,OFICIAL
NACIONAL,BRASIL,2026-32,BEBIDAS,PRIME,FAB_PRIME,N,31367.70,305920.82,0.10253536,0.10253536,261.600,5291.300,0.04943965,837,3,21,0.8595,0.0108,0.0132,OFICIAL
NACIONAL,BRASIL,2026-32,BEBIDAS,MAGGI,NESTLE,Y,30958.83,305920.82,0.10119883,0.10119883,218.800,5291.300,0.0413509,723,4,11,0.8595,0.0108,0.0132,OFICIAL
NACIONAL,BRASIL,2026-32,BEBIDAS,DELTA,FAB_DELTA,N,29032.91,305920.82,0.09490335,0.09490335,390.900,5291.300,0.07387599,833,5,28,0.8595,0.0108,0.0132,OFICIAL
NACIONAL,BRASIL,2026-32,BEBIDAS,BETA,FAB_BETA,N,22464.82,305920.82,0.07343345,0.07343345,389.000,5291.300,0.07351691,939,6,24,0.8595,0.0108,0.0132,OFICIAL
NACIONAL,BRASIL,2026-32,BEBIDAS,KITKAT,NESTLE,Y,21314.76,305920.82,0.06967411,0.06967411,403.900,5291.300,0.07633285,536,7,15,0.8595,0.0108,0.0132,OFICIAL
NACIONAL,BRASIL,2026-32,BEBIDAS,NINHO,NESTLE,Y,18493.43,305920.82,0.06045169,0.06045169,462.400,5291.300,0.08738873,1174,8,41,0.8595,0.0108,0.0132,OFICIAL
NACIONAL,BRASIL,2026-32,BEBIDAS,VIVA,FAB_VIVA,N,14444.34,305920.82,0.04721594,0.04721594,235.700,5291.300,0.04454482,435,9,14,0.8595,0.0108,0.0132,OFICIAL
NACIONAL,BRASIL,2026-32,BEBIDAS,ALPHA,FAB_ALPHA,N,12459.34,305920.82,0.04072734,0.04072734,568.600,5291.300,0.10745941,821,10,14,0.8595,0.0108,0.0132,OFICIAL
NACIONAL,BRASIL,2026-32,BEBIDAS,GAROTO,NESTLE,Y,11857.85,305920.82,0.03876117,0.03876117,300.200,5291.300,0.05673464,484,11,12,0.8595,0.0108,0.0132,OFICIAL
NACIONAL,BRASIL,2026-32,BEBIDAS,NOVA,FAB_NOVA,N,8551.13,305920.82,0.0279521,0.0279521,197.100,5291.300,0.03724983,349,12,14,0.8595,0.0108,0.0132,OFICIAL
NACIONAL,BRASIL,2026-32,BEBIDAS,NESQUIK,NESTLE,Y,8314.29,305920.82,0.02717791,0.02717791,92.500,5291.300,0.01748153,341,13,15,0.8595,0.0108,0.0132,OFICIAL
NACIONAL,BRASIL,2026-32,BEBIDAS,MOCA,NESTLE,Y,7290.65,305920.82,0.02383182,0.02383182,188.500,5291.300,0.03562452,290,14,12,0.8595,0.0108,0.0132,OFICIAL
NACIONAL,BRASIL,2026-32,CHOCOLATES,NOVA,FAB_NOVA,N,43444.99,273207.37,0.15901837,0.15901837,590.000,4019.100,0.14679903,1373,1,38,0.8595,0.0108,0.0165,OFICIAL
NACIONAL,BRASIL,2026-32,CHOCOLATES,VIVA,FAB_VIVA,N,42427.54,273207.37,0.15529427,0.15529427,698.600,4019.100,0.17382001,1348,2,31,0.8595,0.0108,0.0165,OFICIAL
NACIONAL,BRASIL,2026-32,CHOCOLATES,BETA,FAB_BETA,N,33570.84,273207.37,0.12287677,0.12287677,456.200,4019.100,0.113508,1098,3,26,0.8595,0.0108,0.0165,OFICIAL
NACIONAL,BRASIL,2026-32,CHOCOLATES,ALPHA,FAB_ALPHA,N,24898.27,273207.37,0.09113323,0.09113323,293.300,4019.100,0.07297654,803,4,22,0.8595,0.0108,0.0165,OFICIAL
NACIONAL,BRASIL,2026-32,CHOCOLATES,SOLAR,FAB_SOLAR,N,24185.37,273207.37,0.08852386,0.08852386,329.100,4019.100,0.081884,744,5,27,0.8595,0.0108,0.0165,OFICIAL
NACIONAL,BRASIL,2026-32,CHOCOLATES,MOCA,NESTLE,Y,19826.59,273207.37,0.07256975,0.07256975,261.300,4019.100,0.06501456,651,6,13,0.8595,0.0108,0.0165,OFICIAL
NACIONAL,BRASIL,2026-32,CHOCOLATES,DELTA,FAB_DELTA,N,19484.84,273207.37,0.07131887,0.07131887,342.900,4019.100,0.08531761,1143,7,25,0.8595,0.0108,0.0165,OFICIAL
NACIONAL,BRASIL,2026-32,CHOCOLATES,PRIME,FAB_PRIME,N,15857.46,273207.37,0.05804185,0.05804185,263.500,4019.100,0.06556194,593,8,20,0.8595,0.0108,0.0165,OFICIAL
NACIONAL,BRASIL,2026-32,CHOCOLATES,NINHO,NESTLE,Y,15439.79,273207.37,0.05651308,0.05651308,154.000,4019.100,0.03831704,389,9,15,0.8595,0.0108,0.0165,OFICIAL
NACIONAL,BRASIL,2026-32,CHOCOLATES,KITKAT,NESTLE,Y,14943.30,273207.37,0.05469582,0.05469582,316.800,4019.100,0.07882362,948,10,16,0.8595,0.0108,0.0165,OFICIAL
NACIONAL,BRASIL,2026-32,CHOCOLATES,NESCAFE,NESTLE,Y,8430.90,273207.37,0.03085898,0.03085898,159.300,4019.100,0.03963574,354,11,15,0.8595,0.0108,0.0165,OFICIAL
NACIONAL,BRASIL,2026-32,CHOCOLATES,GAROTO,NESTLE,Y,4874.55,273207.37,0.01784194,0.01784194,88.700,4019.100,0.02206962,237,12,6,0.8595,0.0108,0.0165,OFICIAL
NACIONAL,BRASIL,2026-32,CHOCOLATES,MAGGI,NESTLE,Y,3477.33,273207.37,0.0127278,0.0127278,33.700,4019.100,0.00838496,120,13,7,0.8595,0.0108,0.0165,OFICIAL
NACIONAL,BRASIL,2026-32,CHOCOLATES,NESQUIK,NESTLE,Y,2345.60,273207.37,0.00858542,0.00858542,31.700,4019.100,0.00788734,87,14,8,0.8595,0.0108,0.0165,OFICIAL
NACIONAL,BRASIL,2026-32,CULINARIOS,VIVA,FAB_VIVA,N,60228.43,378169.93,0.15926287,0.15926287,741.800,5422.200,0.13680794,1600,1,30,0.8595,0.0108,0.0323,OFICIAL
NACIONAL,BRASIL,2026-32,CULINARIOS,NOVA,FAB_NOVA,N,34746.15,378169.93,0.09187973,0.09187973,355.800,5422.200,0.06561912,969,2,26,0.8595,0.0108,0.0323,OFICIAL
NACIONAL,BRASIL,2026-32,CULINARIOS,NINHO,NESTLE,Y,34429.36,378169.93,0.09104204,0.09104204,433.400,5422.200,0.07993066,1162,3,28,0.8595,0.0108,0.0323,OFICIAL
NACIONAL,BRASIL,2026-32,CULINARIOS,PRIME,FAB_PRIME,N,32424.90,378169.93,0.08574161,0.08574161,728.600,5422.200,0.1343735,1287,4,33,0.8595,0.0108,0.0323,OFICIAL
NACIONAL,BRASIL,2026-32,CULINARIOS,BETA,FAB_BETA,N,31846.32,378169.93,0.08421167,0.08421167,551.500,5422.200,0.10171148,1368,5,33,0.8595,0.0108,0.0323,OFICIAL
NACIONAL,BRASIL,2026-32,CULINARIOS,MAGGI,NESTLE,Y,31642.94,378169.93,0.08367387,0.08367387,372.800,5422.200,0.06875438,914,6,21,0.8595,0.0108,0.0323,OFICIAL
NACIONAL,BRASIL,2026-32,CULINARIOS,ALPHA,FAB_ALPHA,N,30054.52,378169.93,0.07947358,0.07947358,589.000,5422.200,0.10862749,882,7,18,0.8595,0.0108,0.0323,OFICIAL
NACIONAL,BRASIL,2026-32,CULINARIOS,MOCA,NESTLE,Y,26587.61,378169.93,0.07030599,0.07030599,383.800,5422.200,0.07078308,877,8,15,0.8595,0.0108,0.0323,OFICIAL
NACIONAL,BRASIL,2026-32,CULINARIOS,SOLAR,FAB_SOLAR,N,23313.28,378169.93,0.06164763,0.06164763,322.200,5422.200,0.05942237,673,9,16,0.8595,0.0108,0.0323,OFICIAL
NACIONAL,BRASIL,2026-32,CULINARIOS,NESQUIK,NESTLE,Y,22953.97,378169.93,0.0606975,0.0606975,191.100,5422.200,0.035244,630,10,11,0.8595,0.0108,0.0323,OFICIAL
NACIONAL,BRASIL,2026-32,CULINARIOS,DELTA,FAB_DELTA,N,17513.28,378169.93,0.04631061,0.04631061,327.300,5422.200,0.06036295,732,11,20,0.8595,0.0108,0.0323,OFICIAL
NACIONAL,BRASIL,2026-32,CULINARIOS,GAROTO,NESTLE,Y,16440.00,378169.93,0.04347252,0.04347252,256.200,5422.200,0.04725019,524,12,15,0.8595,0.0108,0.0323,OFICIAL
NACIONAL,BRASIL,2026-32,CULINARIOS,KITKAT,NESTLE,Y,13990.86,378169.93,0.03699623,0.03699623,135.500,5422.200,0.02498986,354,13,10,0.8595,0.0108,0.0323,OFICIAL
NACIONAL,BRASIL,2026-32,CULINARIOS,NESCAFE,NESTLE,Y,1998.31,378169.93,0.00528416,0.00528416,33.200,5422.200,0.00612298,96,14,4,0.8595,0.0108,0.0323,OFICIAL
NACIONAL,BRASIL,2026-32,LACTEOS,NOVA,FAB_NOVA,N,57349.96,299818.32,0.19128237,0.19128237,449.900,4015.800,0.11203247,1359,1,28,0.8595,0.0108,0.0661,OFICIAL
NACIONAL,BRASIL,2026-32,LACTEOS,VIVA,FAB_VIVA,N,33781.40,299818.32,0.1126729,0.1126729,568.400,4015.800,0.14154091,1080,2,28,0.8595,0.0108,0.0661,OFICIAL
NACIONAL,BRASIL,2026-32,LACTEOS,NESCAFE,NESTLE,Y,30385.47,299818.32,0.10134628,0.10134628,265.000,4015.800,0.06598934,756,3,13,0.8595,0.0108,0.0661,OFICIAL
NACIONAL,BRASIL,2026-32,LACTEOS,SOLAR,FAB_SOLAR,N,27928.91,299818.32,0.09315278,0.09315278,397.300,4015.800,0.09893421,1083,4,35,0.8595,0.0108,0.0661,OFICIAL
NACIONAL,BRASIL,2026-32,LACTEOS,BETA,FAB_BETA,N,27100.17,299818.32,0.09038864,0.09038864,371.400,4015.800,0.09248469,922,5,27,0.8595,0.0108,0.0661,OFICIAL
NACIONAL,BRASIL,2026-32,LACTEOS,ALPHA,FAB_ALPHA,N,26797.00,299818.32,0.08937746,0.08937746,611.500,4015.800,0.15227352,843,6,24,0.8595,0.0108,0.0661,OFICIAL
NACIONAL,BRASIL,2026-32,LACTEOS,MOCA,NESTLE,Y,23177.71,299818.32,0.07730585,0.07730585,288.200,4015.800,0.07176652,794,7,19,0.8595,0.0108,0.0661,OFICIAL
NACIONAL,BRASIL,2026-32,LACTEOS,DELTA,FAB_DELTA,N,19549.90,299818.32,0.06520582,0.06520582,317.300,4015.800,0.0790129,840,8,22,0.8595,0.0108,0.0661,OFICIAL
NACIONAL,BRASIL,2026-32,LACTEOS,PRIME,FAB_PRIME,N,14359.86,299818.32,0.04789521,0.04789521,243.000,4015.800,0.06051098,488,9,15,0.8595,0.0108,0.0661,OFICIAL
NACIONAL,BRASIL,2026-32,LACTEOS,NINHO,NESTLE,Y,12607.55,299818.32,0.04205063,0.04205063,121.300,4015.800,0.03020569,378,10,12,0.8595,0.0108,0.0661,OFICIAL
NACIONAL,BRASIL,2026-32,LACTEOS,GAROTO,NESTLE,Y,10161.21,299818.32,0.03389122,0.03389122,162.600,4015.800,0.04049006,375,11,10,0.8595,0.0108,0.0661,OFICIAL
NACIONAL,BRASIL,2026-32,LACTEOS,KITKAT,NESTLE,Y,7403.77,299818.32,0.02469419,0.02469419,72.000,4015.800,0.01792918,328,12,11,0.8595,0.0108,0.0661,OFICIAL
NACIONAL,BRASIL,2026-32,LACTEOS,MAGGI,NESTLE,Y,4700.01,299818.32,0.01567619,0.01567619,23.200,4015.800,0.00577718,146,13,8,0.8595,0.0108,0.0661,OFICIAL
NACIONAL,BRASIL,2026-32,LACTEOS,NESQUIK,NESTLE,Y,4515.40,299818.32,0.01506045,0.01506045,124.700,4015.800,0.03105234,212,14,8,0.8595,0.0108,0.0661,OFICIAL
NACIONAL,BRASIL,2026-32,NUTRICAO,ALPHA,FAB_ALPHA,N,48583.06,283926.98,0.17111111,0.17111111,810.900,4757.000,0.17046458,1433,1,30,0.8595,0.0108,0.0581,OFICIAL
NACIONAL,BRASIL,2026-32,NUTRICAO,BETA,FAB_BETA,N,42812.46,283926.98,0.15078687,0.15078687,440.700,4757.000,0.09264242,1362,2,30,0.8595,0.0108,0.0581,OFICIAL
NACIONAL,BRASIL,2026-32,NUTRICAO,PRIME,FAB_PRIME,N,31995.54,283926.98,0.11268933,0.11268933,435.200,4757.000,0.09148623,1156,3,25,0.8595,0.0108,0.0581,OFICIAL
NACIONAL,BRASIL,2026-32,NUTRICAO,NOVA,FAB_NOVA,N,29207.54,283926.98,0.1028699,0.1028699,509.400,4757.000,0.1070843,1161,4,26,0.8595,0.0108,0.0581,OFICIAL
NACIONAL,BRASIL,2026-32,NUTRICAO,KITKAT,NESTLE,Y,22555.39,283926.98,0.07944081,0.07944081,215.400,4757.000,0.04528064,863,5,15,0.8595,0.0108,0.0581,OFICIAL
NACIONAL,BRASIL,2026-32,NUTRICAO,DELTA,FAB_DELTA,N,17983.10,283926.98,0.06333706,0.06333706,374.200,4757.000,0.07866302,675,6,24,0.8595,0.0108,0.0581,OFICIAL
NACIONAL,BRASIL,2026-32,NUTRICAO,NINHO,NESTLE,Y,16037.30,283926.98,0.05648389,0.05648389,423.800,4757.000,0.08908976,659,7,23,0.8595,0.0108,0.0581,OFICIAL
NACIONAL,BRASIL,2026-32,NUTRICAO,NESQUIK,NESTLE,Y,15536.88,283926.98,0.05472139,0.05472139,441.200,4757.000,0.09274753,945,8,31,0.8595,0.0108,0.0581,OFICIAL
NACIONAL,BRASIL,2026-32,NUTRICAO,VIVA,FAB_VIVA,N,14834.36,283926.98,0.0522471,0.0522471,295.700,4757.000,0.06216103,553,9,15,0.8595,0.0108,0.0581,OFICIAL
NACIONAL,BRASIL,2026-32,NUTRICAO,SOLAR,FAB_SOLAR,N,13670.25,283926.98,0.04814706,0.04814706,162.300,4757.000,0.03411814,511,10,18,0.8595,0.0108,0.0581,OFICIAL
NACIONAL,BRASIL,2026-32,NUTRICAO,GAROTO,NESTLE,Y,10504.51,283926.98,0.03699722,0.03699722,249.000,4757.000,0.05234391,331,11,11,0.8595,0.0108,0.0581,OFICIAL
NACIONAL,BRASIL,2026-32,NUTRICAO,MOCA,NESTLE,Y,9136.44,283926.98,0.03217884,0.03217884,113.000,4757.000,0.02375447,351,12,13,0.8595,0.0108,0.0581,OFICIAL
NACIONAL,BRASIL,2026-32,NUTRICAO,NESCAFE,NESTLE,Y,7964.11,283926.98,0.02804985,0.02804985,218.200,4757.000,0.04586925,347,13,11,0.8595,0.0108,0.0581,OFICIAL
NACIONAL,BRASIL,2026-32,NUTRICAO,MAGGI,NESTLE,Y,3106.04,283926.98,0.01093957,0.01093957,68.000,4757.000,0.01429472,132,14,4,0.8595,0.0108,0.0581,OFICIAL
NACIONAL,BRASIL,2026-33,BEBIDAS,BETA,FAB_BETA,N,33169.06,295518.58,0.11224018,0.11224018,416.000,4681.800,0.08885471,1021,1,20,0.8376,0.0177,0.044,OFICIAL
NACIONAL,BRASIL,2026-33,BEBIDAS,NESCAFE,NESTLE,Y,27638.29,295518.58,0.09352471,0.09352471,519.400,4681.800,0.11094024,1308,2,36,0.8376,0.0177,0.044,OFICIAL
NACIONAL,BRASIL,2026-33,BEBIDAS,MAGGI,NESTLE,Y,25008.18,295518.58,0.08462473,0.08462473,488.000,4681.800,0.10423341,700,3,12,0.8376,0.0177,0.044,OFICIAL
NACIONAL,BRASIL,2026-33,BEBIDAS,ALPHA,FAB_ALPHA,N,24391.79,295518.58,0.08253894,0.08253894,189.500,4681.800,0.04047589,599,4,18,0.8376,0.0177,0.044,OFICIAL
NACIONAL,BRASIL,2026-33,BEBIDAS,VIVA,FAB_VIVA,N,23874.55,295518.58,0.08078866,0.08078866,317.800,4681.800,0.06787988,884,5,23,0.8376,0.0177,0.044,OFICIAL
NACIONAL,BRASIL,2026-33,BEBIDAS,DELTA,FAB_DELTA,N,23819.25,295518.58,0.08060153,0.08060153,364.100,4681.800,0.07776923,894,6,20,0.8376,0.0177,0.044,OFICIAL
NACIONAL,BRASIL,2026-33,BEBIDAS,GAROTO,NESTLE,Y,23112.60,295518.58,0.07821031,0.07821031,360.800,4681.800,0.07706438,793,7,17,0.8376,0.0177,0.044,OFICIAL
NACIONAL,BRASIL,2026-33,BEBIDAS,SOLAR,FAB_SOLAR,N,21893.28,295518.58,0.07408428,0.07408428,461.400,4681.800,0.09855184,954,8,27,0.8376,0.0177,0.044,OFICIAL
NACIONAL,BRASIL,2026-33,BEBIDAS,KITKAT,NESTLE,Y,21282.39,295518.58,0.0720171,0.0720171,311.700,4681.800,0.06657696,669,9,14,0.8376,0.0177,0.044,OFICIAL
NACIONAL,BRASIL,2026-33,BEBIDAS,PRIME,FAB_PRIME,N,17177.08,295518.58,0.05812521,0.05812521,172.300,4681.800,0.03680208,807,10,18,0.8376,0.0177,0.044,OFICIAL
NACIONAL,BRASIL,2026-33,BEBIDAS,NINHO,NESTLE,Y,16550.61,295518.58,0.05600531,0.05600531,325.600,4681.800,0.0695459,924,11,34,0.8376,0.0177,0.044,OFICIAL
NACIONAL,BRASIL,2026-33,BEBIDAS,NESQUIK,NESTLE,Y,14462.46,295518.58,0.04893926,0.04893926,252.200,4681.800,0.05386817,450,12,13,0.8376,0.0177,0.044,OFICIAL
NACIONAL,BRASIL,2026-33,BEBIDAS,NOVA,FAB_NOVA,N,14046.82,295518.58,0.04753278,0.04753278,386.400,4681.800,0.08253236,701,13,15,0.8376,0.0177,0.044,OFICIAL
NACIONAL,BRASIL,2026-33,BEBIDAS,MOCA,NESTLE,Y,9092.22,295518.58,0.030767,0.030767,116.600,4681.800,0.02490495,332,14,11,0.8376,0.0177,0.044,OFICIAL
NACIONAL,BRASIL,2026-33,CHOCOLATES,NINHO,NESTLE,Y,49633.58,307229.08,0.16155235,0.16155235,1133.300,5493.900,0.20628333,1488,1,21,0.8376,0.0177,0.0584,OFICIAL
NACIONAL,BRASIL,2026-33,CHOCOLATES,PRIME,FAB_PRIME,N,38146.89,307229.08,0.12416432,0.12416432,760.800,5493.900,0.13848086,1346,2,42,0.8376,0.0177,0.0584,OFICIAL
NACIONAL,BRASIL,2026-33,CHOCOLATES,NOVA,FAB_NOVA,N,30551.34,307229.08,0.09944156,0.09944156,482.400,5493.900,0.08780648,999,3,28,0.8376,0.0177,0.0584,OFICIAL
NACIONAL,BRASIL,2026-33,CHOCOLATES,ALPHA,FAB_ALPHA,N,29491.31,307229.08,0.09599127,0.09599127,511.100,5493.900,0.09303045,919,4,21,0.8376,0.0177,0.0584,OFICIAL
NACIONAL,BRASIL,2026-33,CHOCOLATES,BETA,FAB_BETA,N,27689.36,307229.08,0.0901261,0.0901261,548.100,5493.900,0.09976519,1203,5,36,0.8376,0.0177,0.0584,OFICIAL
NACIONAL,BRASIL,2026-33,CHOCOLATES,VIVA,FAB_VIVA,N,27171.73,307229.08,0.08844127,0.08844127,470.700,5493.900,0.08567684,922,6,24,0.8376,0.0177,0.0584,OFICIAL
NACIONAL,BRASIL,2026-33,CHOCOLATES,SOLAR,FAB_SOLAR,N,25041.51,307229.08,0.08150762,0.08150762,384.800,5493.900,0.07004132,811,7,21,0.8376,0.0177,0.0584,OFICIAL
NACIONAL,BRASIL,2026-33,CHOCOLATES,DELTA,FAB_DELTA,N,22076.87,307229.08,0.07185801,0.07185801,234.600,5493.900,0.04270191,797,8,25,0.8376,0.0177,0.0584,OFICIAL
NACIONAL,BRASIL,2026-33,CHOCOLATES,NESCAFE,NESTLE,Y,20765.77,307229.08,0.06759051,0.06759051,295.600,5493.900,0.05380513,865,9,18,0.8376,0.0177,0.0584,OFICIAL
NACIONAL,BRASIL,2026-33,CHOCOLATES,MOCA,NESTLE,Y,13704.38,307229.08,0.04460639,0.04460639,148.800,5493.900,0.02708458,425,10,10,0.8376,0.0177,0.0584,OFICIAL
NACIONAL,BRASIL,2026-33,CHOCOLATES,MAGGI,NESTLE,Y,11201.59,307229.08,0.03646006,0.03646006,214.600,5493.900,0.0390615,552,11,14,0.8376,0.0177,0.0584,OFICIAL
NACIONAL,BRASIL,2026-33,CHOCOLATES,KITKAT,NESTLE,Y,6865.59,307229.08,0.02234681,0.02234681,139.900,5493.900,0.02546461,308,12,10,0.8376,0.0177,0.0584,OFICIAL
NACIONAL,BRASIL,2026-33,CHOCOLATES,NESQUIK,NESTLE,Y,4119.96,307229.08,0.01341006,0.01341006,144.900,5493.900,0.02637471,320,13,7,0.8376,0.0177,0.0584,OFICIAL
NACIONAL,BRASIL,2026-33,CHOCOLATES,GAROTO,NESTLE,Y,769.20,307229.08,0.00250367,0.00250367,24.300,5493.900,0.00442309,36,14,3,0.8376,0.0177,0.0584,OFICIAL
NACIONAL,BRASIL,2026-33,CULINARIOS,NOVA,FAB_NOVA,N,37319.99,310843.17,0.12006051,0.12006051,641.200,4546.700,0.14102536,1403,1,30,0.8376,0.0177,0.0808,OFICIAL
NACIONAL,BRASIL,2026-33,CULINARIOS,VIVA,FAB_VIVA,N,29847.18,310843.17,0.09602006,0.09602006,564.700,4546.700,0.12419997,1029,2,30,0.8376,0.0177,0.0808,OFICIAL
NACIONAL,BRASIL,2026-33,CULINARIOS,ALPHA,FAB_ALPHA,N,29708.46,310843.17,0.09557379,0.09557379,318.300,4546.700,0.07000682,807,3,19,0.8376,0.0177,0.0808,OFICIAL
NACIONAL,BRASIL,2026-33,CULINARIOS,NINHO,NESTLE,Y,28673.18,310843.17,0.09224324,0.09224324,447.800,4546.700,0.09848901,894,4,21,0.8376,0.0177,0.0808,OFICIAL
NACIONAL,BRASIL,2026-33,CULINARIOS,SOLAR,FAB_SOLAR,N,25654.41,310843.17,0.08253168,0.08253168,336.400,4546.700,0.07398773,828,5,20,0.8376,0.0177,0.0808,OFICIAL
NACIONAL,BRASIL,2026-33,CULINARIOS,MOCA,NESTLE,Y,22637.07,310843.17,0.07282473,0.07282473,210.400,4546.700,0.04627532,835,6,15,0.8376,0.0177,0.0808,OFICIAL
NACIONAL,BRASIL,2026-33,CULINARIOS,BETA,FAB_BETA,N,21929.98,310843.17,0.07054998,0.07054998,326.700,4546.700,0.07185431,984,7,23,0.8376,0.0177,0.0808,OFICIAL
NACIONAL,BRASIL,2026-33,CULINARIOS,PRIME,FAB_PRIME,N,21780.49,310843.17,0.07006906,0.07006906,338.200,4546.700,0.07438362,717,8,20,0.8376,0.0177,0.0808,OFICIAL
NACIONAL,BRASIL,2026-33,CULINARIOS,DELTA,FAB_DELTA,N,20880.65,310843.17,0.06717423,0.06717423,208.800,4546.700,0.04592342,556,9,18,0.8376,0.0177,0.0808,OFICIAL
NACIONAL,BRASIL,2026-33,CULINARIOS,KITKAT,NESTLE,Y,20702.48,310843.17,0.06660105,0.06660105,150.800,4546.700,0.03316691,683,10,16,0.8376,0.0177,0.0808,OFICIAL
NACIONAL,BRASIL,2026-33,CULINARIOS,GAROTO,NESTLE,Y,20550.69,310843.17,0.06611273,0.06611273,505.200,4546.700,0.11111355,672,11,15,0.8376,0.0177,0.0808,OFICIAL
NACIONAL,BRASIL,2026-33,CULINARIOS,MAGGI,NESTLE,Y,14406.41,310843.17,0.04634623,0.04634623,295.500,4546.700,0.06499219,422,12,12,0.8376,0.0177,0.0808,OFICIAL
NACIONAL,BRASIL,2026-33,CULINARIOS,NESQUIK,NESTLE,Y,11547.22,310843.17,0.03714806,0.03714806,139.900,4546.700,0.03076957,349,13,13,0.8376,0.0177,0.0808,OFICIAL
NACIONAL,BRASIL,2026-33,CULINARIOS,NESCAFE,NESTLE,Y,5204.96,310843.17,0.01674465,0.01674465,62.800,4546.700,0.01381222,192,14,9,0.8376,0.0177,0.0808,OFICIAL
NACIONAL,BRASIL,2026-33,LACTEOS,DELTA,FAB_DELTA,N,36209.61,286284.30,0.1264813,0.1264813,404.800,4399.600,0.09200836,1342,1,33,0.8376,0.0177,0.0568,OFICIAL
NACIONAL,BRASIL,2026-33,LACTEOS,PRIME,FAB_PRIME,N,34529.58,286284.30,0.1206129,0.1206129,420.400,4399.600,0.09555414,1058,2,29,0.8376,0.0177,0.0568,OFICIAL
NACIONAL,BRASIL,2026-33,LACTEOS,VIVA,FAB_VIVA,N,32965.79,286284.30,0.11515053,0.11515053,573.800,4399.600,0.13042095,1408,3,34,0.8376,0.0177,0.0568,OFICIAL
NACIONAL,BRASIL,2026-33,LACTEOS,ALPHA,FAB_ALPHA,N,25925.16,286284.30,0.09055739,0.09055739,347.200,4399.600,0.07891627,917,4,26,0.8376,0.0177,0.0568,OFICIAL
NACIONAL,BRASIL,2026-33,LACTEOS,SOLAR,FAB_SOLAR,N,25477.77,286284.30,0.08899465,0.08899465,517.600,4399.600,0.11764706,1393,5,27,0.8376,0.0177,0.0568,OFICIAL
NACIONAL,BRASIL,2026-33,LACTEOS,NOVA,FAB_NOVA,N,21842.23,286284.30,0.07629559,0.07629559,194.500,4399.600,0.04420856,611,6,16,0.8376,0.0177,0.0568,OFICIAL
NACIONAL,BRASIL,2026-33,LACTEOS,MOCA,NESTLE,Y,19120.19,286284.30,0.06678742,0.06678742,322.900,4399.600,0.07339304,611,7,18,0.8376,0.0177,0.0568,OFICIAL
NACIONAL,BRASIL,2026-33,LACTEOS,NINHO,NESTLE,Y,18541.13,286284.30,0.06476475,0.06476475,265.400,4399.600,0.06032367,672,8,15,0.8376,0.0177,0.0568,OFICIAL
NACIONAL,BRASIL,2026-33,LACTEOS,KITKAT,NESTLE,Y,18497.92,286284.30,0.06461381,0.06461381,307.200,4399.600,0.06982453,747,9,19,0.8376,0.0177,0.0568,OFICIAL
NACIONAL,BRASIL,2026-33,LACTEOS,BETA,FAB_BETA,N,16960.16,286284.30,0.05924237,0.05924237,250.600,4399.600,0.05695972,547,10,16,0.8376,0.0177,0.0568,OFICIAL
NACIONAL,BRASIL,2026-33,LACTEOS,NESCAFE,NESTLE,Y,12376.60,286284.30,0.04323185,0.04323185,187.500,4399.600,0.04261751,504,11,14,0.8376,0.0177,0.0568,OFICIAL
NACIONAL,BRASIL,2026-33,LACTEOS,NESQUIK,NESTLE,Y,11632.60,286284.30,0.04063304,0.04063304,416.600,4399.600,0.09469043,517,12,12,0.8376,0.0177,0.0568,OFICIAL
NACIONAL,BRASIL,2026-33,LACTEOS,GAROTO,NESTLE,Y,7628.25,286284.30,0.02664572,0.02664572,160.300,4399.600,0.03643513,286,13,14,0.8376,0.0177,0.0568,OFICIAL
NACIONAL,BRASIL,2026-33,LACTEOS,MAGGI,NESTLE,Y,4577.31,286284.30,0.01598869,0.01598869,30.800,4399.600,0.00700064,140,14,9,0.8376,0.0177,0.0568,OFICIAL
NACIONAL,BRASIL,2026-33,NUTRICAO,ALPHA,FAB_ALPHA,N,34745.74,293425.40,0.11841422,0.11841422,408.100,4577.400,0.08915542,926,1,21,0.8376,0.0177,0.0337,OFICIAL
NACIONAL,BRASIL,2026-33,NUTRICAO,SOLAR,FAB_SOLAR,N,30310.72,293425.40,0.10329958,0.10329958,430.800,4577.400,0.09411456,1612,2,25,0.8376,0.0177,0.0337,OFICIAL
NACIONAL,BRASIL,2026-33,NUTRICAO,NINHO,NESTLE,Y,28668.73,293425.40,0.09770364,0.09770364,313.200,4577.400,0.06842312,1000,3,27,0.8376,0.0177,0.0337,OFICIAL
NACIONAL,BRASIL,2026-33,NUTRICAO,DELTA,FAB_DELTA,N,27967.13,293425.40,0.09531257,0.09531257,432.500,4577.400,0.09448595,914,4,24,0.8376,0.0177,0.0337,OFICIAL
NACIONAL,BRASIL,2026-33,NUTRICAO,VIVA,FAB_VIVA,N,24148.53,293425.40,0.0822987,0.0822987,308.200,4577.400,0.0673308,928,5,19,0.8376,0.0177,0.0337,OFICIAL
NACIONAL,BRASIL,2026-33,NUTRICAO,KITKAT,NESTLE,Y,22434.38,293425.40,0.07645684,0.07645684,436.300,4577.400,0.09531612,754,6,18,0.8376,0.0177,0.0337,OFICIAL
NACIONAL,BRASIL,2026-33,NUTRICAO,PRIME,FAB_PRIME,N,20322.06,293425.40,0.06925801,0.06925801,492.100,4577.400,0.10750644,1024,7,21,0.8376,0.0177,0.0337,OFICIAL
NACIONAL,BRASIL,2026-33,NUTRICAO,BETA,FAB_BETA,N,19854.48,293425.40,0.06766449,0.06766449,289.300,4577.400,0.06320182,822,8,27,0.8376,0.0177,0.0337,OFICIAL
NACIONAL,BRASIL,2026-33,NUTRICAO,GAROTO,NESTLE,Y,18129.91,293425.40,0.06178712,0.06178712,275.400,4577.400,0.06016516,589,9,19,0.8376,0.0177,0.0337,OFICIAL
NACIONAL,BRASIL,2026-33,NUTRICAO,NOVA,FAB_NOVA,N,17632.55,293425.40,0.06009211,0.06009211,319.600,4577.400,0.0698213,587,10,20,0.8376,0.0177,0.0337,OFICIAL
NACIONAL,BRASIL,2026-33,NUTRICAO,MOCA,NESTLE,Y,17277.77,293425.40,0.05888301,0.05888301,274.800,4577.400,0.06003408,595,11,16,0.8376,0.0177,0.0337,OFICIAL
NACIONAL,BRASIL,2026-33,NUTRICAO,NESQUIK,NESTLE,Y,12496.97,293425.40,0.04258994,0.04258994,378.700,4577.400,0.08273256,843,12,31,0.8376,0.0177,0.0337,OFICIAL
NACIONAL,BRASIL,2026-33,NUTRICAO,NESCAFE,NESTLE,Y,10894.97,293425.40,0.03713029,0.03713029,53.300,4577.400,0.01164416,316,13,8,0.8376,0.0177,0.0337,OFICIAL
NACIONAL,BRASIL,2026-33,NUTRICAO,MAGGI,NESTLE,Y,8541.46,293425.40,0.02910948,0.02910948,165.100,4577.400,0.03606851,306,14,8,0.8376,0.0177,0.0337,OFICIAL
NACIONAL,BRASIL,2026-34,BEBIDAS,NOVA,FAB_NOVA,N,39071.88,340207.61,0.11484717,0.11484717,463.000,5505.800,0.08409314,1175,1,28,0.8388,0.013,0.0221,OFICIAL
NACIONAL,BRASIL,2026-34,BEBIDAS,VIVA,FAB_VIVA,N,33312.18,340207.61,0.09791721,0.09791721,440.600,5505.800,0.0800247,919,2,19,0.8388,0.013,0.0221,OFICIAL
NACIONAL,BRASIL,2026-34,BEBIDAS,NINHO,NESTLE,Y,31152.41,340207.61,0.09156882,0.09156882,445.700,5505.800,0.080951,1453,3,39,0.8388,0.013,0.0221,OFICIAL
NACIONAL,BRASIL,2026-34,BEBIDAS,DELTA,FAB_DELTA,N,28756.22,340207.61,0.0845255,0.0845255,334.900,5505.800,0.06082676,1030,4,28,0.8388,0.013,0.0221,OFICIAL
NACIONAL,BRASIL,2026-34,BEBIDAS,KITKAT,NESTLE,Y,28737.70,340207.61,0.08447107,0.08447107,547.900,5505.800,0.09951324,886,5,13,0.8388,0.013,0.0221,OFICIAL
NACIONAL,BRASIL,2026-34,BEBIDAS,PRIME,FAB_PRIME,N,27524.00,340207.61,0.08090354,0.08090354,838.800,5505.800,0.15234843,1114,6,27,0.8388,0.013,0.0221,OFICIAL
NACIONAL,BRASIL,2026-34,BEBIDAS,BETA,FAB_BETA,N,25360.89,340207.61,0.07454533,0.07454533,458.600,5505.800,0.08329398,1133,7,23,0.8388,0.013,0.0221,OFICIAL
NACIONAL,BRASIL,2026-34,BEBIDAS,NESQUIK,NESTLE,Y,24724.70,340207.61,0.07267533,0.07267533,254.300,5505.800,0.04618766,921,8,23,0.8388,0.013,0.0221,OFICIAL
NACIONAL,BRASIL,2026-34,BEBIDAS,NESCAFE,NESTLE,Y,24716.34,340207.61,0.07265076,0.07265076,367.000,5505.800,0.06665698,1079,9,31,0.8388,0.013,0.0221,OFICIAL
NACIONAL,BRASIL,2026-34,BEBIDAS,SOLAR,FAB_SOLAR,N,23368.85,340207.61,0.06868997,0.06868997,353.200,5505.800,0.06415053,942,10,24,0.8388,0.013,0.0221,OFICIAL
NACIONAL,BRASIL,2026-34,BEBIDAS,ALPHA,FAB_ALPHA,N,19322.89,340207.61,0.05679735,0.05679735,334.200,5505.800,0.06069963,612,11,24,0.8388,0.013,0.0221,OFICIAL
NACIONAL,BRASIL,2026-34,BEBIDAS,GAROTO,NESTLE,Y,17144.21,340207.61,0.05039338,0.05039338,338.000,5505.800,0.06138981,749,12,18,0.8388,0.013,0.0221,OFICIAL
NACIONAL,BRASIL,2026-34,BEBIDAS,MOCA,NESTLE,Y,10121.55,340207.61,0.0297511,0.0297511,221.000,5505.800,0.04013949,371,13,13,0.8388,0.013,0.0221,OFICIAL
NACIONAL,BRASIL,2026-34,BEBIDAS,MAGGI,NESTLE,Y,6893.79,340207.61,0.02026348,0.02026348,108.600,5505.800,0.01972465,316,14,7,0.8388,0.013,0.0221,OFICIAL
NACIONAL,BRASIL,2026-34,CHOCOLATES,PRIME,FAB_PRIME,N,53188.39,305994.17,0.17382158,0.17382158,707.000,4023.500,0.17571766,1626,1,27,0.8388,0.013,0.0746,OFICIAL
NACIONAL,BRASIL,2026-34,CHOCOLATES,DELTA,FAB_DELTA,N,34882.37,305994.17,0.11399685,0.11399685,401.900,4023.500,0.09988816,935,2,12,0.8388,0.013,0.0746,OFICIAL
NACIONAL,BRASIL,2026-34,CHOCOLATES,NESCAFE,NESTLE,Y,28755.63,305994.17,0.09397444,0.09397444,389.900,4023.500,0.09690568,1105,3,19,0.8388,0.013,0.0746,OFICIAL
NACIONAL,BRASIL,2026-34,CHOCOLATES,SOLAR,FAB_SOLAR,N,25384.31,305994.17,0.08295684,0.08295684,350.600,4023.500,0.08713806,868,4,28,0.8388,0.013,0.0746,OFICIAL
NACIONAL,BRASIL,2026-34,CHOCOLATES,VIVA,FAB_VIVA,N,25106.22,305994.17,0.08204803,0.08204803,369.200,4023.500,0.0917609,858,5,29,0.8388,0.013,0.0746,OFICIAL
NACIONAL,BRASIL,2026-34,CHOCOLATES,ALPHA,FAB_ALPHA,N,22647.78,305994.17,0.07401376,0.07401376,211.900,4023.500,0.05266559,666,6,19,0.8388,0.013,0.0746,OFICIAL
NACIONAL,BRASIL,2026-34,CHOCOLATES,NESQUIK,NESTLE,Y,21915.87,305994.17,0.07162185,0.07162185,447.800,4023.500,0.11129614,923,7,14,0.8388,0.013,0.0746,OFICIAL
NACIONAL,BRASIL,2026-34,CHOCOLATES,BETA,FAB_BETA,N,19589.43,305994.17,0.06401896,0.06401896,410.500,4023.500,0.1020256,657,8,21,0.8388,0.013,0.0746,OFICIAL
NACIONAL,BRASIL,2026-34,CHOCOLATES,KITKAT,NESTLE,Y,16918.41,305994.17,0.05528998,0.05528998,108.000,4023.500,0.0268423,534,9,11,0.8388,0.013,0.0746,OFICIAL
NACIONAL,BRASIL,2026-34,CHOCOLATES,NINHO,NESTLE,Y,16225.24,305994.17,0.05302467,0.05302467,173.600,4023.500,0.04314651,477,10,11,0.8388,0.013,0.0746,OFICIAL
NACIONAL,BRASIL,2026-34,CHOCOLATES,NOVA,FAB_NOVA,N,15461.89,305994.17,0.05053002,0.05053002,199.300,4023.500,0.04953399,592,11,19,0.8388,0.013,0.0746,OFICIAL
NACIONAL,BRASIL,2026-34,CHOCOLATES,MOCA,NESTLE,Y,14625.08,305994.17,0.04779529,0.04779529,115.800,4023.500,0.02878091,453,12,6,0.8388,0.013,0.0746,OFICIAL
NACIONAL,BRASIL,2026-34,CHOCOLATES,MAGGI,NESTLE,Y,10205.51,305994.17,0.03335198,0.03335198,134.400,4023.500,0.03340375,455,13,11,0.8388,0.013,0.0746,OFICIAL
NACIONAL,BRASIL,2026-34,CHOCOLATES,GAROTO,NESTLE,Y,1088.04,305994.17,0.00355575,0.00355575,3.600,4023.500,0.00089474,48,14,2,0.8388,0.013,0.0746,OFICIAL
NACIONAL,BRASIL,2026-34,CULINARIOS,NOVA,FAB_NOVA,N,32440.22,254554.80,0.12743904,0.12743904,507.100,4206.600,0.12054866,1237,1,39,0.8388,0.013,0.048,OFICIAL
NACIONAL,BRASIL,2026-34,CULINARIOS,SOLAR,FAB_SOLAR,N,27953.41,254554.80,0.10981294,0.10981294,337.900,4206.600,0.08032615,1052,2,18,0.8388,0.013,0.048,OFICIAL
NACIONAL,BRASIL,2026-34,CULINARIOS,NINHO,NESTLE,Y,27055.44,254554.80,0.10628533,0.10628533,524.100,4206.600,0.12458993,1208,3,19,0.8388,0.013,0.048,OFICIAL
NACIONAL,BRASIL,2026-34,CULINARIOS,DELTA,FAB_DELTA,N,23598.16,254554.80,0.09270365,0.09270365,416.800,4206.600,0.09908239,783,4,27,0.8388,0.013,0.048,OFICIAL
NACIONAL,BRASIL,2026-34,CULINARIOS,MOCA,NESTLE,Y,23169.56,254554.80,0.09101993,0.09101993,279.200,4206.600,0.06637189,634,5,15,0.8388,0.013,0.048,OFICIAL
NACIONAL,BRASIL,2026-34,CULINARIOS,VIVA,FAB_VIVA,N,20987.30,254554.80,0.08244708,0.08244708,360.500,4206.600,0.08569866,715,6,22,0.8388,0.013,0.048,OFICIAL
NACIONAL,BRASIL,2026-34,CULINARIOS,PRIME,FAB_PRIME,N,19287.29,254554.80,0.07576871,0.07576871,250.700,4206.600,0.05959682,698,7,23,0.8388,0.013,0.048,OFICIAL
NACIONAL,BRASIL,2026-34,CULINARIOS,NESCAFE,NESTLE,Y,16946.55,254554.80,0.06657329,0.06657329,377.500,4206.600,0.08973993,523,8,8,0.8388,0.013,0.048,OFICIAL
NACIONAL,BRASIL,2026-34,CULINARIOS,ALPHA,FAB_ALPHA,N,15468.03,254554.80,0.06076503,0.06076503,132.500,4206.600,0.03149812,388,9,11,0.8388,0.013,0.048,OFICIAL
NACIONAL,BRASIL,2026-34,CULINARIOS,KITKAT,NESTLE,Y,14017.08,254554.80,0.05506508,0.05506508,306.900,4206.600,0.07295678,734,10,15,0.8388,0.013,0.048,OFICIAL
NACIONAL,BRASIL,2026-34,CULINARIOS,GAROTO,NESTLE,Y,9795.75,254554.80,0.03848189,0.03848189,158.800,4206.600,0.0377502,318,11,12,0.8388,0.013,0.048,OFICIAL
NACIONAL,BRASIL,2026-34,CULINARIOS,BETA,FAB_BETA,N,9747.47,254554.80,0.03829223,0.03829223,271.100,4206.600,0.06444635,422,12,17,0.8388,0.013,0.048,OFICIAL
NACIONAL,BRASIL,2026-34,CULINARIOS,NESQUIK,NESTLE,Y,9082.86,254554.80,0.03568135,0.03568135,134.000,4206.600,0.0318547,332,13,12,0.8388,0.013,0.048,OFICIAL
NACIONAL,BRASIL,2026-34,CULINARIOS,MAGGI,NESTLE,Y,5005.68,254554.80,0.01966445,0.01966445,149.500,4206.600,0.03553939,282,14,12,0.8388,0.013,0.048,OFICIAL
NACIONAL,BRASIL,2026-34,LACTEOS,SOLAR,FAB_SOLAR,N,46536.40,338624.23,0.13742785,0.13742785,814.700,4960.000,0.16425403,1676,1,40,0.8388,0.013,0.1501,OFICIAL
NACIONAL,BRASIL,2026-34,LACTEOS,VIVA,FAB_VIVA,N,43275.36,338624.23,0.12779759,0.12779759,258.700,4960.000,0.05215726,434,2,20,0.8388,0.013,0.1501,OFICIAL
NACIONAL,BRASIL,2026-34,LACTEOS,DELTA,FAB_DELTA,N,38105.34,338624.23,0.11252987,0.11252987,768.100,4960.000,0.15485887,1589,3,38,0.8388,0.013,0.1501,OFICIAL
NACIONAL,BRASIL,2026-34,LACTEOS,BETA,FAB_BETA,N,32052.86,338624.23,0.09465613,0.09465613,447.300,4960.000,0.09018145,1168,4,32,0.8388,0.013,0.1501,OFICIAL
NACIONAL,BRASIL,2026-34,LACTEOS,NINHO,NESTLE,Y,28363.16,338624.23,0.08375998,0.08375998,425.400,4960.000,0.08576613,674,5,17,0.8388,0.013,0.1501,OFICIAL
NACIONAL,BRASIL,2026-34,LACTEOS,ALPHA,FAB_ALPHA,N,27913.59,338624.23,0.08243235,0.08243235,819.800,4960.000,0.16528226,1350,6,28,0.8388,0.013,0.1501,OFICIAL
NACIONAL,BRASIL,2026-34,LACTEOS,NESCAFE,NESTLE,Y,26625.22,338624.23,0.07862763,0.07862763,279.400,4960.000,0.05633065,865,7,16,0.8388,0.013,0.1501,OFICIAL
NACIONAL,BRASIL,2026-34,LACTEOS,NOVA,FAB_NOVA,N,25368.30,338624.23,0.07491579,0.07491579,307.400,4960.000,0.06197581,884,8,29,0.8388,0.013,0.1501,OFICIAL
NACIONAL,BRASIL,2026-34,LACTEOS,PRIME,FAB_PRIME,N,21546.98,338624.23,0.06363095,0.06363095,203.100,4960.000,0.04094758,626,9,18,0.8388,0.013,0.1501,OFICIAL
NACIONAL,BRASIL,2026-34,LACTEOS,NESQUIK,NESTLE,Y,14404.32,338624.23,0.04253777,0.04253777,283.800,4960.000,0.05721774,566,10,15,0.8388,0.013,0.1501,OFICIAL
NACIONAL,BRASIL,2026-34,LACTEOS,GAROTO,NESTLE,Y,14035.29,338624.23,0.04144798,0.04144798,123.900,4960.000,0.02497984,367,11,8,0.8388,0.013,0.1501,OFICIAL
NACIONAL,BRASIL,2026-34,LACTEOS,MOCA,NESTLE,Y,10010.04,338624.23,0.02956091,0.02956091,165.700,4960.000,0.03340726,441,12,17,0.8388,0.013,0.1501,OFICIAL
NACIONAL,BRASIL,2026-34,LACTEOS,MAGGI,NESTLE,Y,5787.83,338624.23,0.01709219,0.01709219,38.000,4960.000,0.00766129,132,13,6,0.8388,0.013,0.1501,OFICIAL
NACIONAL,BRASIL,2026-34,LACTEOS,KITKAT,NESTLE,Y,4599.54,338624.23,0.01358302,0.01358302,24.700,4960.000,0.00497984,144,14,6,0.8388,0.013,0.1501,OFICIAL
NACIONAL,BRASIL,2026-34,NUTRICAO,PRIME,FAB_PRIME,N,32308.48,285152.12,0.11330261,0.11330261,555.500,4148.000,0.13391996,1118,1,27,0.8388,0.013,0.0446,OFICIAL
NACIONAL,BRASIL,2026-34,NUTRICAO,BETA,FAB_BETA,N,31199.40,285152.12,0.10941318,0.10941318,320.700,4148.000,0.07731437,1179,2,29,0.8388,0.013,0.0446,OFICIAL
NACIONAL,BRASIL,2026-34,NUTRICAO,DELTA,FAB_DELTA,N,29981.28,285152.12,0.10514135,0.10514135,422.200,4148.000,0.10178399,1033,3,25,0.8388,0.013,0.0446,OFICIAL
NACIONAL,BRASIL,2026-34,NUTRICAO,SOLAR,FAB_SOLAR,N,24288.07,285152.12,0.08517584,0.08517584,382.000,4148.000,0.09209257,701,4,19,0.8388,0.013,0.0446,OFICIAL
NACIONAL,BRASIL,2026-34,NUTRICAO,NOVA,FAB_NOVA,N,24104.63,285152.12,0.08453253,0.08453253,359.500,4148.000,0.08666827,899,5,22,0.8388,0.013,0.0446,OFICIAL
NACIONAL,BRASIL,2026-34,NUTRICAO,MOCA,NESTLE,Y,19812.48,285152.12,0.06948039,0.06948039,361.000,4148.000,0.08702989,1011,6,21,0.8388,0.013,0.0446,OFICIAL
NACIONAL,BRASIL,2026-34,NUTRICAO,VIVA,FAB_VIVA,N,19474.69,285152.12,0.06829579,0.06829579,128.600,4148.000,0.03100289,502,7,14,0.8388,0.013,0.0446,OFICIAL
NACIONAL,BRASIL,2026-34,NUTRICAO,MAGGI,NESTLE,Y,19179.59,285152.12,0.06726091,0.06726091,182.600,4148.000,0.04402122,452,8,8,0.8388,0.013,0.0446,OFICIAL
NACIONAL,BRASIL,2026-34,NUTRICAO,NINHO,NESTLE,Y,19017.93,285152.12,0.06669398,0.06669398,216.700,4148.000,0.05224204,497,9,20,0.8388,0.013,0.0446,OFICIAL
NACIONAL,BRASIL,2026-34,NUTRICAO,ALPHA,FAB_ALPHA,N,18741.47,285152.12,0.06572446,0.06572446,339.700,4148.000,0.08189489,755,10,22,0.8388,0.013,0.0446,OFICIAL
NACIONAL,BRASIL,2026-34,NUTRICAO,NESQUIK,NESTLE,Y,18167.72,285152.12,0.06371238,0.06371238,364.900,4148.000,0.08797011,1107,11,36,0.8388,0.013,0.0446,OFICIAL
NACIONAL,BRASIL,2026-34,NUTRICAO,NESCAFE,NESTLE,Y,13640.13,285152.12,0.04783457,0.04783457,324.000,4148.000,0.07810993,490,12,14,0.8388,0.013,0.0446,OFICIAL
NACIONAL,BRASIL,2026-34,NUTRICAO,KITKAT,NESTLE,Y,8341.29,285152.12,0.02925207,0.02925207,101.200,4148.000,0.0243973,331,13,12,0.8388,0.013,0.0446,OFICIAL
NACIONAL,BRASIL,2026-34,NUTRICAO,GAROTO,NESTLE,Y,6894.96,285152.12,0.02417994,0.02417994,89.400,4148.000,0.02155256,288,14,10,0.8388,0.013,0.0446,OFICIAL
NACIONAL,BRASIL,2026-35,BEBIDAS,ALPHA,FAB_ALPHA,N,57695.55,304694.91,0.18935515,0.18935515,951.200,5489.600,0.1732731,1642,1,28,0.806,0.0168,0.1092,OFICIAL
NACIONAL,BRASIL,2026-35,BEBIDAS,SOLAR,FAB_SOLAR,N,42390.44,304694.91,0.13912421,0.13912421,569.900,5489.600,0.10381449,1499,2,29,0.806,0.0168,0.1092,OFICIAL
NACIONAL,BRASIL,2026-35,BEBIDAS,VIVA,FAB_VIVA,N,30650.99,304694.91,0.10059567,0.10059567,687.600,5489.600,0.12525503,910,3,14,0.806,0.0168,0.1092,OFICIAL
NACIONAL,BRASIL,2026-35,BEBIDAS,BETA,FAB_BETA,N,26762.54,304694.91,0.08783389,0.08783389,468.800,5489.600,0.08539784,1292,4,25,0.806,0.0168,0.1092,OFICIAL
NACIONAL,BRASIL,2026-35,BEBIDAS,DELTA,FAB_DELTA,N,22507.29,304694.91,0.07386828,0.07386828,323.400,5489.600,0.0589114,753,5,21,0.806,0.0168,0.1092,OFICIAL
NACIONAL,BRASIL,2026-35,BEBIDAS,NINHO,NESTLE,Y,22084.59,304694.91,0.07248099,0.07248099,477.900,5489.600,0.08705552,1122,6,37,0.806,0.0168,0.1092,OFICIAL
NACIONAL,BRASIL,2026-35,BEBIDAS,PRIME,FAB_PRIME,N,19955.14,304694.91,0.0654922,0.0654922,444.000,5489.600,0.08088021,712,7,19,0.806,0.0168,0.1092,OFICIAL
NACIONAL,BRASIL,2026-35,BEBIDAS,KITKAT,NESTLE,Y,17345.93,304694.91,0.05692885,0.05692885,443.100,5489.600,0.08071626,623,8,14,0.806,0.0168,0.1092,OFICIAL
NACIONAL,BRASIL,2026-35,BEBIDAS,NOVA,FAB_NOVA,N,14556.42,304694.91,0.04777376,0.04777376,203.200,5489.600,0.03701545,576,9,16,0.806,0.0168,0.1092,OFICIAL
NACIONAL,BRASIL,2026-35,BEBIDAS,NESCAFE,NESTLE,Y,14373.83,304694.91,0.0471745,0.0471745,327.800,5489.600,0.05971291,931,10,28,0.806,0.0168,0.1092,OFICIAL
NACIONAL,BRASIL,2026-35,BEBIDAS,NESQUIK,NESTLE,Y,10118.93,304694.91,0.03321004,0.03321004,123.100,5489.600,0.02242422,428,11,17,0.806,0.0168,0.1092,OFICIAL
NACIONAL,BRASIL,2026-35,BEBIDAS,MAGGI,NESTLE,Y,8989.83,304694.91,0.02950437,0.02950437,110.600,5489.600,0.02014719,268,12,10,0.806,0.0168,0.1092,OFICIAL
NACIONAL,BRASIL,2026-35,BEBIDAS,MOCA,NESTLE,Y,8910.10,304694.91,0.02924269,0.02924269,207.300,5489.600,0.03776231,328,13,13,0.806,0.0168,0.1092,OFICIAL
NACIONAL,BRASIL,2026-35,BEBIDAS,GAROTO,NESTLE,Y,8353.33,304694.91,0.02741539,0.02741539,151.700,5489.600,0.02763407,352,14,11,0.806,0.0168,0.1092,OFICIAL
NACIONAL,BRASIL,2026-35,CHOCOLATES,BETA,FAB_BETA,N,42550.52,275892.89,0.1542284,0.1542284,579.200,4485.400,0.12913007,1245,1,38,0.806,0.0168,0.0274,OFICIAL
NACIONAL,BRASIL,2026-35,CHOCOLATES,VIVA,FAB_VIVA,N,35441.81,275892.89,0.12846221,0.12846221,684.300,4485.400,0.15256164,1447,2,25,0.806,0.0168,0.0274,OFICIAL
NACIONAL,BRASIL,2026-35,CHOCOLATES,PRIME,FAB_PRIME,N,32254.86,275892.89,0.11691081,0.11691081,580.200,4485.400,0.12935301,1317,3,28,0.806,0.0168,0.0274,OFICIAL
NACIONAL,BRASIL,2026-35,CHOCOLATES,SOLAR,FAB_SOLAR,N,28022.03,275892.89,0.10156851,0.10156851,263.700,4485.400,0.05879074,891,4,25,0.806,0.0168,0.0274,OFICIAL
NACIONAL,BRASIL,2026-35,CHOCOLATES,NOVA,FAB_NOVA,N,26657.94,275892.89,0.09662424,0.09662424,329.900,4485.400,0.07354974,796,5,24,0.806,0.0168,0.0274,OFICIAL
NACIONAL,BRASIL,2026-35,CHOCOLATES,DELTA,FAB_DELTA,N,20057.84,275892.89,0.07270155,0.07270155,352.300,4485.400,0.07854372,810,6,26,0.806,0.0168,0.0274,OFICIAL
NACIONAL,BRASIL,2026-35,CHOCOLATES,NINHO,NESTLE,Y,18138.57,275892.89,0.06574497,0.06574497,267.300,4485.400,0.05959335,563,7,15,0.806,0.0168,0.0274,OFICIAL
NACIONAL,BRASIL,2026-35,CHOCOLATES,MAGGI,NESTLE,Y,15585.18,275892.89,0.05648997,0.05648997,170.200,4485.400,0.03794533,622,8,13,0.806,0.0168,0.0274,OFICIAL
NACIONAL,BRASIL,2026-35,CHOCOLATES,ALPHA,FAB_ALPHA,N,15074.93,275892.89,0.05464052,0.05464052,153.800,4485.400,0.03428903,444,9,14,0.806,0.0168,0.0274,OFICIAL
NACIONAL,BRASIL,2026-35,CHOCOLATES,MOCA,NESTLE,Y,12368.22,275892.89,0.04482979,0.04482979,230.900,4485.400,0.05147813,493,10,10,0.806,0.0168,0.0274,OFICIAL
NACIONAL,BRASIL,2026-35,CHOCOLATES,GAROTO,NESTLE,Y,9336.36,275892.89,0.03384052,0.03384052,349.900,4485.400,0.07800865,409,11,9,0.806,0.0168,0.0274,OFICIAL
NACIONAL,BRASIL,2026-35,CHOCOLATES,KITKAT,NESTLE,Y,9122.56,275892.89,0.03306559,0.03306559,207.400,4485.400,0.04623891,327,12,11,0.806,0.0168,0.0274,OFICIAL
NACIONAL,BRASIL,2026-35,CHOCOLATES,NESQUIK,NESTLE,Y,8639.34,275892.89,0.03131411,0.03131411,208.500,4485.400,0.04648415,303,13,8,0.806,0.0168,0.0274,OFICIAL
NACIONAL,BRASIL,2026-35,CHOCOLATES,NESCAFE,NESTLE,Y,2642.73,275892.89,0.00957883,0.00957883,107.800,4485.400,0.02403353,170,14,11,0.806,0.0168,0.0274,OFICIAL
NACIONAL,BRASIL,2026-35,CULINARIOS,NOVA,FAB_NOVA,N,50228.83,301958.07,0.16634372,0.16634372,1087.300,5237.100,0.2076149,1665,1,31,0.806,0.0168,0.0162,OFICIAL
NACIONAL,BRASIL,2026-35,CULINARIOS,NINHO,NESTLE,Y,40350.21,301958.07,0.13362852,0.13362852,818.100,5237.100,0.15621241,1581,2,23,0.806,0.0168,0.0162,OFICIAL
NACIONAL,BRASIL,2026-35,CULINARIOS,VIVA,FAB_VIVA,N,38852.54,301958.07,0.12866866,0.12866866,431.400,5237.100,0.08237383,1010,3,26,0.806,0.0168,0.0162,OFICIAL
NACIONAL,BRASIL,2026-35,CULINARIOS,PRIME,FAB_PRIME,N,33460.81,301958.07,0.11081277,0.11081277,411.800,5237.100,0.0786313,1011,4,26,0.806,0.0168,0.0162,OFICIAL
NACIONAL,BRASIL,2026-35,CULINARIOS,DELTA,FAB_DELTA,N,20405.71,301958.07,0.06757796,0.06757796,354.000,5237.100,0.06759466,745,5,25,0.806,0.0168,0.0162,OFICIAL
NACIONAL,BRASIL,2026-35,CULINARIOS,KITKAT,NESTLE,Y,18529.37,301958.07,0.06136405,0.06136405,215.200,5237.100,0.04109144,482,6,20,0.806,0.0168,0.0162,OFICIAL
NACIONAL,BRASIL,2026-35,CULINARIOS,BETA,FAB_BETA,N,17795.04,301958.07,0.05893216,0.05893216,472.800,5237.100,0.09027897,729,7,25,0.806,0.0168,0.0162,OFICIAL
NACIONAL,BRASIL,2026-35,CULINARIOS,MOCA,NESTLE,Y,16353.66,301958.07,0.05415871,0.05415871,277.300,5237.100,0.05294915,567,8,20,0.806,0.0168,0.0162,OFICIAL
NACIONAL,BRASIL,2026-35,CULINARIOS,ALPHA,FAB_ALPHA,N,16249.71,301958.07,0.05381446,0.05381446,261.000,5237.100,0.04983674,548,9,14,0.806,0.0168,0.0162,OFICIAL
NACIONAL,BRASIL,2026-35,CULINARIOS,SOLAR,FAB_SOLAR,N,15730.34,301958.07,0.05209445,0.05209445,279.500,5237.100,0.05336923,570,10,22,0.806,0.0168,0.0162,OFICIAL
NACIONAL,BRASIL,2026-35,CULINARIOS,GAROTO,NESTLE,Y,12540.80,301958.07,0.04153159,0.04153159,215.700,5237.100,0.04118692,459,11,15,0.806,0.0168,0.0162,OFICIAL
NACIONAL,BRASIL,2026-35,CULINARIOS,MAGGI,NESTLE,Y,9549.84,301958.07,0.03162638,0.03162638,209.000,5237.100,0.03990758,351,12,8,0.806,0.0168,0.0162,OFICIAL
NACIONAL,BRASIL,2026-35,CULINARIOS,NESCAFE,NESTLE,Y,6149.85,301958.07,0.02036657,0.02036657,48.700,5237.100,0.00929904,163,13,8,0.806,0.0168,0.0162,OFICIAL
NACIONAL,BRASIL,2026-35,CULINARIOS,NESQUIK,NESTLE,Y,5761.36,301958.07,0.01908,0.01908,155.300,5237.100,0.02965382,230,14,8,0.806,0.0168,0.0162,OFICIAL
NACIONAL,BRASIL,2026-35,LACTEOS,DELTA,FAB_DELTA,N,40796.40,352619.89,0.11569512,0.11569512,688.500,5375.500,0.12808111,1355,1,40,0.806,0.0168,0.0363,OFICIAL
NACIONAL,BRASIL,2026-35,LACTEOS,MOCA,NESTLE,Y,38994.67,352619.89,0.11058557,0.11058557,627.800,5375.500,0.11678914,1196,2,20,0.806,0.0168,0.0363,OFICIAL
NACIONAL,BRASIL,2026-35,LACTEOS,SOLAR,FAB_SOLAR,N,36640.79,352619.89,0.10391016,0.10391016,375.500,5375.500,0.06985397,1170,3,36,0.806,0.0168,0.0363,OFICIAL
NACIONAL,BRASIL,2026-35,LACTEOS,ALPHA,FAB_ALPHA,N,35206.93,352619.89,0.09984386,0.09984386,486.300,5375.500,0.090466,1048,4,34,0.806,0.0168,0.0363,OFICIAL
NACIONAL,BRASIL,2026-35,LACTEOS,VIVA,FAB_VIVA,N,30763.63,352619.89,0.08724304,0.08724304,388.800,5375.500,0.07232816,1154,5,29,0.806,0.0168,0.0363,OFICIAL
NACIONAL,BRASIL,2026-35,LACTEOS,GAROTO,NESTLE,Y,28472.29,352619.89,0.08074499,0.08074499,518.200,5375.500,0.09640033,1038,6,18,0.806,0.0168,0.0363,OFICIAL
NACIONAL,BRASIL,2026-35,LACTEOS,NESCAFE,NESTLE,Y,26157.40,352619.89,0.07418016,0.07418016,435.500,5375.500,0.08101572,889,7,13,0.806,0.0168,0.0363,OFICIAL
NACIONAL,BRASIL,2026-35,LACTEOS,NOVA,FAB_NOVA,N,21095.22,352619.89,0.05982425,0.05982425,383.000,5375.500,0.07124919,745,8,24,0.806,0.0168,0.0363,OFICIAL
NACIONAL,BRASIL,2026-35,LACTEOS,KITKAT,NESTLE,Y,20984.84,352619.89,0.05951122,0.05951122,178.600,5375.500,0.03322482,537,9,8,0.806,0.0168,0.0363,OFICIAL
NACIONAL,BRASIL,2026-35,LACTEOS,BETA,FAB_BETA,N,20815.00,352619.89,0.05902957,0.05902957,439.100,5375.500,0.08168542,638,10,18,0.806,0.0168,0.0363,OFICIAL
NACIONAL,BRASIL,2026-35,LACTEOS,NESQUIK,NESTLE,Y,20434.39,352619.89,0.05795019,0.05795019,293.400,5375.500,0.05458097,594,11,19,0.806,0.0168,0.0363,OFICIAL
NACIONAL,BRASIL,2026-35,LACTEOS,PRIME,FAB_PRIME,N,18908.78,352619.89,0.05362369,0.05362369,215.700,5375.500,0.0401265,605,12,14,0.806,0.0168,0.0363,OFICIAL
NACIONAL,BRASIL,2026-35,LACTEOS,MAGGI,NESTLE,Y,8023.99,352619.89,0.02275535,0.02275535,263.400,5375.500,0.04900009,331,13,11,0.806,0.0168,0.0363,OFICIAL
NACIONAL,BRASIL,2026-35,LACTEOS,NINHO,NESTLE,Y,5325.56,352619.89,0.01510284,0.01510284,81.700,5375.500,0.01519859,148,14,9,0.806,0.0168,0.0363,OFICIAL
NACIONAL,BRASIL,2026-35,NUTRICAO,ALPHA,FAB_ALPHA,N,32695.90,269303.02,0.12140933,0.12140933,426.600,4472.400,0.09538503,1122,1,37,0.806,0.0168,0.0734,OFICIAL
NACIONAL,BRASIL,2026-35,NUTRICAO,DELTA,FAB_DELTA,N,27216.45,269303.02,0.10106255,0.10106255,474.700,4472.400,0.10613988,892,2,31,0.806,0.0168,0.0734,OFICIAL
NACIONAL,BRASIL,2026-35,NUTRICAO,MOCA,NESTLE,Y,25328.62,269303.02,0.09405249,0.09405249,324.900,4472.400,0.07264556,696,3,19,0.806,0.0168,0.0734,OFICIAL
NACIONAL,BRASIL,2026-35,NUTRICAO,SOLAR,FAB_SOLAR,N,24977.28,269303.02,0.09274786,0.09274786,555.600,4472.400,0.1242286,1114,4,23,0.806,0.0168,0.0734,OFICIAL
NACIONAL,BRASIL,2026-35,NUTRICAO,NESQUIK,NESTLE,Y,24174.52,269303.02,0.08976698,0.08976698,391.400,4472.400,0.08751453,1078,5,41,0.806,0.0168,0.0734,OFICIAL
NACIONAL,BRASIL,2026-35,NUTRICAO,PRIME,FAB_PRIME,N,23966.57,269303.02,0.08899481,0.08899481,358.200,4472.400,0.08009123,893,6,26,0.806,0.0168,0.0734,OFICIAL
NACIONAL,BRASIL,2026-35,NUTRICAO,VIVA,FAB_VIVA,N,23725.61,269303.02,0.08810005,0.08810005,394.400,4472.400,0.08818531,629,7,14,0.806,0.0168,0.0734,OFICIAL
NACIONAL,BRASIL,2026-35,NUTRICAO,BETA,FAB_BETA,N,19267.55,269303.02,0.07154599,0.07154599,377.100,4472.400,0.08431715,806,8,27,0.806,0.0168,0.0734,OFICIAL
NACIONAL,BRASIL,2026-35,NUTRICAO,MAGGI,NESTLE,Y,18739.22,269303.02,0.06958414,0.06958414,444.000,4472.400,0.09927556,673,9,9,0.806,0.0168,0.0734,OFICIAL
NACIONAL,BRASIL,2026-35,NUTRICAO,NOVA,FAB_NOVA,N,15778.90,269303.02,0.05859162,0.05859162,329.100,4472.400,0.07358465,634,10,24,0.806,0.0168,0.0734,OFICIAL
NACIONAL,BRASIL,2026-35,NUTRICAO,KITKAT,NESTLE,Y,11268.94,269303.02,0.04184483,0.04184483,116.600,4472.400,0.02607101,373,11,12,0.806,0.0168,0.0734,OFICIAL
NACIONAL,BRASIL,2026-35,NUTRICAO,NESCAFE,NESTLE,Y,9452.82,269303.02,0.03510105,0.03510105,101.700,4472.400,0.02273947,351,12,10,0.806,0.0168,0.0734,OFICIAL
NACIONAL,BRASIL,2026-35,NUTRICAO,GAROTO,NESTLE,Y,8377.64,269303.02,0.0311086,0.0311086,101.000,4472.400,0.02258295,248,13,8,0.806,0.0168,0.0734,OFICIAL
NACIONAL,BRASIL,2026-35,NUTRICAO,NINHO,NESTLE,Y,4333.00,269303.02,0.01608968,0.01608968,77.100,4472.400,0.01723907,220,14,9,0.806,0.0168,0.0734,OFICIAL
NACIONAL,BRASIL,2026-36,BEBIDAS,SOLAR,FAB_SOLAR,N,41528.94,279928.34,0.14835561,0.14835561,589.800,3786.600,0.15575978,1477,1,29,0.8403,0.0111,0.0432,OFICIAL
NACIONAL,BRASIL,2026-36,BEBIDAS,BETA,FAB_BETA,N,37005.19,279928.34,0.13219523,0.13219523,448.100,3786.600,0.11833835,1220,2,21,0.8403,0.0111,0.0432,OFICIAL
NACIONAL,BRASIL,2026-36,BEBIDAS,ALPHA,FAB_ALPHA,N,27648.31,279928.34,0.09876924,0.09876924,381.900,3786.600,0.10085565,834,3,20,0.8403,0.0111,0.0432,OFICIAL
NACIONAL,BRASIL,2026-36,BEBIDAS,DELTA,FAB_DELTA,N,27439.83,279928.34,0.09802448,0.09802448,273.400,3786.600,0.07220198,1099,4,22,0.8403,0.0111,0.0432,OFICIAL
NACIONAL,BRASIL,2026-36,BEBIDAS,NESCAFE,NESTLE,Y,23116.04,279928.34,0.08257842,0.08257842,364.500,3786.600,0.0962605,1068,5,32,0.8403,0.0111,0.0432,OFICIAL
NACIONAL,BRASIL,2026-36,BEBIDAS,PRIME,FAB_PRIME,N,18301.12,279928.34,0.06537787,0.06537787,260.000,3786.600,0.06866318,654,6,27,0.8403,0.0111,0.0432,OFICIAL
NACIONAL,BRASIL,2026-36,BEBIDAS,NESQUIK,NESTLE,Y,18027.10,279928.34,0.06439898,0.06439898,283.000,3786.600,0.07473723,587,7,20,0.8403,0.0111,0.0432,OFICIAL
NACIONAL,BRASIL,2026-36,BEBIDAS,VIVA,FAB_VIVA,N,17911.54,279928.34,0.06398616,0.06398616,238.100,3786.600,0.06287963,502,8,14,0.8403,0.0111,0.0432,OFICIAL
NACIONAL,BRASIL,2026-36,BEBIDAS,NINHO,NESTLE,Y,15788.60,279928.34,0.05640229,0.05640229,353.500,3786.600,0.09335552,976,9,34,0.8403,0.0111,0.0432,OFICIAL
NACIONAL,BRASIL,2026-36,BEBIDAS,MOCA,NESTLE,Y,12469.74,279928.34,0.04454619,0.04454619,89.700,3786.600,0.0236888,459,10,10,0.8403,0.0111,0.0432,OFICIAL
NACIONAL,BRASIL,2026-36,BEBIDAS,GAROTO,NESTLE,Y,12373.69,279928.34,0.04420306,0.04420306,146.100,3786.600,0.03858343,421,11,10,0.8403,0.0111,0.0432,OFICIAL
NACIONAL,BRASIL,2026-36,BEBIDAS,NOVA,FAB_NOVA,N,10677.06,279928.34,0.03814212,0.03814212,150.500,3786.600,0.03974542,378,12,16,0.8403,0.0111,0.0432,OFICIAL
NACIONAL,BRASIL,2026-36,BEBIDAS,MAGGI,NESTLE,Y,9787.56,279928.34,0.03496452,0.03496452,72.700,3786.600,0.01919928,390,13,9,0.8403,0.0111,0.0432,OFICIAL
NACIONAL,BRASIL,2026-36,BEBIDAS,KITKAT,NESTLE,Y,7853.62,279928.34,0.02805582,0.02805582,135.300,3786.600,0.03573126,260,14,9,0.8403,0.0111,0.0432,OFICIAL
NACIONAL,BRASIL,2026-36,CHOCOLATES,NESCAFE,NESTLE,Y,27166.13,214974.75,0.12636893,0.12636893,238.600,3687.400,0.06470684,788,1,15,0.8403,0.0111,0.026,OFICIAL
NACIONAL,BRASIL,2026-36,CHOCOLATES,NINHO,NESTLE,Y,25031.75,214974.75,0.11644042,0.11644042,233.900,3687.400,0.06343223,620,2,19,0.8403,0.0111,0.026,OFICIAL
NACIONAL,BRASIL,2026-36,CHOCOLATES,VIVA,FAB_VIVA,N,22882.38,214974.75,0.10644218,0.10644218,516.300,3687.400,0.14001736,841,3,22,0.8403,0.0111,0.026,OFICIAL
NACIONAL,BRASIL,2026-36,CHOCOLATES,NOVA,FAB_NOVA,N,21014.23,214974.75,0.09775208,0.09775208,345.100,3687.400,0.09358898,912,4,27,0.8403,0.0111,0.026,OFICIAL
NACIONAL,BRASIL,2026-36,CHOCOLATES,BETA,FAB_BETA,N,20356.16,214974.75,0.09469093,0.09469093,424.000,3687.400,0.11498617,769,5,20,0.8403,0.0111,0.026,OFICIAL
NACIONAL,BRASIL,2026-36,CHOCOLATES,PRIME,FAB_PRIME,N,19633.48,214974.75,0.09132924,0.09132924,524.100,3687.400,0.14213267,888,6,26,0.8403,0.0111,0.026,OFICIAL
NACIONAL,BRASIL,2026-36,CHOCOLATES,DELTA,FAB_DELTA,N,17152.51,214974.75,0.07978849,0.07978849,240.900,3687.400,0.06533059,660,7,16,0.8403,0.0111,0.026,OFICIAL
NACIONAL,BRASIL,2026-36,CHOCOLATES,KITKAT,NESTLE,Y,14700.49,214974.75,0.0683824,0.0683824,250.600,3687.400,0.06796117,598,8,16,0.8403,0.0111,0.026,OFICIAL
NACIONAL,BRASIL,2026-36,CHOCOLATES,NESQUIK,NESTLE,Y,12230.35,214974.75,0.05689203,0.05689203,269.600,3687.400,0.07311385,415,9,13,0.8403,0.0111,0.026,OFICIAL
NACIONAL,BRASIL,2026-36,CHOCOLATES,MAGGI,NESTLE,Y,9150.81,214974.75,0.04256691,0.04256691,113.700,3687.400,0.03083473,448,10,10,0.8403,0.0111,0.026,OFICIAL
NACIONAL,BRASIL,2026-36,CHOCOLATES,ALPHA,FAB_ALPHA,N,7290.17,214974.75,0.03391175,0.03391175,117.000,3687.400,0.03172967,318,11,10,0.8403,0.0111,0.026,OFICIAL
NACIONAL,BRASIL,2026-36,CHOCOLATES,SOLAR,FAB_SOLAR,N,7200.52,214974.75,0.03349472,0.03349472,145.700,3687.400,0.03951294,278,12,9,0.8403,0.0111,0.026,OFICIAL
NACIONAL,BRASIL,2026-36,CHOCOLATES,MOCA,NESTLE,Y,6697.04,214974.75,0.03115268,0.03115268,125.900,3687.400,0.0341433,288,13,11,0.8403,0.0111,0.026,OFICIAL
NACIONAL,BRASIL,2026-36,CHOCOLATES,GAROTO,NESTLE,Y,4468.73,214974.75,0.02078723,0.02078723,142.000,3687.400,0.03850952,305,14,11,0.8403,0.0111,0.026,OFICIAL
NACIONAL,BRASIL,2026-36,CULINARIOS,VIVA,FAB_VIVA,N,57256.18,310366.19,0.18447944,0.18447944,1014.900,4505.800,0.22524302,1693,1,36,0.8403,0.0111,0.0455,OFICIAL
NACIONAL,BRASIL,2026-36,CULINARIOS,NOVA,FAB_NOVA,N,43108.95,310366.19,0.13889706,0.13889706,608.200,4505.800,0.13498158,1620,2,35,0.8403,0.0111,0.0455,OFICIAL
NACIONAL,BRASIL,2026-36,CULINARIOS,PRIME,FAB_PRIME,N,31540.78,310366.19,0.10162441,0.10162441,561.300,4505.800,0.12457277,1142,3,27,0.8403,0.0111,0.0455,OFICIAL
NACIONAL,BRASIL,2026-36,CULINARIOS,MAGGI,NESTLE,Y,29426.11,310366.19,0.09481094,0.09481094,368.300,4505.800,0.08173909,739,4,16,0.8403,0.0111,0.0455,OFICIAL
NACIONAL,BRASIL,2026-36,CULINARIOS,BETA,FAB_BETA,N,28975.68,310366.19,0.09335965,0.09335965,287.800,4505.800,0.06387323,919,5,28,0.8403,0.0111,0.0455,OFICIAL
NACIONAL,BRASIL,2026-36,CULINARIOS,SOLAR,FAB_SOLAR,N,23495.09,310366.19,0.07570119,0.07570119,251.900,4505.800,0.05590572,697,6,15,0.8403,0.0111,0.0455,OFICIAL
NACIONAL,BRASIL,2026-36,CULINARIOS,NINHO,NESTLE,Y,22385.04,310366.19,0.07212461,0.07212461,276.000,4505.800,0.06125438,777,7,22,0.8403,0.0111,0.0455,OFICIAL
NACIONAL,BRASIL,2026-36,CULINARIOS,MOCA,NESTLE,Y,17554.03,310366.19,0.05655909,0.05655909,182.200,4505.800,0.04043677,575,8,13,0.8403,0.0111,0.0455,OFICIAL
NACIONAL,BRASIL,2026-36,CULINARIOS,KITKAT,NESTLE,Y,11468.89,310366.19,0.03695277,0.03695277,109.800,4505.800,0.02436859,343,9,12,0.8403,0.0111,0.0455,OFICIAL
NACIONAL,BRASIL,2026-36,CULINARIOS,DELTA,FAB_DELTA,N,11460.71,310366.19,0.03692641,0.03692641,165.300,4505.800,0.03668605,324,10,17,0.8403,0.0111,0.0455,OFICIAL
NACIONAL,BRASIL,2026-36,CULINARIOS,ALPHA,FAB_ALPHA,N,11327.10,310366.19,0.03649592,0.03649592,287.800,4505.800,0.06387323,533,11,17,0.8403,0.0111,0.0455,OFICIAL
NACIONAL,BRASIL,2026-36,CULINARIOS,NESCAFE,NESTLE,Y,10093.44,310366.19,0.03252107,0.03252107,202.400,4505.800,0.04491988,343,12,9,0.8403,0.0111,0.0455,OFICIAL
NACIONAL,BRASIL,2026-36,CULINARIOS,NESQUIK,NESTLE,Y,8043.61,310366.19,0.02591651,0.02591651,86.900,4505.800,0.01928625,286,13,8,0.8403,0.0111,0.0455,OFICIAL
NACIONAL,BRASIL,2026-36,CULINARIOS,GAROTO,NESTLE,Y,4230.58,310366.19,0.01363093,0.01363093,103.000,4505.800,0.02285943,170,14,8,0.8403,0.0111,0.0455,OFICIAL
NACIONAL,BRASIL,2026-36,LACTEOS,NOVA,FAB_NOVA,N,40337.75,324122.27,0.12445226,0.12445226,981.900,5718.900,0.17169386,2134,1,24,0.8403,0.0111,0.041,OFICIAL
NACIONAL,BRASIL,2026-36,LACTEOS,ALPHA,FAB_ALPHA,N,36055.83,324122.27,0.11124145,0.11124145,893.000,5718.900,0.15614891,1389,2,29,0.8403,0.0111,0.041,OFICIAL
NACIONAL,BRASIL,2026-36,LACTEOS,BETA,FAB_BETA,N,29892.93,324122.27,0.09222733,0.09222733,429.500,5718.900,0.07510186,1131,3,23,0.8403,0.0111,0.041,OFICIAL
NACIONAL,BRASIL,2026-36,LACTEOS,VIVA,FAB_VIVA,N,29701.97,324122.27,0.09163816,0.09163816,490.400,5718.900,0.08575076,1121,4,19,0.8403,0.0111,0.041,OFICIAL
NACIONAL,BRASIL,2026-36,LACTEOS,NESQUIK,NESTLE,Y,28606.53,324122.27,0.08825845,0.08825845,311.700,5718.900,0.05450349,1044,5,18,0.8403,0.0111,0.041,OFICIAL
NACIONAL,BRASIL,2026-36,LACTEOS,SOLAR,FAB_SOLAR,N,25668.99,324122.27,0.07919539,0.07919539,545.800,5718.900,0.09543793,1071,6,25,0.8403,0.0111,0.041,OFICIAL
NACIONAL,BRASIL,2026-36,LACTEOS,NINHO,NESTLE,Y,22144.57,324122.27,0.06832166,0.06832166,522.200,5718.900,0.09131127,1029,7,18,0.8403,0.0111,0.041,OFICIAL
NACIONAL,BRASIL,2026-36,LACTEOS,MOCA,NESTLE,Y,20051.03,324122.27,0.06186255,0.06186255,311.400,5718.900,0.05445103,610,8,15,0.8403,0.0111,0.041,OFICIAL
NACIONAL,BRASIL,2026-36,LACTEOS,DELTA,FAB_DELTA,N,19763.85,324122.27,0.06097653,0.06097653,353.300,5718.900,0.06177761,686,9,21,0.8403,0.0111,0.041,OFICIAL
NACIONAL,BRASIL,2026-36,LACTEOS,GAROTO,NESTLE,Y,17628.60,324122.27,0.05438873,0.05438873,217.100,5718.900,0.03796185,597,10,21,0.8403,0.0111,0.041,OFICIAL
NACIONAL,BRASIL,2026-36,LACTEOS,NESCAFE,NESTLE,Y,15567.09,324122.27,0.04802845,0.04802845,193.800,5718.900,0.03388764,602,11,16,0.8403,0.0111,0.041,OFICIAL
NACIONAL,BRASIL,2026-36,LACTEOS,PRIME,FAB_PRIME,N,15429.13,324122.27,0.04760281,0.04760281,226.800,5718.900,0.03965798,447,12,13,0.8403,0.0111,0.041,OFICIAL
NACIONAL,BRASIL,2026-36,LACTEOS,MAGGI,NESTLE,Y,12971.14,324122.27,0.04001928,0.04001928,83.400,5718.900,0.01458322,312,13,11,0.8403,0.0111,0.041,OFICIAL
NACIONAL,BRASIL,2026-36,LACTEOS,KITKAT,NESTLE,Y,10302.86,324122.27,0.03178696,0.03178696,158.600,5718.900,0.02773261,360,14,7,0.8403,0.0111,0.041,OFICIAL
NACIONAL,BRASIL,2026-36,NUTRICAO,ALPHA,FAB_ALPHA,N,46244.33,371101.56,0.12461368,0.12461368,927.700,6207.600,0.14944584,1432,1,26,0.8403,0.0111,0.0203,OFICIAL
NACIONAL,BRASIL,2026-36,NUTRICAO,NOVA,FAB_NOVA,N,43040.84,371101.56,0.1159813,0.1159813,544.100,6207.600,0.08765062,1365,2,26,0.8403,0.0111,0.0203,OFICIAL
NACIONAL,BRASIL,2026-36,NUTRICAO,SOLAR,FAB_SOLAR,N,40389.68,371101.56,0.10883727,0.10883727,806.100,6207.600,0.12985695,1389,3,28,0.8403,0.0111,0.0203,OFICIAL
NACIONAL,BRASIL,2026-36,NUTRICAO,BETA,FAB_BETA,N,32064.57,371101.56,0.08640376,0.08640376,578.800,6207.600,0.09324054,964,4,31,0.8403,0.0111,0.0203,OFICIAL
NACIONAL,BRASIL,2026-36,NUTRICAO,PRIME,FAB_PRIME,N,31713.94,371101.56,0.08545892,0.08545892,669.800,6207.600,0.10789999,1173,5,31,0.8403,0.0111,0.0203,OFICIAL
NACIONAL,BRASIL,2026-36,NUTRICAO,DELTA,FAB_DELTA,N,31470.22,371101.56,0.08480218,0.08480218,343.600,6207.600,0.0553515,1005,6,33,0.8403,0.0111,0.0203,OFICIAL
NACIONAL,BRASIL,2026-36,NUTRICAO,NINHO,NESTLE,Y,27891.82,371101.56,0.07515953,0.07515953,325.500,6207.600,0.05243572,983,7,21,0.8403,0.0111,0.0203,OFICIAL
NACIONAL,BRASIL,2026-36,NUTRICAO,VIVA,FAB_VIVA,N,27402.12,371101.56,0.07383995,0.07383995,382.400,6207.600,0.06160191,850,8,17,0.8403,0.0111,0.0203,OFICIAL
NACIONAL,BRASIL,2026-36,NUTRICAO,MOCA,NESTLE,Y,19615.22,371101.56,0.05285674,0.05285674,389.300,6207.600,0.06271345,582,9,15,0.8403,0.0111,0.0203,OFICIAL
NACIONAL,BRASIL,2026-36,NUTRICAO,GAROTO,NESTLE,Y,16563.88,371101.56,0.04463436,0.04463436,213.200,6207.600,0.034345,472,10,12,0.8403,0.0111,0.0203,OFICIAL
NACIONAL,BRASIL,2026-36,NUTRICAO,NESQUIK,NESTLE,Y,16160.47,371101.56,0.0435473,0.0435473,479.800,6207.600,0.07729235,1058,11,38,0.8403,0.0111,0.0203,OFICIAL
NACIONAL,BRASIL,2026-36,NUTRICAO,KITKAT,NESTLE,Y,15778.38,371101.56,0.04251769,0.04251769,213.200,6207.600,0.034345,532,12,16,0.8403,0.0111,0.0203,OFICIAL
NACIONAL,BRASIL,2026-36,NUTRICAO,NESCAFE,NESTLE,Y,13795.03,371101.56,0.03717319,0.03717319,225.700,6207.600,0.03635866,401,13,10,0.8403,0.0111,0.0203,OFICIAL
NACIONAL,BRASIL,2026-36,NUTRICAO,MAGGI,NESTLE,Y,8971.06,371101.56,0.02417414,0.02417414,108.400,6207.600,0.01746247,391,14,11,0.8403,0.0111,0.0203,OFICIAL
NACIONAL,BRASIL,2026-37,BEBIDAS,SOLAR,FAB_SOLAR,N,36986.16,270178.62,0.13689521,0.13689521,511.000,4360.400,0.11719108,1345,1,35,0.8244,0.0139,0.0454,OFICIAL
NACIONAL,BRASIL,2026-37,BEBIDAS,NINHO,NESTLE,Y,31816.14,270178.62,0.11775965,0.11775965,639.700,4360.400,0.14670672,1384,2,41,0.8244,0.0139,0.0454,OFICIAL
NACIONAL,BRASIL,2026-37,BEBIDAS,DELTA,FAB_DELTA,N,31063.26,270178.62,0.11497305,0.11497305,522.700,4360.400,0.11987432,1117,3,36,0.8244,0.0139,0.0454,OFICIAL
NACIONAL,BRASIL,2026-37,BEBIDAS,BETA,FAB_BETA,N,24379.36,270178.62,0.09023423,0.09023423,363.600,4360.400,0.08338685,716,4,17,0.8244,0.0139,0.0454,OFICIAL
NACIONAL,BRASIL,2026-37,BEBIDAS,NOVA,FAB_NOVA,N,23169.78,270178.62,0.08575727,0.08575727,399.100,4360.400,0.0915283,760,5,18,0.8244,0.0139,0.0454,OFICIAL
NACIONAL,BRASIL,2026-37,BEBIDAS,NESQUIK,NESTLE,Y,20385.54,270178.62,0.07545208,0.07545208,363.400,4360.400,0.08334098,620,6,18,0.8244,0.0139,0.0454,OFICIAL
NACIONAL,BRASIL,2026-37,BEBIDAS,GAROTO,NESTLE,Y,17693.08,270178.62,0.0654866,0.0654866,257.600,4360.400,0.05907715,623,7,18,0.8244,0.0139,0.0454,OFICIAL
NACIONAL,BRASIL,2026-37,BEBIDAS,NESCAFE,NESTLE,Y,16574.94,270178.62,0.06134808,0.06134808,342.700,4360.400,0.07859371,918,8,31,0.8244,0.0139,0.0454,OFICIAL
NACIONAL,BRASIL,2026-37,BEBIDAS,VIVA,FAB_VIVA,N,15037.02,270178.62,0.05565585,0.05565585,202.100,4360.400,0.04634896,583,9,20,0.8244,0.0139,0.0454,OFICIAL
NACIONAL,BRASIL,2026-37,BEBIDAS,PRIME,FAB_PRIME,N,14962.39,270178.62,0.05537962,0.05537962,269.800,4360.400,0.06187506,506,10,15,0.8244,0.0139,0.0454,OFICIAL
NACIONAL,BRASIL,2026-37,BEBIDAS,KITKAT,NESTLE,Y,13474.40,270178.62,0.04987219,0.04987219,67.800,4360.400,0.01554903,317,11,9,0.8244,0.0139,0.0454,OFICIAL
NACIONAL,BRASIL,2026-37,BEBIDAS,ALPHA,FAB_ALPHA,N,9802.13,270178.62,0.03628018,0.03628018,138.400,4360.400,0.03174021,409,12,11,0.8244,0.0139,0.0454,OFICIAL
NACIONAL,BRASIL,2026-37,BEBIDAS,MOCA,NESTLE,Y,8424.47,270178.62,0.03118111,0.03118111,191.200,4360.400,0.04384919,448,13,9,0.8244,0.0139,0.0454,OFICIAL
NACIONAL,BRASIL,2026-37,BEBIDAS,MAGGI,NESTLE,Y,6409.95,270178.62,0.02372486,0.02372486,91.300,4360.400,0.02093845,228,14,10,0.8244,0.0139,0.0454,OFICIAL
NACIONAL,BRASIL,2026-37,CHOCOLATES,NOVA,FAB_NOVA,N,38623.93,287958.51,0.13413019,0.13413019,703.500,4632.300,0.1518684,1316,1,29,0.8244,0.0139,0.0234,OFICIAL
NACIONAL,BRASIL,2026-37,CHOCOLATES,VIVA,FAB_VIVA,N,36951.13,287958.51,0.12832102,0.12832102,699.700,4632.300,0.15104808,1352,2,29,0.8244,0.0139,0.0234,OFICIAL
NACIONAL,BRASIL,2026-37,CHOCOLATES,PRIME,FAB_PRIME,N,34052.97,287958.51,0.11825652,0.11825652,779.500,4632.300,0.16827494,1327,3,29,0.8244,0.0139,0.0234,OFICIAL
NACIONAL,BRASIL,2026-37,CHOCOLATES,SOLAR,FAB_SOLAR,N,29662.96,287958.51,0.10301123,0.10301123,469.200,4632.300,0.10128878,858,4,22,0.8244,0.0139,0.0234,OFICIAL
NACIONAL,BRASIL,2026-37,CHOCOLATES,NESCAFE,NESTLE,Y,25384.99,287958.51,0.08815503,0.08815503,157.600,4632.300,0.03402198,600,5,10,0.8244,0.0139,0.0234,OFICIAL
NACIONAL,BRASIL,2026-37,CHOCOLATES,MAGGI,NESTLE,Y,24120.63,287958.51,0.08376425,0.08376425,265.100,4632.300,0.05722859,737,6,15,0.8244,0.0139,0.0234,OFICIAL
NACIONAL,BRASIL,2026-37,CHOCOLATES,BETA,FAB_BETA,N,22948.85,287958.51,0.07969499,0.07969499,257.100,4632.300,0.05550159,792,7,28,0.8244,0.0139,0.0234,OFICIAL
NACIONAL,BRASIL,2026-37,CHOCOLATES,DELTA,FAB_DELTA,N,16297.67,287958.51,0.05659729,0.05659729,155.300,4632.300,0.03352546,640,8,21,0.8244,0.0139,0.0234,OFICIAL
NACIONAL,BRASIL,2026-37,CHOCOLATES,ALPHA,FAB_ALPHA,N,15566.68,287958.51,0.05405876,0.05405876,443.200,4632.300,0.09567601,613,9,18,0.8244,0.0139,0.0234,OFICIAL
NACIONAL,BRASIL,2026-37,CHOCOLATES,GAROTO,NESTLE,Y,12774.27,287958.51,0.0443615,0.0443615,85.000,4632.300,0.01834942,425,10,6,0.8244,0.0139,0.0234,OFICIAL
NACIONAL,BRASIL,2026-37,CHOCOLATES,NESQUIK,NESTLE,Y,12126.29,287958.51,0.04211124,0.04211124,375.600,4632.300,0.08108283,551,11,16,0.8244,0.0139,0.0234,OFICIAL
NACIONAL,BRASIL,2026-37,CHOCOLATES,NINHO,NESTLE,Y,7954.07,287958.51,0.02762228,0.02762228,81.300,4632.300,0.01755068,305,12,9,0.8244,0.0139,0.0234,OFICIAL
NACIONAL,BRASIL,2026-37,CHOCOLATES,MOCA,NESTLE,Y,6481.20,287958.51,0.02250741,0.02250741,67.000,4632.300,0.01446366,210,13,8,0.8244,0.0139,0.0234,OFICIAL
NACIONAL,BRASIL,2026-37,CHOCOLATES,KITKAT,NESTLE,Y,5012.87,287958.51,0.01740831,0.01740831,93.200,4632.300,0.0201196,169,14,10,0.8244,0.0139,0.0234,OFICIAL
NACIONAL,BRASIL,2026-37,CULINARIOS,VIVA,FAB_VIVA,N,48643.06,273606.25,0.1777849,0.1777849,724.800,4682.500,0.15478911,1635,1,30,0.8244,0.0139,0.0591,OFICIAL
NACIONAL,BRASIL,2026-37,CULINARIOS,MOCA,NESTLE,Y,33815.43,273606.25,0.12359158,0.12359158,574.100,4682.500,0.12260545,959,2,16,0.8244,0.0139,0.0591,OFICIAL
NACIONAL,BRASIL,2026-37,CULINARIOS,SOLAR,FAB_SOLAR,N,29884.56,273606.25,0.1092247,0.1092247,292.700,4682.500,0.06250934,754,3,16,0.8244,0.0139,0.0591,OFICIAL
NACIONAL,BRASIL,2026-37,CULINARIOS,BETA,FAB_BETA,N,28796.35,273606.25,0.10524741,0.10524741,561.500,4682.500,0.11991458,1198,4,23,0.8244,0.0139,0.0591,OFICIAL
NACIONAL,BRASIL,2026-37,CULINARIOS,NINHO,NESTLE,Y,28460.05,273606.25,0.10401827,0.10401827,398.500,4682.500,0.08510411,1062,5,24,0.8244,0.0139,0.0591,OFICIAL
NACIONAL,BRASIL,2026-37,CULINARIOS,NOVA,FAB_NOVA,N,23634.48,273606.25,0.08638136,0.08638136,592.900,4682.500,0.1266204,1114,6,37,0.8244,0.0139,0.0591,OFICIAL
NACIONAL,BRASIL,2026-37,CULINARIOS,PRIME,FAB_PRIME,N,17638.22,273606.25,0.06446571,0.06446571,253.100,4682.500,0.05405232,659,7,27,0.8244,0.0139,0.0591,OFICIAL
NACIONAL,BRASIL,2026-37,CULINARIOS,DELTA,FAB_DELTA,N,12925.76,273606.25,0.0472422,0.0472422,259.100,4682.500,0.05533369,574,8,16,0.8244,0.0139,0.0591,OFICIAL
NACIONAL,BRASIL,2026-37,CULINARIOS,GAROTO,NESTLE,Y,12507.68,273606.25,0.04571416,0.04571416,226.800,4682.500,0.04843566,527,9,17,0.8244,0.0139,0.0591,OFICIAL
NACIONAL,BRASIL,2026-37,CULINARIOS,NESQUIK,NESTLE,Y,11710.25,273606.25,0.04279964,0.04279964,197.300,4682.500,0.04213561,519,10,8,0.8244,0.0139,0.0591,OFICIAL
NACIONAL,BRASIL,2026-37,CULINARIOS,KITKAT,NESTLE,Y,10044.13,273606.25,0.03671016,0.03671016,239.400,4682.500,0.05112654,551,11,19,0.8244,0.0139,0.0591,OFICIAL
NACIONAL,BRASIL,2026-37,CULINARIOS,NESCAFE,NESTLE,Y,6188.90,273606.25,0.02261973,0.02261973,147.800,4682.500,0.03156434,187,12,9,0.8244,0.0139,0.0591,OFICIAL
NACIONAL,BRASIL,2026-37,CULINARIOS,ALPHA,FAB_ALPHA,N,5406.78,273606.25,0.01976117,0.01976117,157.800,4682.500,0.03369995,292,13,12,0.8244,0.0139,0.0591,OFICIAL
NACIONAL,BRASIL,2026-37,CULINARIOS,MAGGI,NESTLE,Y,3950.60,273606.25,0.014439,0.014439,56.700,4682.500,0.01210892,149,14,8,0.8244,0.0139,0.0591,OFICIAL
NACIONAL,BRASIL,2026-37,LACTEOS,ALPHA,FAB_ALPHA,N,48015.31,319773.50,0.15015412,0.15015412,570.900,4653.900,0.12267131,1502,1,31,0.8244,0.0139,0.0862,OFICIAL
NACIONAL,BRASIL,2026-37,LACTEOS,SOLAR,FAB_SOLAR,N,43414.15,319773.50,0.13576532,0.13576532,568.100,4653.900,0.12206966,1428,2,29,0.8244,0.0139,0.0862,OFICIAL
NACIONAL,BRASIL,2026-37,LACTEOS,BETA,FAB_BETA,N,31622.24,319773.50,0.0988895,0.0988895,399.300,4653.900,0.08579901,1006,3,27,0.8244,0.0139,0.0862,OFICIAL
NACIONAL,BRASIL,2026-37,LACTEOS,NINHO,NESTLE,Y,26056.09,319773.50,0.08148296,0.08148296,434.800,4653.900,0.09342702,788,4,17,0.8244,0.0139,0.0862,OFICIAL
NACIONAL,BRASIL,2026-37,LACTEOS,DELTA,FAB_DELTA,N,25961.06,319773.50,0.08118578,0.08118578,397.400,4653.900,0.08539075,802,5,23,0.8244,0.0139,0.0862,OFICIAL
NACIONAL,BRASIL,2026-37,LACTEOS,MOCA,NESTLE,Y,23119.66,319773.50,0.07230011,0.07230011,351.400,4653.900,0.07550656,1134,6,27,0.8244,0.0139,0.0862,OFICIAL
NACIONAL,BRASIL,2026-37,LACTEOS,VIVA,FAB_VIVA,N,22344.78,319773.50,0.0698769,0.0698769,362.900,4653.900,0.07797761,736,7,29,0.8244,0.0139,0.0862,OFICIAL
NACIONAL,BRASIL,2026-37,LACTEOS,KITKAT,NESTLE,Y,18515.52,319773.50,0.05790198,0.05790198,217.400,4653.900,0.04671351,818,8,14,0.8244,0.0139,0.0862,OFICIAL
NACIONAL,BRASIL,2026-37,LACTEOS,GAROTO,NESTLE,Y,18317.10,319773.50,0.05728148,0.05728148,171.700,4653.900,0.03689379,606,9,14,0.8244,0.0139,0.0862,OFICIAL
NACIONAL,BRASIL,2026-37,LACTEOS,NESQUIK,NESTLE,Y,16566.42,319773.50,0.05180673,0.05180673,408.900,4653.900,0.08786179,810,10,14,0.8244,0.0139,0.0862,OFICIAL
NACIONAL,BRASIL,2026-37,LACTEOS,NESCAFE,NESTLE,Y,13927.64,319773.50,0.0435547,0.0435547,212.500,4653.900,0.04566063,552,11,13,0.8244,0.0139,0.0862,OFICIAL
NACIONAL,BRASIL,2026-37,LACTEOS,NOVA,FAB_NOVA,N,11937.21,319773.50,0.0373302,0.0373302,190.600,4653.900,0.0409549,766,12,12,0.8244,0.0139,0.0862,OFICIAL
NACIONAL,BRASIL,2026-37,LACTEOS,MAGGI,NESTLE,Y,10085.40,319773.50,0.0315392,0.0315392,170.200,4653.900,0.03657148,384,13,11,0.8244,0.0139,0.0862,OFICIAL
NACIONAL,BRASIL,2026-37,LACTEOS,PRIME,FAB_PRIME,N,9890.92,319773.50,0.03093102,0.03093102,197.800,4653.900,0.04250199,383,14,10,0.8244,0.0139,0.0862,OFICIAL
NACIONAL,BRASIL,2026-37,NUTRICAO,MOCA,NESTLE,Y,32552.90,310789.19,0.1047427,0.1047427,539.800,5418.900,0.09961431,1034,1,16,0.8244,0.0139,0.0443,OFICIAL
NACIONAL,BRASIL,2026-37,NUTRICAO,KITKAT,NESTLE,Y,32122.87,310789.19,0.10335903,0.10335903,377.400,5418.900,0.06964513,956,2,17,0.8244,0.0139,0.0443,OFICIAL
NACIONAL,BRASIL,2026-37,NUTRICAO,SOLAR,FAB_SOLAR,N,30269.33,310789.19,0.09739505,0.09739505,579.000,5418.900,0.10684825,1043,3,18,0.8244,0.0139,0.0443,OFICIAL
NACIONAL,BRASIL,2026-37,NUTRICAO,NOVA,FAB_NOVA,N,27111.47,310789.19,0.08723428,0.08723428,465.700,5418.900,0.08593995,720,4,16,0.8244,0.0139,0.0443,OFICIAL
NACIONAL,BRASIL,2026-37,NUTRICAO,PRIME,FAB_PRIME,N,25210.95,310789.19,0.08111913,0.08111913,481.300,5418.900,0.08881876,794,5,28,0.8244,0.0139,0.0443,OFICIAL
NACIONAL,BRASIL,2026-37,NUTRICAO,BETA,FAB_BETA,N,24182.83,310789.19,0.07781104,0.07781104,561.700,5418.900,0.10365572,903,6,29,0.8244,0.0139,0.0443,OFICIAL
NACIONAL,BRASIL,2026-37,NUTRICAO,NESQUIK,NESTLE,Y,23422.73,310789.19,0.07536533,0.07536533,568.900,5418.900,0.10498441,1242,7,39,0.8244,0.0139,0.0443,OFICIAL
NACIONAL,BRASIL,2026-37,NUTRICAO,VIVA,FAB_VIVA,N,22344.68,310789.19,0.07189658,0.07189658,427.100,5418.900,0.07881673,984,8,18,0.8244,0.0139,0.0443,OFICIAL
NACIONAL,BRASIL,2026-37,NUTRICAO,DELTA,FAB_DELTA,N,22226.42,310789.19,0.07151607,0.07151607,328.900,5418.900,0.06069498,718,9,22,0.8244,0.0139,0.0443,OFICIAL
NACIONAL,BRASIL,2026-37,NUTRICAO,ALPHA,FAB_ALPHA,N,22115.07,310789.19,0.07115778,0.07115778,222.600,5418.900,0.04107845,856,10,27,0.8244,0.0139,0.0443,OFICIAL
NACIONAL,BRASIL,2026-37,NUTRICAO,NESCAFE,NESTLE,Y,13882.29,310789.19,0.04466787,0.04466787,248.500,5418.900,0.04585802,510,11,9,0.8244,0.0139,0.0443,OFICIAL
NACIONAL,BRASIL,2026-37,NUTRICAO,MAGGI,NESTLE,Y,11976.42,310789.19,0.03853551,0.03853551,235.100,5418.900,0.04338519,327,12,7,0.8244,0.0139,0.0443,OFICIAL
NACIONAL,BRASIL,2026-37,NUTRICAO,GAROTO,NESTLE,Y,11863.59,310789.19,0.03817247,0.03817247,154.800,5418.900,0.02856668,388,13,16,0.8244,0.0139,0.0443,OFICIAL
NACIONAL,BRASIL,2026-37,NUTRICAO,NINHO,NESTLE,Y,11507.64,310789.19,0.03702716,0.03702716,228.100,5418.900,0.04209341,502,14,16,0.8244,0.0139,0.0443,OFICIAL
NACIONAL,BRASIL,2026-38,BEBIDAS,NINHO,NESTLE,Y,43672.70,371568.23,0.11753615,0.11753615,476.300,5666.200,0.08405986,1571,1,39,0.872,0.0174,0.0197,OFICIAL
NACIONAL,BRASIL,2026-38,BEBIDAS,VIVA,FAB_VIVA,N,37772.33,371568.23,0.10165651,0.10165651,293.800,5666.200,0.05185133,1117,2,22,0.872,0.0174,0.0197,OFICIAL
NACIONAL,BRASIL,2026-38,BEBIDAS,NESQUIK,NESTLE,Y,36744.55,371568.23,0.09889045,0.09889045,859.900,5666.200,0.15175956,1174,3,15,0.872,0.0174,0.0197,OFICIAL
NACIONAL,BRASIL,2026-38,BEBIDAS,NESCAFE,NESTLE,Y,34512.52,371568.23,0.0928834,0.0928834,408.900,5666.200,0.07216477,1412,4,31,0.872,0.0174,0.0197,OFICIAL
NACIONAL,BRASIL,2026-38,BEBIDAS,NOVA,FAB_NOVA,N,33798.70,371568.23,0.0909623,0.0909623,340.600,5666.200,0.06011083,915,5,22,0.872,0.0174,0.0197,OFICIAL
NACIONAL,BRASIL,2026-38,BEBIDAS,SOLAR,FAB_SOLAR,N,32141.17,371568.23,0.08650139,0.08650139,707.700,5666.200,0.12489852,1341,6,28,0.872,0.0174,0.0197,OFICIAL
NACIONAL,BRASIL,2026-38,BEBIDAS,ALPHA,FAB_ALPHA,N,25402.96,371568.23,0.06836688,0.06836688,360.100,5666.200,0.06355229,739,7,21,0.872,0.0174,0.0197,OFICIAL
NACIONAL,BRASIL,2026-38,BEBIDAS,GAROTO,NESTLE,Y,23584.65,371568.23,0.06347327,0.06347327,233.400,5666.200,0.04119163,898,8,10,0.872,0.0174,0.0197,OFICIAL
NACIONAL,BRASIL,2026-38,BEBIDAS,BETA,FAB_BETA,N,22980.92,371568.23,0.06184845,0.06184845,389.800,5666.200,0.0687939,947,9,26,0.872,0.0174,0.0197,OFICIAL
NACIONAL,BRASIL,2026-38,BEBIDAS,MOCA,NESTLE,Y,21414.67,371568.23,0.05763321,0.05763321,384.600,5666.200,0.06787618,506,10,18,0.872,0.0174,0.0197,OFICIAL
NACIONAL,BRASIL,2026-38,BEBIDAS,DELTA,FAB_DELTA,N,20649.84,371568.23,0.05557483,0.05557483,470.800,5666.200,0.0830892,781,11,16,0.872,0.0174,0.0197,OFICIAL
NACIONAL,BRASIL,2026-38,BEBIDAS,MAGGI,NESTLE,Y,15644.50,371568.23,0.04210398,0.04210398,153.800,5666.200,0.02714341,428,12,10,0.872,0.0174,0.0197,OFICIAL
NACIONAL,BRASIL,2026-38,BEBIDAS,PRIME,FAB_PRIME,N,12840.94,371568.23,0.03455877,0.03455877,367.100,5666.200,0.06478769,791,13,18,0.872,0.0174,0.0197,OFICIAL
NACIONAL,BRASIL,2026-38,BEBIDAS,KITKAT,NESTLE,Y,10407.78,371568.23,0.02801041,0.02801041,219.400,5666.200,0.03872084,401,14,10,0.872,0.0174,0.0197,OFICIAL
NACIONAL,BRASIL,2026-38,CHOCOLATES,DELTA,FAB_DELTA,N,37177.79,294162.76,0.1263851,0.1263851,727.400,4586.300,0.1586028,1274,1,31,0.872,0.0174,0.0437,OFICIAL
NACIONAL,BRASIL,2026-38,CHOCOLATES,ALPHA,FAB_ALPHA,N,35260.82,294162.76,0.1198684,0.1198684,606.300,4586.300,0.13219807,1105,2,25,0.872,0.0174,0.0437,OFICIAL
NACIONAL,BRASIL,2026-38,CHOCOLATES,BETA,FAB_BETA,N,33061.58,294162.76,0.11239213,0.11239213,564.700,4586.300,0.12312758,1169,3,25,0.872,0.0174,0.0437,OFICIAL
NACIONAL,BRASIL,2026-38,CHOCOLATES,PRIME,FAB_PRIME,N,30058.08,294162.76,0.1021818,0.1021818,442.900,4586.300,0.09657022,1003,4,25,0.872,0.0174,0.0437,OFICIAL
NACIONAL,BRASIL,2026-38,CHOCOLATES,SOLAR,FAB_SOLAR,N,27090.32,294162.76,0.09209296,0.09209296,278.500,4586.300,0.06072433,849,5,23,0.872,0.0174,0.0437,OFICIAL
NACIONAL,BRASIL,2026-38,CHOCOLATES,VIVA,FAB_VIVA,N,26837.23,294162.76,0.09123259,0.09123259,315.500,4586.300,0.06879184,819,6,28,0.872,0.0174,0.0437,OFICIAL
NACIONAL,BRASIL,2026-38,CHOCOLATES,KITKAT,NESTLE,Y,23497.33,294162.76,0.07987867,0.07987867,333.300,4586.300,0.07267296,804,7,21,0.872,0.0174,0.0437,OFICIAL
NACIONAL,BRASIL,2026-38,CHOCOLATES,NESQUIK,NESTLE,Y,18650.49,294162.76,0.06340194,0.06340194,305.300,4586.300,0.06656782,658,8,17,0.872,0.0174,0.0437,OFICIAL
NACIONAL,BRASIL,2026-38,CHOCOLATES,NESCAFE,NESTLE,Y,16238.65,294162.76,0.05520294,0.05520294,386.000,4586.300,0.0841637,812,9,21,0.872,0.0174,0.0437,OFICIAL
NACIONAL,BRASIL,2026-38,CHOCOLATES,NINHO,NESTLE,Y,12522.14,294162.76,0.04256875,0.04256875,227.200,4586.300,0.04953884,577,10,16,0.872,0.0174,0.0437,OFICIAL
NACIONAL,BRASIL,2026-38,CHOCOLATES,NOVA,FAB_NOVA,N,10934.91,294162.76,0.03717299,0.03717299,139.300,4586.300,0.03037307,361,11,14,0.872,0.0174,0.0437,OFICIAL
NACIONAL,BRASIL,2026-38,CHOCOLATES,GAROTO,NESTLE,Y,10800.87,294162.76,0.03671733,0.03671733,147.500,4586.300,0.032161,247,12,7,0.872,0.0174,0.0437,OFICIAL
NACIONAL,BRASIL,2026-38,CHOCOLATES,MOCA,NESTLE,Y,9200.84,294162.76,0.03127806,0.03127806,81.900,4586.300,0.01785753,306,13,12,0.872,0.0174,0.0437,OFICIAL
NACIONAL,BRASIL,2026-38,CHOCOLATES,MAGGI,NESTLE,Y,2831.71,294162.76,0.00962634,0.00962634,30.500,4586.300,0.00665024,128,14,5,0.872,0.0174,0.0437,OFICIAL
NACIONAL,BRASIL,2026-38,CULINARIOS,PRIME,FAB_PRIME,N,59926.69,296127.31,0.202368,0.202368,1328.600,5355.200,0.24809531,1661,1,21,0.872,0.0174,0.0417,OFICIAL
NACIONAL,BRASIL,2026-38,CULINARIOS,VIVA,FAB_VIVA,N,52973.71,296127.31,0.1788883,0.1788883,570.400,5355.200,0.1065133,1602,2,34,0.872,0.0174,0.0417,OFICIAL
NACIONAL,BRASIL,2026-38,CULINARIOS,BETA,FAB_BETA,N,43703.37,296127.31,0.14758304,0.14758304,645.100,5355.200,0.12046235,1394,3,29,0.872,0.0174,0.0417,OFICIAL
NACIONAL,BRASIL,2026-38,CULINARIOS,NOVA,FAB_NOVA,N,23594.99,296127.31,0.07967853,0.07967853,370.300,5355.200,0.06914774,929,4,36,0.872,0.0174,0.0417,OFICIAL
NACIONAL,BRASIL,2026-38,CULINARIOS,SOLAR,FAB_SOLAR,N,18344.59,296127.31,0.06194832,0.06194832,365.900,5355.200,0.06832611,875,5,19,0.872,0.0174,0.0417,OFICIAL
NACIONAL,BRASIL,2026-38,CULINARIOS,ALPHA,FAB_ALPHA,N,18110.49,296127.31,0.06115778,0.06115778,178.100,5355.200,0.03325739,689,6,16,0.872,0.0174,0.0417,OFICIAL
NACIONAL,BRASIL,2026-38,CULINARIOS,MAGGI,NESTLE,Y,17319.46,296127.31,0.05848653,0.05848653,470.900,5355.200,0.08793322,772,7,18,0.872,0.0174,0.0417,OFICIAL
NACIONAL,BRASIL,2026-38,CULINARIOS,DELTA,FAB_DELTA,N,11355.30,296127.31,0.03834601,0.03834601,228.100,5355.200,0.04259411,393,8,11,0.872,0.0174,0.0417,OFICIAL
NACIONAL,BRASIL,2026-38,CULINARIOS,NESCAFE,NESTLE,Y,10455.74,296127.31,0.03530826,0.03530826,457.700,5355.200,0.08546833,676,9,7,0.872,0.0174,0.0417,OFICIAL
NACIONAL,BRASIL,2026-38,CULINARIOS,GAROTO,NESTLE,Y,10204.85,296127.31,0.03446102,0.03446102,256.700,5355.200,0.04793472,346,10,16,0.872,0.0174,0.0417,OFICIAL
NACIONAL,BRASIL,2026-38,CULINARIOS,MOCA,NESTLE,Y,8674.47,296127.31,0.02929304,0.02929304,127.900,5355.200,0.02388333,448,11,11,0.872,0.0174,0.0417,OFICIAL
NACIONAL,BRASIL,2026-38,CULINARIOS,NINHO,NESTLE,Y,8640.09,296127.31,0.02917694,0.02917694,74.800,5355.200,0.01396773,260,12,10,0.872,0.0174,0.0417,OFICIAL
NACIONAL,BRASIL,2026-38,CULINARIOS,NESQUIK,NESTLE,Y,8124.44,296127.31,0.02743563,0.02743563,201.200,5355.200,0.03757096,369,13,8,0.872,0.0174,0.0417,OFICIAL
NACIONAL,BRASIL,2026-38,CULINARIOS,KITKAT,NESTLE,Y,4699.12,296127.31,0.01586858,0.01586858,79.500,5355.200,0.01484538,184,14,10,0.872,0.0174,0.0417,OFICIAL
NACIONAL,BRASIL,2026-38,LACTEOS,ALPHA,FAB_ALPHA,N,67424.61,332168.72,0.20298302,0.20298302,1172.900,5416.500,0.21654205,2249,1,30,0.872,0.0174,0.0746,OFICIAL
NACIONAL,BRASIL,2026-38,LACTEOS,SOLAR,FAB_SOLAR,N,38050.39,332168.72,0.11455139,0.11455139,710.400,5416.500,0.1311548,1361,2,32,0.872,0.0174,0.0746,OFICIAL
NACIONAL,BRASIL,2026-38,LACTEOS,BETA,FAB_BETA,N,38012.39,332168.72,0.11443699,0.11443699,541.500,5416.500,0.09997231,1182,3,26,0.872,0.0174,0.0746,OFICIAL
NACIONAL,BRASIL,2026-38,LACTEOS,NOVA,FAB_NOVA,N,35731.99,332168.72,0.10757181,0.10757181,603.000,5416.500,0.1113265,1062,4,23,0.872,0.0174,0.0746,OFICIAL
NACIONAL,BRASIL,2026-38,LACTEOS,VIVA,FAB_VIVA,N,28940.83,332168.72,0.0871269,0.0871269,546.400,5416.500,0.10087695,926,5,26,0.872,0.0174,0.0746,OFICIAL
NACIONAL,BRASIL,2026-38,LACTEOS,MOCA,NESTLE,Y,27297.05,332168.72,0.08217827,0.08217827,409.600,5416.500,0.07562079,771,6,21,0.872,0.0174,0.0746,OFICIAL
NACIONAL,BRASIL,2026-38,LACTEOS,DELTA,FAB_DELTA,N,19459.48,332168.72,0.05858312,0.05858312,351.300,5416.500,0.06485738,665,7,23,0.872,0.0174,0.0746,OFICIAL
NACIONAL,BRASIL,2026-38,LACTEOS,NESQUIK,NESTLE,Y,16483.31,332168.72,0.04962331,0.04962331,194.000,5416.500,0.03581649,566,8,15,0.872,0.0174,0.0746,OFICIAL
NACIONAL,BRASIL,2026-38,LACTEOS,GAROTO,NESTLE,Y,15229.02,332168.72,0.04584724,0.04584724,233.600,5416.500,0.04312748,699,9,19,0.872,0.0174,0.0746,OFICIAL
NACIONAL,BRASIL,2026-38,LACTEOS,PRIME,FAB_PRIME,N,13249.01,332168.72,0.03988639,0.03988639,225.400,5416.500,0.04161359,479,10,17,0.872,0.0174,0.0746,OFICIAL
NACIONAL,BRASIL,2026-38,LACTEOS,NESCAFE,NESTLE,Y,12390.49,332168.72,0.0373018,0.0373018,175.300,5416.500,0.03236407,402,11,16,0.872,0.0174,0.0746,OFICIAL
NACIONAL,BRASIL,2026-38,LACTEOS,NINHO,NESTLE,Y,11770.77,332168.72,0.03543612,0.03543612,172.500,5416.500,0.03184713,423,12,15,0.872,0.0174,0.0746,OFICIAL
NACIONAL,BRASIL,2026-38,LACTEOS,KITKAT,NESTLE,Y,6242.98,332168.72,0.01879461,0.01879461,57.600,5416.500,0.01063417,202,13,10,0.872,0.0174,0.0746,OFICIAL
NACIONAL,BRASIL,2026-38,LACTEOS,MAGGI,NESTLE,Y,1886.40,332168.72,0.00567904,0.00567904,23.000,5416.500,0.00424628,65,14,6,0.872,0.0174,0.0746,OFICIAL
NACIONAL,BRASIL,2026-38,NUTRICAO,DELTA,FAB_DELTA,N,31336.98,279388.84,0.1121626,0.1121626,668.800,4345.500,0.15390634,1143,1,26,0.872,0.0174,0.013,OFICIAL
NACIONAL,BRASIL,2026-38,NUTRICAO,PRIME,FAB_PRIME,N,29883.49,279388.84,0.10696021,0.10696021,387.800,4345.500,0.08924174,1032,2,20,0.872,0.0174,0.013,OFICIAL
NACIONAL,BRASIL,2026-38,NUTRICAO,ALPHA,FAB_ALPHA,N,26977.30,279388.84,0.09655826,0.09655826,304.400,4345.500,0.07004948,906,3,27,0.872,0.0174,0.013,OFICIAL
NACIONAL,BRASIL,2026-38,NUTRICAO,BETA,FAB_BETA,N,23790.06,279388.84,0.08515036,0.08515036,319.200,4345.500,0.0734553,982,4,21,0.872,0.0174,0.013,OFICIAL
NACIONAL,BRASIL,2026-38,NUTRICAO,NOVA,FAB_NOVA,N,22126.41,279388.84,0.07919575,0.07919575,560.000,4345.500,0.12886894,811,5,20,0.872,0.0174,0.013,OFICIAL
NACIONAL,BRASIL,2026-38,NUTRICAO,NESQUIK,NESTLE,Y,22027.50,279388.84,0.07884173,0.07884173,411.700,4345.500,0.09474169,1070,6,39,0.872,0.0174,0.013,OFICIAL
NACIONAL,BRASIL,2026-38,NUTRICAO,KITKAT,NESTLE,Y,21832.53,279388.84,0.07814389,0.07814389,455.500,4345.500,0.10482108,724,7,22,0.872,0.0174,0.013,OFICIAL
NACIONAL,BRASIL,2026-38,NUTRICAO,MOCA,NESTLE,Y,20046.07,279388.84,0.07174972,0.07174972,153.700,4345.500,0.03536992,507,8,14,0.872,0.0174,0.013,OFICIAL
NACIONAL,BRASIL,2026-38,NUTRICAO,SOLAR,FAB_SOLAR,N,19961.77,279388.84,0.07144799,0.07144799,225.300,4345.500,0.05184674,634,9,16,0.872,0.0174,0.013,OFICIAL
NACIONAL,BRASIL,2026-38,NUTRICAO,GAROTO,NESTLE,Y,15934.18,279388.84,0.05703227,0.05703227,259.500,4345.500,0.05971695,479,10,11,0.872,0.0174,0.013,OFICIAL
NACIONAL,BRASIL,2026-38,NUTRICAO,VIVA,FAB_VIVA,N,15316.09,279388.84,0.05481998,0.05481998,223.800,4345.500,0.05150155,419,11,17,0.872,0.0174,0.013,OFICIAL
NACIONAL,BRASIL,2026-38,NUTRICAO,NINHO,NESTLE,Y,14971.40,279388.84,0.05358625,0.05358625,248.200,4345.500,0.05711656,518,12,15,0.872,0.0174,0.013,OFICIAL
NACIONAL,BRASIL,2026-38,NUTRICAO,MAGGI,NESTLE,Y,11082.66,279388.84,0.03966751,0.03966751,76.300,4345.500,0.01755839,403,13,9,0.872,0.0174,0.013,OFICIAL
NACIONAL,BRASIL,2026-38,NUTRICAO,NESCAFE,NESTLE,Y,4102.40,279388.84,0.01468348,0.01468348,51.300,4345.500,0.01180532,120,14,7,0.872,0.0174,0.013,OFICIAL
NACIONAL,BRASIL,2026-39,BEBIDAS,ALPHA,FAB_ALPHA,N,40893.85,288230.81,0.14187883,0.14187883,826.100,4754.200,0.17376215,1231,1,24,0.8613,0.0138,0.0408,OFICIAL
NACIONAL,BRASIL,2026-39,BEBIDAS,SOLAR,FAB_SOLAR,N,31743.62,288230.81,0.11013264,0.11013264,377.700,4754.200,0.07944554,1084,2,31,0.8613,0.0138,0.0408,OFICIAL
NACIONAL,BRASIL,2026-39,BEBIDAS,BETA,FAB_BETA,N,26921.48,288230.81,0.09340251,0.09340251,482.500,4754.200,0.10148921,838,3,22,0.8613,0.0138,0.0408,OFICIAL
NACIONAL,BRASIL,2026-39,BEBIDAS,NOVA,FAB_NOVA,N,25665.62,288230.81,0.08904537,0.08904537,356.400,4754.200,0.07496529,939,4,19,0.8613,0.0138,0.0408,OFICIAL
NACIONAL,BRASIL,2026-39,BEBIDAS,NESQUIK,NESTLE,Y,23580.36,288230.81,0.08181069,0.08181069,378.400,4754.200,0.07959278,831,5,15,0.8613,0.0138,0.0408,OFICIAL
NACIONAL,BRASIL,2026-39,BEBIDAS,DELTA,FAB_DELTA,N,22303.72,288230.81,0.07738146,0.07738146,474.700,4754.200,0.09984856,870,6,15,0.8613,0.0138,0.0408,OFICIAL
NACIONAL,BRASIL,2026-39,BEBIDAS,GAROTO,NESTLE,Y,19657.59,288230.81,0.06820086,0.06820086,215.500,4754.200,0.04532834,739,7,23,0.8613,0.0138,0.0408,OFICIAL
NACIONAL,BRASIL,2026-39,BEBIDAS,NESCAFE,NESTLE,Y,17209.63,288230.81,0.05970781,0.05970781,328.900,4754.200,0.06918093,1038,8,29,0.8613,0.0138,0.0408,OFICIAL
NACIONAL,BRASIL,2026-39,BEBIDAS,MAGGI,NESTLE,Y,17082.89,288230.81,0.05926809,0.05926809,337.400,4754.200,0.07096883,525,9,12,0.8613,0.0138,0.0408,OFICIAL
NACIONAL,BRASIL,2026-39,BEBIDAS,VIVA,FAB_VIVA,N,16773.97,288230.81,0.05819631,0.05819631,181.900,4754.200,0.03826091,464,10,17,0.8613,0.0138,0.0408,OFICIAL
NACIONAL,BRASIL,2026-39,BEBIDAS,NINHO,NESTLE,Y,16153.50,288230.81,0.05604363,0.05604363,422.200,4754.200,0.08880569,1083,11,35,0.8613,0.0138,0.0408,OFICIAL
NACIONAL,BRASIL,2026-39,BEBIDAS,MOCA,NESTLE,Y,10787.67,288230.81,0.03742719,0.03742719,164.900,4754.200,0.03468512,375,12,12,0.8613,0.0138,0.0408,OFICIAL
NACIONAL,BRASIL,2026-39,BEBIDAS,PRIME,FAB_PRIME,N,10170.03,288230.81,0.03528433,0.03528433,139.100,4754.200,0.02925834,388,13,18,0.8613,0.0138,0.0408,OFICIAL
NACIONAL,BRASIL,2026-39,BEBIDAS,KITKAT,NESTLE,Y,9286.88,288230.81,0.03222029,0.03222029,68.500,4754.200,0.01440831,217,14,9,0.8613,0.0138,0.0408,OFICIAL
NACIONAL,BRASIL,2026-39,CHOCOLATES,VIVA,FAB_VIVA,N,46428.29,310043.37,0.14974773,0.14974773,616.000,4567.400,0.13486885,1479,1,35,0.8613,0.0138,0.0678,OFICIAL
NACIONAL,BRASIL,2026-39,CHOCOLATES,NOVA,FAB_NOVA,N,38786.66,310043.37,0.12510076,0.12510076,409.900,4567.400,0.08974471,1509,2,22,0.8613,0.0138,0.0678,OFICIAL
NACIONAL,BRASIL,2026-39,CHOCOLATES,ALPHA,FAB_ALPHA,N,27425.22,310043.37,0.08845608,0.08845608,415.200,4567.400,0.09090511,900,3,20,0.8613,0.0138,0.0678,OFICIAL
NACIONAL,BRASIL,2026-39,CHOCOLATES,NESCAFE,NESTLE,Y,25767.82,310043.37,0.08311037,0.08311037,418.300,4567.400,0.09158383,837,4,21,0.8613,0.0138,0.0678,OFICIAL
NACIONAL,BRASIL,2026-39,CHOCOLATES,DELTA,FAB_DELTA,N,25359.44,310043.37,0.0817932,0.0817932,534.300,4567.400,0.11698121,1314,5,24,0.8613,0.0138,0.0678,OFICIAL
NACIONAL,BRASIL,2026-39,CHOCOLATES,BETA,FAB_BETA,N,23201.30,310043.37,0.07483243,0.07483243,351.400,4567.400,0.07693655,900,6,30,0.8613,0.0138,0.0678,OFICIAL
NACIONAL,BRASIL,2026-39,CHOCOLATES,GAROTO,NESTLE,Y,21945.02,310043.37,0.07078048,0.07078048,265.000,4567.400,0.05801988,642,7,9,0.8613,0.0138,0.0678,OFICIAL
NACIONAL,BRASIL,2026-39,CHOCOLATES,PRIME,FAB_PRIME,N,20158.35,310043.37,0.06501784,0.06501784,299.100,4567.400,0.06548583,674,8,19,0.8613,0.0138,0.0678,OFICIAL
NACIONAL,BRASIL,2026-39,CHOCOLATES,SOLAR,FAB_SOLAR,N,18860.10,310043.37,0.06083052,0.06083052,264.900,4567.400,0.05799799,626,9,25,0.8613,0.0138,0.0678,OFICIAL
NACIONAL,BRASIL,2026-39,CHOCOLATES,NINHO,NESTLE,Y,15827.01,310043.37,0.05104773,0.05104773,307.300,4567.400,0.06728117,564,10,12,0.8613,0.0138,0.0678,OFICIAL
NACIONAL,BRASIL,2026-39,CHOCOLATES,MOCA,NESTLE,Y,15795.23,310043.37,0.05094523,0.05094523,116.100,4567.400,0.02541928,393,11,11,0.8613,0.0138,0.0678,OFICIAL
NACIONAL,BRASIL,2026-39,CHOCOLATES,KITKAT,NESTLE,Y,12860.01,310043.37,0.0414781,0.0414781,177.500,4567.400,0.03886237,384,12,13,0.8613,0.0138,0.0678,OFICIAL
NACIONAL,BRASIL,2026-39,CHOCOLATES,NESQUIK,NESTLE,Y,10683.23,310043.37,0.03445721,0.03445721,234.600,4567.400,0.05136401,372,13,12,0.8613,0.0138,0.0678,OFICIAL
NACIONAL,BRASIL,2026-39,CHOCOLATES,MAGGI,NESTLE,Y,6945.69,310043.37,0.02240232,0.02240232,157.800,4567.400,0.0345492,295,14,7,0.8613,0.0138,0.0678,OFICIAL
NACIONAL,BRASIL,2026-39,CULINARIOS,PRIME,FAB_PRIME,N,52544.72,314728.45,0.16695256,0.16695256,667.700,4706.600,0.14186462,1603,1,33,0.8613,0.0138,0.1314,OFICIAL
NACIONAL,BRASIL,2026-39,CULINARIOS,SOLAR,FAB_SOLAR,N,34272.95,314728.45,0.10889689,0.10889689,377.100,4706.600,0.08012153,923,2,21,0.8613,0.0138,0.1314,OFICIAL
NACIONAL,BRASIL,2026-39,CULINARIOS,NOVA,FAB_NOVA,N,33578.18,314728.45,0.10668937,0.10668937,535.800,4706.600,0.11384014,1092,3,31,0.8613,0.0138,0.1314,OFICIAL
NACIONAL,BRASIL,2026-39,CULINARIOS,DELTA,FAB_DELTA,N,33414.05,314728.45,0.10616787,0.10616787,551.700,4706.600,0.11721837,801,4,13,0.8613,0.0138,0.1314,OFICIAL
NACIONAL,BRASIL,2026-39,CULINARIOS,NINHO,NESTLE,Y,31210.91,314728.45,0.09916774,0.09916774,444.600,4706.600,0.09446309,1283,5,30,0.8613,0.0138,0.1314,OFICIAL
NACIONAL,BRASIL,2026-39,CULINARIOS,NESQUIK,NESTLE,Y,28865.33,314728.45,0.09171503,0.09171503,264.300,4706.600,0.05615519,796,6,14,0.8613,0.0138,0.1314,OFICIAL
NACIONAL,BRASIL,2026-39,CULINARIOS,MOCA,NESTLE,Y,22884.12,314728.45,0.07271068,0.07271068,356.500,4706.600,0.0757447,749,7,14,0.8613,0.0138,0.1314,OFICIAL
NACIONAL,BRASIL,2026-39,CULINARIOS,BETA,FAB_BETA,N,16335.72,314728.45,0.05190417,0.05190417,271.000,4706.600,0.05757872,687,8,22,0.8613,0.0138,0.1314,OFICIAL
NACIONAL,BRASIL,2026-39,CULINARIOS,VIVA,FAB_VIVA,N,13292.16,314728.45,0.04223374,0.04223374,300.600,4706.600,0.06386776,582,9,22,0.8613,0.0138,0.1314,OFICIAL
NACIONAL,BRASIL,2026-39,CULINARIOS,GAROTO,NESTLE,Y,12804.06,314728.45,0.04068288,0.04068288,300.300,4706.600,0.06380402,568,10,10,0.8613,0.0138,0.1314,OFICIAL
NACIONAL,BRASIL,2026-39,CULINARIOS,ALPHA,FAB_ALPHA,N,11832.80,314728.45,0.03759686,0.03759686,214.100,4706.600,0.04548931,470,11,16,0.8613,0.0138,0.1314,OFICIAL
NACIONAL,BRASIL,2026-39,CULINARIOS,MAGGI,NESTLE,Y,10595.20,314728.45,0.03366458,0.03366458,202.900,4706.600,0.04310968,536,12,17,0.8613,0.0138,0.1314,OFICIAL
NACIONAL,BRASIL,2026-39,CULINARIOS,KITKAT,NESTLE,Y,8820.62,314728.45,0.02802613,0.02802613,158.800,4706.600,0.03373985,362,13,11,0.8613,0.0138,0.1314,OFICIAL
NACIONAL,BRASIL,2026-39,CULINARIOS,NESCAFE,NESTLE,Y,4277.63,314728.45,0.01359149,0.01359149,61.200,4706.600,0.01300302,188,14,5,0.8613,0.0138,0.1314,OFICIAL
NACIONAL,BRASIL,2026-39,LACTEOS,BETA,FAB_BETA,N,46503.60,383017.61,0.12141374,0.12141374,481.500,5153.200,0.09343709,1242,1,20,0.8613,0.0138,0.0511,OFICIAL
NACIONAL,BRASIL,2026-39,LACTEOS,ALPHA,FAB_ALPHA,N,45549.37,383017.61,0.11892239,0.11892239,617.600,5153.200,0.11984786,1358,2,27,0.8613,0.0138,0.0511,OFICIAL
NACIONAL,BRASIL,2026-39,LACTEOS,SOLAR,FAB_SOLAR,N,38741.44,383017.61,0.10114793,0.10114793,507.900,5153.200,0.09856012,1426,3,30,0.8613,0.0138,0.0511,OFICIAL
NACIONAL,BRASIL,2026-39,LACTEOS,DELTA,FAB_DELTA,N,36737.70,383017.61,0.09591648,0.09591648,435.500,5153.200,0.0845106,1333,4,29,0.8613,0.0138,0.0511,OFICIAL
NACIONAL,BRASIL,2026-39,LACTEOS,VIVA,FAB_VIVA,N,35355.82,383017.61,0.0923086,0.0923086,587.900,5153.200,0.11408445,1035,5,27,0.8613,0.0138,0.0511,OFICIAL
NACIONAL,BRASIL,2026-39,LACTEOS,NOVA,FAB_NOVA,N,33807.15,383017.61,0.08826526,0.08826526,437.800,5153.200,0.08495692,1103,6,30,0.8613,0.0138,0.0511,OFICIAL
NACIONAL,BRASIL,2026-39,LACTEOS,NESQUIK,NESTLE,Y,30109.35,383017.61,0.07861088,0.07861088,492.900,5153.200,0.09564931,1023,7,24,0.8613,0.0138,0.0511,OFICIAL
NACIONAL,BRASIL,2026-39,LACTEOS,PRIME,FAB_PRIME,N,28378.74,383017.61,0.07409252,0.07409252,522.700,5153.200,0.10143212,966,8,28,0.8613,0.0138,0.0511,OFICIAL
NACIONAL,BRASIL,2026-39,LACTEOS,GAROTO,NESTLE,Y,19817.53,383017.61,0.05174052,0.05174052,228.500,5153.200,0.04434138,624,9,17,0.8613,0.0138,0.0511,OFICIAL
NACIONAL,BRASIL,2026-39,LACTEOS,NINHO,NESTLE,Y,15201.26,383017.61,0.03968815,0.03968815,132.000,5153.200,0.02561515,601,10,14,0.8613,0.0138,0.0511,OFICIAL
NACIONAL,BRASIL,2026-39,LACTEOS,NESCAFE,NESTLE,Y,14870.65,383017.61,0.03882498,0.03882498,236.400,5153.200,0.04587441,429,11,13,0.8613,0.0138,0.0511,OFICIAL
NACIONAL,BRASIL,2026-39,LACTEOS,MAGGI,NESTLE,Y,14079.01,383017.61,0.03675813,0.03675813,152.700,5153.200,0.02963207,326,12,10,0.8613,0.0138,0.0511,OFICIAL
NACIONAL,BRASIL,2026-39,LACTEOS,MOCA,NESTLE,Y,12929.24,383017.61,0.03375625,0.03375625,164.500,5153.200,0.03192191,464,13,15,0.8613,0.0138,0.0511,OFICIAL
NACIONAL,BRASIL,2026-39,LACTEOS,KITKAT,NESTLE,Y,10936.75,383017.61,0.02855417,0.02855417,155.300,5153.200,0.03013661,323,14,7,0.8613,0.0138,0.0511,OFICIAL
NACIONAL,BRASIL,2026-39,NUTRICAO,DELTA,FAB_DELTA,N,28300.59,244671.69,0.11566761,0.11566761,663.100,4330.900,0.15310905,1099,1,26,0.8613,0.0138,0.0731,OFICIAL
NACIONAL,BRASIL,2026-39,NUTRICAO,GAROTO,NESTLE,Y,25717.47,244671.69,0.10511012,0.10511012,373.800,4330.900,0.08631,706,2,11,0.8613,0.0138,0.0731,OFICIAL
NACIONAL,BRASIL,2026-39,NUTRICAO,BETA,FAB_BETA,N,24504.47,244671.69,0.10015245,0.10015245,550.600,4330.900,0.12713293,871,3,27,0.8613,0.0138,0.0731,OFICIAL
NACIONAL,BRASIL,2026-39,NUTRICAO,ALPHA,FAB_ALPHA,N,22333.78,244671.69,0.09128061,0.09128061,453.300,4330.900,0.10466647,946,4,23,0.8613,0.0138,0.0731,OFICIAL
NACIONAL,BRASIL,2026-39,NUTRICAO,NESQUIK,NESTLE,Y,21174.67,244671.69,0.0865432,0.0865432,402.200,4330.900,0.09286753,1174,5,39,0.8613,0.0138,0.0731,OFICIAL
NACIONAL,BRASIL,2026-39,NUTRICAO,KITKAT,NESTLE,Y,20513.24,244671.69,0.08383986,0.08383986,357.600,4330.900,0.08256944,589,6,17,0.8613,0.0138,0.0731,OFICIAL
NACIONAL,BRASIL,2026-39,NUTRICAO,MOCA,NESTLE,Y,18613.68,244671.69,0.07607615,0.07607615,245.200,4330.900,0.05661641,601,7,11,0.8613,0.0138,0.0731,OFICIAL
NACIONAL,BRASIL,2026-39,NUTRICAO,VIVA,FAB_VIVA,N,17697.38,244671.69,0.07233113,0.07233113,260.600,4330.900,0.06017225,645,8,22,0.8613,0.0138,0.0731,OFICIAL
NACIONAL,BRASIL,2026-39,NUTRICAO,NINHO,NESTLE,Y,15842.10,244671.69,0.0647484,0.0647484,218.900,4330.900,0.05054377,576,9,17,0.8613,0.0138,0.0731,OFICIAL
NACIONAL,BRASIL,2026-39,NUTRICAO,PRIME,FAB_PRIME,N,15685.26,244671.69,0.06410738,0.06410738,235.100,4330.900,0.05428433,385,10,19,0.8613,0.0138,0.0731,OFICIAL
NACIONAL,BRASIL,2026-39,NUTRICAO,SOLAR,FAB_SOLAR,N,13954.77,244671.69,0.05703467,0.05703467,193.500,4330.900,0.04467894,423,11,13,0.8613,0.0138,0.0731,OFICIAL
NACIONAL,BRASIL,2026-39,NUTRICAO,NOVA,FAB_NOVA,N,8249.16,244671.69,0.03371522,0.03371522,161.300,4330.900,0.03724399,404,12,12,0.8613,0.0138,0.0731,OFICIAL
NACIONAL,BRASIL,2026-39,NUTRICAO,MAGGI,NESTLE,Y,6336.21,244671.69,0.02589678,0.02589678,47.000,4330.900,0.01085225,212,13,7,0.8613,0.0138,0.0731,OFICIAL
NACIONAL,BRASIL,2026-39,NUTRICAO,NESCAFE,NESTLE,Y,5748.91,244671.69,0.02349642,0.02349642,168.700,4330.900,0.03895264,437,14,10,0.8613,0.0138,0.0731,OFICIAL
NACIONAL,BRASIL,2026-40,BEBIDAS,DELTA,FAB_DELTA,N,40407.43,282106.59,0.14323462,,442.300,4088.000,0.10819472,1348,1,21,0.8586,0.015,0.9215,NAO_OFICIAL_SEMANA_ABERTA
NACIONAL,BRASIL,2026-40,BEBIDAS,BETA,FAB_BETA,N,36926.76,282106.59,0.13089648,,342.800,4088.000,0.08385519,1123,2,31,0.8586,0.015,0.9215,NAO_OFICIAL_SEMANA_ABERTA
NACIONAL,BRASIL,2026-40,BEBIDAS,PRIME,FAB_PRIME,N,32516.90,282106.59,0.11526459,,575.300,4088.000,0.14072896,1004,3,27,0.8586,0.015,0.9215,NAO_OFICIAL_SEMANA_ABERTA
NACIONAL,BRASIL,2026-40,BEBIDAS,MOCA,NESTLE,Y,24285.41,282106.59,0.08608594,,259.200,4088.000,0.06340509,840,4,11,0.8586,0.015,0.9215,NAO_OFICIAL_SEMANA_ABERTA
NACIONAL,BRASIL,2026-40,BEBIDAS,SOLAR,FAB_SOLAR,N,22905.33,282106.59,0.08119388,,394.000,4088.000,0.09637965,773,5,27,0.8586,0.015,0.9215,NAO_OFICIAL_SEMANA_ABERTA
NACIONAL,BRASIL,2026-40,BEBIDAS,NINHO,NESTLE,Y,18760.71,282106.59,0.0665022,,472.900,4088.000,0.11568004,1049,6,32,0.8586,0.015,0.9215,NAO_OFICIAL_SEMANA_ABERTA
NACIONAL,BRASIL,2026-40,BEBIDAS,MAGGI,NESTLE,Y,18490.44,282106.59,0.06554416,,299.600,4088.000,0.07328767,505,7,10,0.8586,0.015,0.9215,NAO_OFICIAL_SEMANA_ABERTA
NACIONAL,BRASIL,2026-40,BEBIDAS,VIVA,FAB_VIVA,N,18066.93,282106.59,0.06404292,,252.800,4088.000,0.06183953,586,8,17,0.8586,0.015,0.9215,NAO_OFICIAL_SEMANA_ABERTA
NACIONAL,BRASIL,2026-40,BEBIDAS,NESCAFE,NESTLE,Y,15780.96,282106.59,0.05593971,,346.700,4088.000,0.0848092,923,9,31,0.8586,0.015,0.9215,NAO_OFICIAL_SEMANA_ABERTA
NACIONAL,BRASIL,2026-40,BEBIDAS,GAROTO,NESTLE,Y,14055.15,282106.59,0.04982213,,216.800,4088.000,0.05303327,596,10,19,0.8586,0.015,0.9215,NAO_OFICIAL_SEMANA_ABERTA
NACIONAL,BRASIL,2026-40,BEBIDAS,NESQUIK,NESTLE,Y,13330.08,282106.59,0.04725193,,181.100,4088.000,0.04430039,393,11,14,0.8586,0.015,0.9215,NAO_OFICIAL_SEMANA_ABERTA
NACIONAL,BRASIL,2026-40,BEBIDAS,ALPHA,FAB_ALPHA,N,12911.26,282106.59,0.04576731,,196.900,4088.000,0.04816536,495,12,16,0.8586,0.015,0.9215,NAO_OFICIAL_SEMANA_ABERTA
NACIONAL,BRASIL,2026-40,BEBIDAS,NOVA,FAB_NOVA,N,10197.23,282106.59,0.03614673,,55.500,4088.000,0.01357632,308,13,14,0.8586,0.015,0.9215,NAO_OFICIAL_SEMANA_ABERTA
NACIONAL,BRASIL,2026-40,BEBIDAS,KITKAT,NESTLE,Y,3472.00,282106.59,0.0123074,,52.100,4088.000,0.01274462,156,14,5,0.8586,0.015,0.9215,NAO_OFICIAL_SEMANA_ABERTA
NACIONAL,BRASIL,2026-40,CHOCOLATES,BETA,FAB_BETA,N,44124.87,311127.97,0.14182225,,691.300,5042.900,0.13708382,1487,1,35,0.8586,0.015,1.0,NAO_OFICIAL_SEMANA_ABERTA
NACIONAL,BRASIL,2026-40,CHOCOLATES,PRIME,FAB_PRIME,N,34910.05,311127.97,0.11220479,,716.700,5042.900,0.14212061,1268,2,27,0.8586,0.015,1.0,NAO_OFICIAL_SEMANA_ABERTA
NACIONAL,BRASIL,2026-40,CHOCOLATES,ALPHA,FAB_ALPHA,N,33979.99,311127.97,0.10921548,,735.900,5042.900,0.14592794,1328,3,27,0.8586,0.015,1.0,NAO_OFICIAL_SEMANA_ABERTA
NACIONAL,BRASIL,2026-40,CHOCOLATES,NESCAFE,NESTLE,Y,28671.58,311127.97,0.09215366,,536.800,5042.900,0.10644669,774,4,22,0.8586,0.015,1.0,NAO_OFICIAL_SEMANA_ABERTA
NACIONAL,BRASIL,2026-40,CHOCOLATES,DELTA,FAB_DELTA,N,27532.50,311127.97,0.08849253,,481.200,5042.900,0.09542129,1042,5,29,0.8586,0.015,1.0,NAO_OFICIAL_SEMANA_ABERTA
NACIONAL,BRASIL,2026-40,CHOCOLATES,NINHO,NESTLE,Y,27446.14,311127.97,0.08821496,,371.900,5042.900,0.07374725,774,6,22,0.8586,0.015,1.0,NAO_OFICIAL_SEMANA_ABERTA
NACIONAL,BRASIL,2026-40,CHOCOLATES,SOLAR,FAB_SOLAR,N,25485.89,311127.97,0.08191449,,261.200,5042.900,0.05179559,1038,7,20,0.8586,0.015,1.0,NAO_OFICIAL_SEMANA_ABERTA
NACIONAL,BRASIL,2026-40,CHOCOLATES,MAGGI,NESTLE,Y,22944.10,311127.97,0.0737449,,270.300,5042.900,0.05360011,669,8,16,0.8586,0.015,1.0,NAO_OFICIAL_SEMANA_ABERTA
NACIONAL,BRASIL,2026-40,CHOCOLATES,VIVA,FAB_VIVA,N,19989.38,311127.97,0.0642481,,288.000,5042.900,0.05711,598,9,18,0.8586,0.015,1.0,NAO_OFICIAL_SEMANA_ABERTA
NACIONAL,BRASIL,2026-40,CHOCOLATES,NOVA,FAB_NOVA,N,17990.53,311127.97,0.05782357,,204.400,5042.900,0.04053223,593,10,22,0.8586,0.015,1.0,NAO_OFICIAL_SEMANA_ABERTA
NACIONAL,BRASIL,2026-40,CHOCOLATES,KITKAT,NESTLE,Y,10915.78,311127.97,0.03508453,,224.600,5042.900,0.04453787,331,11,10,0.8586,0.015,1.0,NAO_OFICIAL_SEMANA_ABERTA
NACIONAL,BRASIL,2026-40,CHOCOLATES,MOCA,NESTLE,Y,7586.47,311127.97,0.02438376,,102.200,5042.900,0.02026612,319,12,12,0.8586,0.015,1.0,NAO_OFICIAL_SEMANA_ABERTA
NACIONAL,BRASIL,2026-40,CHOCOLATES,NESQUIK,NESTLE,Y,5996.00,311127.97,0.01927181,,66.200,5042.900,0.01312737,231,13,5,0.8586,0.015,1.0,NAO_OFICIAL_SEMANA_ABERTA
NACIONAL,BRASIL,2026-40,CHOCOLATES,GAROTO,NESTLE,Y,3554.69,311127.97,0.01142517,,92.200,5042.900,0.01828313,133,14,6,0.8586,0.015,1.0,NAO_OFICIAL_SEMANA_ABERTA
NACIONAL,BRASIL,2026-40,CULINARIOS,PRIME,FAB_PRIME,N,44876.74,297277.81,0.15095893,,504.300,4467.200,0.11288951,1321,1,32,0.8586,0.015,1.0,NAO_OFICIAL_SEMANA_ABERTA
NACIONAL,BRASIL,2026-40,CULINARIOS,NOVA,FAB_NOVA,N,41941.02,297277.81,0.14108359,,544.600,4467.200,0.12191082,1245,2,41,0.8586,0.015,1.0,NAO_OFICIAL_SEMANA_ABERTA
NACIONAL,BRASIL,2026-40,CULINARIOS,BETA,FAB_BETA,N,27178.61,297277.81,0.09142495,,348.300,4467.200,0.0779683,940,3,26,0.8586,0.015,1.0,NAO_OFICIAL_SEMANA_ABERTA
NACIONAL,BRASIL,2026-40,CULINARIOS,SOLAR,FAB_SOLAR,N,23722.26,297277.81,0.07979829,,399.300,4467.200,0.08938485,892,4,18,0.8586,0.015,1.0,NAO_OFICIAL_SEMANA_ABERTA
NACIONAL,BRASIL,2026-40,CULINARIOS,DELTA,FAB_DELTA,N,22030.34,297277.81,0.07410691,,225.600,4467.200,0.05050143,524,5,16,0.8586,0.015,1.0,NAO_OFICIAL_SEMANA_ABERTA
NACIONAL,BRASIL,2026-40,CULINARIOS,VIVA,FAB_VIVA,N,20555.54,297277.81,0.06914589,,410.600,4467.200,0.0919144,768,6,27,0.8586,0.015,1.0,NAO_OFICIAL_SEMANA_ABERTA
NACIONAL,BRASIL,2026-40,CULINARIOS,NINHO,NESTLE,Y,20133.46,297277.81,0.06772608,,291.700,4467.200,0.06529817,712,7,18,0.8586,0.015,1.0,NAO_OFICIAL_SEMANA_ABERTA
NACIONAL,BRASIL,2026-40,CULINARIOS,MOCA,NESTLE,Y,18689.24,297277.81,0.06286793,,444.900,4467.200,0.09959259,772,8,19,0.8586,0.015,1.0,NAO_OFICIAL_SEMANA_ABERTA
NACIONAL,BRASIL,2026-40,CULINARIOS,KITKAT,NESTLE,Y,18500.98,297277.81,0.06223465,,366.300,4467.200,0.08199767,656,9,14,0.8586,0.015,1.0,NAO_OFICIAL_SEMANA_ABERTA
NACIONAL,BRASIL,2026-40,CULINARIOS,NESQUIK,NESTLE,Y,13029.22,297277.81,0.04382843,,174.900,4467.200,0.03915204,387,10,8,0.8586,0.015,1.0,NAO_OFICIAL_SEMANA_ABERTA
NACIONAL,BRASIL,2026-40,CULINARIOS,MAGGI,NESTLE,Y,12982.64,297277.81,0.04367174,,179.700,4467.200,0.04022654,336,11,10,0.8586,0.015,1.0,NAO_OFICIAL_SEMANA_ABERTA
NACIONAL,BRASIL,2026-40,CULINARIOS,ALPHA,FAB_ALPHA,N,12231.61,297277.81,0.04114539,,240.600,4467.200,0.05385924,436,12,15,0.8586,0.015,1.0,NAO_OFICIAL_SEMANA_ABERTA
NACIONAL,BRASIL,2026-40,CULINARIOS,NESCAFE,NESTLE,Y,11340.82,297277.81,0.0381489,,183.000,4467.200,0.04096526,332,13,12,0.8586,0.015,1.0,NAO_OFICIAL_SEMANA_ABERTA
NACIONAL,BRASIL,2026-40,CULINARIOS,GAROTO,NESTLE,Y,10065.33,297277.81,0.03385833,,153.400,4467.200,0.03433918,336,14,12,0.8586,0.015,1.0,NAO_OFICIAL_SEMANA_ABERTA
NACIONAL,BRASIL,2026-40,LACTEOS,BETA,FAB_BETA,N,39510.55,312349.46,0.1264947,,570.300,5551.100,0.10273639,1330,1,27,0.8586,0.015,1.0,NAO_OFICIAL_SEMANA_ABERTA
NACIONAL,BRASIL,2026-40,LACTEOS,DELTA,FAB_DELTA,N,38660.58,312349.46,0.12377348,,703.900,5551.100,0.1268037,1385,2,35,0.8586,0.015,1.0,NAO_OFICIAL_SEMANA_ABERTA
NACIONAL,BRASIL,2026-40,LACTEOS,ALPHA,FAB_ALPHA,N,37515.54,312349.46,0.12010759,,631.800,5551.100,0.11381528,1157,3,30,0.8586,0.015,1.0,NAO_OFICIAL_SEMANA_ABERTA
NACIONAL,BRASIL,2026-40,LACTEOS,SOLAR,FAB_SOLAR,N,34610.58,312349.46,0.11080723,,608.400,5551.100,0.1095999,1211,4,28,0.8586,0.015,1.0,NAO_OFICIAL_SEMANA_ABERTA
NACIONAL,BRASIL,2026-40,LACTEOS,MOCA,NESTLE,Y,27925.50,312349.46,0.08940467,,169.800,5551.100,0.03058853,639,5,12,0.8586,0.015,1.0,NAO_OFICIAL_SEMANA_ABERTA
NACIONAL,BRASIL,2026-40,LACTEOS,PRIME,FAB_PRIME,N,24636.51,312349.46,0.07887483,,638.800,5551.100,0.11507629,988,6,17,0.8586,0.015,1.0,NAO_OFICIAL_SEMANA_ABERTA
NACIONAL,BRASIL,2026-40,LACTEOS,VIVA,FAB_VIVA,N,23849.91,312349.46,0.0763565,,581.800,5551.100,0.10480806,1177,7,24,0.8586,0.015,1.0,NAO_OFICIAL_SEMANA_ABERTA
NACIONAL,BRASIL,2026-40,LACTEOS,NOVA,FAB_NOVA,N,18096.55,312349.46,0.05793687,,228.300,5551.100,0.04112698,558,8,22,0.8586,0.015,1.0,NAO_OFICIAL_SEMANA_ABERTA
NACIONAL,BRASIL,2026-40,LACTEOS,NESQUIK,NESTLE,Y,14502.32,312349.46,0.04642979,,388.000,5551.100,0.06989606,749,9,21,0.8586,0.015,1.0,NAO_OFICIAL_SEMANA_ABERTA
NACIONAL,BRASIL,2026-40,LACTEOS,NESCAFE,NESTLE,Y,14366.67,312349.46,0.0459955,,134.900,5551.100,0.02430149,368,10,10,0.8586,0.015,1.0,NAO_OFICIAL_SEMANA_ABERTA
NACIONAL,BRASIL,2026-40,LACTEOS,GAROTO,NESTLE,Y,13482.19,312349.46,0.0431638,,302.800,5551.100,0.05454775,751,11,20,0.8586,0.015,1.0,NAO_OFICIAL_SEMANA_ABERTA
NACIONAL,BRASIL,2026-40,LACTEOS,KITKAT,NESTLE,Y,11372.11,312349.46,0.03640829,,219.000,5551.100,0.03945164,416,12,12,0.8586,0.015,1.0,NAO_OFICIAL_SEMANA_ABERTA
NACIONAL,BRASIL,2026-40,LACTEOS,NINHO,NESTLE,Y,11127.60,312349.46,0.03562548,,240.000,5551.100,0.04323467,519,13,16,0.8586,0.015,1.0,NAO_OFICIAL_SEMANA_ABERTA
NACIONAL,BRASIL,2026-40,LACTEOS,MAGGI,NESTLE,Y,2692.85,312349.46,0.00862127,,133.300,5551.100,0.02401326,269,14,8,0.8586,0.015,1.0,NAO_OFICIAL_SEMANA_ABERTA
NACIONAL,BRASIL,2026-40,NUTRICAO,KITKAT,NESTLE,Y,40236.61,290709.77,0.13840818,,940.100,5778.100,0.16270054,2300,1,14,0.8586,0.015,0.9793,NAO_OFICIAL_SEMANA_ABERTA
NACIONAL,BRASIL,2026-40,NUTRICAO,BETA,FAB_BETA,N,36087.59,290709.77,0.12413614,,703.700,5778.100,0.12178744,1287,2,26,0.8586,0.015,0.9793,NAO_OFICIAL_SEMANA_ABERTA
NACIONAL,BRASIL,2026-40,NUTRICAO,DELTA,FAB_DELTA,N,28653.65,290709.77,0.09856445,,487.900,5778.100,0.08443952,1091,3,34,0.8586,0.015,0.9793,NAO_OFICIAL_SEMANA_ABERTA
NACIONAL,BRASIL,2026-40,NUTRICAO,PRIME,FAB_PRIME,N,26712.34,290709.77,0.09188663,,426.200,5778.100,0.07376127,929,4,20,0.8586,0.015,0.9793,NAO_OFICIAL_SEMANA_ABERTA
NACIONAL,BRASIL,2026-40,NUTRICAO,NOVA,FAB_NOVA,N,23204.16,290709.77,0.07981899,,566.200,5778.100,0.09799069,731,5,23,0.8586,0.015,0.9793,NAO_OFICIAL_SEMANA_ABERTA
NACIONAL,BRASIL,2026-40,NUTRICAO,ALPHA,FAB_ALPHA,N,22859.48,290709.77,0.07863334,,318.400,5778.100,0.05510462,801,6,28,0.8586,0.015,0.9793,NAO_OFICIAL_SEMANA_ABERTA
NACIONAL,BRASIL,2026-40,NUTRICAO,VIVA,FAB_VIVA,N,22675.47,290709.77,0.07800037,,567.000,5778.100,0.09812914,793,7,19,0.8586,0.015,0.9793,NAO_OFICIAL_SEMANA_ABERTA
NACIONAL,BRASIL,2026-40,NUTRICAO,SOLAR,FAB_SOLAR,N,20904.72,290709.77,0.07190924,,392.900,5778.100,0.06799813,640,8,22,0.8586,0.015,0.9793,NAO_OFICIAL_SEMANA_ABERTA
NACIONAL,BRASIL,2026-40,NUTRICAO,NESCAFE,NESTLE,Y,18486.85,290709.77,0.06359212,,169.600,5778.100,0.02935221,644,9,16,0.8586,0.015,0.9793,NAO_OFICIAL_SEMANA_ABERTA
NACIONAL,BRASIL,2026-40,NUTRICAO,NESQUIK,NESTLE,Y,16478.79,290709.77,0.05668468,,404.100,5778.100,0.06993648,1071,10,36,0.8586,0.015,0.9793,NAO_OFICIAL_SEMANA_ABERTA
NACIONAL,BRASIL,2026-40,NUTRICAO,MOCA,NESTLE,Y,13253.57,290709.77,0.04559038,,440.600,5778.100,0.07625344,665,11,14,0.8586,0.015,0.9793,NAO_OFICIAL_SEMANA_ABERTA
NACIONAL,BRASIL,2026-40,NUTRICAO,NINHO,NESTLE,Y,13154.57,290709.77,0.04524984,,200.600,5778.100,0.03471729,462,12,14,0.8586,0.015,0.9793,NAO_OFICIAL_SEMANA_ABERTA
NACIONAL,BRASIL,2026-40,NUTRICAO,GAROTO,NESTLE,Y,6692.85,290709.77,0.02302245,,114.400,5778.100,0.0197989,214,13,7,0.8586,0.015,0.9793,NAO_OFICIAL_SEMANA_ABERTA
NACIONAL,BRASIL,2026-40,NUTRICAO,MAGGI,NESTLE,Y,1309.12,290709.77,0.00450319,,46.400,5778.100,0.00803032,177,14,6,0.8586,0.015,0.9793,NAO_OFICIAL_SEMANA_ABERTA
