provider,year_week,retailer_name,expected_stores,received_stores,file_received,expected_delivery_date,actual_delivery_date
A,2025-02,REDE 01,62,0,Y,2025-01-09,2025-01-08
A,2025-02,REDE 02,32,20,Y,2025-01-09,2025-01-11
A,2025-02,REDE 03,41,28,Y,2025-01-09,2025-01-11
A,2025-02,REDE 04,80,82,Y,2025-01-09,2025-01-09
A,2025-02,REDE 05,68,56,Y,2025-01-09,2025-01-11
A,2025-02,REDE 06,83,78,Y,2025-01-09,2025-01-08
A,2025-02,REDE 07,42,39,Y,2025-01-09,2025-01-08
A,2025-02,REDE 08,50,49,Y,2025-01-09,2025-01-09
A,2025-02,REDE 09,35,22,Y,2025-01-09,2025-01-08
A,2025-02,REDE 10,69,0,Y,2025-01-09,2025-01-08
A,2025-02,REDE 11,74,67,Y,2025-01-09,2025-01-09
A,2025-02,REDE 12,36,23,Y,2025-01-09,2025-01-11
A,2025-02,REDE 13,42,38,Y,2025-01-09,2025-01-08
A,2025-02,REDE 14,28,20,Y,2025-01-09,2025-01-08
A,2025-02,REDE 15,27,23,Y,2025-01-09,2025-01-10
A,2025-02,REDE 16,69,63,Y,2025-01-09,2025-01-10
A,2025-02,REDE 17,75,60,Y,2025-01-09,2025-01-11
A,2025-02,REDE 18,86,88,Y,2025-01-09,2025-01-10
A,2025-02,REDE 19,57,48,Y,2025-01-09,2025-01-09
A,2025-02,REDE 20,46,38,Y,2025-01-09,2025-01-11
A,2025-02,REDE 21,56,59,Y,2025-01-09,2025-01-11
A,2025-02,REDE 22,20,19,Y,2025-01-09,2025-01-10
A,2025-02,REDE 23,60,45,N,2025-01-09,2025-01-09
A,2025-02,REDE 24,62,55,Y,2025-01-09,2025-01-11
A,2025-02,REDE 25,46,33,Y,2025-01-09,2025-01-08
A,2025-02,REDE 26,27,20,Y,2025-01-09,2025-01-09
A,2025-02,REDE 27,40,28,Y,2025-01-09,2025-01-08
A,2025-02,REDE 28,86,73,N,2025-01-09,2025-01-08
A,2025-02,REDE 29,23,26,Y,2025-01-09,2025-01-09
A,2025-02,REDE 30,83,85,Y,2025-01-09,2025-01-08
A,2025-02,REDE 31,75,63,Y,2025-01-09,2025-01-11
A,2025-02,REDE 32,41,42,Y,2025-01-09,2025-01-11
A,2025-02,REDE 33,45,36,Y,2025-01-09,2025-01-08
A,2025-02,REDE 34,62,53,Y,2025-01-09,2025-01-10
A,2025-02,REDE 35,33,33,Y,2025-01-09,2025-01-11
A,2025-03,REDE 01,54,54,Y,2025-01-16,2025-01-16
A,2025-03,REDE 02,24,24,Y,2025-01-16,2025-01-17
A,2025-03,REDE 03,37,30,Y,2025-01-16,2025-01-17
A,2025-03,REDE 04,64,55,Y,2025-01-16,2025-01-15
A,2025-03,REDE 05,35,20,Y,2025-01-16,2025-01-18
A,2025-03,REDE 06,69,56,Y,2025-01-16,2025-01-18
A,2025-03,REDE 07,31,28,Y,2025-01-16,2025-01-16
A,2025-03,REDE 08,52,48,Y,2025-01-16,2025-01-16
A,2025-03,REDE 09,85,78,Y,2025-01-16,2025-01-15
A,2025-03,REDE 10,36,39,Y,2025-01-16,2025-01-18
A,2025-03,REDE 11,61,56,Y,2025-01-16,2025-01-18
A,2025-03,REDE 12,40,25,Y,2025-01-16,2025-01-18
A,2025-03,REDE 13,47,34,Y,2025-01-16,2025-01-17
A,2025-03,REDE 14,31,26,Y,2025-01-16,2025-01-17
A,2025-03,REDE 15,72,62,Y,2025-01-16,2025-01-15
A,2025-03,REDE 16,30,32,Y,2025-01-16,2025-01-16
A,2025-03,REDE 17,35,33,Y,2025-01-16,2025-01-15
A,2025-03,REDE 18,38,24,Y,2025-01-16,2025-01-15
A,2025-03,REDE 19,38,30,Y,2025-01-16,2025-01-17
A,2025-03,REDE 20,51,48,Y,2025-01-16,2025-01-17
A,2025-03,REDE 21,65,51,Y,2025-01-16,2025-01-17
A,2025-03,REDE 22,33,32,Y,2025-01-16,2025-01-16
A,2025-03,REDE 23,58,57,Y,2025-01-16,2025-01-17
A,2025-03,REDE 24,32,22,Y,2025-01-16,2025-01-18
A,2025-03,REDE 25,49,38,Y,2025-01-16,2025-01-16
A,2025-03,REDE 26,47,44,Y,2025-01-16,2025-01-18
A,2025-03,REDE 27,74,65,Y,2025-01-16,2025-01-15
A,2025-03,REDE 28,74,61,Y,2025-01-16,2025-01-16
A,2025-03,REDE 29,85,85,Y,2025-01-16,2025-01-15
A,2025-03,REDE 30,67,62,Y,2025-01-16,2025-01-16
A,2025-03,REDE 31,30,24,Y,2025-01-16,2025-01-16
A,2025-03,REDE 32,88,88,Y,2025-01-16,2025-01-18
A,2025-03,REDE 33,83,71,Y,2025-01-16,2025-01-17
A,2025-03,REDE 34,82,82,Y,2025-01-16,2025-01-18
A,2025-03,REDE 35,70,69,Y,2025-01-16,2025-01-17
A,2025-04,REDE 01,73,69,Y,2025-01-23,2025-01-24
A,2025-04,REDE 02,89,88,Y,2025-01-23,2025-01-25
A,2025-04,REDE 03,90,93,Y,2025-01-23,2025-01-25
A,2025-04,REDE 04,52,40,Y,2025-01-23,2025-01-23
A,2025-04,REDE 05,40,35,Y,2025-01-23,2025-01-23
A,2025-04,REDE 06,73,59,Y,2025-01-23,2025-01-23
A,2025-04,REDE 07,69,58,Y,2025-01-23,2025-01-24
A,2025-04,REDE 08,42,42,Y,2025-01-23,2025-01-23
A,2025-04,REDE 09,32,31,Y,2025-01-23,2025-01-24
A,2025-04,REDE 10,48,43,Y,2025-01-23,2025-01-22
A,2025-04,REDE 11,37,32,Y,2025-01-23,2025-01-23
A,2025-04,REDE 12,26,20,Y,2025-01-23,2025-01-22
A,2025-04,REDE 13,27,26,Y,2025-01-23,2025-01-22
A,2025-04,REDE 14,32,24,Y,2025-01-23,2025-01-22
A,2025-04,REDE 15,62,60,Y,2025-01-23,2025-01-22
A,2025-04,REDE 16,73,66,Y,2025-01-23,2025-01-25
A,2025-04,REDE 17,38,40,Y,2025-01-23,2025-01-25
A,2025-04,REDE 18,37,32,Y,2025-01-23,2025-01-23
A,2025-04,REDE 19,47,40,Y,2025-01-23,2025-01-25
A,2025-04,REDE 20,56,48,Y,2025-01-23,2025-01-25
A,2025-04,REDE 21,34,27,Y,2025-01-23,2025-01-25
A,2025-04,REDE 22,22,18,Y,2025-01-23,2025-01-24
A,2025-04,REDE 23,39,36,Y,2025-01-23,2025-01-23
A,2025-04,REDE 24,71,64,Y,2025-01-23,2025-01-22
A,2025-04,REDE 25,58,56,Y,2025-01-23,2025-01-23
A,2025-04,REDE 26,52,52,Y,2025-01-23,2025-01-24
A,2025-04,REDE 27,77,79,Y,2025-01-23,2025-01-23
A,2025-04,REDE 28,21,14,Y,2025-01-23,2025-01-22
A,2025-04,REDE 29,74,68,Y,2025-01-23,2025-01-23
A,2025-04,REDE 30,84,74,Y,2025-01-23,2025-01-23
A,2025-04,REDE 31,27,23,Y,2025-01-23,2025-01-23
A,2025-04,REDE 32,74,62,Y,2025-01-23,2025-01-22
A,2025-04,REDE 33,32,33,Y,2025-01-23,2025-01-24
A,2025-04,REDE 34,79,81,Y,2025-01-23,2025-01-24
A,2025-04,REDE 35,69,56,Y,2025-01-23,2025-01-24
A,2025-05,REDE 01,51,52,Y,2025-01-30,2025-01-29
A,2025-05,REDE 02,40,28,Y,2025-01-30,2025-02-01
A,2025-05,REDE 03,25,25,Y,2025-01-30,2025-02-01
A,2025-05,REDE 04,77,78,Y,2025-01-30,2025-01-31
A,2025-05,REDE 05,79,77,Y,2025-01-30,2025-01-29
A,2025-05,REDE 06,68,58,Y,2025-01-30,2025-02-01
A,2025-05,REDE 07,53,50,Y,2025-01-30,2025-01-30
A,2025-05,REDE 08,43,34,Y,2025-01-30,2025-01-29
A,2025-05,REDE 09,74,66,Y,2025-01-30,2025-01-31
A,2025-05,REDE 10,23,13,Y,2025-01-30,2025-01-31
A,2025-05,REDE 11,54,46,Y,2025-01-30,2025-01-29
A,2025-05,REDE 12,72,69,Y,2025-01-30,2025-01-31
A,2025-05,REDE 13,41,41,Y,2025-01-30,2025-02-01
A,2025-05,REDE 14,67,67,Y,2025-01-30,2025-01-29
A,2025-05,REDE 15,78,70,Y,2025-01-30,2025-01-30
A,2025-05,REDE 16,72,59,Y,2025-01-30,2025-01-30
A,2025-05,REDE 17,72,66,Y,2025-01-30,2025-01-29
A,2025-05,REDE 18,47,48,N,2025-01-30,2025-01-29
A,2025-05,REDE 19,64,60,Y,2025-01-30,2025-02-01
A,2025-05,REDE 20,41,30,Y,2025-01-30,2025-01-29
A,2025-05,REDE 21,52,41,Y,2025-01-30,2025-02-01
A,2025-05,REDE 22,58,44,Y,2025-01-30,2025-01-29
A,2025-05,REDE 23,44,37,Y,2025-01-30,2025-01-31
A,2025-05,REDE 24,56,57,Y,2025-01-30,2025-01-29
A,2025-05,REDE 25,42,36,Y,2025-01-30,2025-01-29
A,2025-05,REDE 26,36,24,Y,2025-01-30,2025-01-29
A,2025-05,REDE 27,32,22,Y,2025-01-30,2025-01-29
A,2025-05,REDE 28,55,43,Y,2025-01-30,2025-01-29
A,2025-05,REDE 29,61,57,Y,2025-01-30,2025-01-31
A,2025-05,REDE 30,26,14,Y,2025-01-30,2025-01-30
A,2025-05,REDE 31,22,17,Y,2025-01-30,2025-01-29
A,2025-05,REDE 32,60,52,Y,2025-01-30,2025-01-30
A,2025-05,REDE 33,59,59,Y,2025-01-30,2025-02-01
A,2025-05,REDE 34,46,32,Y,2025-01-30,2025-01-31
A,2025-05,REDE 35,38,38,Y,2025-01-30,2025-02-01
A,2025-06,REDE 01,34,29,Y,2025-02-06,2025-02-05
A,2025-06,REDE 02,40,36,Y,2025-02-06,2025-02-06
A,2025-06,REDE 03,49,48,Y,2025-02-06,2025-02-05
A,2025-06,REDE 04,84,69,Y,2025-02-06,2025-02-08
A,2025-06,REDE 05,55,57,Y,2025-02-06,2025-02-08
A,2025-06,REDE 06,65,55,Y,2025-02-06,2025-02-07
A,2025-06,REDE 07,67,61,Y,2025-02-06,2025-02-08
A,2025-06,REDE 08,33,34,Y,2025-02-06,2025-02-08
A,2025-06,REDE 09,20,14,Y,2025-02-06,2025-02-08
A,2025-06,REDE 10,33,27,Y,2025-02-06,2025-02-08
A,2025-06,REDE 11,59,62,Y,2025-02-06,2025-02-07
A,2025-06,REDE 12,73,75,Y,2025-02-06,2025-02-08
A,2025-06,REDE 13,64,58,Y,2025-02-06,2025-02-05
A,2025-06,REDE 14,31,33,Y,2025-02-06,2025-02-06
A,2025-06,REDE 15,81,80,Y,2025-02-06,2025-02-07
A,2025-06,REDE 16,69,55,Y,2025-02-06,2025-02-05
A,2025-06,REDE 17,68,61,Y,2025-02-06,2025-02-08
A,2025-06,REDE 18,52,47,Y,2025-02-06,2025-02-08
A,2025-06,REDE 19,32,34,Y,2025-02-06,2025-02-07
A,2025-06,REDE 20,25,26,Y,2025-02-06,2025-02-07
A,2025-06,REDE 21,75,77,Y,2025-02-06,2025-02-05
A,2025-06,REDE 22,54,42,Y,2025-02-06,2025-02-07
A,2025-06,REDE 23,86,76,Y,2025-02-06,2025-02-06
A,2025-06,REDE 24,49,44,Y,2025-02-06,2025-02-08
A,2025-06,REDE 25,56,47,Y,2025-02-06,2025-02-06
A,2025-06,REDE 26,33,32,Y,2025-02-06,2025-02-08
A,2025-06,REDE 27,36,37,Y,2025-02-06,2025-02-06
A,2025-06,REDE 28,31,24,Y,2025-02-06,2025-02-05
A,2025-06,REDE 29,33,26,Y,2025-02-06,2025-02-08
A,2025-06,REDE 30,52,50,Y,2025-02-06,2025-02-06
A,2025-06,REDE 31,79,72,Y,2025-02-06,2025-02-05
A,2025-06,REDE 32,32,21,Y,2025-02-06,2025-02-08
A,2025-06,REDE 33,88,87,Y,2025-02-06,2025-02-07
A,2025-06,REDE 34,37,22,Y,2025-02-06,2025-02-05
A,2025-06,REDE 35,71,70,Y,2025-02-06,2025-02-07
A,2025-07,REDE 01,26,14,Y,2025-02-13,2025-02-12
A,2025-07,REDE 02,23,17,Y,2025-02-13,2025-02-15
A,2025-07,REDE 03,32,32,Y,2025-02-13,2025-02-12
A,2025-07,REDE 04,85,78,Y,2025-02-13,2025-02-15
A,2025-07,REDE 05,58,58,Y,2025-02-13,2025-02-12
A,2025-07,REDE 06,73,65,Y,2025-02-13,2025-02-14
A,2025-07,REDE 07,58,51,Y,2025-02-13,2025-02-13
A,2025-07,REDE 08,77,64,Y,2025-02-13,2025-02-14
A,2025-07,REDE 09,21,0,Y,2025-02-13,2025-02-12
A,2025-07,REDE 10,22,12,N,2025-02-13,2025-02-12
A,2025-07,REDE 11,73,71,Y,2025-02-13,2025-02-13
A,2025-07,REDE 12,89,90,Y,2025-02-13,2025-02-13
A,2025-07,REDE 13,41,43,Y,2025-02-13,2025-02-14
A,2025-07,REDE 14,75,74,Y,2025-02-13,2025-02-14
A,2025-07,REDE 15,23,13,Y,2025-02-13,2025-02-15
A,2025-07,REDE 16,56,52,N,2025-02-13,2025-02-14
A,2025-07,REDE 17,87,87,Y,2025-02-13,2025-02-12
A,2025-07,REDE 18,29,29,Y,2025-02-13,2025-02-13
A,2025-07,REDE 19,30,28,Y,2025-02-13,2025-02-14
A,2025-07,REDE 20,53,52,Y,2025-02-13,2025-02-12
A,2025-07,REDE 21,47,44,Y,2025-02-13,2025-02-13
A,2025-07,REDE 22,75,61,Y,2025-02-13,2025-02-12
A,2025-07,REDE 23,64,67,Y,2025-02-13,2025-02-15
A,2025-07,REDE 24,69,57,N,2025-02-13,2025-02-13
A,2025-07,REDE 25,54,50,Y,2025-02-13,2025-02-13
A,2025-07,REDE 26,22,23,Y,2025-02-13,2025-02-12
A,2025-07,REDE 27,81,83,Y,2025-02-13,2025-02-14
A,2025-07,REDE 28,74,70,Y,2025-02-13,2025-02-14
A,2025-07,REDE 29,85,72,Y,2025-02-13,2025-02-14
A,2025-07,REDE 30,84,85,Y,2025-02-13,2025-02-12
A,2025-07,REDE 31,64,62,Y,2025-02-13,2025-02-15
A,2025-07,REDE 32,21,20,Y,2025-02-13,2025-02-13
A,2025-07,REDE 33,33,19,Y,2025-02-13,2025-02-13
A,2025-07,REDE 34,51,49,Y,2025-02-13,2025-02-13
A,2025-07,REDE 35,23,15,Y,2025-02-13,2025-02-15
A,2025-08,REDE 01,57,43,Y,2025-02-20,2025-02-21
A,2025-08,REDE 02,87,74,Y,2025-02-20,2025-02-21
A,2025-08,REDE 03,38,36,Y,2025-02-20,2025-02-19
A,2025-08,REDE 04,47,44,Y,2025-02-20,2025-02-22
A,2025-08,REDE 05,29,31,Y,2025-02-20,2025-02-22
A,2025-08,REDE 06,29,27,Y,2025-02-20,2025-02-20
A,2025-08,REDE 07,36,24,Y,2025-02-20,2025-02-21
A,2025-08,REDE 08,22,17,Y,2025-02-20,2025-02-20
A,2025-08,REDE 09,78,70,Y,2025-02-20,2025-02-20
A,2025-08,REDE 10,67,69,Y,2025-02-20,2025-02-22
A,2025-08,REDE 11,89,75,Y,2025-02-20,2025-02-20
A,2025-08,REDE 12,45,44,Y,2025-02-20,2025-02-19
A,2025-08,REDE 13,55,56,Y,2025-02-20,2025-02-22
A,2025-08,REDE 14,78,63,Y,2025-02-20,2025-02-20
A,2025-08,REDE 15,55,58,Y,2025-02-20,2025-02-22
A,2025-08,REDE 16,83,78,Y,2025-02-20,2025-02-22
A,2025-08,REDE 17,64,50,Y,2025-02-20,2025-02-19
A,2025-08,REDE 18,61,56,Y,2025-02-20,2025-02-21
A,2025-08,REDE 19,33,31,Y,2025-02-20,2025-02-20
A,2025-08,REDE 20,61,52,Y,2025-02-20,2025-02-21
A,2025-08,REDE 21,64,63,Y,2025-02-20,2025-02-20
A,2025-08,REDE 22,28,22,Y,2025-02-20,2025-02-20
A,2025-08,REDE 23,41,36,Y,2025-02-20,2025-02-22
A,2025-08,REDE 24,83,79,Y,2025-02-20,2025-02-19
A,2025-08,REDE 25,89,79,Y,2025-02-20,2025-02-19
A,2025-08,REDE 26,36,23,Y,2025-02-20,2025-02-19
A,2025-08,REDE 27,81,79,Y,2025-02-20,2025-02-19
A,2025-08,REDE 28,69,68,Y,2025-02-20,2025-02-22
A,2025-08,REDE 29,64,56,Y,2025-02-20,2025-02-22
A,2025-08,REDE 30,39,36,Y,2025-02-20,2025-02-22
A,2025-08,REDE 31,58,53,Y,2025-02-20,2025-02-22
A,2025-08,REDE 32,57,52,Y,2025-02-20,2025-02-19
A,2025-08,REDE 33,90,87,Y,2025-02-20,2025-02-19
A,2025-08,REDE 34,46,35,Y,2025-02-20,2025-02-20
A,2025-08,REDE 35,45,48,Y,2025-02-20,2025-02-20
A,2025-09,REDE 01,71,58,Y,2025-02-27,2025-03-01
A,2025-09,REDE 02,50,48,Y,2025-02-27,2025-03-01
A,2025-09,REDE 03,55,0,Y,2025-02-27,2025-02-27
A,2025-09,REDE 04,76,72,Y,2025-02-27,2025-03-01
A,2025-09,REDE 05,69,69,Y,2025-02-27,2025-02-28
A,2025-09,REDE 06,78,77,Y,2025-02-27,2025-02-28
A,2025-09,REDE 07,41,40,Y,2025-02-27,2025-02-28
A,2025-09,REDE 08,66,0,Y,2025-02-27,2025-02-26
A,2025-09,REDE 09,65,60,Y,2025-02-27,2025-03-01
A,2025-09,REDE 10,52,42,Y,2025-02-27,2025-02-28
A,2025-09,REDE 11,49,35,Y,2025-02-27,2025-02-27
A,2025-09,REDE 12,55,0,Y,2025-02-27,2025-02-28
A,2025-09,REDE 13,35,38,Y,2025-02-27,2025-03-01
A,2025-09,REDE 14,31,21,Y,2025-02-27,2025-03-01
A,2025-09,REDE 15,51,49,Y,2025-02-27,2025-02-27
A,2025-09,REDE 16,52,55,Y,2025-02-27,2025-03-01
A,2025-09,REDE 17,33,29,Y,2025-02-27,2025-02-26
A,2025-09,REDE 18,80,71,Y,2025-02-27,2025-03-01
A,2025-09,REDE 19,28,14,Y,2025-02-27,2025-02-28
A,2025-09,REDE 20,72,74,Y,2025-02-27,2025-02-26
A,2025-09,REDE 21,67,53,Y,2025-02-27,2025-02-27
A,2025-09,REDE 22,85,80,Y,2025-02-27,2025-02-28
A,2025-09,REDE 23,41,38,Y,2025-02-27,2025-03-01
A,2025-09,REDE 24,23,9,Y,2025-02-27,2025-02-28
A,2025-09,REDE 25,22,11,Y,2025-02-27,2025-02-26
A,2025-09,REDE 26,34,23,Y,2025-02-27,2025-02-27
A,2025-09,REDE 27,80,67,Y,2025-02-27,2025-02-27
A,2025-09,REDE 28,49,36,Y,2025-02-27,2025-03-01
A,2025-09,REDE 29,84,85,Y,2025-02-27,2025-02-26
A,2025-09,REDE 30,63,64,Y,2025-02-27,2025-03-01
A,2025-09,REDE 31,75,61,Y,2025-02-27,2025-02-26
A,2025-09,REDE 32,45,42,Y,2025-02-27,2025-02-27
A,2025-09,REDE 33,20,7,Y,2025-02-27,2025-03-01
A,2025-09,REDE 34,77,78,Y,2025-02-27,2025-02-26
A,2025-09,REDE 35,31,31,Y,2025-02-27,2025-02-27
A,2025-10,REDE 01,71,58,Y,2025-03-06,2025-03-06
A,2025-10,REDE 02,86,89,Y,2025-03-06,2025-03-08
A,2025-10,REDE 03,87,86,Y,2025-03-06,2025-03-06
A,2025-10,REDE 04,44,39,Y,2025-03-06,2025-03-08
A,2025-10,REDE 05,22,12,Y,2025-03-06,2025-03-06
A,2025-10,REDE 06,74,67,Y,2025-03-06,2025-03-06
A,2025-10,REDE 07,69,60,Y,2025-03-06,2025-03-07
A,2025-10,REDE 08,83,84,Y,2025-03-06,2025-03-06
A,2025-10,REDE 09,64,56,Y,2025-03-06,2025-03-06
A,2025-10,REDE 10,33,28,Y,2025-03-06,2025-03-06
A,2025-10,REDE 11,25,13,Y,2025-03-06,2025-03-06
A,2025-10,REDE 12,66,66,Y,2025-03-06,2025-03-05
A,2025-10,REDE 13,86,89,Y,2025-03-06,2025-03-06
A,2025-10,REDE 14,44,43,Y,2025-03-06,2025-03-05
A,2025-10,REDE 15,83,70,Y,2025-03-06,2025-03-06
A,2025-10,REDE 16,73,75,Y,2025-03-06,2025-03-07
A,2025-10,REDE 17,84,71,Y,2025-03-06,2025-03-06
A,2025-10,REDE 18,58,45,Y,2025-03-06,2025-03-06
A,2025-10,REDE 19,54,56,Y,2025-03-06,2025-03-05
A,2025-10,REDE 20,61,63,Y,2025-03-06,2025-03-05
A,2025-10,REDE 21,82,73,Y,2025-03-06,2025-03-07
A,2025-10,REDE 22,29,16,Y,2025-03-06,2025-03-06
A,2025-10,REDE 23,52,54,Y,2025-03-06,2025-03-08
A,2025-10,REDE 24,85,70,Y,2025-03-06,2025-03-05
A,2025-10,REDE 25,65,52,Y,2025-03-06,2025-03-07
A,2025-10,REDE 26,37,30,Y,2025-03-06,2025-03-05
A,2025-10,REDE 27,36,22,Y,2025-03-06,2025-03-08
A,2025-10,REDE 28,31,17,Y,2025-03-06,2025-03-08
A,2025-10,REDE 29,56,48,Y,2025-03-06,2025-03-06
A,2025-10,REDE 30,41,28,Y,2025-03-06,2025-03-08
A,2025-10,REDE 31,49,48,Y,2025-03-06,2025-03-06
A,2025-10,REDE 32,86,73,Y,2025-03-06,2025-03-07
A,2025-10,REDE 33,35,37,Y,2025-03-06,2025-03-06
A,2025-10,REDE 34,57,50,Y,2025-03-06,2025-03-05
A,2025-10,REDE 35,26,29,Y,2025-03-06,2025-03-06
A,2025-11,REDE 01,86,81,Y,2025-03-13,2025-03-13
A,2025-11,REDE 02,50,37,Y,2025-03-13,2025-03-12
A,2025-11,REDE 03,21,10,Y,2025-03-13,2025-03-14
A,2025-11,REDE 04,51,48,Y,2025-03-13,2025-03-13
A,2025-11,REDE 05,88,74,Y,2025-03-13,2025-03-14
A,2025-11,REDE 06,45,35,Y,2025-03-13,2025-03-15
A,2025-11,REDE 07,59,45,Y,2025-03-13,2025-03-14
A,2025-11,REDE 08,20,0,Y,2025-03-13,2025-03-15
A,2025-11,REDE 09,52,46,Y,2025-03-13,2025-03-15
A,2025-11,REDE 10,52,40,Y,2025-03-13,2025-03-15
A,2025-11,REDE 11,31,27,Y,2025-03-13,2025-03-12
A,2025-11,REDE 12,39,34,Y,2025-03-13,2025-03-14
A,2025-11,REDE 13,36,21,Y,2025-03-13,2025-03-14
A,2025-11,REDE 14,30,29,Y,2025-03-13,2025-03-13
A,2025-11,REDE 15,27,21,Y,2025-03-13,2025-03-15
A,2025-11,REDE 16,82,82,Y,2025-03-13,2025-03-12
A,2025-11,REDE 17,42,35,Y,2025-03-13,2025-03-12
A,2025-11,REDE 18,30,15,Y,2025-03-13,2025-03-14
A,2025-11,REDE 19,47,46,Y,2025-03-13,2025-03-12
A,2025-11,REDE 20,73,64,Y,2025-03-13,2025-03-12
A,2025-11,REDE 21,89,79,Y,2025-03-13,2025-03-14
A,2025-11,REDE 22,83,82,Y,2025-03-13,2025-03-14
A,2025-11,REDE 23,65,55,Y,2025-03-13,2025-03-13
A,2025-11,REDE 24,66,55,Y,2025-03-13,2025-03-15
A,2025-11,REDE 25,24,25,Y,2025-03-13,2025-03-13
A,2025-11,REDE 26,48,40,Y,2025-03-13,2025-03-14
A,2025-11,REDE 27,43,40,Y,2025-03-13,2025-03-13
A,2025-11,REDE 28,71,59,Y,2025-03-13,2025-03-14
A,2025-11,REDE 29,83,70,Y,2025-03-13,2025-03-14
A,2025-11,REDE 30,66,67,Y,2025-03-13,2025-03-14
A,2025-11,REDE 31,62,48,Y,2025-03-13,2025-03-15
A,2025-11,REDE 32,61,60,Y,2025-03-13,2025-03-12
A,2025-11,REDE 33,84,71,Y,2025-03-13,2025-03-15
A,2025-11,REDE 34,22,20,Y,2025-03-13,2025-03-14
A,2025-11,REDE 35,26,22,Y,2025-03-13,2025-03-15
A,2025-12,REDE 01,61,46,Y,2025-03-20,2025-03-20
A,2025-12,REDE 02,33,29,Y,2025-03-20,2025-03-22
A,2025-12,REDE 03,33,32,Y,2025-03-20,2025-03-20
A,2025-12,REDE 04,75,75,Y,2025-03-20,2025-03-22
A,2025-12,REDE 05,42,29,Y,2025-03-20,2025-03-20
A,2025-12,REDE 06,24,24,Y,2025-03-20,2025-03-22
A,2025-12,REDE 07,56,46,Y,2025-03-20,2025-03-20
A,2025-12,REDE 08,44,41,Y,2025-03-20,2025-03-21
A,2025-12,REDE 09,49,35,Y,2025-03-20,2025-03-21
A,2025-12,REDE 10,69,71,Y,2025-03-20,2025-03-19
A,2025-12,REDE 11,90,91,Y,2025-03-20,2025-03-20
A,2025-12,REDE 12,33,24,Y,2025-03-20,2025-03-22
A,2025-12,REDE 13,33,34,Y,2025-03-20,2025-03-22
A,2025-12,REDE 14,24,24,Y,2025-03-20,2025-03-22
A,2025-12,REDE 15,35,23,Y,2025-03-20,2025-03-21
A,2025-12,REDE 16,27,15,Y,2025-03-20,2025-03-19
A,2025-12,REDE 17,49,36,Y,2025-03-20,2025-03-20
A,2025-12,REDE 18,60,61,Y,2025-03-20,2025-03-22
A,2025-12,REDE 19,85,79,Y,2025-03-20,2025-03-19
A,2025-12,REDE 20,21,9,Y,2025-03-20,2025-03-20
A,2025-12,REDE 21,58,47,Y,2025-03-20,2025-03-22
A,2025-12,REDE 22,24,21,Y,2025-03-20,2025-03-20
A,2025-12,REDE 23,33,28,Y,2025-03-20,2025-03-22
A,2025-12,REDE 24,82,0,Y,2025-03-20,2025-03-21
A,2025-12,REDE 25,62,0,Y,2025-03-20,2025-03-20
A,2025-12,REDE 26,73,58,Y,2025-03-20,2025-03-21
A,2025-12,REDE 27,56,43,Y,2025-03-20,2025-03-19
A,2025-12,REDE 28,56,58,Y,2025-03-20,2025-03-22
A,2025-12,REDE 29,59,52,Y,2025-03-20,2025-03-20
A,2025-12,REDE 30,35,0,Y,2025-03-20,2025-03-21
A,2025-12,REDE 31,52,55,Y,2025-03-20,2025-03-22
A,2025-12,REDE 32,30,33,Y,2025-03-20,2025-03-22
A,2025-12,REDE 33,59,55,Y,2025-03-20,2025-03-20
A,2025-12,REDE 34,26,29,Y,2025-03-20,2025-03-21
A,2025-12,REDE 35,61,60,Y,2025-03-20,2025-03-22
A,2025-13,REDE 01,83,74,Y,2025-03-27,2025-03-29
A,2025-13,REDE 02,37,23,Y,2025-03-27,2025-03-29
A,2025-13,REDE 03,25,13,Y,2025-03-27,2025-03-27
A,2025-13,REDE 04,48,44,Y,2025-03-27,2025-03-27
A,2025-13,REDE 05,58,49,Y,2025-03-27,2025-03-29
A,2025-13,REDE 06,55,45,Y,2025-03-27,2025-03-27
A,2025-13,REDE 07,37,24,Y,2025-03-27,2025-03-27
A,2025-13,REDE 08,65,58,Y,2025-03-27,2025-03-27
A,2025-13,REDE 09,81,77,Y,2025-03-27,2025-03-28
A,2025-13,REDE 10,43,44,Y,2025-03-27,2025-03-26
A,2025-13,REDE 11,71,57,Y,2025-03-27,2025-03-27
A,2025-13,REDE 12,27,14,Y,2025-03-27,2025-03-27
A,2025-13,REDE 13,56,56,Y,2025-03-27,2025-03-26
A,2025-13,REDE 14,71,72,Y,2025-03-27,2025-03-26
A,2025-13,REDE 15,43,42,Y,2025-03-27,2025-03-29
A,2025-13,REDE 16,40,28,Y,2025-03-27,2025-03-26
A,2025-13,REDE 17,60,55,Y,2025-03-27,2025-03-28
A,2025-13,REDE 18,47,40,Y,2025-03-27,2025-03-26
A,2025-13,REDE 19,76,79,Y,2025-03-27,2025-03-29
A,2025-13,REDE 20,27,28,Y,2025-03-27,2025-03-28
A,2025-13,REDE 21,35,25,Y,2025-03-27,2025-03-27
A,2025-13,REDE 22,76,73,Y,2025-03-27,2025-03-28
A,2025-13,REDE 23,80,82,Y,2025-03-27,2025-03-27
A,2025-13,REDE 24,34,29,Y,2025-03-27,2025-03-29
A,2025-13,REDE 25,45,42,N,2025-03-27,2025-03-28
A,2025-13,REDE 26,80,66,Y,2025-03-27,2025-03-26
A,2025-13,REDE 27,45,48,Y,2025-03-27,2025-03-26
A,2025-13,REDE 28,83,71,Y,2025-03-27,2025-03-27
A,2025-13,REDE 29,37,39,Y,2025-03-27,2025-03-28
A,2025-13,REDE 30,37,38,Y,2025-03-27,2025-03-26
A,2025-13,REDE 31,79,66,Y,2025-03-27,2025-03-28
A,2025-13,REDE 32,67,68,Y,2025-03-27,2025-03-28
A,2025-13,REDE 33,55,44,Y,2025-03-27,2025-03-28
A,2025-13,REDE 34,87,86,Y,2025-03-27,2025-03-26
A,2025-13,REDE 35,68,67,Y,2025-03-27,2025-03-28
A,2025-14,REDE 01,37,39,Y,2025-04-03,2025-04-04
A,2025-14,REDE 02,73,74,Y,2025-04-03,2025-04-02
A,2025-14,REDE 03,32,27,Y,2025-04-03,2025-04-04
A,2025-14,REDE 04,51,50,Y,2025-04-03,2025-04-02
A,2025-14,REDE 05,82,85,Y,2025-04-03,2025-04-05
A,2025-14,REDE 06,86,82,Y,2025-04-03,2025-04-04
A,2025-14,REDE 07,45,30,Y,2025-04-03,2025-04-04
A,2025-14,REDE 08,57,46,Y,2025-04-03,2025-04-02
A,2025-14,REDE 09,53,39,Y,2025-04-03,2025-04-05
A,2025-14,REDE 10,44,45,Y,2025-04-03,2025-04-03
A,2025-14,REDE 11,61,55,Y,2025-04-03,2025-04-03
A,2025-14,REDE 12,38,32,Y,2025-04-03,2025-04-03
A,2025-14,REDE 13,70,68,Y,2025-04-03,2025-04-04
A,2025-14,REDE 14,84,76,Y,2025-04-03,2025-04-04
A,2025-14,REDE 15,48,49,Y,2025-04-03,2025-04-03
A,2025-14,REDE 16,87,74,Y,2025-04-03,2025-04-05
A,2025-14,REDE 17,39,40,Y,2025-04-03,2025-04-02
A,2025-14,REDE 18,46,38,Y,2025-04-03,2025-04-02
A,2025-14,REDE 19,74,60,Y,2025-04-03,2025-04-05
A,2025-14,REDE 20,38,30,Y,2025-04-03,2025-04-02
A,2025-14,REDE 21,24,19,Y,2025-04-03,2025-04-05
A,2025-14,REDE 22,48,43,Y,2025-04-03,2025-04-02
A,2025-14,REDE 23,22,20,Y,2025-04-03,2025-04-05
A,2025-14,REDE 24,81,78,Y,2025-04-03,2025-04-05
A,2025-14,REDE 25,25,23,Y,2025-04-03,2025-04-02
A,2025-14,REDE 26,73,67,Y,2025-04-03,2025-04-03
A,2025-14,REDE 27,20,5,Y,2025-04-03,2025-04-04
A,2025-14,REDE 28,89,92,Y,2025-04-03,2025-04-05
A,2025-14,REDE 29,66,60,Y,2025-04-03,2025-04-04
A,2025-14,REDE 30,85,73,Y,2025-04-03,2025-04-02
A,2025-14,REDE 31,67,61,Y,2025-04-03,2025-04-02
A,2025-14,REDE 32,31,29,Y,2025-04-03,2025-04-03
A,2025-14,REDE 33,63,65,Y,2025-04-03,2025-04-03
A,2025-14,REDE 34,34,34,Y,2025-04-03,2025-04-03
A,2025-14,REDE 35,26,25,Y,2025-04-03,2025-04-02
A,2025-15,REDE 01,48,38,Y,2025-04-10,2025-04-12
A,2025-15,REDE 02,54,50,Y,2025-04-10,2025-04-11
A,2025-15,REDE 03,46,0,Y,2025-04-10,2025-04-11
A,2025-15,REDE 04,86,77,Y,2025-04-10,2025-04-11
A,2025-15,REDE 05,57,42,Y,2025-04-10,2025-04-09
A,2025-15,REDE 06,27,27,Y,2025-04-10,2025-04-12
A,2025-15,REDE 07,23,9,Y,2025-04-10,2025-04-12
A,2025-15,REDE 08,40,27,Y,2025-04-10,2025-04-12
A,2025-15,REDE 09,39,27,Y,2025-04-10,2025-04-09
A,2025-15,REDE 10,52,39,Y,2025-04-10,2025-04-12
A,2025-15,REDE 11,89,77,Y,2025-04-10,2025-04-12
A,2025-15,REDE 12,34,24,Y,2025-04-10,2025-04-12
A,2025-15,REDE 13,38,28,Y,2025-04-10,2025-04-11
A,2025-15,REDE 14,85,88,Y,2025-04-10,2025-04-12
A,2025-15,REDE 15,34,21,Y,2025-04-10,2025-04-12
A,2025-15,REDE 16,37,25,Y,2025-04-10,2025-04-09
A,2025-15,REDE 17,71,63,Y,2025-04-10,2025-04-09
A,2025-15,REDE 18,54,43,Y,2025-04-10,2025-04-09
A,2025-15,REDE 19,21,10,Y,2025-04-10,2025-04-10
A,2025-15,REDE 20,28,26,Y,2025-04-10,2025-04-12
A,2025-15,REDE 21,54,54,Y,2025-04-10,2025-04-09
A,2025-15,REDE 22,79,78,Y,2025-04-10,2025-04-09
A,2025-15,REDE 23,52,37,Y,2025-04-10,2025-04-11
A,2025-15,REDE 24,56,0,Y,2025-04-10,2025-04-10
A,2025-15,REDE 25,51,49,Y,2025-04-10,2025-04-10
A,2025-15,REDE 26,32,30,Y,2025-04-10,2025-04-09
A,2025-15,REDE 27,80,78,Y,2025-04-10,2025-04-09
A,2025-15,REDE 28,59,59,Y,2025-04-10,2025-04-09
A,2025-15,REDE 29,71,67,Y,2025-04-10,2025-04-12
A,2025-15,REDE 30,61,58,Y,2025-04-10,2025-04-12
A,2025-15,REDE 31,48,34,Y,2025-04-10,2025-04-10
A,2025-15,REDE 32,34,32,Y,2025-04-10,2025-04-10
A,2025-15,REDE 33,28,17,Y,2025-04-10,2025-04-11
A,2025-15,REDE 34,69,60,Y,2025-04-10,2025-04-09
A,2025-15,REDE 35,69,0,Y,2025-04-10,2025-04-12
A,2025-16,REDE 01,89,74,Y,2025-04-17,2025-04-16
A,2025-16,REDE 02,83,80,Y,2025-04-17,2025-04-19
A,2025-16,REDE 03,89,74,Y,2025-04-17,2025-04-17
A,2025-16,REDE 04,72,59,Y,2025-04-17,2025-04-16
A,2025-16,REDE 05,30,31,Y,2025-04-17,2025-04-19
A,2025-16,REDE 06,31,18,Y,2025-04-17,2025-04-17
A,2025-16,REDE 07,55,52,Y,2025-04-17,2025-04-19
A,2025-16,REDE 08,63,65,Y,2025-04-17,2025-04-18
A,2025-16,REDE 09,53,46,Y,2025-04-17,2025-04-18
A,2025-16,REDE 10,54,53,Y,2025-04-17,2025-04-19
A,2025-16,REDE 11,39,42,Y,2025-04-17,2025-04-16
A,2025-16,REDE 12,46,36,Y,2025-04-17,2025-04-18
A,2025-16,REDE 13,79,79,Y,2025-04-17,2025-04-17
A,2025-16,REDE 14,39,28,Y,2025-04-17,2025-04-19
A,2025-16,REDE 15,51,47,Y,2025-04-17,2025-04-19
A,2025-16,REDE 16,49,49,Y,2025-04-17,2025-04-19
A,2025-16,REDE 17,88,89,Y,2025-04-17,2025-04-19
A,2025-16,REDE 18,49,44,Y,2025-04-17,2025-04-18
A,2025-16,REDE 19,32,18,Y,2025-04-17,2025-04-16
A,2025-16,REDE 20,71,74,Y,2025-04-17,2025-04-19
A,2025-16,REDE 21,27,22,Y,2025-04-17,2025-04-19
A,2025-16,REDE 22,44,40,Y,2025-04-17,2025-04-19
A,2025-16,REDE 23,41,30,Y,2025-04-17,2025-04-16
A,2025-16,REDE 24,46,36,Y,2025-04-17,2025-04-16
A,2025-16,REDE 25,41,38,Y,2025-04-17,2025-04-19
A,2025-16,REDE 26,82,74,Y,2025-04-17,2025-04-18
A,2025-16,REDE 27,72,69,Y,2025-04-17,2025-04-18
A,2025-16,REDE 28,87,73,Y,2025-04-17,2025-04-16
A,2025-16,REDE 29,72,64,Y,2025-04-17,2025-04-19
A,2025-16,REDE 30,66,52,Y,2025-04-17,2025-04-19
A,2025-16,REDE 31,34,31,Y,2025-04-17,2025-04-16
A,2025-16,REDE 32,22,14,Y,2025-04-17,2025-04-18
A,2025-16,REDE 33,39,0,Y,2025-04-17,2025-04-19
A,2025-16,REDE 34,21,24,Y,2025-04-17,2025-04-18
A,2025-16,REDE 35,73,72,Y,2025-04-17,2025-04-19
A,2025-17,REDE 01,76,71,Y,2025-04-24,2025-04-26
A,2025-17,REDE 02,34,20,Y,2025-04-24,2025-04-24
A,2025-17,REDE 03,84,71,Y,2025-04-24,2025-04-24
A,2025-17,REDE 04,28,22,Y,2025-04-24,2025-04-26
A,2025-17,REDE 05,57,53,Y,2025-04-24,2025-04-26
A,2025-17,REDE 06,83,82,Y,2025-04-24,2025-04-25
A,2025-17,REDE 07,83,83,Y,2025-04-24,2025-04-26
A,2025-17,REDE 08,86,84,Y,2025-04-24,2025-04-25
A,2025-17,REDE 09,38,37,Y,2025-04-24,2025-04-25
A,2025-17,REDE 10,38,30,Y,2025-04-24,2025-04-26
A,2025-17,REDE 11,32,28,Y,2025-04-24,2025-04-26
A,2025-17,REDE 12,38,39,Y,2025-04-24,2025-04-23
A,2025-17,REDE 13,72,68,Y,2025-04-24,2025-04-24
A,2025-17,REDE 14,42,45,Y,2025-04-24,2025-04-25
A,2025-17,REDE 15,76,71,Y,2025-04-24,2025-04-25
A,2025-17,REDE 16,65,64,Y,2025-04-24,2025-04-24
A,2025-17,REDE 17,87,78,Y,2025-04-24,2025-04-24
A,2025-17,REDE 18,79,73,Y,2025-04-24,2025-04-23
A,2025-17,REDE 19,38,34,Y,2025-04-24,2025-04-25
A,2025-17,REDE 20,37,40,Y,2025-04-24,2025-04-25
A,2025-17,REDE 21,74,67,Y,2025-04-24,2025-04-26
A,2025-17,REDE 22,22,11,Y,2025-04-24,2025-04-24
A,2025-17,REDE 23,42,27,Y,2025-04-24,2025-04-26
A,2025-17,REDE 24,34,32,Y,2025-04-24,2025-04-23
A,2025-17,REDE 25,31,31,Y,2025-04-24,2025-04-24
A,2025-17,REDE 26,82,0,Y,2025-04-24,2025-04-23
A,2025-17,REDE 27,27,17,Y,2025-04-24,2025-04-24
A,2025-17,REDE 28,21,24,Y,2025-04-24,2025-04-26
A,2025-17,REDE 29,31,23,Y,2025-04-24,2025-04-26
A,2025-17,REDE 30,49,48,Y,2025-04-24,2025-04-25
A,2025-17,REDE 31,56,56,Y,2025-04-24,2025-04-26
A,2025-17,REDE 32,65,54,Y,2025-04-24,2025-04-23
A,2025-17,REDE 33,23,18,Y,2025-04-24,2025-04-26
A,2025-17,REDE 34,69,66,Y,2025-04-24,2025-04-25
A,2025-17,REDE 35,46,38,Y,2025-04-24,2025-04-24
A,2025-18,REDE 01,20,6,Y,2025-05-01,2025-05-03
A,2025-18,REDE 02,50,45,Y,2025-05-01,2025-05-01
A,2025-18,REDE 03,65,58,Y,2025-05-01,2025-05-01
A,2025-18,REDE 04,73,60,Y,2025-05-01,2025-05-01
A,2025-18,REDE 05,52,42,Y,2025-05-01,2025-04-30
A,2025-18,REDE 06,60,58,Y,2025-05-01,2025-04-30
A,2025-18,REDE 07,24,18,Y,2025-05-01,2025-05-03
A,2025-18,REDE 08,47,45,Y,2025-05-01,2025-05-03
A,2025-18,REDE 09,72,61,Y,2025-05-01,2025-05-02
A,2025-18,REDE 10,74,76,Y,2025-05-01,2025-05-02
A,2025-18,REDE 11,44,33,Y,2025-05-01,2025-05-02
A,2025-18,REDE 12,36,22,Y,2025-05-01,2025-04-30
A,2025-18,REDE 13,52,45,Y,2025-05-01,2025-05-02
A,2025-18,REDE 14,76,76,Y,2025-05-01,2025-05-01
A,2025-18,REDE 15,39,39,Y,2025-05-01,2025-05-02
A,2025-18,REDE 16,29,31,Y,2025-05-01,2025-04-30
A,2025-18,REDE 17,67,63,Y,2025-05-01,2025-05-03
A,2025-18,REDE 18,62,63,Y,2025-05-01,2025-05-03
A,2025-18,REDE 19,52,54,Y,2025-05-01,2025-04-30
A,2025-18,REDE 20,39,25,Y,2025-05-01,2025-05-01
A,2025-18,REDE 21,32,27,Y,2025-05-01,2025-05-01
A,2025-18,REDE 22,40,39,Y,2025-05-01,2025-05-03
A,2025-18,REDE 23,28,31,Y,2025-05-01,2025-05-01
A,2025-18,REDE 24,48,49,Y,2025-05-01,2025-05-01
A,2025-18,REDE 25,21,14,Y,2025-05-01,2025-04-30
A,2025-18,REDE 26,44,43,Y,2025-05-01,2025-04-30
A,2025-18,REDE 27,36,29,Y,2025-05-01,2025-05-02
A,2025-18,REDE 28,73,64,Y,2025-05-01,2025-04-30
A,2025-18,REDE 29,44,36,Y,2025-05-01,2025-04-30
A,2025-18,REDE 30,71,64,Y,2025-05-01,2025-05-01
A,2025-18,REDE 31,69,69,Y,2025-05-01,2025-05-02
A,2025-18,REDE 32,42,31,Y,2025-05-01,2025-05-03
A,2025-18,REDE 33,33,32,Y,2025-05-01,2025-05-02
A,2025-18,REDE 34,77,63,Y,2025-05-01,2025-05-01
A,2025-18,REDE 35,23,15,Y,2025-05-01,2025-05-01
A,2025-19,REDE 01,36,39,Y,2025-05-08,2025-05-08
A,2025-19,REDE 02,64,61,Y,2025-05-08,2025-05-07
A,2025-19,REDE 03,82,84,Y,2025-05-08,2025-05-07
A,2025-19,REDE 04,34,22,Y,2025-05-08,2025-05-07
A,2025-19,REDE 05,62,53,Y,2025-05-08,2025-05-10
A,2025-19,REDE 06,54,39,Y,2025-05-08,2025-05-07
A,2025-19,REDE 07,76,61,Y,2025-05-08,2025-05-10
A,2025-19,REDE 08,58,49,Y,2025-05-08,2025-05-09
A,2025-19,REDE 09,79,67,Y,2025-05-08,2025-05-09
A,2025-19,REDE 10,66,69,Y,2025-05-08,2025-05-09
A,2025-19,REDE 11,24,25,Y,2025-05-08,2025-05-07
A,2025-19,REDE 12,88,79,Y,2025-05-08,2025-05-10
A,2025-19,REDE 13,39,31,Y,2025-05-08,2025-05-08
A,2025-19,REDE 14,64,52,Y,2025-05-08,2025-05-08
A,2025-19,REDE 15,67,61,Y,2025-05-08,2025-05-08
A,2025-19,REDE 16,31,33,Y,2025-05-08,2025-05-08
A,2025-19,REDE 17,35,25,Y,2025-05-08,2025-05-09
A,2025-19,REDE 18,55,42,Y,2025-05-08,2025-05-07
A,2025-19,REDE 19,29,31,Y,2025-05-08,2025-05-07
A,2025-19,REDE 20,64,49,Y,2025-05-08,2025-05-09
A,2025-19,REDE 21,51,49,Y,2025-05-08,2025-05-08
A,2025-19,REDE 22,60,49,Y,2025-05-08,2025-05-10
A,2025-19,REDE 23,21,14,Y,2025-05-08,2025-05-10
A,2025-19,REDE 24,51,43,Y,2025-05-08,2025-05-10
A,2025-19,REDE 25,85,79,Y,2025-05-08,2025-05-08
A,2025-19,REDE 26,54,44,Y,2025-05-08,2025-05-08
A,2025-19,REDE 27,28,31,Y,2025-05-08,2025-05-07
A,2025-19,REDE 28,55,51,Y,2025-05-08,2025-05-10
A,2025-19,REDE 29,29,31,N,2025-05-08,2025-05-10
A,2025-19,REDE 30,89,82,Y,2025-05-08,2025-05-09
A,2025-19,REDE 31,31,19,Y,2025-05-08,2025-05-07
A,2025-19,REDE 32,57,51,Y,2025-05-08,2025-05-10
A,2025-19,REDE 33,46,43,Y,2025-05-08,2025-05-09
A,2025-19,REDE 34,41,29,Y,2025-05-08,2025-05-07
A,2025-19,REDE 35,87,75,Y,2025-05-08,2025-05-08
A,2025-20,REDE 01,68,68,Y,2025-05-15,2025-05-15
A,2025-20,REDE 02,28,13,Y,2025-05-15,2025-05-14
A,2025-20,REDE 03,42,45,Y,2025-05-15,2025-05-16
A,2025-20,REDE 04,22,15,Y,2025-05-15,2025-05-16
A,2025-20,REDE 05,28,13,Y,2025-05-15,2025-05-17
A,2025-20,REDE 06,20,16,Y,2025-05-15,2025-05-16
A,2025-20,REDE 07,68,63,Y,2025-05-15,2025-05-14
A,2025-20,REDE 08,49,37,Y,2025-05-15,2025-05-17
A,2025-20,REDE 09,29,20,Y,2025-05-15,2025-05-16
A,2025-20,REDE 10,31,20,Y,2025-05-15,2025-05-17
A,2025-20,REDE 11,75,75,Y,2025-05-15,2025-05-17
A,2025-20,REDE 12,55,49,Y,2025-05-15,2025-05-17
A,2025-20,REDE 13,61,59,Y,2025-05-15,2025-05-17
A,2025-20,REDE 14,80,73,Y,2025-05-15,2025-05-14
A,2025-20,REDE 15,55,54,Y,2025-05-15,2025-05-15
A,2025-20,REDE 16,26,25,Y,2025-05-15,2025-05-16
A,2025-20,REDE 17,21,17,Y,2025-05-15,2025-05-14
A,2025-20,REDE 18,21,20,Y,2025-05-15,2025-05-14
A,2025-20,REDE 19,53,50,Y,2025-05-15,2025-05-16
A,2025-20,REDE 20,54,50,Y,2025-05-15,2025-05-15
A,2025-20,REDE 21,63,53,Y,2025-05-15,2025-05-15
A,2025-20,REDE 22,58,51,Y,2025-05-15,2025-05-16
A,2025-20,REDE 23,31,19,Y,2025-05-15,2025-05-17
A,2025-20,REDE 24,26,26,Y,2025-05-15,2025-05-17
A,2025-20,REDE 25,48,46,Y,2025-05-15,2025-05-15
A,2025-20,REDE 26,59,51,Y,2025-05-15,2025-05-16
A,2025-20,REDE 27,72,64,Y,2025-05-15,2025-05-14
A,2025-20,REDE 28,62,60,Y,2025-05-15,2025-05-17
A,2025-20,REDE 29,86,83,Y,2025-05-15,2025-05-17
A,2025-20,REDE 30,88,89,Y,2025-05-15,2025-05-14
A,2025-20,REDE 31,58,52,Y,2025-05-15,2025-05-16
A,2025-20,REDE 32,73,66,Y,2025-05-15,2025-05-16
A,2025-20,REDE 33,81,68,Y,2025-05-15,2025-05-16
A,2025-20,REDE 34,67,64,Y,2025-05-15,2025-05-17
A,2025-20,REDE 35,32,19,Y,2025-05-15,2025-05-16
A,2025-21,REDE 01,51,47,Y,2025-05-22,2025-05-24
A,2025-21,REDE 02,58,51,Y,2025-05-22,2025-05-21
A,2025-21,REDE 03,40,38,Y,2025-05-22,2025-05-24
A,2025-21,REDE 04,70,59,Y,2025-05-22,2025-05-23
A,2025-21,REDE 05,56,57,Y,2025-05-22,2025-05-23
A,2025-21,REDE 06,49,35,Y,2025-05-22,2025-05-21
A,2025-21,REDE 07,66,52,Y,2025-05-22,2025-05-22
A,2025-21,REDE 08,41,32,Y,2025-05-22,2025-05-22
A,2025-21,REDE 09,73,62,Y,2025-05-22,2025-05-22
A,2025-21,REDE 10,37,37,Y,2025-05-22,2025-05-24
A,2025-21,REDE 11,42,31,Y,2025-05-22,2025-05-23
A,2025-21,REDE 12,83,71,Y,2025-05-22,2025-05-23
A,2025-21,REDE 13,31,20,Y,2025-05-22,2025-05-23
A,2025-21,REDE 14,46,46,Y,2025-05-22,2025-05-22
A,2025-21,REDE 15,74,66,Y,2025-05-22,2025-05-22
A,2025-21,REDE 16,54,53,Y,2025-05-22,2025-05-24
A,2025-21,REDE 17,30,16,Y,2025-05-22,2025-05-21
A,2025-21,REDE 18,50,44,Y,2025-05-22,2025-05-22
A,2025-21,REDE 19,62,60,Y,2025-05-22,2025-05-21
A,2025-21,REDE 20,37,0,Y,2025-05-22,2025-05-22
A,2025-21,REDE 21,58,61,Y,2025-05-22,2025-05-23
A,2025-21,REDE 22,20,22,Y,2025-05-22,2025-05-22
A,2025-21,REDE 23,56,45,Y,2025-05-22,2025-05-21
A,2025-21,REDE 24,79,79,Y,2025-05-22,2025-05-22
A,2025-21,REDE 25,44,44,Y,2025-05-22,2025-05-23
A,2025-21,REDE 26,23,8,Y,2025-05-22,2025-05-22
A,2025-21,REDE 27,71,57,Y,2025-05-22,2025-05-23
A,2025-21,REDE 28,25,11,Y,2025-05-22,2025-05-24
A,2025-21,REDE 29,37,37,Y,2025-05-22,2025-05-23
A,2025-21,REDE 30,34,32,Y,2025-05-22,2025-05-22
A,2025-21,REDE 31,29,0,Y,2025-05-22,2025-05-21
A,2025-21,REDE 32,40,42,Y,2025-05-22,2025-05-24
A,2025-21,REDE 33,80,77,Y,2025-05-22,2025-05-21
A,2025-21,REDE 34,61,53,Y,2025-05-22,2025-05-21
A,2025-21,REDE 35,90,81,Y,2025-05-22,2025-05-22
A,2025-22,REDE 01,78,65,N,2025-05-29,2025-05-30
A,2025-22,REDE 02,35,24,Y,2025-05-29,2025-05-28
A,2025-22,REDE 03,64,67,Y,2025-05-29,2025-05-31
A,2025-22,REDE 04,41,29,Y,2025-05-29,2025-05-28
A,2025-22,REDE 05,35,26,Y,2025-05-29,2025-05-30
A,2025-22,REDE 06,45,36,Y,2025-05-29,2025-05-30
A,2025-22,REDE 07,38,25,Y,2025-05-29,2025-05-29
A,2025-22,REDE 08,44,0,Y,2025-05-29,2025-05-30
A,2025-22,REDE 09,42,27,Y,2025-05-29,2025-05-29
A,2025-22,REDE 10,69,56,Y,2025-05-29,2025-05-30
A,2025-22,REDE 11,64,59,Y,2025-05-29,2025-05-30
A,2025-22,REDE 12,39,33,Y,2025-05-29,2025-05-31
A,2025-22,REDE 13,33,33,Y,2025-05-29,2025-05-31
A,2025-22,REDE 14,63,66,Y,2025-05-29,2025-05-31
A,2025-22,REDE 15,41,35,Y,2025-05-29,2025-05-28
A,2025-22,REDE 16,38,26,Y,2025-05-29,2025-05-29
A,2025-22,REDE 17,85,82,Y,2025-05-29,2025-05-28
A,2025-22,REDE 18,42,43,Y,2025-05-29,2025-05-30
A,2025-22,REDE 19,53,48,Y,2025-05-29,2025-05-31
A,2025-22,REDE 20,63,50,Y,2025-05-29,2025-05-30
A,2025-22,REDE 21,44,38,Y,2025-05-29,2025-05-30
A,2025-22,REDE 22,59,52,Y,2025-05-29,2025-05-29
A,2025-22,REDE 23,54,52,Y,2025-05-29,2025-05-28
A,2025-22,REDE 24,46,40,Y,2025-05-29,2025-05-30
A,2025-22,REDE 25,69,63,Y,2025-05-29,2025-05-30
A,2025-22,REDE 26,75,72,Y,2025-05-29,2025-05-29
A,2025-22,REDE 27,89,89,Y,2025-05-29,2025-05-28
A,2025-22,REDE 28,25,24,Y,2025-05-29,2025-05-29
A,2025-22,REDE 29,40,30,Y,2025-05-29,2025-05-31
A,2025-22,REDE 30,58,54,Y,2025-05-29,2025-05-28
A,2025-22,REDE 31,50,45,Y,2025-05-29,2025-05-31
A,2025-22,REDE 32,32,22,Y,2025-05-29,2025-05-28
A,2025-22,REDE 33,86,75,N,2025-05-29,2025-05-29
A,2025-22,REDE 34,29,26,Y,2025-05-29,2025-05-28
A,2025-22,REDE 35,32,23,Y,2025-05-29,2025-05-29
A,2025-23,REDE 01,35,29,Y,2025-06-05,2025-06-04
A,2025-23,REDE 02,71,73,Y,2025-06-05,2025-06-04
A,2025-23,REDE 03,43,45,Y,2025-06-05,2025-06-05
A,2025-23,REDE 04,55,56,Y,2025-06-05,2025-06-07
A,2025-23,REDE 05,20,11,Y,2025-06-05,2025-06-05
A,2025-23,REDE 06,65,61,Y,2025-06-05,2025-06-07
A,2025-23,REDE 07,52,47,Y,2025-06-05,2025-06-04
A,2025-23,REDE 08,43,30,Y,2025-06-05,2025-06-04
A,2025-23,REDE 09,61,62,Y,2025-06-05,2025-06-06
A,2025-23,REDE 10,63,59,Y,2025-06-05,2025-06-04
A,2025-23,REDE 11,49,38,Y,2025-06-05,2025-06-04
A,2025-23,REDE 12,77,77,Y,2025-06-05,2025-06-04
A,2025-23,REDE 13,72,65,Y,2025-06-05,2025-06-05
A,2025-23,REDE 14,44,47,Y,2025-06-05,2025-06-05
A,2025-23,REDE 15,50,48,Y,2025-06-05,2025-06-05
A,2025-23,REDE 16,61,64,Y,2025-06-05,2025-06-04
A,2025-23,REDE 17,54,53,Y,2025-06-05,2025-06-05
A,2025-23,REDE 18,29,18,Y,2025-06-05,2025-06-05
A,2025-23,REDE 19,21,18,Y,2025-06-05,2025-06-05
A,2025-23,REDE 20,81,81,Y,2025-06-05,2025-06-04
A,2025-23,REDE 21,76,68,Y,2025-06-05,2025-06-06
A,2025-23,REDE 22,86,88,Y,2025-06-05,2025-06-04
A,2025-23,REDE 23,72,57,Y,2025-06-05,2025-06-04
A,2025-23,REDE 24,57,43,Y,2025-06-05,2025-06-05
A,2025-23,REDE 25,73,58,Y,2025-06-05,2025-06-04
A,2025-23,REDE 26,88,83,Y,2025-06-05,2025-06-04
A,2025-23,REDE 27,57,56,Y,2025-06-05,2025-06-07
A,2025-23,REDE 28,82,69,Y,2025-06-05,2025-06-04
A,2025-23,REDE 29,90,85,Y,2025-06-05,2025-06-07
A,2025-23,REDE 30,48,40,Y,2025-06-05,2025-06-05
A,2025-23,REDE 31,40,25,Y,2025-06-05,2025-06-05
A,2025-23,REDE 32,84,77,Y,2025-06-05,2025-06-04
A,2025-23,REDE 33,35,29,Y,2025-06-05,2025-06-06
A,2025-23,REDE 34,36,24,Y,2025-06-05,2025-06-07
A,2025-23,REDE 35,56,56,Y,2025-06-05,2025-06-07
A,2025-24,REDE 01,34,28,Y,2025-06-12,2025-06-11
A,2025-24,REDE 02,86,83,Y,2025-06-12,2025-06-13
A,2025-24,REDE 03,64,67,Y,2025-06-12,2025-06-13
A,2025-24,REDE 04,61,54,Y,2025-06-12,2025-06-11
A,2025-24,REDE 05,47,42,Y,2025-06-12,2025-06-12
A,2025-24,REDE 06,26,0,Y,2025-06-12,2025-06-11
A,2025-24,REDE 07,66,53,Y,2025-06-12,2025-06-13
A,2025-24,REDE 08,78,73,Y,2025-06-12,2025-06-12
A,2025-24,REDE 09,29,26,Y,2025-06-12,2025-06-11
A,2025-24,REDE 10,86,84,Y,2025-06-12,2025-06-13
A,2025-24,REDE 11,80,69,Y,2025-06-12,2025-06-11
A,2025-24,REDE 12,58,51,Y,2025-06-12,2025-06-14
A,2025-24,REDE 13,28,19,Y,2025-06-12,2025-06-12
A,2025-24,REDE 14,80,75,Y,2025-06-12,2025-06-11
A,2025-24,REDE 15,23,24,Y,2025-06-12,2025-06-13
A,2025-24,REDE 16,26,19,Y,2025-06-12,2025-06-11
A,2025-24,REDE 17,45,40,Y,2025-06-12,2025-06-14
A,2025-24,REDE 18,31,27,Y,2025-06-12,2025-06-14
A,2025-24,REDE 19,72,60,Y,2025-06-12,2025-06-12
A,2025-24,REDE 20,69,64,Y,2025-06-12,2025-06-11
A,2025-24,REDE 21,34,32,Y,2025-06-12,2025-06-13
A,2025-24,REDE 22,90,80,Y,2025-06-12,2025-06-12
A,2025-24,REDE 23,35,29,Y,2025-06-12,2025-06-11
A,2025-24,REDE 24,32,34,Y,2025-06-12,2025-06-12
A,2025-24,REDE 25,66,55,Y,2025-06-12,2025-06-13
A,2025-24,REDE 26,75,78,Y,2025-06-12,2025-06-14
A,2025-24,REDE 27,73,69,Y,2025-06-12,2025-06-12
A,2025-24,REDE 28,39,25,Y,2025-06-12,2025-06-11
A,2025-24,REDE 29,26,26,Y,2025-06-12,2025-06-12
A,2025-24,REDE 30,73,68,Y,2025-06-12,2025-06-11
A,2025-24,REDE 31,69,66,Y,2025-06-12,2025-06-13
A,2025-24,REDE 32,64,51,Y,2025-06-12,2025-06-13
A,2025-24,REDE 33,48,36,Y,2025-06-12,2025-06-11
A,2025-24,REDE 34,35,38,Y,2025-06-12,2025-06-13
A,2025-24,REDE 35,26,23,Y,2025-06-12,2025-06-14
A,2025-25,REDE 01,52,43,Y,2025-06-19,2025-06-19
A,2025-25,REDE 02,88,83,Y,2025-06-19,2025-06-21
A,2025-25,REDE 03,34,20,Y,2025-06-19,2025-06-21
A,2025-25,REDE 04,66,69,Y,2025-06-19,2025-06-18
A,2025-25,REDE 05,74,66,Y,2025-06-19,2025-06-21
A,2025-25,REDE 06,89,83,Y,2025-06-19,2025-06-20
A,2025-25,REDE 07,60,50,Y,2025-06-19,2025-06-20
A,2025-25,REDE 08,66,61,Y,2025-06-19,2025-06-21
A,2025-25,REDE 09,73,68,Y,2025-06-19,2025-06-18
A,2025-25,REDE 10,43,29,Y,2025-06-19,2025-06-21
A,2025-25,REDE 11,78,78,Y,2025-06-19,2025-06-19
A,2025-25,REDE 12,49,51,Y,2025-06-19,2025-06-21
A,2025-25,REDE 13,77,77,Y,2025-06-19,2025-06-21
A,2025-25,REDE 14,25,12,Y,2025-06-19,2025-06-20
A,2025-25,REDE 15,37,28,Y,2025-06-19,2025-06-21
A,2025-25,REDE 16,29,28,Y,2025-06-19,2025-06-20
A,2025-25,REDE 17,40,28,Y,2025-06-19,2025-06-18
A,2025-25,REDE 18,55,57,Y,2025-06-19,2025-06-19
A,2025-25,REDE 19,47,41,Y,2025-06-19,2025-06-20
A,2025-25,REDE 20,49,42,Y,2025-06-19,2025-06-20
A,2025-25,REDE 21,39,35,Y,2025-06-19,2025-06-19
A,2025-25,REDE 22,38,28,Y,2025-06-19,2025-06-18
A,2025-25,REDE 23,23,16,Y,2025-06-19,2025-06-19
A,2025-25,REDE 24,43,37,Y,2025-06-19,2025-06-18
A,2025-25,REDE 25,52,53,Y,2025-06-19,2025-06-19
A,2025-25,REDE 26,83,80,Y,2025-06-19,2025-06-21
A,2025-25,REDE 27,41,41,Y,2025-06-19,2025-06-18
A,2025-25,REDE 28,84,83,Y,2025-06-19,2025-06-20
A,2025-25,REDE 29,64,49,Y,2025-06-19,2025-06-21
A,2025-25,REDE 30,87,81,Y,2025-06-19,2025-06-18
A,2025-25,REDE 31,70,67,Y,2025-06-19,2025-06-18
A,2025-25,REDE 32,34,31,Y,2025-06-19,2025-06-19
A,2025-25,REDE 33,73,70,Y,2025-06-19,2025-06-20
A,2025-25,REDE 34,32,28,Y,2025-06-19,2025-06-21
A,2025-25,REDE 35,43,29,Y,2025-06-19,2025-06-20
A,2025-26,REDE 01,87,86,Y,2025-06-26,2025-06-26
A,2025-26,REDE 02,53,41,Y,2025-06-26,2025-06-26
A,2025-26,REDE 03,51,50,Y,2025-06-26,2025-06-26
A,2025-26,REDE 04,62,61,Y,2025-06-26,2025-06-26
A,2025-26,REDE 05,39,37,Y,2025-06-26,2025-06-28
A,2025-26,REDE 06,34,34,Y,2025-06-26,2025-06-28
A,2025-26,REDE 07,59,46,Y,2025-06-26,2025-06-25
A,2025-26,REDE 08,88,91,Y,2025-06-26,2025-06-27
A,2025-26,REDE 09,61,61,Y,2025-06-26,2025-06-26
A,2025-26,REDE 10,34,29,Y,2025-06-26,2025-06-25
A,2025-26,REDE 11,72,58,Y,2025-06-26,2025-06-26
A,2025-26,REDE 12,79,77,Y,2025-06-26,2025-06-26
A,2025-26,REDE 13,66,62,Y,2025-06-26,2025-06-28
A,2025-26,REDE 14,68,70,Y,2025-06-26,2025-06-25
A,2025-26,REDE 15,75,66,Y,2025-06-26,2025-06-28
A,2025-26,REDE 16,85,73,Y,2025-06-26,2025-06-27
A,2025-26,REDE 17,21,17,Y,2025-06-26,2025-06-27
A,2025-26,REDE 18,72,57,Y,2025-06-26,2025-06-25
A,2025-26,REDE 19,61,0,Y,2025-06-26,2025-06-26
A,2025-26,REDE 20,71,64,Y,2025-06-26,2025-06-28
A,2025-26,REDE 21,70,56,Y,2025-06-26,2025-06-25
A,2025-26,REDE 22,72,61,Y,2025-06-26,2025-06-26
A,2025-26,REDE 23,32,25,Y,2025-06-26,2025-06-25
A,2025-26,REDE 24,44,36,Y,2025-06-26,2025-06-26
A,2025-26,REDE 25,43,42,Y,2025-06-26,2025-06-26
A,2025-26,REDE 26,50,42,Y,2025-06-26,2025-06-26
A,2025-26,REDE 27,26,25,Y,2025-06-26,2025-06-25
A,2025-26,REDE 28,20,13,Y,2025-06-26,2025-06-28
A,2025-26,REDE 29,73,61,Y,2025-06-26,2025-06-26
A,2025-26,REDE 30,73,75,Y,2025-06-26,2025-06-26
A,2025-26,REDE 31,39,26,Y,2025-06-26,2025-06-27
A,2025-26,REDE 32,37,27,Y,2025-06-26,2025-06-27
A,2025-26,REDE 33,71,69,Y,2025-06-26,2025-06-25
A,2025-26,REDE 34,85,83,Y,2025-06-26,2025-06-25
A,2025-26,REDE 35,27,27,Y,2025-06-26,2025-06-25
A,2025-27,REDE 01,62,50,Y,2025-07-03,2025-07-03
A,2025-27,REDE 02,72,59,Y,2025-07-03,2025-07-05
A,2025-27,REDE 03,85,77,Y,2025-07-03,2025-07-05
A,2025-27,REDE 04,71,64,Y,2025-07-03,2025-07-05
A,2025-27,REDE 05,28,14,Y,2025-07-03,2025-07-03
A,2025-27,REDE 06,45,38,Y,2025-07-03,2025-07-04
A,2025-27,REDE 07,27,12,Y,2025-07-03,2025-07-02
A,2025-27,REDE 08,82,67,Y,2025-07-03,2025-07-05
A,2025-27,REDE 09,31,0,Y,2025-07-03,2025-07-02
A,2025-27,REDE 10,43,28,Y,2025-07-03,2025-07-02
A,2025-27,REDE 11,28,18,Y,2025-07-03,2025-07-03
A,2025-27,REDE 12,86,79,Y,2025-07-03,2025-07-04
A,2025-27,REDE 13,63,50,Y,2025-07-03,2025-07-03
A,2025-27,REDE 14,30,22,Y,2025-07-03,2025-07-05
A,2025-27,REDE 15,86,82,Y,2025-07-03,2025-07-05
A,2025-27,REDE 16,29,31,Y,2025-07-03,2025-07-03
A,2025-27,REDE 17,60,56,Y,2025-07-03,2025-07-04
A,2025-27,REDE 18,56,41,Y,2025-07-03,2025-07-03
A,2025-27,REDE 19,89,91,Y,2025-07-03,2025-07-02
A,2025-27,REDE 20,22,7,Y,2025-07-03,2025-07-05
A,2025-27,REDE 21,82,85,Y,2025-07-03,2025-07-02
A,2025-27,REDE 22,87,76,Y,2025-07-03,2025-07-04
A,2025-27,REDE 23,35,35,Y,2025-07-03,2025-07-03
A,2025-27,REDE 24,80,72,Y,2025-07-03,2025-07-03
A,2025-27,REDE 25,27,15,Y,2025-07-03,2025-07-05
A,2025-27,REDE 26,22,16,Y,2025-07-03,2025-07-04
A,2025-27,REDE 27,46,43,Y,2025-07-03,2025-07-02
A,2025-27,REDE 28,88,87,Y,2025-07-03,2025-07-05
A,2025-27,REDE 29,47,50,Y,2025-07-03,2025-07-05
A,2025-27,REDE 30,21,19,Y,2025-07-03,2025-07-02
A,2025-27,REDE 31,42,34,Y,2025-07-03,2025-07-04
A,2025-27,REDE 32,68,66,Y,2025-07-03,2025-07-05
A,2025-27,REDE 33,62,56,Y,2025-07-03,2025-07-02
A,2025-27,REDE 34,67,52,Y,2025-07-03,2025-07-03
A,2025-27,REDE 35,84,77,Y,2025-07-03,2025-07-03
A,2025-28,REDE 01,26,23,Y,2025-07-10,2025-07-10
A,2025-28,REDE 02,44,41,Y,2025-07-10,2025-07-11
A,2025-28,REDE 03,43,0,Y,2025-07-10,2025-07-09
A,2025-28,REDE 04,81,80,Y,2025-07-10,2025-07-09
A,2025-28,REDE 05,23,25,Y,2025-07-10,2025-07-09
A,2025-28,REDE 06,88,91,Y,2025-07-10,2025-07-12
A,2025-28,REDE 07,59,60,Y,2025-07-10,2025-07-11
A,2025-28,REDE 08,45,45,Y,2025-07-10,2025-07-11
A,2025-28,REDE 09,84,69,Y,2025-07-10,2025-07-11
A,2025-28,REDE 10,60,49,N,2025-07-10,2025-07-11
A,2025-28,REDE 11,20,20,Y,2025-07-10,2025-07-11
A,2025-28,REDE 12,77,68,Y,2025-07-10,2025-07-09
A,2025-28,REDE 13,52,46,Y,2025-07-10,2025-07-10
A,2025-28,REDE 14,68,53,Y,2025-07-10,2025-07-11
A,2025-28,REDE 15,90,91,Y,2025-07-10,2025-07-11
A,2025-28,REDE 16,74,67,Y,2025-07-10,2025-07-10
A,2025-28,REDE 17,35,30,Y,2025-07-10,2025-07-11
A,2025-28,REDE 18,87,0,Y,2025-07-10,2025-07-11
A,2025-28,REDE 19,83,76,Y,2025-07-10,2025-07-09
A,2025-28,REDE 20,66,62,Y,2025-07-10,2025-07-09
A,2025-28,REDE 21,31,32,Y,2025-07-10,2025-07-12
A,2025-28,REDE 22,34,20,Y,2025-07-10,2025-07-09
A,2025-28,REDE 23,86,74,Y,2025-07-10,2025-07-10
A,2025-28,REDE 24,65,53,Y,2025-07-10,2025-07-11
A,2025-28,REDE 25,40,37,Y,2025-07-10,2025-07-10
A,2025-28,REDE 26,90,93,Y,2025-07-10,2025-07-11
A,2025-28,REDE 27,81,70,Y,2025-07-10,2025-07-11
A,2025-28,REDE 28,69,68,Y,2025-07-10,2025-07-12
A,2025-28,REDE 29,43,30,Y,2025-07-10,2025-07-11
A,2025-28,REDE 30,44,29,Y,2025-07-10,2025-07-12
A,2025-28,REDE 31,32,22,Y,2025-07-10,2025-07-09
A,2025-28,REDE 32,78,76,Y,2025-07-10,2025-07-12
A,2025-28,REDE 33,20,14,Y,2025-07-10,2025-07-11
A,2025-28,REDE 34,49,44,Y,2025-07-10,2025-07-10
A,2025-28,REDE 35,77,75,Y,2025-07-10,2025-07-12
A,2025-29,REDE 01,41,42,Y,2025-07-17,2025-07-16
A,2025-29,REDE 02,81,78,Y,2025-07-17,2025-07-19
A,2025-29,REDE 03,78,68,Y,2025-07-17,2025-07-19
A,2025-29,REDE 04,80,76,Y,2025-07-17,2025-07-16
A,2025-29,REDE 05,73,65,Y,2025-07-17,2025-07-16
A,2025-29,REDE 06,64,59,Y,2025-07-17,2025-07-17
A,2025-29,REDE 07,47,50,Y,2025-07-17,2025-07-19
A,2025-29,REDE 08,69,58,Y,2025-07-17,2025-07-18
A,2025-29,REDE 09,87,74,Y,2025-07-17,2025-07-16
A,2025-29,REDE 10,45,47,Y,2025-07-17,2025-07-19
A,2025-29,REDE 11,88,83,Y,2025-07-17,2025-07-18
A,2025-29,REDE 12,48,51,Y,2025-07-17,2025-07-18
A,2025-29,REDE 13,27,22,Y,2025-07-17,2025-07-18
A,2025-29,REDE 14,56,48,Y,2025-07-17,2025-07-19
A,2025-29,REDE 15,36,35,Y,2025-07-17,2025-07-19
A,2025-29,REDE 16,51,46,Y,2025-07-17,2025-07-19
A,2025-29,REDE 17,47,34,Y,2025-07-17,2025-07-17
A,2025-29,REDE 18,61,56,Y,2025-07-17,2025-07-16
A,2025-29,REDE 19,36,39,Y,2025-07-17,2025-07-19
A,2025-29,REDE 20,67,57,Y,2025-07-17,2025-07-18
A,2025-29,REDE 21,87,76,Y,2025-07-17,2025-07-16
A,2025-29,REDE 22,44,34,Y,2025-07-17,2025-07-17
A,2025-29,REDE 23,69,60,Y,2025-07-17,2025-07-17
A,2025-29,REDE 24,20,14,Y,2025-07-17,2025-07-17
A,2025-29,REDE 25,90,90,Y,2025-07-17,2025-07-19
A,2025-29,REDE 26,60,46,Y,2025-07-17,2025-07-17
A,2025-29,REDE 27,86,72,Y,2025-07-17,2025-07-17
A,2025-29,REDE 28,30,31,Y,2025-07-17,2025-07-16
A,2025-29,REDE 29,47,35,Y,2025-07-17,2025-07-18
A,2025-29,REDE 30,77,75,Y,2025-07-17,2025-07-19
A,2025-29,REDE 31,69,62,Y,2025-07-17,2025-07-19
A,2025-29,REDE 32,21,14,Y,2025-07-17,2025-07-19
A,2025-29,REDE 33,57,58,Y,2025-07-17,2025-07-16
A,2025-29,REDE 34,54,49,Y,2025-07-17,2025-07-17
A,2025-29,REDE 35,26,15,Y,2025-07-17,2025-07-18
A,2025-30,REDE 01,83,0,Y,2025-07-24,2025-07-24
A,2025-30,REDE 02,26,22,Y,2025-07-24,2025-07-25
A,2025-30,REDE 03,88,82,Y,2025-07-24,2025-07-23
A,2025-30,REDE 04,87,78,Y,2025-07-24,2025-07-26
A,2025-30,REDE 05,60,51,Y,2025-07-24,2025-07-25
A,2025-30,REDE 06,35,26,Y,2025-07-24,2025-07-24
A,2025-30,REDE 07,51,43,Y,2025-07-24,2025-07-25
A,2025-30,REDE 08,63,61,Y,2025-07-24,2025-07-25
A,2025-30,REDE 09,31,27,Y,2025-07-24,2025-07-23
A,2025-30,REDE 10,38,39,Y,2025-07-24,2025-07-23
A,2025-30,REDE 11,73,67,Y,2025-07-24,2025-07-24
A,2025-30,REDE 12,89,83,Y,2025-07-24,2025-07-23
A,2025-30,REDE 13,43,43,Y,2025-07-24,2025-07-23
A,2025-30,REDE 14,31,34,Y,2025-07-24,2025-07-26
A,2025-30,REDE 15,90,82,Y,2025-07-24,2025-07-24
A,2025-30,REDE 16,53,39,Y,2025-07-24,2025-07-25
A,2025-30,REDE 17,48,47,Y,2025-07-24,2025-07-26
A,2025-30,REDE 18,67,60,Y,2025-07-24,2025-07-23
A,2025-30,REDE 19,68,54,Y,2025-07-24,2025-07-25
A,2025-30,REDE 20,62,59,Y,2025-07-24,2025-07-24
A,2025-30,REDE 21,38,41,Y,2025-07-24,2025-07-24
A,2025-30,REDE 22,27,24,Y,2025-07-24,2025-07-24
A,2025-30,REDE 23,39,0,Y,2025-07-24,2025-07-25
A,2025-30,REDE 24,33,27,Y,2025-07-24,2025-07-26
A,2025-30,REDE 25,37,32,Y,2025-07-24,2025-07-26
A,2025-30,REDE 26,82,70,Y,2025-07-24,2025-07-24
A,2025-30,REDE 27,24,18,N,2025-07-24,2025-07-26
A,2025-30,REDE 28,55,56,Y,2025-07-24,2025-07-23
A,2025-30,REDE 29,77,63,Y,2025-07-24,2025-07-23
A,2025-30,REDE 30,65,64,Y,2025-07-24,2025-07-23
A,2025-30,REDE 31,58,53,Y,2025-07-24,2025-07-26
A,2025-30,REDE 32,32,18,Y,2025-07-24,2025-07-24
A,2025-30,REDE 33,69,54,Y,2025-07-24,2025-07-26
A,2025-30,REDE 34,32,31,Y,2025-07-24,2025-07-24
A,2025-30,REDE 35,20,5,Y,2025-07-24,2025-07-24
A,2025-31,REDE 01,74,62,Y,2025-07-31,2025-08-02
A,2025-31,REDE 02,23,19,Y,2025-07-31,2025-07-31
A,2025-31,REDE 03,22,25,Y,2025-07-31,2025-07-31
A,2025-31,REDE 04,48,39,Y,2025-07-31,2025-08-02
A,2025-31,REDE 05,89,88,Y,2025-07-31,2025-07-31
A,2025-31,REDE 06,20,21,Y,2025-07-31,2025-07-30
A,2025-31,REDE 07,21,15,Y,2025-07-31,2025-07-30
A,2025-31,REDE 08,59,60,Y,2025-07-31,2025-07-30
A,2025-31,REDE 09,59,60,Y,2025-07-31,2025-08-01
A,2025-31,REDE 10,73,0,Y,2025-07-31,2025-08-02
A,2025-31,REDE 11,74,77,Y,2025-07-31,2025-08-02
A,2025-31,REDE 12,60,46,Y,2025-07-31,2025-07-31
A,2025-31,REDE 13,21,18,Y,2025-07-31,2025-07-30
A,2025-31,REDE 14,89,91,Y,2025-07-31,2025-08-02
A,2025-31,REDE 15,72,65,Y,2025-07-31,2025-08-01
A,2025-31,REDE 16,79,79,Y,2025-07-31,2025-07-30
A,2025-31,REDE 17,76,66,Y,2025-07-31,2025-08-02
A,2025-31,REDE 18,67,62,Y,2025-07-31,2025-08-02
A,2025-31,REDE 19,82,73,Y,2025-07-31,2025-08-01
A,2025-31,REDE 20,89,86,Y,2025-07-31,2025-07-31
A,2025-31,REDE 21,48,45,Y,2025-07-31,2025-08-02
A,2025-31,REDE 22,86,72,Y,2025-07-31,2025-07-30
A,2025-31,REDE 23,50,44,Y,2025-07-31,2025-08-01
A,2025-31,REDE 24,55,50,Y,2025-07-31,2025-07-30
A,2025-31,REDE 25,55,41,Y,2025-07-31,2025-07-30
A,2025-31,REDE 26,61,57,Y,2025-07-31,2025-08-02
A,2025-31,REDE 27,62,64,Y,2025-07-31,2025-07-30
A,2025-31,REDE 28,65,55,Y,2025-07-31,2025-07-30
A,2025-31,REDE 29,76,62,Y,2025-07-31,2025-08-02
A,2025-31,REDE 30,41,28,Y,2025-07-31,2025-07-30
A,2025-31,REDE 31,78,70,Y,2025-07-31,2025-07-30
A,2025-31,REDE 32,63,62,Y,2025-07-31,2025-07-30
A,2025-31,REDE 33,42,42,Y,2025-07-31,2025-08-01
A,2025-31,REDE 34,84,70,Y,2025-07-31,2025-07-31
A,2025-31,REDE 35,78,80,Y,2025-07-31,2025-08-01
A,2025-32,REDE 01,81,71,Y,2025-08-07,2025-08-06
A,2025-32,REDE 02,63,64,Y,2025-08-07,2025-08-08
A,2025-32,REDE 03,27,27,Y,2025-08-07,2025-08-09
A,2025-32,REDE 04,85,88,Y,2025-08-07,2025-08-09
A,2025-32,REDE 05,27,22,Y,2025-08-07,2025-08-09
A,2025-32,REDE 06,58,61,Y,2025-08-07,2025-08-06
A,2025-32,REDE 07,32,26,Y,2025-08-07,2025-08-08
A,2025-32,REDE 08,64,51,Y,2025-08-07,2025-08-07
A,2025-32,REDE 09,80,73,Y,2025-08-07,2025-08-07
A,2025-32,REDE 10,81,79,Y,2025-08-07,2025-08-07
A,2025-32,REDE 11,47,43,Y,2025-08-07,2025-08-07
A,2025-32,REDE 12,75,67,Y,2025-08-07,2025-08-08
A,2025-32,REDE 13,29,22,Y,2025-08-07,2025-08-08
A,2025-32,REDE 14,83,82,Y,2025-08-07,2025-08-08
A,2025-32,REDE 15,56,52,Y,2025-08-07,2025-08-07
A,2025-32,REDE 16,42,28,Y,2025-08-07,2025-08-06
A,2025-32,REDE 17,44,37,Y,2025-08-07,2025-08-06
A,2025-32,REDE 18,78,70,Y,2025-08-07,2025-08-06
A,2025-32,REDE 19,73,62,Y,2025-08-07,2025-08-07
A,2025-32,REDE 20,86,79,Y,2025-08-07,2025-08-06
A,2025-32,REDE 21,69,57,Y,2025-08-07,2025-08-08
A,2025-32,REDE 22,25,18,Y,2025-08-07,2025-08-08
A,2025-32,REDE 23,41,43,Y,2025-08-07,2025-08-09
A,2025-32,REDE 24,26,22,Y,2025-08-07,2025-08-06
A,2025-32,REDE 25,62,63,Y,2025-08-07,2025-08-09
A,2025-32,REDE 26,61,63,Y,2025-08-07,2025-08-07
A,2025-32,REDE 27,62,48,Y,2025-08-07,2025-08-06
A,2025-32,REDE 28,76,79,Y,2025-08-07,2025-08-09
A,2025-32,REDE 29,32,17,Y,2025-08-07,2025-08-09
A,2025-32,REDE 30,89,88,Y,2025-08-07,2025-08-08
A,2025-32,REDE 31,26,0,Y,2025-08-07,2025-08-07
A,2025-32,REDE 32,31,0,Y,2025-08-07,2025-08-08
A,2025-32,REDE 33,25,23,Y,2025-08-07,2025-08-06
A,2025-32,REDE 34,57,52,Y,2025-08-07,2025-08-07
A,2025-32,REDE 35,35,34,Y,2025-08-07,2025-08-08
A,2025-33,REDE 01,82,67,Y,2025-08-14,2025-08-16
A,2025-33,REDE 02,82,80,Y,2025-08-14,2025-08-14
A,2025-33,REDE 03,59,59,Y,2025-08-14,2025-08-16
A,2025-33,REDE 04,71,74,Y,2025-08-14,2025-08-14
A,2025-33,REDE 05,65,64,Y,2025-08-14,2025-08-14
A,2025-33,REDE 06,32,0,Y,2025-08-14,2025-08-14
A,2025-33,REDE 07,37,22,Y,2025-08-14,2025-08-15
A,2025-33,REDE 08,32,17,Y,2025-08-14,2025-08-15
A,2025-33,REDE 09,32,19,Y,2025-08-14,2025-08-14
A,2025-33,REDE 10,28,20,Y,2025-08-14,2025-08-14
A,2025-33,REDE 11,79,82,Y,2025-08-14,2025-08-13
A,2025-33,REDE 12,54,39,Y,2025-08-14,2025-08-16
A,2025-33,REDE 13,75,64,Y,2025-08-14,2025-08-15
A,2025-33,REDE 14,46,38,Y,2025-08-14,2025-08-14
A,2025-33,REDE 15,22,24,Y,2025-08-14,2025-08-15
A,2025-33,REDE 16,90,90,Y,2025-08-14,2025-08-15
A,2025-33,REDE 17,80,69,Y,2025-08-14,2025-08-15
A,2025-33,REDE 18,27,25,Y,2025-08-14,2025-08-15
A,2025-33,REDE 19,53,41,Y,2025-08-14,2025-08-14
A,2025-33,REDE 20,38,27,Y,2025-08-14,2025-08-13
A,2025-33,REDE 21,57,43,Y,2025-08-14,2025-08-13
A,2025-33,REDE 22,58,45,Y,2025-08-14,2025-08-13
A,2025-33,REDE 23,74,66,Y,2025-08-14,2025-08-14
A,2025-33,REDE 24,53,50,Y,2025-08-14,2025-08-13
A,2025-33,REDE 25,72,63,Y,2025-08-14,2025-08-16
A,2025-33,REDE 26,59,58,Y,2025-08-14,2025-08-15
A,2025-33,REDE 27,73,68,Y,2025-08-14,2025-08-14
A,2025-33,REDE 28,61,57,Y,2025-08-14,2025-08-13
A,2025-33,REDE 29,25,12,Y,2025-08-14,2025-08-13
A,2025-33,REDE 30,79,70,Y,2025-08-14,2025-08-14
A,2025-33,REDE 31,29,25,Y,2025-08-14,2025-08-16
A,2025-33,REDE 32,48,37,Y,2025-08-14,2025-08-16
A,2025-33,REDE 33,59,54,Y,2025-08-14,2025-08-14
A,2025-33,REDE 34,46,42,Y,2025-08-14,2025-08-14
A,2025-33,REDE 35,44,37,Y,2025-08-14,2025-08-13
A,2025-34,REDE 01,75,61,Y,2025-08-21,2025-08-20
A,2025-34,REDE 02,61,62,Y,2025-08-21,2025-08-23
A,2025-34,REDE 03,26,15,Y,2025-08-21,2025-08-20
A,2025-34,REDE 04,28,16,Y,2025-08-21,2025-08-23
A,2025-34,REDE 05,77,62,Y,2025-08-21,2025-08-22
A,2025-34,REDE 06,25,15,Y,2025-08-21,2025-08-20
A,2025-34,REDE 07,72,75,Y,2025-08-21,2025-08-22
A,2025-34,REDE 08,54,43,Y,2025-08-21,2025-08-23
A,2025-34,REDE 09,58,49,Y,2025-08-21,2025-08-22
A,2025-34,REDE 10,78,73,Y,2025-08-21,2025-08-20
A,2025-34,REDE 11,31,28,Y,2025-08-21,2025-08-21
A,2025-34,REDE 12,30,25,Y,2025-08-21,2025-08-23
A,2025-34,REDE 13,48,35,Y,2025-08-21,2025-08-22
A,2025-34,REDE 14,61,0,Y,2025-08-21,2025-08-20
A,2025-34,REDE 15,78,76,Y,2025-08-21,2025-08-23
A,2025-34,REDE 16,76,69,Y,2025-08-21,2025-08-23
A,2025-34,REDE 17,89,86,Y,2025-08-21,2025-08-22
A,2025-34,REDE 18,20,21,Y,2025-08-21,2025-08-20
A,2025-34,REDE 19,69,65,Y,2025-08-21,2025-08-23
A,2025-34,REDE 20,78,71,Y,2025-08-21,2025-08-20
A,2025-34,REDE 21,40,26,Y,2025-08-21,2025-08-22
A,2025-34,REDE 22,21,16,Y,2025-08-21,2025-08-23
A,2025-34,REDE 23,52,49,Y,2025-08-21,2025-08-21
A,2025-34,REDE 24,71,72,Y,2025-08-21,2025-08-20
A,2025-34,REDE 25,24,12,Y,2025-08-21,2025-08-21
A,2025-34,REDE 26,79,82,Y,2025-08-21,2025-08-22
A,2025-34,REDE 27,56,44,Y,2025-08-21,2025-08-22
A,2025-34,REDE 28,59,52,Y,2025-08-21,2025-08-23
A,2025-34,REDE 29,73,72,Y,2025-08-21,2025-08-21
A,2025-34,REDE 30,53,54,Y,2025-08-21,2025-08-22
A,2025-34,REDE 31,81,74,Y,2025-08-21,2025-08-22
A,2025-34,REDE 32,68,67,Y,2025-08-21,2025-08-23
A,2025-34,REDE 33,22,16,Y,2025-08-21,2025-08-23
A,2025-34,REDE 34,78,76,Y,2025-08-21,2025-08-23
A,2025-34,REDE 35,40,43,Y,2025-08-21,2025-08-22
A,2025-35,REDE 01,22,18,Y,2025-08-28,2025-08-28
A,2025-35,REDE 02,74,73,Y,2025-08-28,2025-08-30
A,2025-35,REDE 03,24,20,Y,2025-08-28,2025-08-29
A,2025-35,REDE 04,20,8,Y,2025-08-28,2025-08-28
A,2025-35,REDE 05,42,29,Y,2025-08-28,2025-08-27
A,2025-35,REDE 06,22,16,Y,2025-08-28,2025-08-27
A,2025-35,REDE 07,25,24,Y,2025-08-28,2025-08-30
A,2025-35,REDE 08,65,52,N,2025-08-28,2025-08-28
A,2025-35,REDE 09,52,49,Y,2025-08-28,2025-08-29
A,2025-35,REDE 10,76,70,Y,2025-08-28,2025-08-28
A,2025-35,REDE 11,68,70,Y,2025-08-28,2025-08-27
A,2025-35,REDE 12,40,29,Y,2025-08-28,2025-08-27
A,2025-35,REDE 13,49,42,Y,2025-08-28,2025-08-30
A,2025-35,REDE 14,27,16,Y,2025-08-28,2025-08-30
A,2025-35,REDE 15,90,89,Y,2025-08-28,2025-08-27
A,2025-35,REDE 16,51,37,Y,2025-08-28,2025-08-29
A,2025-35,REDE 17,86,88,Y,2025-08-28,2025-08-30
A,2025-35,REDE 18,72,65,Y,2025-08-28,2025-08-29
A,2025-35,REDE 19,80,70,Y,2025-08-28,2025-08-29
A,2025-35,REDE 20,58,61,Y,2025-08-28,2025-08-30
A,2025-35,REDE 21,83,82,Y,2025-08-28,2025-08-27
A,2025-35,REDE 22,69,56,Y,2025-08-28,2025-08-28
A,2025-35,REDE 23,68,63,Y,2025-08-28,2025-08-30
A,2025-35,REDE 24,61,53,Y,2025-08-28,2025-08-30
A,2025-35,REDE 25,67,60,Y,2025-08-28,2025-08-28
A,2025-35,REDE 26,60,63,Y,2025-08-28,2025-08-30
A,2025-35,REDE 27,43,46,Y,2025-08-28,2025-08-29
A,2025-35,REDE 28,63,62,Y,2025-08-28,2025-08-30
A,2025-35,REDE 29,50,48,Y,2025-08-28,2025-08-30
A,2025-35,REDE 30,38,26,Y,2025-08-28,2025-08-27
A,2025-35,REDE 31,44,38,Y,2025-08-28,2025-08-29
A,2025-35,REDE 32,79,80,Y,2025-08-28,2025-08-27
A,2025-35,REDE 33,35,31,Y,2025-08-28,2025-08-27
A,2025-35,REDE 34,77,68,Y,2025-08-28,2025-08-29
A,2025-35,REDE 35,38,36,Y,2025-08-28,2025-08-29
A,2025-36,REDE 01,45,36,Y,2025-09-04,2025-09-03
A,2025-36,REDE 02,77,79,Y,2025-09-04,2025-09-06
A,2025-36,REDE 03,53,48,Y,2025-09-04,2025-09-06
A,2025-36,REDE 04,85,75,Y,2025-09-04,2025-09-03
A,2025-36,REDE 05,52,37,Y,2025-09-04,2025-09-03
A,2025-36,REDE 06,50,42,Y,2025-09-04,2025-09-03
A,2025-36,REDE 07,27,26,Y,2025-09-04,2025-09-03
A,2025-36,REDE 08,46,36,Y,2025-09-04,2025-09-04
A,2025-36,REDE 09,33,27,Y,2025-09-04,2025-09-05
A,2025-36,REDE 10,46,41,Y,2025-09-04,2025-09-06
A,2025-36,REDE 11,23,19,Y,2025-09-04,2025-09-05
A,2025-36,REDE 12,46,34,Y,2025-09-04,2025-09-05
A,2025-36,REDE 13,25,17,Y,2025-09-04,2025-09-06
A,2025-36,REDE 14,27,13,Y,2025-09-04,2025-09-03
A,2025-36,REDE 15,35,30,Y,2025-09-04,2025-09-05
A,2025-36,REDE 16,25,16,Y,2025-09-04,2025-09-03
A,2025-36,REDE 17,55,52,Y,2025-09-04,2025-09-04
A,2025-36,REDE 18,25,13,Y,2025-09-04,2025-09-05
A,2025-36,REDE 19,85,88,Y,2025-09-04,2025-09-06
A,2025-36,REDE 20,50,37,Y,2025-09-04,2025-09-03
A,2025-36,REDE 21,80,66,Y,2025-09-04,2025-09-03
A,2025-36,REDE 22,78,70,Y,2025-09-04,2025-09-05
A,2025-36,REDE 23,59,53,Y,2025-09-04,2025-09-03
A,2025-36,REDE 24,26,22,Y,2025-09-04,2025-09-03
A,2025-36,REDE 25,53,46,Y,2025-09-04,2025-09-06
A,2025-36,REDE 26,37,39,Y,2025-09-04,2025-09-05
A,2025-36,REDE 27,81,79,Y,2025-09-04,2025-09-05
A,2025-36,REDE 28,85,80,Y,2025-09-04,2025-09-04
A,2025-36,REDE 29,45,34,Y,2025-09-04,2025-09-04
A,2025-36,REDE 30,85,78,Y,2025-09-04,2025-09-05
A,2025-36,REDE 31,23,24,Y,2025-09-04,2025-09-03
A,2025-36,REDE 32,42,40,Y,2025-09-04,2025-09-06
A,2025-36,REDE 33,87,80,Y,2025-09-04,2025-09-06
A,2025-36,REDE 34,45,31,Y,2025-09-04,2025-09-06
A,2025-36,REDE 35,40,27,Y,2025-09-04,2025-09-03
A,2025-37,REDE 01,46,37,Y,2025-09-11,2025-09-13
A,2025-37,REDE 02,48,45,Y,2025-09-11,2025-09-13
A,2025-37,REDE 03,42,42,Y,2025-09-11,2025-09-13
A,2025-37,REDE 04,22,13,Y,2025-09-11,2025-09-11
A,2025-37,REDE 05,82,78,Y,2025-09-11,2025-09-13
A,2025-37,REDE 06,37,36,Y,2025-09-11,2025-09-13
A,2025-37,REDE 07,26,22,Y,2025-09-11,2025-09-10
A,2025-37,REDE 08,89,83,Y,2025-09-11,2025-09-11
A,2025-37,REDE 09,48,49,Y,2025-09-11,2025-09-12
A,2025-37,REDE 10,32,22,Y,2025-09-11,2025-09-11
A,2025-37,REDE 11,77,72,Y,2025-09-11,2025-09-11
A,2025-37,REDE 12,47,41,Y,2025-09-11,2025-09-13
A,2025-37,REDE 13,85,77,Y,2025-09-11,2025-09-10
A,2025-37,REDE 14,30,28,Y,2025-09-11,2025-09-12
A,2025-37,REDE 15,61,61,Y,2025-09-11,2025-09-10
A,2025-37,REDE 16,75,61,Y,2025-09-11,2025-09-12
A,2025-37,REDE 17,33,31,Y,2025-09-11,2025-09-12
A,2025-37,REDE 18,60,62,Y,2025-09-11,2025-09-11
A,2025-37,REDE 19,24,15,Y,2025-09-11,2025-09-10
A,2025-37,REDE 20,62,48,Y,2025-09-11,2025-09-13
A,2025-37,REDE 21,72,60,Y,2025-09-11,2025-09-13
A,2025-37,REDE 22,67,60,Y,2025-09-11,2025-09-11
A,2025-37,REDE 23,38,40,Y,2025-09-11,2025-09-11
A,2025-37,REDE 24,24,25,Y,2025-09-11,2025-09-13
A,2025-37,REDE 25,31,22,Y,2025-09-11,2025-09-12
A,2025-37,REDE 26,48,51,Y,2025-09-11,2025-09-12
A,2025-37,REDE 27,81,80,Y,2025-09-11,2025-09-10
A,2025-37,REDE 28,75,67,Y,2025-09-11,2025-09-11
A,2025-37,REDE 29,87,72,Y,2025-09-11,2025-09-10
A,2025-37,REDE 30,52,38,Y,2025-09-11,2025-09-12
A,2025-37,REDE 31,22,11,Y,2025-09-11,2025-09-11
A,2025-37,REDE 32,34,24,Y,2025-09-11,2025-09-11
A,2025-37,REDE 33,53,46,Y,2025-09-11,2025-09-12
A,2025-37,REDE 34,55,40,Y,2025-09-11,2025-09-12
A,2025-37,REDE 35,48,51,Y,2025-09-11,2025-09-10
A,2025-38,REDE 01,54,45,Y,2025-09-18,2025-09-17
A,2025-38,REDE 02,61,63,N,2025-09-18,2025-09-19
A,2025-38,REDE 03,48,47,Y,2025-09-18,2025-09-18
A,2025-38,REDE 04,72,75,Y,2025-09-18,2025-09-18
A,2025-38,REDE 05,62,0,Y,2025-09-18,2025-09-17
A,2025-38,REDE 06,86,85,Y,2025-09-18,2025-09-20
A,2025-38,REDE 07,39,25,Y,2025-09-18,2025-09-17
A,2025-38,REDE 08,56,45,Y,2025-09-18,2025-09-20
A,2025-38,REDE 09,83,69,Y,2025-09-18,2025-09-18
A,2025-38,REDE 10,61,54,Y,2025-09-18,2025-09-20
A,2025-38,REDE 11,43,28,Y,2025-09-18,2025-09-20
A,2025-38,REDE 12,34,37,Y,2025-09-18,2025-09-17
A,2025-38,REDE 13,66,54,Y,2025-09-18,2025-09-19
A,2025-38,REDE 14,49,34,Y,2025-09-18,2025-09-18
A,2025-38,REDE 15,45,43,Y,2025-09-18,2025-09-19
A,2025-38,REDE 16,66,68,Y,2025-09-18,2025-09-17
A,2025-38,REDE 17,90,84,Y,2025-09-18,2025-09-17
A,2025-38,REDE 18,53,39,Y,2025-09-18,2025-09-20
A,2025-38,REDE 19,83,85,Y,2025-09-18,2025-09-17
A,2025-38,REDE 20,27,30,Y,2025-09-18,2025-09-17
A,2025-38,REDE 21,75,66,Y,2025-09-18,2025-09-20
A,2025-38,REDE 22,77,65,Y,2025-09-18,2025-09-18
A,2025-38,REDE 23,42,44,Y,2025-09-18,2025-09-17
A,2025-38,REDE 24,34,37,Y,2025-09-18,2025-09-17
A,2025-38,REDE 25,53,44,Y,2025-09-18,2025-09-20
A,2025-38,REDE 26,40,25,Y,2025-09-18,2025-09-20
A,2025-38,REDE 27,71,70,Y,2025-09-18,2025-09-20
A,2025-38,REDE 28,53,50,Y,2025-09-18,2025-09-18
A,2025-38,REDE 29,34,34,Y,2025-09-18,2025-09-19
A,2025-38,REDE 30,50,50,Y,2025-09-18,2025-09-20
A,2025-38,REDE 31,41,26,Y,2025-09-18,2025-09-18
A,2025-38,REDE 32,75,67,Y,2025-09-18,2025-09-18
A,2025-38,REDE 33,72,66,Y,2025-09-18,2025-09-20
A,2025-38,REDE 34,40,42,Y,2025-09-18,2025-09-17
A,2025-38,REDE 35,63,60,Y,2025-09-18,2025-09-17
A,2025-39,REDE 01,29,24,Y,2025-09-25,2025-09-26
A,2025-39,REDE 02,47,46,Y,2025-09-25,2025-09-25
A,2025-39,REDE 03,83,86,Y,2025-09-25,2025-09-24
A,2025-39,REDE 04,50,42,Y,2025-09-25,2025-09-25
A,2025-39,REDE 05,37,29,Y,2025-09-25,2025-09-27
A,2025-39,REDE 06,62,55,Y,2025-09-25,2025-09-24
A,2025-39,REDE 07,21,8,Y,2025-09-25,2025-09-24
A,2025-39,REDE 08,24,20,Y,2025-09-25,2025-09-25
A,2025-39,REDE 09,55,57,Y,2025-09-25,2025-09-27
A,2025-39,REDE 10,38,27,Y,2025-09-25,2025-09-26
A,2025-39,REDE 11,30,19,Y,2025-09-25,2025-09-27
A,2025-39,REDE 12,82,79,Y,2025-09-25,2025-09-27
A,2025-39,REDE 13,31,28,Y,2025-09-25,2025-09-26
A,2025-39,REDE 14,59,48,Y,2025-09-25,2025-09-24
A,2025-39,REDE 15,36,39,Y,2025-09-25,2025-09-24
A,2025-39,REDE 16,23,16,Y,2025-09-25,2025-09-24
A,2025-39,REDE 17,21,20,Y,2025-09-25,2025-09-24
A,2025-39,REDE 18,40,29,Y,2025-09-25,2025-09-27
A,2025-39,REDE 19,61,49,Y,2025-09-25,2025-09-27
A,2025-39,REDE 20,34,22,Y,2025-09-25,2025-09-27
A,2025-39,REDE 21,42,36,Y,2025-09-25,2025-09-25
A,2025-39,REDE 22,45,31,Y,2025-09-25,2025-09-25
A,2025-39,REDE 23,58,60,Y,2025-09-25,2025-09-27
A,2025-39,REDE 24,21,9,Y,2025-09-25,2025-09-25
A,2025-39,REDE 25,59,46,Y,2025-09-25,2025-09-24
A,2025-39,REDE 26,41,44,Y,2025-09-25,2025-09-27
A,2025-39,REDE 27,66,67,Y,2025-09-25,2025-09-24
A,2025-39,REDE 28,72,62,Y,2025-09-25,2025-09-24
A,2025-39,REDE 29,63,48,Y,2025-09-25,2025-09-26
A,2025-39,REDE 30,34,28,Y,2025-09-25,2025-09-24
A,2025-39,REDE 31,75,60,Y,2025-09-25,2025-09-25
A,2025-39,REDE 32,34,28,Y,2025-09-25,2025-09-27
A,2025-39,REDE 33,78,77,Y,2025-09-25,2025-09-25
A,2025-39,REDE 34,81,74,Y,2025-09-25,2025-09-27
A,2025-39,REDE 35,70,60,Y,2025-09-25,2025-09-26
A,2025-40,REDE 01,71,65,Y,2025-10-02,2025-10-01
A,2025-40,REDE 02,78,70,Y,2025-10-02,2025-10-02
A,2025-40,REDE 03,74,71,Y,2025-10-02,2025-10-01
A,2025-40,REDE 04,77,62,Y,2025-10-02,2025-10-01
A,2025-40,REDE 05,69,71,Y,2025-10-02,2025-10-03
A,2025-40,REDE 06,28,21,Y,2025-10-02,2025-10-03
A,2025-40,REDE 07,76,61,Y,2025-10-02,2025-10-01
A,2025-40,REDE 08,44,46,Y,2025-10-02,2025-10-01
A,2025-40,REDE 09,72,68,Y,2025-10-02,2025-10-02
A,2025-40,REDE 10,26,27,Y,2025-10-02,2025-10-01
A,2025-40,REDE 11,71,62,Y,2025-10-02,2025-10-04
A,2025-40,REDE 12,80,83,Y,2025-10-02,2025-10-03
A,2025-40,REDE 13,33,24,Y,2025-10-02,2025-10-04
A,2025-40,REDE 14,66,68,Y,2025-10-02,2025-10-02
A,2025-40,REDE 15,71,61,Y,2025-10-02,2025-10-01
A,2025-40,REDE 16,62,48,Y,2025-10-02,2025-10-02
A,2025-40,REDE 17,58,45,Y,2025-10-02,2025-10-02
A,2025-40,REDE 18,29,22,Y,2025-10-02,2025-10-01
A,2025-40,REDE 19,66,64,Y,2025-10-02,2025-10-04
A,2025-40,REDE 20,64,54,Y,2025-10-02,2025-10-02
A,2025-40,REDE 21,45,36,Y,2025-10-02,2025-10-01
A,2025-40,REDE 22,76,74,Y,2025-10-02,2025-10-04
A,2025-40,REDE 23,32,23,Y,2025-10-02,2025-10-04
A,2025-40,REDE 24,51,51,Y,2025-10-02,2025-10-04
A,2025-40,REDE 25,84,78,Y,2025-10-02,2025-10-01
A,2025-40,REDE 26,51,40,Y,2025-10-02,2025-10-01
A,2025-40,REDE 27,86,87,Y,2025-10-02,2025-10-04
A,2025-40,REDE 28,34,19,Y,2025-10-02,2025-10-02
A,2025-40,REDE 29,49,36,Y,2025-10-02,2025-10-03
A,2025-40,REDE 30,48,34,Y,2025-10-02,2025-10-01
A,2025-40,REDE 31,90,92,Y,2025-10-02,2025-10-03
A,2025-40,REDE 32,51,36,Y,2025-10-02,2025-10-04
A,2025-40,REDE 33,36,30,Y,2025-10-02,2025-10-04
A,2025-40,REDE 34,71,72,Y,2025-10-02,2025-10-04
A,2025-40,REDE 35,68,60,Y,2025-10-02,2025-10-03
A,2025-41,REDE 01,22,13,Y,2025-10-09,2025-10-10
A,2025-41,REDE 02,78,72,Y,2025-10-09,2025-10-09
A,2025-41,REDE 03,36,38,Y,2025-10-09,2025-10-09
A,2025-41,REDE 04,32,30,Y,2025-10-09,2025-10-08
A,2025-41,REDE 05,34,20,Y,2025-10-09,2025-10-09
A,2025-41,REDE 06,53,48,Y,2025-10-09,2025-10-11
A,2025-41,REDE 07,26,29,Y,2025-10-09,2025-10-08
A,2025-41,REDE 08,23,10,Y,2025-10-09,2025-10-08
A,2025-41,REDE 09,20,8,Y,2025-10-09,2025-10-09
A,2025-41,REDE 10,42,37,Y,2025-10-09,2025-10-08
A,2025-41,REDE 11,35,31,Y,2025-10-09,2025-10-11
A,2025-41,REDE 12,74,59,Y,2025-10-09,2025-10-11
A,2025-41,REDE 13,21,16,Y,2025-10-09,2025-10-11
A,2025-41,REDE 14,53,56,Y,2025-10-09,2025-10-08
A,2025-41,REDE 15,69,54,Y,2025-10-09,2025-10-09
A,2025-41,REDE 16,75,70,Y,2025-10-09,2025-10-08
A,2025-41,REDE 17,24,24,Y,2025-10-09,2025-10-11
A,2025-41,REDE 18,87,77,Y,2025-10-09,2025-10-08
A,2025-41,REDE 19,72,67,Y,2025-10-09,2025-10-10
A,2025-41,REDE 20,64,0,Y,2025-10-09,2025-10-08
A,2025-41,REDE 21,51,48,Y,2025-10-09,2025-10-08
A,2025-41,REDE 22,33,18,Y,2025-10-09,2025-10-11
A,2025-41,REDE 23,32,32,Y,2025-10-09,2025-10-09
A,2025-41,REDE 24,25,11,Y,2025-10-09,2025-10-11
A,2025-41,REDE 25,37,29,Y,2025-10-09,2025-10-08
A,2025-41,REDE 26,51,49,Y,2025-10-09,2025-10-08
A,2025-41,REDE 27,87,86,Y,2025-10-09,2025-10-09
A,2025-41,REDE 28,48,42,Y,2025-10-09,2025-10-11
A,2025-41,REDE 29,46,35,Y,2025-10-09,2025-10-11
A,2025-41,REDE 30,82,78,Y,2025-10-09,2025-10-11
A,2025-41,REDE 31,54,50,Y,2025-10-09,2025-10-11
A,2025-41,REDE 32,61,50,Y,2025-10-09,2025-10-11
A,2025-41,REDE 33,67,57,Y,2025-10-09,2025-10-08
A,2025-41,REDE 34,46,35,Y,2025-10-09,2025-10-09
A,2025-41,REDE 35,71,65,Y,2025-10-09,2025-10-08
A,2025-42,REDE 01,67,54,Y,2025-10-16,2025-10-17
A,2025-42,REDE 02,39,35,Y,2025-10-16,2025-10-17
A,2025-42,REDE 03,57,48,Y,2025-10-16,2025-10-18
A,2025-42,REDE 04,22,23,Y,2025-10-16,2025-10-15
A,2025-42,REDE 05,74,73,Y,2025-10-16,2025-10-15
A,2025-42,REDE 06,22,12,Y,2025-10-16,2025-10-16
A,2025-42,REDE 07,42,43,Y,2025-10-16,2025-10-17
A,2025-42,REDE 08,20,11,Y,2025-10-16,2025-10-17
A,2025-42,REDE 09,25,28,Y,2025-10-16,2025-10-17
A,2025-42,REDE 10,90,0,Y,2025-10-16,2025-10-17
A,2025-42,REDE 11,47,46,Y,2025-10-16,2025-10-16
A,2025-42,REDE 12,24,24,Y,2025-10-16,2025-10-18
A,2025-42,REDE 13,24,18,Y,2025-10-16,2025-10-18
A,2025-42,REDE 14,21,14,Y,2025-10-16,2025-10-16
A,2025-42,REDE 15,40,38,Y,2025-10-16,2025-10-17
A,2025-42,REDE 16,47,34,Y,2025-10-16,2025-10-15
A,2025-42,REDE 17,70,66,Y,2025-10-16,2025-10-17
A,2025-42,REDE 18,45,41,Y,2025-10-16,2025-10-17
A,2025-42,REDE 19,83,84,Y,2025-10-16,2025-10-16
A,2025-42,REDE 20,70,60,Y,2025-10-16,2025-10-18
A,2025-42,REDE 21,73,72,Y,2025-10-16,2025-10-16
A,2025-42,REDE 22,61,46,Y,2025-10-16,2025-10-16
A,2025-42,REDE 23,67,61,Y,2025-10-16,2025-10-17
A,2025-42,REDE 24,80,68,Y,2025-10-16,2025-10-15
A,2025-42,REDE 25,30,24,Y,2025-10-16,2025-10-17
A,2025-42,REDE 26,68,54,Y,2025-10-16,2025-10-18
A,2025-42,REDE 27,84,71,Y,2025-10-16,2025-10-18
A,2025-42,REDE 28,54,57,Y,2025-10-16,2025-10-16
A,2025-42,REDE 29,52,39,Y,2025-10-16,2025-10-15
A,2025-42,REDE 30,46,41,Y,2025-10-16,2025-10-18
A,2025-42,REDE 31,44,46,Y,2025-10-16,2025-10-17
A,2025-42,REDE 32,80,67,Y,2025-10-16,2025-10-15
A,2025-42,REDE 33,31,18,Y,2025-10-16,2025-10-17
A,2025-42,REDE 34,80,69,Y,2025-10-16,2025-10-16
A,2025-42,REDE 35,50,36,Y,2025-10-16,2025-10-18
A,2025-43,REDE 01,86,80,Y,2025-10-23,2025-10-24
A,2025-43,REDE 02,82,80,Y,2025-10-23,2025-10-22
A,2025-43,REDE 03,63,48,Y,2025-10-23,2025-10-22
A,2025-43,REDE 04,50,44,Y,2025-10-23,2025-10-22
A,2025-43,REDE 05,33,34,Y,2025-10-23,2025-10-23
A,2025-43,REDE 06,52,50,Y,2025-10-23,2025-10-23
A,2025-43,REDE 07,64,59,Y,2025-10-23,2025-10-24
A,2025-43,REDE 08,84,84,Y,2025-10-23,2025-10-24
A,2025-43,REDE 09,75,62,Y,2025-10-23,2025-10-24
A,2025-43,REDE 10,40,42,Y,2025-10-23,2025-10-24
A,2025-43,REDE 11,79,67,Y,2025-10-23,2025-10-22
A,2025-43,REDE 12,46,40,Y,2025-10-23,2025-10-25
A,2025-43,REDE 13,34,29,Y,2025-10-23,2025-10-24
A,2025-43,REDE 14,33,26,Y,2025-10-23,2025-10-22
A,2025-43,REDE 15,20,22,Y,2025-10-23,2025-10-24
A,2025-43,REDE 16,21,23,Y,2025-10-23,2025-10-24
A,2025-43,REDE 17,77,65,Y,2025-10-23,2025-10-24
A,2025-43,REDE 18,41,32,Y,2025-10-23,2025-10-22
A,2025-43,REDE 19,68,70,Y,2025-10-23,2025-10-25
A,2025-43,REDE 20,63,55,Y,2025-10-23,2025-10-23
A,2025-43,REDE 21,40,33,Y,2025-10-23,2025-10-22
A,2025-43,REDE 22,59,61,Y,2025-10-23,2025-10-23
A,2025-43,REDE 23,31,28,Y,2025-10-23,2025-10-25
A,2025-43,REDE 24,67,60,Y,2025-10-23,2025-10-22
A,2025-43,REDE 25,68,57,Y,2025-10-23,2025-10-25
A,2025-43,REDE 26,40,39,Y,2025-10-23,2025-10-25
A,2025-43,REDE 27,49,47,Y,2025-10-23,2025-10-23
A,2025-43,REDE 28,90,84,Y,2025-10-23,2025-10-22
A,2025-43,REDE 29,53,38,Y,2025-10-23,2025-10-23
A,2025-43,REDE 30,58,45,Y,2025-10-23,2025-10-22
A,2025-43,REDE 31,45,43,Y,2025-10-23,2025-10-24
A,2025-43,REDE 32,53,45,Y,2025-10-23,2025-10-24
A,2025-43,REDE 33,52,53,Y,2025-10-23,2025-10-25
A,2025-43,REDE 34,59,0,Y,2025-10-23,2025-10-25
A,2025-43,REDE 35,44,29,Y,2025-10-23,2025-10-23
A,2025-44,REDE 01,52,49,Y,2025-10-30,2025-10-29
A,2025-44,REDE 02,46,43,Y,2025-10-30,2025-10-30
A,2025-44,REDE 03,23,13,Y,2025-10-30,2025-10-30
A,2025-44,REDE 04,40,42,Y,2025-10-30,2025-10-30
A,2025-44,REDE 05,47,33,Y,2025-10-30,2025-10-31
A,2025-44,REDE 06,21,9,Y,2025-10-30,2025-10-30
A,2025-44,REDE 07,79,73,Y,2025-10-30,2025-10-31
A,2025-44,REDE 08,51,51,Y,2025-10-30,2025-10-30
A,2025-44,REDE 09,71,58,Y,2025-10-30,2025-11-01
A,2025-44,REDE 10,90,89,Y,2025-10-30,2025-10-30
A,2025-44,REDE 11,24,24,Y,2025-10-30,2025-10-29
A,2025-44,REDE 12,47,43,Y,2025-10-30,2025-10-29
A,2025-44,REDE 13,89,81,Y,2025-10-30,2025-10-29
A,2025-44,REDE 14,46,47,Y,2025-10-30,2025-10-31
A,2025-44,REDE 15,86,83,Y,2025-10-30,2025-10-30
A,2025-44,REDE 16,81,80,Y,2025-10-30,2025-10-30
A,2025-44,REDE 17,36,36,Y,2025-10-30,2025-10-30
A,2025-44,REDE 18,46,35,Y,2025-10-30,2025-11-01
A,2025-44,REDE 19,33,19,Y,2025-10-30,2025-10-30
A,2025-44,REDE 20,39,32,Y,2025-10-30,2025-10-31
A,2025-44,REDE 21,65,58,Y,2025-10-30,2025-10-30
A,2025-44,REDE 22,86,75,Y,2025-10-30,2025-11-01
A,2025-44,REDE 23,54,39,Y,2025-10-30,2025-10-29
A,2025-44,REDE 24,60,55,N,2025-10-30,2025-10-29
A,2025-44,REDE 25,62,47,Y,2025-10-30,2025-11-01
A,2025-44,REDE 26,30,0,Y,2025-10-30,2025-11-01
A,2025-44,REDE 27,64,65,Y,2025-10-30,2025-10-30
A,2025-44,REDE 28,79,80,Y,2025-10-30,2025-10-30
A,2025-44,REDE 29,81,67,Y,2025-10-30,2025-11-01
A,2025-44,REDE 30,39,40,Y,2025-10-30,2025-10-30
A,2025-44,REDE 31,73,60,Y,2025-10-30,2025-10-30
A,2025-44,REDE 32,86,77,Y,2025-10-30,2025-10-29
A,2025-44,REDE 33,70,58,Y,2025-10-30,2025-10-30
A,2025-44,REDE 34,65,64,Y,2025-10-30,2025-10-29
A,2025-44,REDE 35,41,30,Y,2025-10-30,2025-10-30
A,2025-45,REDE 01,60,51,Y,2025-11-06,2025-11-06
A,2025-45,REDE 02,73,58,Y,2025-11-06,2025-11-05
A,2025-45,REDE 03,40,28,Y,2025-11-06,2025-11-05
A,2025-45,REDE 04,40,43,Y,2025-11-06,2025-11-05
A,2025-45,REDE 05,38,41,Y,2025-11-06,2025-11-07
A,2025-45,REDE 06,31,19,Y,2025-11-06,2025-11-05
A,2025-45,REDE 07,45,36,Y,2025-11-06,2025-11-07
A,2025-45,REDE 08,78,73,Y,2025-11-06,2025-11-08
A,2025-45,REDE 09,31,18,Y,2025-11-06,2025-11-07
A,2025-45,REDE 10,60,56,Y,2025-11-06,2025-11-07
A,2025-45,REDE 11,67,52,Y,2025-11-06,2025-11-05
A,2025-45,REDE 12,33,32,Y,2025-11-06,2025-11-05
A,2025-45,REDE 13,81,83,Y,2025-11-06,2025-11-05
A,2025-45,REDE 14,47,49,Y,2025-11-06,2025-11-06
A,2025-45,REDE 15,67,70,Y,2025-11-06,2025-11-08
A,2025-45,REDE 16,44,29,Y,2025-11-06,2025-11-08
A,2025-45,REDE 17,80,72,Y,2025-11-06,2025-11-08
A,2025-45,REDE 18,77,65,Y,2025-11-06,2025-11-07
A,2025-45,REDE 19,72,70,Y,2025-11-06,2025-11-07
A,2025-45,REDE 20,83,71,Y,2025-11-06,2025-11-08
A,2025-45,REDE 21,51,48,Y,2025-11-06,2025-11-07
A,2025-45,REDE 22,23,9,Y,2025-11-06,2025-11-07
A,2025-45,REDE 23,48,39,Y,2025-11-06,2025-11-07
A,2025-45,REDE 24,21,0,Y,2025-11-06,2025-11-08
A,2025-45,REDE 25,30,0,Y,2025-11-06,2025-11-07
A,2025-45,REDE 26,52,39,Y,2025-11-06,2025-11-07
A,2025-45,REDE 27,52,55,Y,2025-11-06,2025-11-06
A,2025-45,REDE 28,31,25,Y,2025-11-06,2025-11-07
A,2025-45,REDE 29,36,35,Y,2025-11-06,2025-11-05
A,2025-45,REDE 30,31,33,Y,2025-11-06,2025-11-08
A,2025-45,REDE 31,24,23,Y,2025-11-06,2025-11-06
A,2025-45,REDE 32,84,87,Y,2025-11-06,2025-11-08
A,2025-45,REDE 33,20,22,Y,2025-11-06,2025-11-06
A,2025-45,REDE 34,83,74,Y,2025-11-06,2025-11-06
A,2025-45,REDE 35,52,0,Y,2025-11-06,2025-11-07
A,2025-46,REDE 01,35,32,Y,2025-11-13,2025-11-13
A,2025-46,REDE 02,43,41,Y,2025-11-13,2025-11-15
A,2025-46,REDE 03,65,59,Y,2025-11-13,2025-11-14
A,2025-46,REDE 04,27,28,Y,2025-11-13,2025-11-14
A,2025-46,REDE 05,22,14,Y,2025-11-13,2025-11-14
A,2025-46,REDE 06,34,20,Y,2025-11-13,2025-11-13
A,2025-46,REDE 07,54,56,Y,2025-11-13,2025-11-15
A,2025-46,REDE 08,59,61,Y,2025-11-13,2025-11-12
A,2025-46,REDE 09,44,35,Y,2025-11-13,2025-11-14
A,2025-46,REDE 10,40,28,Y,2025-11-13,2025-11-15
A,2025-46,REDE 11,84,76,Y,2025-11-13,2025-11-13
A,2025-46,REDE 12,27,25,Y,2025-11-13,2025-11-14
A,2025-46,REDE 13,61,55,Y,2025-11-13,2025-11-15
A,2025-46,REDE 14,75,69,Y,2025-11-13,2025-11-13
A,2025-46,REDE 15,26,18,Y,2025-11-13,2025-11-14
A,2025-46,REDE 16,23,8,Y,2025-11-13,2025-11-13
A,2025-46,REDE 17,64,50,Y,2025-11-13,2025-11-15
A,2025-46,REDE 18,80,80,Y,2025-11-13,2025-11-13
A,2025-46,REDE 19,56,53,Y,2025-11-13,2025-11-12
A,2025-46,REDE 20,80,72,Y,2025-11-13,2025-11-15
A,2025-46,REDE 21,51,45,Y,2025-11-13,2025-11-12
A,2025-46,REDE 22,38,39,Y,2025-11-13,2025-11-15
A,2025-46,REDE 23,38,35,Y,2025-11-13,2025-11-14
A,2025-46,REDE 24,24,10,Y,2025-11-13,2025-11-13
A,2025-46,REDE 25,70,73,Y,2025-11-13,2025-11-14
A,2025-46,REDE 26,42,44,Y,2025-11-13,2025-11-13
A,2025-46,REDE 27,60,53,Y,2025-11-13,2025-11-13
A,2025-46,REDE 28,58,48,N,2025-11-13,2025-11-12
A,2025-46,REDE 29,36,22,Y,2025-11-13,2025-11-14
A,2025-46,REDE 30,89,86,Y,2025-11-13,2025-11-12
A,2025-46,REDE 31,85,84,Y,2025-11-13,2025-11-14
A,2025-46,REDE 32,49,43,Y,2025-11-13,2025-11-15
A,2025-46,REDE 33,77,72,Y,2025-11-13,2025-11-13
A,2025-46,REDE 34,31,34,Y,2025-11-13,2025-11-14
A,2025-46,REDE 35,69,57,Y,2025-11-13,2025-11-13
A,2025-47,REDE 01,41,34,Y,2025-11-20,2025-11-19
A,2025-47,REDE 02,69,70,Y,2025-11-20,2025-11-19
A,2025-47,REDE 03,84,84,Y,2025-11-20,2025-11-21
A,2025-47,REDE 04,77,73,Y,2025-11-20,2025-11-22
A,2025-47,REDE 05,68,68,Y,2025-11-20,2025-11-21
A,2025-47,REDE 06,60,45,Y,2025-11-20,2025-11-20
A,2025-47,REDE 07,54,53,Y,2025-11-20,2025-11-22
A,2025-47,REDE 08,29,19,Y,2025-11-20,2025-11-22
A,2025-47,REDE 09,83,77,Y,2025-11-20,2025-11-22
A,2025-47,REDE 10,76,62,Y,2025-11-20,2025-11-21
A,2025-47,REDE 11,40,42,Y,2025-11-20,2025-11-22
A,2025-47,REDE 12,78,78,Y,2025-11-20,2025-11-21
A,2025-47,REDE 13,58,57,Y,2025-11-20,2025-11-20
A,2025-47,REDE 14,82,72,Y,2025-11-20,2025-11-19
A,2025-47,REDE 15,87,85,Y,2025-11-20,2025-11-19
A,2025-47,REDE 16,47,37,Y,2025-11-20,2025-11-20
A,2025-47,REDE 17,44,38,Y,2025-11-20,2025-11-22
A,2025-47,REDE 18,33,20,Y,2025-11-20,2025-11-20
A,2025-47,REDE 19,25,27,Y,2025-11-20,2025-11-21
A,2025-47,REDE 20,58,48,Y,2025-11-20,2025-11-20
A,2025-47,REDE 21,32,34,Y,2025-11-20,2025-11-21
A,2025-47,REDE 22,84,84,Y,2025-11-20,2025-11-21
A,2025-47,REDE 23,56,51,Y,2025-11-20,2025-11-22
A,2025-47,REDE 24,78,75,N,2025-11-20,2025-11-19
A,2025-47,REDE 25,25,27,Y,2025-11-20,2025-11-22
A,2025-47,REDE 26,43,37,Y,2025-11-20,2025-11-21
A,2025-47,REDE 27,53,52,Y,2025-11-20,2025-11-19
A,2025-47,REDE 28,87,86,Y,2025-11-20,2025-11-21
A,2025-47,REDE 29,23,21,Y,2025-11-20,2025-11-21
A,2025-47,REDE 30,31,0,Y,2025-11-20,2025-11-21
A,2025-47,REDE 31,32,35,Y,2025-11-20,2025-11-21
A,2025-47,REDE 32,82,73,Y,2025-11-20,2025-11-20
A,2025-47,REDE 33,38,25,Y,2025-11-20,2025-11-21
A,2025-47,REDE 34,80,81,Y,2025-11-20,2025-11-19
A,2025-47,REDE 35,60,45,Y,2025-11-20,2025-11-21
A,2025-48,REDE 01,53,44,Y,2025-11-27,2025-11-29
A,2025-48,REDE 02,48,51,Y,2025-11-27,2025-11-27
A,2025-48,REDE 03,81,68,Y,2025-11-27,2025-11-26
A,2025-48,REDE 04,30,33,Y,2025-11-27,2025-11-26
A,2025-48,REDE 05,45,48,Y,2025-11-27,2025-11-29
A,2025-48,REDE 06,63,53,Y,2025-11-27,2025-11-27
A,2025-48,REDE 07,30,31,Y,2025-11-27,2025-11-27
A,2025-48,REDE 08,33,23,Y,2025-11-27,2025-11-26
A,2025-48,REDE 09,77,79,Y,2025-11-27,2025-11-27
A,2025-48,REDE 10,44,45,Y,2025-11-27,2025-11-26
A,2025-48,REDE 11,69,66,Y,2025-11-27,2025-11-29
A,2025-48,REDE 12,25,26,Y,2025-11-27,2025-11-29
A,2025-48,REDE 13,57,0,Y,2025-11-27,2025-11-29
A,2025-48,REDE 14,83,68,Y,2025-11-27,2025-11-26
A,2025-48,REDE 15,75,64,Y,2025-11-27,2025-11-29
A,2025-48,REDE 16,20,15,Y,2025-11-27,2025-11-29
A,2025-48,REDE 17,28,29,Y,2025-11-27,2025-11-28
A,2025-48,REDE 18,22,0,Y,2025-11-27,2025-11-29
A,2025-48,REDE 19,87,82,Y,2025-11-27,2025-11-26
A,2025-48,REDE 20,68,62,Y,2025-11-27,2025-11-28
A,2025-48,REDE 21,41,42,N,2025-11-27,2025-11-27
A,2025-48,REDE 22,45,31,Y,2025-11-27,2025-11-29
A,2025-48,REDE 23,27,12,Y,2025-11-27,2025-11-26
A,2025-48,REDE 24,24,19,Y,2025-11-27,2025-11-28
A,2025-48,REDE 25,50,43,Y,2025-11-27,2025-11-29
A,2025-48,REDE 26,68,68,Y,2025-11-27,2025-11-28
A,2025-48,REDE 27,71,56,Y,2025-11-27,2025-11-29
A,2025-48,REDE 28,59,48,Y,2025-11-27,2025-11-28
A,2025-48,REDE 29,46,0,Y,2025-11-27,2025-11-28
A,2025-48,REDE 30,39,36,Y,2025-11-27,2025-11-26
A,2025-48,REDE 31,64,64,Y,2025-11-27,2025-11-29
A,2025-48,REDE 32,35,24,Y,2025-11-27,2025-11-27
A,2025-48,REDE 33,73,66,Y,2025-11-27,2025-11-29
A,2025-48,REDE 34,29,30,Y,2025-11-27,2025-11-27
A,2025-48,REDE 35,77,75,Y,2025-11-27,2025-11-26
A,2025-49,REDE 01,86,73,Y,2025-12-04,2025-12-04
A,2025-49,REDE 02,36,29,Y,2025-12-04,2025-12-05
A,2025-49,REDE 03,44,38,Y,2025-12-04,2025-12-06
A,2025-49,REDE 04,59,54,Y,2025-12-04,2025-12-06
A,2025-49,REDE 05,82,78,Y,2025-12-04,2025-12-03
A,2025-49,REDE 06,51,39,Y,2025-12-04,2025-12-05
A,2025-49,REDE 07,20,19,Y,2025-12-04,2025-12-03
A,2025-49,REDE 08,78,69,Y,2025-12-04,2025-12-06
A,2025-49,REDE 09,77,78,Y,2025-12-04,2025-12-03
A,2025-49,REDE 10,48,50,Y,2025-12-04,2025-12-05
A,2025-49,REDE 11,64,58,Y,2025-12-04,2025-12-03
A,2025-49,REDE 12,76,72,Y,2025-12-04,2025-12-05
A,2025-49,REDE 13,71,63,Y,2025-12-04,2025-12-06
A,2025-49,REDE 14,87,88,Y,2025-12-04,2025-12-04
A,2025-49,REDE 15,31,23,Y,2025-12-04,2025-12-06
A,2025-49,REDE 16,74,64,Y,2025-12-04,2025-12-03
A,2025-49,REDE 17,76,68,Y,2025-12-04,2025-12-06
A,2025-49,REDE 18,71,72,Y,2025-12-04,2025-12-05
A,2025-49,REDE 19,56,47,Y,2025-12-04,2025-12-03
A,2025-49,REDE 20,85,82,Y,2025-12-04,2025-12-06
A,2025-49,REDE 21,70,65,Y,2025-12-04,2025-12-04
A,2025-49,REDE 22,59,61,Y,2025-12-04,2025-12-04
A,2025-49,REDE 23,51,38,Y,2025-12-04,2025-12-04
A,2025-49,REDE 24,27,0,Y,2025-12-04,2025-12-03
A,2025-49,REDE 25,39,24,Y,2025-12-04,2025-12-06
A,2025-49,REDE 26,29,26,Y,2025-12-04,2025-12-04
A,2025-49,REDE 27,78,64,Y,2025-12-04,2025-12-05
A,2025-49,REDE 28,28,22,Y,2025-12-04,2025-12-06
A,2025-49,REDE 29,24,21,Y,2025-12-04,2025-12-04
A,2025-49,REDE 30,58,57,Y,2025-12-04,2025-12-05
A,2025-49,REDE 31,47,49,Y,2025-12-04,2025-12-04
A,2025-49,REDE 32,56,49,Y,2025-12-04,2025-12-06
A,2025-49,REDE 33,31,21,Y,2025-12-04,2025-12-05
A,2025-49,REDE 34,40,25,Y,2025-12-04,2025-12-03
A,2025-49,REDE 35,56,50,Y,2025-12-04,2025-12-05
A,2025-50,REDE 01,84,70,Y,2025-12-11,2025-12-12
A,2025-50,REDE 02,34,36,Y,2025-12-11,2025-12-12
A,2025-50,REDE 03,66,56,Y,2025-12-11,2025-12-10
A,2025-50,REDE 04,70,60,Y,2025-12-11,2025-12-13
A,2025-50,REDE 05,87,84,Y,2025-12-11,2025-12-12
A,2025-50,REDE 06,37,33,Y,2025-12-11,2025-12-10
A,2025-50,REDE 07,36,23,Y,2025-12-11,2025-12-12
A,2025-50,REDE 08,61,60,Y,2025-12-11,2025-12-13
A,2025-50,REDE 09,70,64,Y,2025-12-11,2025-12-13
A,2025-50,REDE 10,78,68,Y,2025-12-11,2025-12-10
A,2025-50,REDE 11,45,38,Y,2025-12-11,2025-12-13
A,2025-50,REDE 12,78,75,Y,2025-12-11,2025-12-11
A,2025-50,REDE 13,70,60,Y,2025-12-11,2025-12-10
A,2025-50,REDE 14,59,47,Y,2025-12-11,2025-12-11
A,2025-50,REDE 15,47,48,Y,2025-12-11,2025-12-12
A,2025-50,REDE 16,20,12,Y,2025-12-11,2025-12-11
A,2025-50,REDE 17,47,34,Y,2025-12-11,2025-12-13
A,2025-50,REDE 18,85,71,Y,2025-12-11,2025-12-12
A,2025-50,REDE 19,69,54,Y,2025-12-11,2025-12-12
A,2025-50,REDE 20,62,49,Y,2025-12-11,2025-12-12
A,2025-50,REDE 21,51,52,Y,2025-12-11,2025-12-12
A,2025-50,REDE 22,37,23,Y,2025-12-11,2025-12-10
A,2025-50,REDE 23,53,45,Y,2025-12-11,2025-12-10
A,2025-50,REDE 24,67,67,Y,2025-12-11,2025-12-10
A,2025-50,REDE 25,82,77,N,2025-12-11,2025-12-11
A,2025-50,REDE 26,52,52,Y,2025-12-11,2025-12-13
A,2025-50,REDE 27,44,43,Y,2025-12-11,2025-12-11
A,2025-50,REDE 28,82,69,Y,2025-12-11,2025-12-10
A,2025-50,REDE 29,37,30,Y,2025-12-11,2025-12-13
A,2025-50,REDE 30,55,41,Y,2025-12-11,2025-12-10
A,2025-50,REDE 31,53,49,Y,2025-12-11,2025-12-11
A,2025-50,REDE 32,67,63,Y,2025-12-11,2025-12-13
A,2025-50,REDE 33,89,76,Y,2025-12-11,2025-12-11
A,2025-50,REDE 34,77,70,Y,2025-12-11,2025-12-12
A,2025-50,REDE 35,81,74,Y,2025-12-11,2025-12-13
A,2025-51,REDE 01,39,25,Y,2025-12-18,2025-12-17
A,2025-51,REDE 02,50,48,Y,2025-12-18,2025-12-18
A,2025-51,REDE 03,54,52,Y,2025-12-18,2025-12-19
A,2025-51,REDE 04,41,32,Y,2025-12-18,2025-12-19
A,2025-51,REDE 05,26,23,Y,2025-12-18,2025-12-19
A,2025-51,REDE 06,89,84,Y,2025-12-18,2025-12-19
A,2025-51,REDE 07,71,60,Y,2025-12-18,2025-12-19
A,2025-51,REDE 08,90,87,Y,2025-12-18,2025-12-18
A,2025-51,REDE 09,90,75,Y,2025-12-18,2025-12-19
A,2025-51,REDE 10,48,50,Y,2025-12-18,2025-12-19
A,2025-51,REDE 11,57,58,Y,2025-12-18,2025-12-18
A,2025-51,REDE 12,87,87,Y,2025-12-18,2025-12-19
A,2025-51,REDE 13,80,78,Y,2025-12-18,2025-12-20
A,2025-51,REDE 14,44,30,Y,2025-12-18,2025-12-18
A,2025-51,REDE 15,77,62,Y,2025-12-18,2025-12-20
A,2025-51,REDE 16,77,64,Y,2025-12-18,2025-12-17
A,2025-51,REDE 17,54,45,Y,2025-12-18,2025-12-19
A,2025-51,REDE 18,21,11,Y,2025-12-18,2025-12-17
A,2025-51,REDE 19,87,81,Y,2025-12-18,2025-12-19
A,2025-51,REDE 20,82,75,Y,2025-12-18,2025-12-18
A,2025-51,REDE 21,25,18,Y,2025-12-18,2025-12-18
A,2025-51,REDE 22,86,76,Y,2025-12-18,2025-12-19
A,2025-51,REDE 23,71,58,Y,2025-12-18,2025-12-18
A,2025-51,REDE 24,21,20,Y,2025-12-18,2025-12-17
A,2025-51,REDE 25,51,48,Y,2025-12-18,2025-12-18
A,2025-51,REDE 26,84,87,Y,2025-12-18,2025-12-20
A,2025-51,REDE 27,57,42,Y,2025-12-18,2025-12-20
A,2025-51,REDE 28,55,44,Y,2025-12-18,2025-12-17
A,2025-51,REDE 29,90,77,Y,2025-12-18,2025-12-19
A,2025-51,REDE 30,21,6,Y,2025-12-18,2025-12-19
A,2025-51,REDE 31,27,22,Y,2025-12-18,2025-12-19
A,2025-51,REDE 32,25,25,Y,2025-12-18,2025-12-17
A,2025-51,REDE 33,72,70,Y,2025-12-18,2025-12-18
A,2025-51,REDE 34,31,17,Y,2025-12-18,2025-12-18
A,2025-51,REDE 35,23,13,Y,2025-12-18,2025-12-20
A,2025-52,REDE 01,76,79,Y,2025-12-25,2025-12-24
A,2025-52,REDE 02,65,60,Y,2025-12-25,2025-12-26
A,2025-52,REDE 03,36,27,Y,2025-12-25,2025-12-27
A,2025-52,REDE 04,51,36,Y,2025-12-25,2025-12-24
A,2025-52,REDE 05,32,34,Y,2025-12-25,2025-12-25
A,2025-52,REDE 06,34,31,Y,2025-12-25,2025-12-26
A,2025-52,REDE 07,76,73,Y,2025-12-25,2025-12-24
A,2025-52,REDE 08,24,23,Y,2025-12-25,2025-12-27
A,2025-52,REDE 09,68,70,Y,2025-12-25,2025-12-26
A,2025-52,REDE 10,45,36,Y,2025-12-25,2025-12-25
A,2025-52,REDE 11,44,42,Y,2025-12-25,2025-12-26
A,2025-52,REDE 12,71,57,Y,2025-12-25,2025-12-24
A,2025-52,REDE 13,36,31,Y,2025-12-25,2025-12-25
A,2025-52,REDE 14,43,45,Y,2025-12-25,2025-12-26
A,2025-52,REDE 15,58,45,Y,2025-12-25,2025-12-24
A,2025-52,REDE 16,88,0,Y,2025-12-25,2025-12-25
A,2025-52,REDE 17,31,25,Y,2025-12-25,2025-12-24
A,2025-52,REDE 18,51,37,Y,2025-12-25,2025-12-24
A,2025-52,REDE 19,81,77,Y,2025-12-25,2025-12-25
A,2025-52,REDE 20,22,22,Y,2025-12-25,2025-12-25
A,2025-52,REDE 21,66,54,Y,2025-12-25,2025-12-25
A,2025-52,REDE 22,68,60,Y,2025-12-25,2025-12-24
A,2025-52,REDE 23,59,47,Y,2025-12-25,2025-12-24
A,2025-52,REDE 24,64,61,Y,2025-12-25,2025-12-26
A,2025-52,REDE 25,65,60,Y,2025-12-25,2025-12-27
A,2025-52,REDE 26,54,0,Y,2025-12-25,2025-12-24
A,2025-52,REDE 27,78,71,Y,2025-12-25,2025-12-27
A,2025-52,REDE 28,43,45,Y,2025-12-25,2025-12-27
A,2025-52,REDE 29,80,79,Y,2025-12-25,2025-12-25
A,2025-52,REDE 30,51,53,Y,2025-12-25,2025-12-26
A,2025-52,REDE 31,48,51,Y,2025-12-25,2025-12-25
A,2025-52,REDE 32,28,23,Y,2025-12-25,2025-12-26
A,2025-52,REDE 33,42,33,Y,2025-12-25,2025-12-25
A,2025-52,REDE 34,36,37,Y,2025-12-25,2025-12-27
A,2025-52,REDE 35,56,53,Y,2025-12-25,2025-12-26
A,2026-01,REDE 01,33,25,Y,2026-01-01,2025-12-31
A,2026-01,REDE 02,57,52,Y,2026-01-01,2025-12-31
A,2026-01,REDE 03,64,60,Y,2026-01-01,2026-01-01
A,2026-01,REDE 04,86,77,Y,2026-01-01,2026-01-01
A,2026-01,REDE 05,89,79,Y,2026-01-01,2026-01-01
A,2026-01,REDE 06,64,62,Y,2026-01-01,2025-12-31
A,2026-01,REDE 07,41,41,Y,2026-01-01,2026-01-01
A,2026-01,REDE 08,76,71,Y,2026-01-01,2025-12-31
A,2026-01,REDE 09,31,24,Y,2026-01-01,2026-01-03
A,2026-01,REDE 10,22,14,Y,2026-01-01,2026-01-02
A,2026-01,REDE 11,73,58,N,2026-01-01,2026-01-01
A,2026-01,REDE 12,79,70,Y,2026-01-01,2026-01-03
A,2026-01,REDE 13,33,32,Y,2026-01-01,2025-12-31
A,2026-01,REDE 14,33,31,Y,2026-01-01,2026-01-03
A,2026-01,REDE 15,56,41,Y,2026-01-01,2026-01-02
A,2026-01,REDE 16,54,41,Y,2026-01-01,2026-01-03
A,2026-01,REDE 17,84,77,Y,2026-01-01,2026-01-02
A,2026-01,REDE 18,80,65,Y,2026-01-01,2026-01-03
A,2026-01,REDE 19,60,51,Y,2026-01-01,2026-01-02
A,2026-01,REDE 20,35,26,Y,2026-01-01,2025-12-31
A,2026-01,REDE 21,23,13,Y,2026-01-01,2026-01-03
A,2026-01,REDE 22,45,30,Y,2026-01-01,2025-12-31
A,2026-01,REDE 23,84,78,Y,2026-01-01,2026-01-02
A,2026-01,REDE 24,80,81,Y,2026-01-01,2026-01-02
A,2026-01,REDE 25,83,83,Y,2026-01-01,2026-01-01
A,2026-01,REDE 26,58,61,Y,2026-01-01,2026-01-01
A,2026-01,REDE 27,70,72,Y,2026-01-01,2026-01-03
A,2026-01,REDE 28,55,56,Y,2026-01-01,2026-01-02
A,2026-01,REDE 29,23,8,Y,2026-01-01,2026-01-01
A,2026-01,REDE 30,46,44,Y,2026-01-01,2026-01-01
A,2026-01,REDE 31,25,18,Y,2026-01-01,2026-01-03
A,2026-01,REDE 32,43,30,Y,2026-01-01,2026-01-02
A,2026-01,REDE 33,55,58,Y,2026-01-01,2026-01-01
A,2026-01,REDE 34,79,65,Y,2026-01-01,2026-01-01
A,2026-01,REDE 35,83,79,Y,2026-01-01,2026-01-02
A,2026-02,REDE 01,49,52,Y,2026-01-08,2026-01-10
A,2026-02,REDE 02,76,69,Y,2026-01-08,2026-01-07
A,2026-02,REDE 03,62,54,Y,2026-01-08,2026-01-07
A,2026-02,REDE 04,44,46,Y,2026-01-08,2026-01-10
A,2026-02,REDE 05,41,31,Y,2026-01-08,2026-01-09
A,2026-02,REDE 06,73,72,Y,2026-01-08,2026-01-09
A,2026-02,REDE 07,54,56,Y,2026-01-08,2026-01-08
A,2026-02,REDE 08,21,13,Y,2026-01-08,2026-01-09
A,2026-02,REDE 09,71,65,Y,2026-01-08,2026-01-09
A,2026-02,REDE 10,56,42,Y,2026-01-08,2026-01-09
A,2026-02,REDE 11,81,77,Y,2026-01-08,2026-01-08
A,2026-02,REDE 12,79,74,Y,2026-01-08,2026-01-10
A,2026-02,REDE 13,84,74,Y,2026-01-08,2026-01-10
A,2026-02,REDE 14,33,29,Y,2026-01-08,2026-01-08
A,2026-02,REDE 15,49,38,Y,2026-01-08,2026-01-07
A,2026-02,REDE 16,52,54,Y,2026-01-08,2026-01-07
A,2026-02,REDE 17,61,53,Y,2026-01-08,2026-01-10
A,2026-02,REDE 18,74,65,Y,2026-01-08,2026-01-09
A,2026-02,REDE 19,75,78,Y,2026-01-08,2026-01-07
A,2026-02,REDE 20,30,29,Y,2026-01-08,2026-01-08
A,2026-02,REDE 21,51,39,Y,2026-01-08,2026-01-10
A,2026-02,REDE 22,25,25,Y,2026-01-08,2026-01-08
A,2026-02,REDE 23,87,86,Y,2026-01-08,2026-01-07
A,2026-02,REDE 24,67,59,Y,2026-01-08,2026-01-08
A,2026-02,REDE 25,87,79,Y,2026-01-08,2026-01-10
A,2026-02,REDE 26,52,55,Y,2026-01-08,2026-01-10
A,2026-02,REDE 27,45,43,Y,2026-01-08,2026-01-07
A,2026-02,REDE 28,69,55,Y,2026-01-08,2026-01-07
A,2026-02,REDE 29,64,56,Y,2026-01-08,2026-01-08
A,2026-02,REDE 30,48,39,Y,2026-01-08,2026-01-08
A,2026-02,REDE 31,83,74,Y,2026-01-08,2026-01-08
A,2026-02,REDE 32,80,75,Y,2026-01-08,2026-01-10
A,2026-02,REDE 33,60,48,Y,2026-01-08,2026-01-10
A,2026-02,REDE 34,45,45,Y,2026-01-08,2026-01-07
A,2026-02,REDE 35,43,35,Y,2026-01-08,2026-01-09
A,2026-03,REDE 01,40,38,Y,2026-01-15,2026-01-15
A,2026-03,REDE 02,49,41,Y,2026-01-15,2026-01-14
A,2026-03,REDE 03,80,70,Y,2026-01-15,2026-01-17
A,2026-03,REDE 04,49,47,Y,2026-01-15,2026-01-15
A,2026-03,REDE 05,32,32,Y,2026-01-15,2026-01-15
A,2026-03,REDE 06,32,31,Y,2026-01-15,2026-01-16
A,2026-03,REDE 07,88,91,Y,2026-01-15,2026-01-14
A,2026-03,REDE 08,33,34,Y,2026-01-15,2026-01-16
A,2026-03,REDE 09,38,28,Y,2026-01-15,2026-01-16
A,2026-03,REDE 10,40,42,Y,2026-01-15,2026-01-17
A,2026-03,REDE 11,79,74,Y,2026-01-15,2026-01-14
A,2026-03,REDE 12,54,41,Y,2026-01-15,2026-01-17
A,2026-03,REDE 13,72,66,Y,2026-01-15,2026-01-15
A,2026-03,REDE 14,56,59,Y,2026-01-15,2026-01-17
A,2026-03,REDE 15,51,38,Y,2026-01-15,2026-01-16
A,2026-03,REDE 16,55,51,Y,2026-01-15,2026-01-15
A,2026-03,REDE 17,22,25,Y,2026-01-15,2026-01-16
A,2026-03,REDE 18,75,70,Y,2026-01-15,2026-01-15
A,2026-03,REDE 19,36,37,Y,2026-01-15,2026-01-14
A,2026-03,REDE 20,39,28,Y,2026-01-15,2026-01-14
A,2026-03,REDE 21,26,16,Y,2026-01-15,2026-01-17
A,2026-03,REDE 22,84,85,Y,2026-01-15,2026-01-15
A,2026-03,REDE 23,26,22,Y,2026-01-15,2026-01-17
A,2026-03,REDE 24,81,74,Y,2026-01-15,2026-01-16
A,2026-03,REDE 25,60,56,Y,2026-01-15,2026-01-14
A,2026-03,REDE 26,84,73,Y,2026-01-15,2026-01-14
A,2026-03,REDE 27,63,56,Y,2026-01-15,2026-01-15
A,2026-03,REDE 28,45,39,Y,2026-01-15,2026-01-14
A,2026-03,REDE 29,88,78,Y,2026-01-15,2026-01-16
A,2026-03,REDE 30,31,28,Y,2026-01-15,2026-01-17
A,2026-03,REDE 31,59,46,Y,2026-01-15,2026-01-17
A,2026-03,REDE 32,48,48,Y,2026-01-15,2026-01-15
A,2026-03,REDE 33,83,77,Y,2026-01-15,2026-01-17
A,2026-03,REDE 34,46,42,Y,2026-01-15,2026-01-15
A,2026-03,REDE 35,75,76,Y,2026-01-15,2026-01-17
A,2026-04,REDE 01,81,70,Y,2026-01-22,2026-01-22
A,2026-04,REDE 02,74,65,Y,2026-01-22,2026-01-22
A,2026-04,REDE 03,62,52,Y,2026-01-22,2026-01-21
A,2026-04,REDE 04,81,69,Y,2026-01-22,2026-01-22
A,2026-04,REDE 05,66,60,Y,2026-01-22,2026-01-23
A,2026-04,REDE 06,49,43,Y,2026-01-22,2026-01-22
A,2026-04,REDE 07,75,76,Y,2026-01-22,2026-01-23
A,2026-04,REDE 08,36,25,Y,2026-01-22,2026-01-21
A,2026-04,REDE 09,38,36,Y,2026-01-22,2026-01-21
A,2026-04,REDE 10,48,39,Y,2026-01-22,2026-01-21
A,2026-04,REDE 11,74,63,Y,2026-01-22,2026-01-24
A,2026-04,REDE 12,67,55,Y,2026-01-22,2026-01-24
A,2026-04,REDE 13,71,65,Y,2026-01-22,2026-01-22
A,2026-04,REDE 14,62,51,Y,2026-01-22,2026-01-21
A,2026-04,REDE 15,49,42,Y,2026-01-22,2026-01-23
A,2026-04,REDE 16,69,57,Y,2026-01-22,2026-01-23
A,2026-04,REDE 17,85,81,Y,2026-01-22,2026-01-24
A,2026-04,REDE 18,31,30,Y,2026-01-22,2026-01-24
A,2026-04,REDE 19,35,35,Y,2026-01-22,2026-01-24
A,2026-04,REDE 20,80,66,Y,2026-01-22,2026-01-22
A,2026-04,REDE 21,24,13,Y,2026-01-22,2026-01-24
A,2026-04,REDE 22,36,39,Y,2026-01-22,2026-01-22
A,2026-04,REDE 23,60,60,Y,2026-01-22,2026-01-22
A,2026-04,REDE 24,74,70,Y,2026-01-22,2026-01-23
A,2026-04,REDE 25,73,75,Y,2026-01-22,2026-01-23
A,2026-04,REDE 26,54,51,Y,2026-01-22,2026-01-24
A,2026-04,REDE 27,61,55,Y,2026-01-22,2026-01-23
A,2026-04,REDE 28,40,37,Y,2026-01-22,2026-01-23
A,2026-04,REDE 29,77,67,Y,2026-01-22,2026-01-23
A,2026-04,REDE 30,33,33,Y,2026-01-22,2026-01-24
A,2026-04,REDE 31,58,44,Y,2026-01-22,2026-01-23
A,2026-04,REDE 32,68,54,Y,2026-01-22,2026-01-24
A,2026-04,REDE 33,37,27,Y,2026-01-22,2026-01-22
A,2026-04,REDE 34,39,39,Y,2026-01-22,2026-01-24
A,2026-04,REDE 35,60,46,Y,2026-01-22,2026-01-23
A,2026-05,REDE 01,80,65,Y,2026-01-29,2026-01-30
A,2026-05,REDE 02,87,88,Y,2026-01-29,2026-01-30
A,2026-05,REDE 03,58,45,Y,2026-01-29,2026-01-29
A,2026-05,REDE 04,24,25,Y,2026-01-29,2026-01-30
A,2026-05,REDE 05,56,44,Y,2026-01-29,2026-01-28
A,2026-05,REDE 06,52,52,Y,2026-01-29,2026-01-31
A,2026-05,REDE 07,72,64,Y,2026-01-29,2026-01-29
A,2026-05,REDE 08,87,77,Y,2026-01-29,2026-01-30
A,2026-05,REDE 09,56,42,Y,2026-01-29,2026-01-31
A,2026-05,REDE 10,24,0,Y,2026-01-29,2026-01-29
A,2026-05,REDE 11,66,60,Y,2026-01-29,2026-01-30
A,2026-05,REDE 12,21,7,Y,2026-01-29,2026-01-29
A,2026-05,REDE 13,90,91,Y,2026-01-29,2026-01-30
A,2026-05,REDE 14,52,48,Y,2026-01-29,2026-01-30
A,2026-05,REDE 15,51,48,Y,2026-01-29,2026-01-29
A,2026-05,REDE 16,52,53,Y,2026-01-29,2026-01-28
A,2026-05,REDE 17,84,85,Y,2026-01-29,2026-01-29
A,2026-05,REDE 18,82,73,Y,2026-01-29,2026-01-31
A,2026-05,REDE 19,50,37,Y,2026-01-29,2026-01-30
A,2026-05,REDE 20,65,51,Y,2026-01-29,2026-01-29
A,2026-05,REDE 21,58,56,Y,2026-01-29,2026-01-28
A,2026-05,REDE 22,86,88,Y,2026-01-29,2026-01-29
A,2026-05,REDE 23,51,44,Y,2026-01-29,2026-01-31
A,2026-05,REDE 24,24,22,Y,2026-01-29,2026-01-28
A,2026-05,REDE 25,23,13,Y,2026-01-29,2026-01-30
A,2026-05,REDE 26,34,37,Y,2026-01-29,2026-01-31
A,2026-05,REDE 27,80,77,Y,2026-01-29,2026-01-29
A,2026-05,REDE 28,84,79,Y,2026-01-29,2026-01-29
A,2026-05,REDE 29,71,63,Y,2026-01-29,2026-01-30
A,2026-05,REDE 30,31,30,Y,2026-01-29,2026-01-30
A,2026-05,REDE 31,70,58,Y,2026-01-29,2026-01-30
A,2026-05,REDE 32,28,27,Y,2026-01-29,2026-01-31
A,2026-05,REDE 33,39,41,Y,2026-01-29,2026-01-30
A,2026-05,REDE 34,63,64,Y,2026-01-29,2026-01-28
A,2026-05,REDE 35,73,64,Y,2026-01-29,2026-01-31
A,2026-06,REDE 01,21,16,Y,2026-02-05,2026-02-05
A,2026-06,REDE 02,73,66,Y,2026-02-05,2026-02-05
A,2026-06,REDE 03,20,22,Y,2026-02-05,2026-02-07
A,2026-06,REDE 04,63,56,Y,2026-02-05,2026-02-07
A,2026-06,REDE 05,52,42,Y,2026-02-05,2026-02-04
A,2026-06,REDE 06,62,57,Y,2026-02-05,2026-02-06
A,2026-06,REDE 07,24,12,Y,2026-02-05,2026-02-07
A,2026-06,REDE 08,55,43,Y,2026-02-05,2026-02-05
A,2026-06,REDE 09,65,60,Y,2026-02-05,2026-02-07
A,2026-06,REDE 10,56,51,Y,2026-02-05,2026-02-06
A,2026-06,REDE 11,71,72,Y,2026-02-05,2026-02-07
A,2026-06,REDE 12,49,34,Y,2026-02-05,2026-02-04
A,2026-06,REDE 13,21,7,Y,2026-02-05,2026-02-07
A,2026-06,REDE 14,40,32,N,2026-02-05,2026-02-07
A,2026-06,REDE 15,25,16,Y,2026-02-05,2026-02-05
A,2026-06,REDE 16,48,41,Y,2026-02-05,2026-02-06
A,2026-06,REDE 17,72,69,Y,2026-02-05,2026-02-06
A,2026-06,REDE 18,76,66,Y,2026-02-05,2026-02-05
A,2026-06,REDE 19,55,57,Y,2026-02-05,2026-02-05
A,2026-06,REDE 20,60,45,Y,2026-02-05,2026-02-07
A,2026-06,REDE 21,58,48,Y,2026-02-05,2026-02-05
A,2026-06,REDE 22,20,23,Y,2026-02-05,2026-02-04
A,2026-06,REDE 23,44,46,Y,2026-02-05,2026-02-07
A,2026-06,REDE 24,29,31,Y,2026-02-05,2026-02-04
A,2026-06,REDE 25,82,77,Y,2026-02-05,2026-02-06
A,2026-06,REDE 26,58,60,Y,2026-02-05,2026-02-07
A,2026-06,REDE 27,69,60,Y,2026-02-05,2026-02-05
A,2026-06,REDE 28,63,60,Y,2026-02-05,2026-02-05
A,2026-06,REDE 29,33,27,Y,2026-02-05,2026-02-04
A,2026-06,REDE 30,61,46,Y,2026-02-05,2026-02-06
A,2026-06,REDE 31,52,43,Y,2026-02-05,2026-02-06
A,2026-06,REDE 32,49,36,Y,2026-02-05,2026-02-07
A,2026-06,REDE 33,58,50,Y,2026-02-05,2026-02-07
A,2026-06,REDE 34,52,45,Y,2026-02-05,2026-02-06
A,2026-06,REDE 35,71,73,Y,2026-02-05,2026-02-05
A,2026-07,REDE 01,69,57,Y,2026-02-12,2026-02-11
A,2026-07,REDE 02,28,22,Y,2026-02-12,2026-02-11
A,2026-07,REDE 03,48,51,Y,2026-02-12,2026-02-11
A,2026-07,REDE 04,63,63,Y,2026-02-12,2026-02-14
A,2026-07,REDE 05,23,26,Y,2026-02-12,2026-02-12
A,2026-07,REDE 06,34,25,Y,2026-02-12,2026-02-12
A,2026-07,REDE 07,78,76,Y,2026-02-12,2026-02-11
A,2026-07,REDE 08,44,39,Y,2026-02-12,2026-02-14
A,2026-07,REDE 09,90,89,Y,2026-02-12,2026-02-14
A,2026-07,REDE 10,60,51,Y,2026-02-12,2026-02-14
A,2026-07,REDE 11,68,68,Y,2026-02-12,2026-02-14
A,2026-07,REDE 12,60,51,Y,2026-02-12,2026-02-14
A,2026-07,REDE 13,50,37,Y,2026-02-12,2026-02-13
A,2026-07,REDE 14,34,21,Y,2026-02-12,2026-02-11
A,2026-07,REDE 15,25,12,Y,2026-02-12,2026-02-13
A,2026-07,REDE 16,61,51,Y,2026-02-12,2026-02-11
A,2026-07,REDE 17,52,37,Y,2026-02-12,2026-02-13
A,2026-07,REDE 18,84,70,Y,2026-02-12,2026-02-12
A,2026-07,REDE 19,60,57,Y,2026-02-12,2026-02-14
A,2026-07,REDE 20,78,66,Y,2026-02-12,2026-02-13
A,2026-07,REDE 21,32,18,Y,2026-02-12,2026-02-13
A,2026-07,REDE 22,21,8,Y,2026-02-12,2026-02-14
A,2026-07,REDE 23,54,45,Y,2026-02-12,2026-02-11
A,2026-07,REDE 24,69,65,Y,2026-02-12,2026-02-12
A,2026-07,REDE 25,54,46,Y,2026-02-12,2026-02-12
A,2026-07,REDE 26,77,68,Y,2026-02-12,2026-02-13
A,2026-07,REDE 27,58,58,Y,2026-02-12,2026-02-11
A,2026-07,REDE 28,79,77,Y,2026-02-12,2026-02-14
A,2026-07,REDE 29,51,45,Y,2026-02-12,2026-02-11
A,2026-07,REDE 30,45,0,Y,2026-02-12,2026-02-14
A,2026-07,REDE 31,31,30,Y,2026-02-12,2026-02-13
A,2026-07,REDE 32,21,8,Y,2026-02-12,2026-02-14
A,2026-07,REDE 33,75,63,Y,2026-02-12,2026-02-14
A,2026-07,REDE 34,44,32,Y,2026-02-12,2026-02-12
A,2026-07,REDE 35,53,38,Y,2026-02-12,2026-02-12
A,2026-08,REDE 01,37,33,Y,2026-02-19,2026-02-20
A,2026-08,REDE 02,63,49,Y,2026-02-19,2026-02-18
A,2026-08,REDE 03,37,26,Y,2026-02-19,2026-02-19
A,2026-08,REDE 04,36,35,Y,2026-02-19,2026-02-19
A,2026-08,REDE 05,67,60,Y,2026-02-19,2026-02-20
A,2026-08,REDE 06,68,0,Y,2026-02-19,2026-02-19
A,2026-08,REDE 07,34,30,Y,2026-02-19,2026-02-21
A,2026-08,REDE 08,66,56,Y,2026-02-19,2026-02-19
A,2026-08,REDE 09,48,38,Y,2026-02-19,2026-02-18
A,2026-08,REDE 10,76,76,Y,2026-02-19,2026-02-21
A,2026-08,REDE 11,78,81,Y,2026-02-19,2026-02-18
A,2026-08,REDE 12,34,31,Y,2026-02-19,2026-02-21
A,2026-08,REDE 13,90,81,Y,2026-02-19,2026-02-18
A,2026-08,REDE 14,62,61,Y,2026-02-19,2026-02-20
A,2026-08,REDE 15,47,49,Y,2026-02-19,2026-02-18
A,2026-08,REDE 16,72,64,Y,2026-02-19,2026-02-20
A,2026-08,REDE 17,33,33,Y,2026-02-19,2026-02-21
A,2026-08,REDE 18,78,78,Y,2026-02-19,2026-02-19
A,2026-08,REDE 19,53,45,Y,2026-02-19,2026-02-20
A,2026-08,REDE 20,48,45,Y,2026-02-19,2026-02-18
A,2026-08,REDE 21,66,66,Y,2026-02-19,2026-02-18
A,2026-08,REDE 22,65,57,Y,2026-02-19,2026-02-19
A,2026-08,REDE 23,71,59,Y,2026-02-19,2026-02-18
A,2026-08,REDE 24,87,76,Y,2026-02-19,2026-02-19
A,2026-08,REDE 25,40,30,Y,2026-02-19,2026-02-21
A,2026-08,REDE 26,62,0,Y,2026-02-19,2026-02-18
A,2026-08,REDE 27,90,87,Y,2026-02-19,2026-02-19
A,2026-08,REDE 28,53,41,Y,2026-02-19,2026-02-18
A,2026-08,REDE 29,86,80,Y,2026-02-19,2026-02-21
A,2026-08,REDE 30,27,12,Y,2026-02-19,2026-02-19
A,2026-08,REDE 31,42,32,Y,2026-02-19,2026-02-21
A,2026-08,REDE 32,90,86,Y,2026-02-19,2026-02-21
A,2026-08,REDE 33,27,29,Y,2026-02-19,2026-02-21
A,2026-08,REDE 34,51,50,Y,2026-02-19,2026-02-21
A,2026-08,REDE 35,31,18,Y,2026-02-19,2026-02-18
A,2026-09,REDE 01,32,33,Y,2026-02-26,2026-02-28
A,2026-09,REDE 02,86,72,Y,2026-02-26,2026-02-27
A,2026-09,REDE 03,40,26,Y,2026-02-26,2026-02-26
A,2026-09,REDE 04,66,59,Y,2026-02-26,2026-02-27
A,2026-09,REDE 05,20,14,Y,2026-02-26,2026-02-25
A,2026-09,REDE 06,77,72,Y,2026-02-26,2026-02-27
A,2026-09,REDE 07,79,70,Y,2026-02-26,2026-02-25
A,2026-09,REDE 08,52,55,Y,2026-02-26,2026-02-28
A,2026-09,REDE 09,82,78,Y,2026-02-26,2026-02-25
A,2026-09,REDE 10,83,73,Y,2026-02-26,2026-02-28
A,2026-09,REDE 11,88,90,Y,2026-02-26,2026-02-27
A,2026-09,REDE 12,74,74,Y,2026-02-26,2026-02-28
A,2026-09,REDE 13,36,24,Y,2026-02-26,2026-02-26
A,2026-09,REDE 14,39,35,Y,2026-02-26,2026-02-25
A,2026-09,REDE 15,62,56,Y,2026-02-26,2026-02-28
A,2026-09,REDE 16,63,61,Y,2026-02-26,2026-02-25
A,2026-09,REDE 17,30,26,Y,2026-02-26,2026-02-27
A,2026-09,REDE 18,47,47,Y,2026-02-26,2026-02-26
A,2026-09,REDE 19,68,59,Y,2026-02-26,2026-02-25
A,2026-09,REDE 20,44,30,Y,2026-02-26,2026-02-28
A,2026-09,REDE 21,60,56,Y,2026-02-26,2026-02-25
A,2026-09,REDE 22,88,81,Y,2026-02-26,2026-02-27
A,2026-09,REDE 23,24,9,Y,2026-02-26,2026-02-25
A,2026-09,REDE 24,27,19,Y,2026-02-26,2026-02-26
A,2026-09,REDE 25,47,42,Y,2026-02-26,2026-02-28
A,2026-09,REDE 26,41,38,Y,2026-02-26,2026-02-27
A,2026-09,REDE 27,29,24,Y,2026-02-26,2026-02-25
A,2026-09,REDE 28,72,65,Y,2026-02-26,2026-02-25
A,2026-09,REDE 29,41,29,Y,2026-02-26,2026-02-28
A,2026-09,REDE 30,32,28,Y,2026-02-26,2026-02-26
A,2026-09,REDE 31,85,86,Y,2026-02-26,2026-02-28
A,2026-09,REDE 32,54,47,Y,2026-02-26,2026-02-26
A,2026-09,REDE 33,61,62,Y,2026-02-26,2026-02-28
A,2026-09,REDE 34,23,16,Y,2026-02-26,2026-02-27
A,2026-09,REDE 35,63,64,Y,2026-02-26,2026-02-28
A,2026-10,REDE 01,26,15,Y,2026-03-05,2026-03-04
A,2026-10,REDE 02,68,62,Y,2026-03-05,2026-03-05
A,2026-10,REDE 03,78,78,Y,2026-03-05,2026-03-04
A,2026-10,REDE 04,51,44,Y,2026-03-05,2026-03-07
A,2026-10,REDE 05,38,31,Y,2026-03-05,2026-03-06
A,2026-10,REDE 06,81,73,Y,2026-03-05,2026-03-06
A,2026-10,REDE 07,50,42,Y,2026-03-05,2026-03-07
A,2026-10,REDE 08,21,12,Y,2026-03-05,2026-03-07
A,2026-10,REDE 09,31,23,Y,2026-03-05,2026-03-07
A,2026-10,REDE 10,58,59,Y,2026-03-05,2026-03-04
A,2026-10,REDE 11,64,50,Y,2026-03-05,2026-03-05
A,2026-10,REDE 12,42,37,Y,2026-03-05,2026-03-07
A,2026-10,REDE 13,61,55,Y,2026-03-05,2026-03-06
A,2026-10,REDE 14,87,76,Y,2026-03-05,2026-03-05
A,2026-10,REDE 15,50,36,Y,2026-03-05,2026-03-07
A,2026-10,REDE 16,36,21,Y,2026-03-05,2026-03-05
A,2026-10,REDE 17,57,43,Y,2026-03-05,2026-03-07
A,2026-10,REDE 18,65,62,Y,2026-03-05,2026-03-05
A,2026-10,REDE 19,31,32,Y,2026-03-05,2026-03-06
A,2026-10,REDE 20,57,56,Y,2026-03-05,2026-03-07
A,2026-10,REDE 21,23,25,Y,2026-03-05,2026-03-05
A,2026-10,REDE 22,63,66,Y,2026-03-05,2026-03-04
A,2026-10,REDE 23,24,16,Y,2026-03-05,2026-03-05
A,2026-10,REDE 24,37,35,Y,2026-03-05,2026-03-06
A,2026-10,REDE 25,49,38,Y,2026-03-05,2026-03-04
A,2026-10,REDE 26,65,58,Y,2026-03-05,2026-03-05
A,2026-10,REDE 27,62,60,Y,2026-03-05,2026-03-04
A,2026-10,REDE 28,52,45,Y,2026-03-05,2026-03-05
A,2026-10,REDE 29,45,35,Y,2026-03-05,2026-03-06
A,2026-10,REDE 30,71,64,Y,2026-03-05,2026-03-05
A,2026-10,REDE 31,74,60,Y,2026-03-05,2026-03-05
A,2026-10,REDE 32,55,52,Y,2026-03-05,2026-03-06
A,2026-10,REDE 33,52,45,Y,2026-03-05,2026-03-07
A,2026-10,REDE 34,58,46,Y,2026-03-05,2026-03-06
A,2026-10,REDE 35,57,45,Y,2026-03-05,2026-03-05
A,2026-11,REDE 01,83,85,Y,2026-03-12,2026-03-13
A,2026-11,REDE 02,23,16,Y,2026-03-12,2026-03-11
A,2026-11,REDE 03,72,67,Y,2026-03-12,2026-03-14
A,2026-11,REDE 04,56,53,Y,2026-03-12,2026-03-11
A,2026-11,REDE 05,84,70,Y,2026-03-12,2026-03-13
A,2026-11,REDE 06,75,65,Y,2026-03-12,2026-03-11
A,2026-11,REDE 07,39,37,Y,2026-03-12,2026-03-11
A,2026-11,REDE 08,40,0,Y,2026-03-12,2026-03-11
A,2026-11,REDE 09,40,32,Y,2026-03-12,2026-03-14
A,2026-11,REDE 10,40,26,Y,2026-03-12,2026-03-12
A,2026-11,REDE 11,82,78,Y,2026-03-12,2026-03-14
A,2026-11,REDE 12,70,65,Y,2026-03-12,2026-03-11
A,2026-11,REDE 13,36,28,Y,2026-03-12,2026-03-14
A,2026-11,REDE 14,37,23,Y,2026-03-12,2026-03-13
A,2026-11,REDE 15,58,60,Y,2026-03-12,2026-03-11
A,2026-11,REDE 16,26,21,Y,2026-03-12,2026-03-13
A,2026-11,REDE 17,44,31,Y,2026-03-12,2026-03-11
A,2026-11,REDE 18,50,36,Y,2026-03-12,2026-03-13
A,2026-11,REDE 19,26,15,Y,2026-03-12,2026-03-11
A,2026-11,REDE 20,90,91,Y,2026-03-12,2026-03-11
A,2026-11,REDE 21,34,22,Y,2026-03-12,2026-03-12
A,2026-11,REDE 22,56,55,Y,2026-03-12,2026-03-11
A,2026-11,REDE 23,74,70,Y,2026-03-12,2026-03-13
A,2026-11,REDE 24,77,63,Y,2026-03-12,2026-03-12
A,2026-11,REDE 25,52,53,Y,2026-03-12,2026-03-11
A,2026-11,REDE 26,51,54,Y,2026-03-12,2026-03-11
A,2026-11,REDE 27,72,64,Y,2026-03-12,2026-03-11
A,2026-11,REDE 28,38,38,Y,2026-03-12,2026-03-14
A,2026-11,REDE 29,83,79,Y,2026-03-12,2026-03-12
A,2026-11,REDE 30,56,50,Y,2026-03-12,2026-03-14
A,2026-11,REDE 31,45,41,Y,2026-03-12,2026-03-12
A,2026-11,REDE 32,60,53,Y,2026-03-12,2026-03-11
A,2026-11,REDE 33,89,87,Y,2026-03-12,2026-03-14
A,2026-11,REDE 34,71,71,Y,2026-03-12,2026-03-12
A,2026-11,REDE 35,86,82,Y,2026-03-12,2026-03-11
A,2026-12,REDE 01,67,67,Y,2026-03-19,2026-03-21
A,2026-12,REDE 02,32,21,Y,2026-03-19,2026-03-19
A,2026-12,REDE 03,47,42,Y,2026-03-19,2026-03-19
A,2026-12,REDE 04,59,55,Y,2026-03-19,2026-03-18
A,2026-12,REDE 05,65,62,Y,2026-03-19,2026-03-18
A,2026-12,REDE 06,21,22,Y,2026-03-19,2026-03-19
A,2026-12,REDE 07,80,72,Y,2026-03-19,2026-03-19
A,2026-12,REDE 08,33,35,Y,2026-03-19,2026-03-20
A,2026-12,REDE 09,30,19,Y,2026-03-19,2026-03-21
A,2026-12,REDE 10,90,78,Y,2026-03-19,2026-03-19
A,2026-12,REDE 11,88,85,Y,2026-03-19,2026-03-19
A,2026-12,REDE 12,36,38,Y,2026-03-19,2026-03-19
A,2026-12,REDE 13,89,74,Y,2026-03-19,2026-03-19
A,2026-12,REDE 14,71,59,Y,2026-03-19,2026-03-18
A,2026-12,REDE 15,53,39,Y,2026-03-19,2026-03-19
A,2026-12,REDE 16,21,6,Y,2026-03-19,2026-03-19
A,2026-12,REDE 17,37,25,Y,2026-03-19,2026-03-19
A,2026-12,REDE 18,90,85,Y,2026-03-19,2026-03-19
A,2026-12,REDE 19,24,24,Y,2026-03-19,2026-03-20
A,2026-12,REDE 20,75,74,Y,2026-03-19,2026-03-19
A,2026-12,REDE 21,50,50,Y,2026-03-19,2026-03-20
A,2026-12,REDE 22,85,84,Y,2026-03-19,2026-03-19
A,2026-12,REDE 23,31,27,Y,2026-03-19,2026-03-20
A,2026-12,REDE 24,56,42,Y,2026-03-19,2026-03-20
A,2026-12,REDE 25,53,53,Y,2026-03-19,2026-03-18
A,2026-12,REDE 26,51,40,Y,2026-03-19,2026-03-20
A,2026-12,REDE 27,75,73,Y,2026-03-19,2026-03-19
A,2026-12,REDE 28,30,32,Y,2026-03-19,2026-03-19
A,2026-12,REDE 29,65,63,Y,2026-03-19,2026-03-20
A,2026-12,REDE 30,48,47,Y,2026-03-19,2026-03-21
A,2026-12,REDE 31,63,65,Y,2026-03-19,2026-03-19
A,2026-12,REDE 32,61,54,Y,2026-03-19,2026-03-21
A,2026-12,REDE 33,88,82,Y,2026-03-19,2026-03-20
A,2026-12,REDE 34,54,43,Y,2026-03-19,2026-03-19
A,2026-12,REDE 35,63,64,Y,2026-03-19,2026-03-21
A,2026-13,REDE 01,43,33,Y,2026-03-26,2026-03-27
A,2026-13,REDE 02,43,43,Y,2026-03-26,2026-03-28
A,2026-13,REDE 03,58,50,Y,2026-03-26,2026-03-25
A,2026-13,REDE 04,86,81,Y,2026-03-26,2026-03-26
A,2026-13,REDE 05,76,71,Y,2026-03-26,2026-03-28
A,2026-13,REDE 06,79,72,Y,2026-03-26,2026-03-28
A,2026-13,REDE 07,75,61,Y,2026-03-26,2026-03-26
A,2026-13,REDE 08,23,25,Y,2026-03-26,2026-03-27
A,2026-13,REDE 09,29,25,Y,2026-03-26,2026-03-28
A,2026-13,REDE 10,73,62,Y,2026-03-26,2026-03-28
A,2026-13,REDE 11,76,0,Y,2026-03-26,2026-03-28
A,2026-13,REDE 12,56,53,Y,2026-03-26,2026-03-26
A,2026-13,REDE 13,84,73,Y,2026-03-26,2026-03-26
A,2026-13,REDE 14,47,44,Y,2026-03-26,2026-03-25
A,2026-13,REDE 15,64,57,Y,2026-03-26,2026-03-26
A,2026-13,REDE 16,67,52,Y,2026-03-26,2026-03-28
A,2026-13,REDE 17,27,21,Y,2026-03-26,2026-03-25
A,2026-13,REDE 18,68,68,Y,2026-03-26,2026-03-26
A,2026-13,REDE 19,62,47,Y,2026-03-26,2026-03-25
A,2026-13,REDE 20,80,72,Y,2026-03-26,2026-03-28
A,2026-13,REDE 21,29,31,Y,2026-03-26,2026-03-27
A,2026-13,REDE 22,21,9,Y,2026-03-26,2026-03-25
A,2026-13,REDE 23,32,19,Y,2026-03-26,2026-03-27
A,2026-13,REDE 24,42,30,Y,2026-03-26,2026-03-26
A,2026-13,REDE 25,51,53,Y,2026-03-26,2026-03-25
A,2026-13,REDE 26,54,52,Y,2026-03-26,2026-03-25
A,2026-13,REDE 27,80,70,Y,2026-03-26,2026-03-26
A,2026-13,REDE 28,52,39,Y,2026-03-26,2026-03-25
A,2026-13,REDE 29,76,61,Y,2026-03-26,2026-03-27
A,2026-13,REDE 30,86,80,Y,2026-03-26,2026-03-26
A,2026-13,REDE 31,29,29,Y,2026-03-26,2026-03-27
A,2026-13,REDE 32,57,58,Y,2026-03-26,2026-03-25
A,2026-13,REDE 33,82,80,Y,2026-03-26,2026-03-27
A,2026-13,REDE 34,89,91,Y,2026-03-26,2026-03-26
A,2026-13,REDE 35,24,22,Y,2026-03-26,2026-03-25
A,2026-14,REDE 01,51,42,Y,2026-04-02,2026-04-03
A,2026-14,REDE 02,86,86,Y,2026-04-02,2026-04-02
A,2026-14,REDE 03,67,68,Y,2026-04-02,2026-04-01
A,2026-14,REDE 04,33,24,Y,2026-04-02,2026-04-03
A,2026-14,REDE 05,33,26,Y,2026-04-02,2026-04-04
A,2026-14,REDE 06,87,0,Y,2026-04-02,2026-04-02
A,2026-14,REDE 07,25,24,Y,2026-04-02,2026-04-01
A,2026-14,REDE 08,56,57,Y,2026-04-02,2026-04-01
A,2026-14,REDE 09,28,31,Y,2026-04-02,2026-04-03
A,2026-14,REDE 10,29,20,Y,2026-04-02,2026-04-04
A,2026-14,REDE 11,79,65,Y,2026-04-02,2026-04-01
A,2026-14,REDE 12,57,50,Y,2026-04-02,2026-04-02
A,2026-14,REDE 13,74,76,Y,2026-04-02,2026-04-03
A,2026-14,REDE 14,27,21,Y,2026-04-02,2026-04-03
A,2026-14,REDE 15,62,52,Y,2026-04-02,2026-04-04
A,2026-14,REDE 16,87,76,Y,2026-04-02,2026-04-04
A,2026-14,REDE 17,85,85,Y,2026-04-02,2026-04-04
A,2026-14,REDE 18,71,64,Y,2026-04-02,2026-04-04
A,2026-14,REDE 19,58,47,Y,2026-04-02,2026-04-03
A,2026-14,REDE 20,29,31,Y,2026-04-02,2026-04-01
A,2026-14,REDE 21,52,48,Y,2026-04-02,2026-04-04
A,2026-14,REDE 22,57,50,Y,2026-04-02,2026-04-01
A,2026-14,REDE 23,82,75,Y,2026-04-02,2026-04-02
A,2026-14,REDE 24,48,42,Y,2026-04-02,2026-04-03
A,2026-14,REDE 25,46,44,Y,2026-04-02,2026-04-04
A,2026-14,REDE 26,61,48,Y,2026-04-02,2026-04-04
A,2026-14,REDE 27,87,75,Y,2026-04-02,2026-04-04
A,2026-14,REDE 28,46,42,Y,2026-04-02,2026-04-02
A,2026-14,REDE 29,47,48,Y,2026-04-02,2026-04-04
A,2026-14,REDE 30,84,72,Y,2026-04-02,2026-04-02
A,2026-14,REDE 31,59,48,Y,2026-04-02,2026-04-01
A,2026-14,REDE 32,35,32,Y,2026-04-02,2026-04-04
A,2026-14,REDE 33,54,54,Y,2026-04-02,2026-04-02
A,2026-14,REDE 34,73,63,Y,2026-04-02,2026-04-01
A,2026-14,REDE 35,58,61,Y,2026-04-02,2026-04-02
A,2026-15,REDE 01,68,63,Y,2026-04-09,2026-04-08
A,2026-15,REDE 02,21,10,Y,2026-04-09,2026-04-08
A,2026-15,REDE 03,42,41,Y,2026-04-09,2026-04-08
A,2026-15,REDE 04,62,58,Y,2026-04-09,2026-04-08
A,2026-15,REDE 05,52,37,Y,2026-04-09,2026-04-08
A,2026-15,REDE 06,32,33,Y,2026-04-09,2026-04-11
A,2026-15,REDE 07,21,22,Y,2026-04-09,2026-04-10
A,2026-15,REDE 08,68,57,Y,2026-04-09,2026-04-08
A,2026-15,REDE 09,62,58,Y,2026-04-09,2026-04-10
A,2026-15,REDE 10,51,49,Y,2026-04-09,2026-04-11
A,2026-15,REDE 11,37,39,Y,2026-04-09,2026-04-09
A,2026-15,REDE 12,86,77,Y,2026-04-09,2026-04-09
A,2026-15,REDE 13,62,60,Y,2026-04-09,2026-04-10
A,2026-15,REDE 14,36,21,Y,2026-04-09,2026-04-11
A,2026-15,REDE 15,84,86,Y,2026-04-09,2026-04-08
A,2026-15,REDE 16,81,74,Y,2026-04-09,2026-04-10
A,2026-15,REDE 17,43,37,Y,2026-04-09,2026-04-10
A,2026-15,REDE 18,43,28,Y,2026-04-09,2026-04-09
A,2026-15,REDE 19,70,0,Y,2026-04-09,2026-04-08
A,2026-15,REDE 20,31,25,Y,2026-04-09,2026-04-08
A,2026-15,REDE 21,54,57,Y,2026-04-09,2026-04-10
A,2026-15,REDE 22,82,78,Y,2026-04-09,2026-04-10
A,2026-15,REDE 23,29,17,Y,2026-04-09,2026-04-11
A,2026-15,REDE 24,50,36,Y,2026-04-09,2026-04-10
A,2026-15,REDE 25,36,39,Y,2026-04-09,2026-04-08
A,2026-15,REDE 26,43,31,Y,2026-04-09,2026-04-09
A,2026-15,REDE 27,53,41,Y,2026-04-09,2026-04-11
A,2026-15,REDE 28,75,64,Y,2026-04-09,2026-04-11
A,2026-15,REDE 29,40,40,Y,2026-04-09,2026-04-09
A,2026-15,REDE 30,37,27,Y,2026-04-09,2026-04-11
A,2026-15,REDE 31,45,34,Y,2026-04-09,2026-04-11
A,2026-15,REDE 32,68,0,Y,2026-04-09,2026-04-08
A,2026-15,REDE 33,22,13,Y,2026-04-09,2026-04-08
A,2026-15,REDE 34,22,9,Y,2026-04-09,2026-04-10
A,2026-15,REDE 35,58,43,Y,2026-04-09,2026-04-10
A,2026-16,REDE 01,55,54,Y,2026-04-16,2026-04-17
A,2026-16,REDE 02,46,43,Y,2026-04-16,2026-04-17
A,2026-16,REDE 03,51,42,Y,2026-04-16,2026-04-17
A,2026-16,REDE 04,71,74,Y,2026-04-16,2026-04-18
A,2026-16,REDE 05,47,0,Y,2026-04-16,2026-04-16
A,2026-16,REDE 06,41,31,Y,2026-04-16,2026-04-18
A,2026-16,REDE 07,78,63,Y,2026-04-16,2026-04-15
A,2026-16,REDE 08,85,88,Y,2026-04-16,2026-04-18
A,2026-16,REDE 09,25,18,Y,2026-04-16,2026-04-15
A,2026-16,REDE 10,51,42,Y,2026-04-16,2026-04-15
A,2026-16,REDE 11,69,56,Y,2026-04-16,2026-04-17
A,2026-16,REDE 12,51,53,Y,2026-04-16,2026-04-17
A,2026-16,REDE 13,60,50,Y,2026-04-16,2026-04-15
A,2026-16,REDE 14,68,71,Y,2026-04-16,2026-04-16
A,2026-16,REDE 15,41,42,Y,2026-04-16,2026-04-15
A,2026-16,REDE 16,72,68,Y,2026-04-16,2026-04-16
A,2026-16,REDE 17,37,28,Y,2026-04-16,2026-04-18
A,2026-16,REDE 18,43,31,Y,2026-04-16,2026-04-18
A,2026-16,REDE 19,22,11,Y,2026-04-16,2026-04-16
A,2026-16,REDE 20,26,29,Y,2026-04-16,2026-04-18
A,2026-16,REDE 21,51,50,Y,2026-04-16,2026-04-18
A,2026-16,REDE 22,25,19,Y,2026-04-16,2026-04-17
A,2026-16,REDE 23,27,15,Y,2026-04-16,2026-04-18
A,2026-16,REDE 24,41,27,Y,2026-04-16,2026-04-15
A,2026-16,REDE 25,22,12,Y,2026-04-16,2026-04-17
A,2026-16,REDE 26,70,56,Y,2026-04-16,2026-04-18
A,2026-16,REDE 27,57,52,Y,2026-04-16,2026-04-18
A,2026-16,REDE 28,60,47,Y,2026-04-16,2026-04-15
A,2026-16,REDE 29,53,47,Y,2026-04-16,2026-04-16
A,2026-16,REDE 30,49,38,Y,2026-04-16,2026-04-18
A,2026-16,REDE 31,81,68,Y,2026-04-16,2026-04-16
A,2026-16,REDE 32,54,51,Y,2026-04-16,2026-04-16
A,2026-16,REDE 33,35,23,Y,2026-04-16,2026-04-15
A,2026-16,REDE 34,57,56,Y,2026-04-16,2026-04-17
A,2026-16,REDE 35,23,9,Y,2026-04-16,2026-04-18
A,2026-17,REDE 01,71,63,Y,2026-04-23,2026-04-24
A,2026-17,REDE 02,36,24,Y,2026-04-23,2026-04-22
A,2026-17,REDE 03,20,18,Y,2026-04-23,2026-04-24
A,2026-17,REDE 04,59,45,Y,2026-04-23,2026-04-23
A,2026-17,REDE 05,43,35,Y,2026-04-23,2026-04-24
A,2026-17,REDE 06,67,52,Y,2026-04-23,2026-04-22
A,2026-17,REDE 07,62,52,Y,2026-04-23,2026-04-23
A,2026-17,REDE 08,86,77,Y,2026-04-23,2026-04-25
A,2026-17,REDE 09,69,67,Y,2026-04-23,2026-04-23
A,2026-17,REDE 10,79,67,Y,2026-04-23,2026-04-25
A,2026-17,REDE 11,49,49,Y,2026-04-23,2026-04-24
A,2026-17,REDE 12,87,78,Y,2026-04-23,2026-04-23
A,2026-17,REDE 13,62,60,Y,2026-04-23,2026-04-22
A,2026-17,REDE 14,88,89,Y,2026-04-23,2026-04-25
A,2026-17,REDE 15,21,19,Y,2026-04-23,2026-04-23
A,2026-17,REDE 16,43,37,Y,2026-04-23,2026-04-23
A,2026-17,REDE 17,55,47,Y,2026-04-23,2026-04-25
A,2026-17,REDE 18,28,30,Y,2026-04-23,2026-04-23
A,2026-17,REDE 19,35,33,Y,2026-04-23,2026-04-25
A,2026-17,REDE 20,55,45,Y,2026-04-23,2026-04-23
A,2026-17,REDE 21,41,42,Y,2026-04-23,2026-04-24
A,2026-17,REDE 22,59,51,Y,2026-04-23,2026-04-25
A,2026-17,REDE 23,79,74,Y,2026-04-23,2026-04-24
A,2026-17,REDE 24,34,24,Y,2026-04-23,2026-04-22
A,2026-17,REDE 25,69,67,Y,2026-04-23,2026-04-22
A,2026-17,REDE 26,88,77,Y,2026-04-23,2026-04-24
A,2026-17,REDE 27,83,70,Y,2026-04-23,2026-04-23
A,2026-17,REDE 28,22,18,Y,2026-04-23,2026-04-25
A,2026-17,REDE 29,89,84,Y,2026-04-23,2026-04-23
A,2026-17,REDE 30,52,44,Y,2026-04-23,2026-04-22
A,2026-17,REDE 31,28,25,Y,2026-04-23,2026-04-25
A,2026-17,REDE 32,86,74,Y,2026-04-23,2026-04-24
A,2026-17,REDE 33,57,56,Y,2026-04-23,2026-04-22
A,2026-17,REDE 34,57,58,Y,2026-04-23,2026-04-25
A,2026-17,REDE 35,31,26,Y,2026-04-23,2026-04-22
A,2026-18,REDE 01,72,58,Y,2026-04-30,2026-05-01
A,2026-18,REDE 02,35,30,Y,2026-04-30,2026-05-02
A,2026-18,REDE 03,39,24,Y,2026-04-30,2026-05-02
A,2026-18,REDE 04,38,33,Y,2026-04-30,2026-05-02
A,2026-18,REDE 05,47,48,Y,2026-04-30,2026-05-02
A,2026-18,REDE 06,69,55,Y,2026-04-30,2026-05-02
A,2026-18,REDE 07,68,67,Y,2026-04-30,2026-05-02
A,2026-18,REDE 08,48,0,Y,2026-04-30,2026-04-30
A,2026-18,REDE 09,41,44,Y,2026-04-30,2026-05-02
A,2026-18,REDE 10,65,51,Y,2026-04-30,2026-04-30
A,2026-18,REDE 11,73,64,Y,2026-04-30,2026-05-02
A,2026-18,REDE 12,69,54,Y,2026-04-30,2026-04-30
A,2026-18,REDE 13,75,66,Y,2026-04-30,2026-04-30
A,2026-18,REDE 14,24,18,Y,2026-04-30,2026-04-30
A,2026-18,REDE 15,28,15,Y,2026-04-30,2026-04-29
A,2026-18,REDE 16,38,36,Y,2026-04-30,2026-04-30
A,2026-18,REDE 17,79,80,Y,2026-04-30,2026-04-30
A,2026-18,REDE 18,74,59,Y,2026-04-30,2026-04-30
A,2026-18,REDE 19,80,67,Y,2026-04-30,2026-04-29
A,2026-18,REDE 20,58,44,Y,2026-04-30,2026-04-30
A,2026-18,REDE 21,63,61,Y,2026-04-30,2026-04-30
A,2026-18,REDE 22,67,55,Y,2026-04-30,2026-05-02
A,2026-18,REDE 23,67,53,Y,2026-04-30,2026-04-29
A,2026-18,REDE 24,68,67,Y,2026-04-30,2026-04-30
A,2026-18,REDE 25,89,84,Y,2026-04-30,2026-04-29
A,2026-18,REDE 26,51,52,Y,2026-04-30,2026-04-30
A,2026-18,REDE 27,55,55,Y,2026-04-30,2026-04-29
A,2026-18,REDE 28,88,79,Y,2026-04-30,2026-04-29
A,2026-18,REDE 29,63,60,Y,2026-04-30,2026-05-02
A,2026-18,REDE 30,71,71,Y,2026-04-30,2026-04-29
A,2026-18,REDE 31,53,55,Y,2026-04-30,2026-04-29
A,2026-18,REDE 32,86,72,Y,2026-04-30,2026-05-01
A,2026-18,REDE 33,28,31,Y,2026-04-30,2026-05-02
A,2026-18,REDE 34,73,63,Y,2026-04-30,2026-04-29
A,2026-18,REDE 35,57,43,Y,2026-04-30,2026-05-02
A,2026-19,REDE 01,41,35,Y,2026-05-07,2026-05-08
A,2026-19,REDE 02,54,57,Y,2026-05-07,2026-05-07
A,2026-19,REDE 03,76,79,Y,2026-05-07,2026-05-08
A,2026-19,REDE 04,77,67,Y,2026-05-07,2026-05-09
A,2026-19,REDE 05,87,72,Y,2026-05-07,2026-05-06
A,2026-19,REDE 06,61,48,Y,2026-05-07,2026-05-06
A,2026-19,REDE 07,67,59,Y,2026-05-07,2026-05-06
A,2026-19,REDE 08,39,34,Y,2026-05-07,2026-05-08
A,2026-19,REDE 09,88,87,Y,2026-05-07,2026-05-09
A,2026-19,REDE 10,86,81,Y,2026-05-07,2026-05-06
A,2026-19,REDE 11,87,81,Y,2026-05-07,2026-05-06
A,2026-19,REDE 12,70,69,Y,2026-05-07,2026-05-07
A,2026-19,REDE 13,80,82,Y,2026-05-07,2026-05-08
A,2026-19,REDE 14,82,73,Y,2026-05-07,2026-05-09
A,2026-19,REDE 15,74,71,Y,2026-05-07,2026-05-08
A,2026-19,REDE 16,40,25,Y,2026-05-07,2026-05-09
A,2026-19,REDE 17,27,25,Y,2026-05-07,2026-05-06
A,2026-19,REDE 18,22,18,Y,2026-05-07,2026-05-08
A,2026-19,REDE 19,34,26,Y,2026-05-07,2026-05-08
A,2026-19,REDE 20,37,0,Y,2026-05-07,2026-05-06
A,2026-19,REDE 21,79,73,Y,2026-05-07,2026-05-09
A,2026-19,REDE 22,74,68,Y,2026-05-07,2026-05-09
A,2026-19,REDE 23,27,22,Y,2026-05-07,2026-05-08
A,2026-19,REDE 24,44,31,Y,2026-05-07,2026-05-07
A,2026-19,REDE 25,24,12,Y,2026-05-07,2026-05-09
A,2026-19,REDE 26,45,43,Y,2026-05-07,2026-05-06
A,2026-19,REDE 27,75,60,Y,2026-05-07,2026-05-07
A,2026-19,REDE 28,58,58,Y,2026-05-07,2026-05-08
A,2026-19,REDE 29,42,29,Y,2026-05-07,2026-05-07
A,2026-19,REDE 30,23,22,Y,2026-05-07,2026-05-09
A,2026-19,REDE 31,73,0,Y,2026-05-07,2026-05-08
A,2026-19,REDE 32,55,44,Y,2026-05-07,2026-05-09
A,2026-19,REDE 33,49,37,Y,2026-05-07,2026-05-09
A,2026-19,REDE 34,77,69,Y,2026-05-07,2026-05-07
A,2026-19,REDE 35,42,39,Y,2026-05-07,2026-05-06
A,2026-20,REDE 01,73,61,Y,2026-05-14,2026-05-13
A,2026-20,REDE 02,82,78,Y,2026-05-14,2026-05-15
A,2026-20,REDE 03,84,81,Y,2026-05-14,2026-05-16
A,2026-20,REDE 04,47,38,Y,2026-05-14,2026-05-15
A,2026-20,REDE 05,74,62,Y,2026-05-14,2026-05-16
A,2026-20,REDE 06,57,48,Y,2026-05-14,2026-05-15
A,2026-20,REDE 07,45,47,Y,2026-05-14,2026-05-14
A,2026-20,REDE 08,80,72,Y,2026-05-14,2026-05-14
A,2026-20,REDE 09,89,0,Y,2026-05-14,2026-05-16
A,2026-20,REDE 10,81,81,Y,2026-05-14,2026-05-16
A,2026-20,REDE 11,89,91,Y,2026-05-14,2026-05-16
A,2026-20,REDE 12,48,37,Y,2026-05-14,2026-05-16
A,2026-20,REDE 13,43,28,Y,2026-05-14,2026-05-16
A,2026-20,REDE 14,41,31,Y,2026-05-14,2026-05-13
A,2026-20,REDE 15,29,17,Y,2026-05-14,2026-05-13
A,2026-20,REDE 16,53,40,Y,2026-05-14,2026-05-14
A,2026-20,REDE 17,61,62,Y,2026-05-14,2026-05-15
A,2026-20,REDE 18,90,88,Y,2026-05-14,2026-05-16
A,2026-20,REDE 19,81,75,Y,2026-05-14,2026-05-14
A,2026-20,REDE 20,20,12,Y,2026-05-14,2026-05-14
A,2026-20,REDE 21,90,90,Y,2026-05-14,2026-05-14
A,2026-20,REDE 22,62,61,Y,2026-05-14,2026-05-15
A,2026-20,REDE 23,34,36,Y,2026-05-14,2026-05-13
A,2026-20,REDE 24,88,76,Y,2026-05-14,2026-05-13
A,2026-20,REDE 25,73,59,Y,2026-05-14,2026-05-15
A,2026-20,REDE 26,31,30,Y,2026-05-14,2026-05-13
A,2026-20,REDE 27,73,74,Y,2026-05-14,2026-05-15
A,2026-20,REDE 28,59,50,Y,2026-05-14,2026-05-15
A,2026-20,REDE 29,65,54,Y,2026-05-14,2026-05-15
A,2026-20,REDE 30,51,42,Y,2026-05-14,2026-05-13
A,2026-20,REDE 31,68,67,Y,2026-05-14,2026-05-13
A,2026-20,REDE 32,23,10,Y,2026-05-14,2026-05-13
A,2026-20,REDE 33,77,62,Y,2026-05-14,2026-05-15
A,2026-20,REDE 34,71,64,Y,2026-05-14,2026-05-13
A,2026-20,REDE 35,82,76,Y,2026-05-14,2026-05-16
A,2026-21,REDE 01,35,35,Y,2026-05-21,2026-05-20
A,2026-21,REDE 02,87,79,Y,2026-05-21,2026-05-23
A,2026-21,REDE 03,63,58,Y,2026-05-21,2026-05-21
A,2026-21,REDE 04,78,69,Y,2026-05-21,2026-05-20
A,2026-21,REDE 05,76,77,Y,2026-05-21,2026-05-22
A,2026-21,REDE 06,60,57,Y,2026-05-21,2026-05-22
A,2026-21,REDE 07,56,53,N,2026-05-21,2026-05-21
A,2026-21,REDE 08,71,67,Y,2026-05-21,2026-05-23
A,2026-21,REDE 09,83,69,Y,2026-05-21,2026-05-22
A,2026-21,REDE 10,61,57,Y,2026-05-21,2026-05-20
A,2026-21,REDE 11,36,39,Y,2026-05-21,2026-05-20
A,2026-21,REDE 12,66,65,Y,2026-05-21,2026-05-21
A,2026-21,REDE 13,50,47,Y,2026-05-21,2026-05-20
A,2026-21,REDE 14,64,54,Y,2026-05-21,2026-05-22
A,2026-21,REDE 15,44,39,Y,2026-05-21,2026-05-23
A,2026-21,REDE 16,57,46,Y,2026-05-21,2026-05-21
A,2026-21,REDE 17,26,21,Y,2026-05-21,2026-05-22
A,2026-21,REDE 18,88,76,Y,2026-05-21,2026-05-21
A,2026-21,REDE 19,24,12,Y,2026-05-21,2026-05-20
A,2026-21,REDE 20,30,28,Y,2026-05-21,2026-05-23
A,2026-21,REDE 21,47,44,Y,2026-05-21,2026-05-20
A,2026-21,REDE 22,73,68,Y,2026-05-21,2026-05-23
A,2026-21,REDE 23,44,33,Y,2026-05-21,2026-05-21
A,2026-21,REDE 24,64,61,Y,2026-05-21,2026-05-21
A,2026-21,REDE 25,79,75,Y,2026-05-21,2026-05-20
A,2026-21,REDE 26,32,28,Y,2026-05-21,2026-05-21
A,2026-21,REDE 27,23,15,Y,2026-05-21,2026-05-23
A,2026-21,REDE 28,56,51,Y,2026-05-21,2026-05-21
A,2026-21,REDE 29,68,67,Y,2026-05-21,2026-05-20
A,2026-21,REDE 30,82,70,Y,2026-05-21,2026-05-20
A,2026-21,REDE 31,75,65,Y,2026-05-21,2026-05-23
A,2026-21,REDE 32,67,54,Y,2026-05-21,2026-05-23
A,2026-21,REDE 33,81,76,Y,2026-05-21,2026-05-20
A,2026-21,REDE 34,40,33,Y,2026-05-21,2026-05-20
A,2026-21,REDE 35,24,21,Y,2026-05-21,2026-05-20
A,2026-22,REDE 01,27,26,Y,2026-05-28,2026-05-28
A,2026-22,REDE 02,34,22,Y,2026-05-28,2026-05-30
A,2026-22,REDE 03,49,50,Y,2026-05-28,2026-05-27
A,2026-22,REDE 04,75,62,Y,2026-05-28,2026-05-30
A,2026-22,REDE 05,32,18,Y,2026-05-28,2026-05-29
A,2026-22,REDE 06,20,8,Y,2026-05-28,2026-05-29
A,2026-22,REDE 07,84,70,Y,2026-05-28,2026-05-30
A,2026-22,REDE 08,37,23,Y,2026-05-28,2026-05-30
A,2026-22,REDE 09,38,28,Y,2026-05-28,2026-05-30
A,2026-22,REDE 10,50,37,Y,2026-05-28,2026-05-30
A,2026-22,REDE 11,27,16,Y,2026-05-28,2026-05-29
A,2026-22,REDE 12,22,20,Y,2026-05-28,2026-05-29
A,2026-22,REDE 13,37,36,Y,2026-05-28,2026-05-27
A,2026-22,REDE 14,90,80,Y,2026-05-28,2026-05-29
A,2026-22,REDE 15,47,50,Y,2026-05-28,2026-05-28
A,2026-22,REDE 16,51,48,Y,2026-05-28,2026-05-28
A,2026-22,REDE 17,21,8,Y,2026-05-28,2026-05-30
A,2026-22,REDE 18,27,22,Y,2026-05-28,2026-05-30
A,2026-22,REDE 19,73,64,Y,2026-05-28,2026-05-28
A,2026-22,REDE 20,53,46,Y,2026-05-28,2026-05-27
A,2026-22,REDE 21,27,29,Y,2026-05-28,2026-05-30
A,2026-22,REDE 22,79,68,Y,2026-05-28,2026-05-28
A,2026-22,REDE 23,32,0,Y,2026-05-28,2026-05-27
A,2026-22,REDE 24,89,90,Y,2026-05-28,2026-05-30
A,2026-22,REDE 25,50,46,Y,2026-05-28,2026-05-28
A,2026-22,REDE 26,68,55,Y,2026-05-28,2026-05-27
A,2026-22,REDE 27,26,0,Y,2026-05-28,2026-05-29
A,2026-22,REDE 28,63,61,Y,2026-05-28,2026-05-30
A,2026-22,REDE 29,54,56,Y,2026-05-28,2026-05-27
A,2026-22,REDE 30,39,38,Y,2026-05-28,2026-05-29
A,2026-22,REDE 31,81,77,Y,2026-05-28,2026-05-30
A,2026-22,REDE 32,37,25,Y,2026-05-28,2026-05-30
A,2026-22,REDE 33,61,48,Y,2026-05-28,2026-05-28
A,2026-22,REDE 34,67,64,Y,2026-05-28,2026-05-28
A,2026-22,REDE 35,73,65,Y,2026-05-28,2026-05-30
A,2026-23,REDE 01,27,23,Y,2026-06-04,2026-06-05
A,2026-23,REDE 02,46,46,Y,2026-06-04,2026-06-04
A,2026-23,REDE 03,83,84,Y,2026-06-04,2026-06-04
A,2026-23,REDE 04,40,33,Y,2026-06-04,2026-06-03
A,2026-23,REDE 05,37,24,Y,2026-06-04,2026-06-06
A,2026-23,REDE 06,34,25,Y,2026-06-04,2026-06-05
A,2026-23,REDE 07,78,70,Y,2026-06-04,2026-06-03
A,2026-23,REDE 08,85,78,Y,2026-06-04,2026-06-04
A,2026-23,REDE 09,55,58,Y,2026-06-04,2026-06-04
A,2026-23,REDE 10,33,0,Y,2026-06-04,2026-06-03
A,2026-23,REDE 11,47,44,Y,2026-06-04,2026-06-04
A,2026-23,REDE 12,58,58,Y,2026-06-04,2026-06-03
A,2026-23,REDE 13,83,69,Y,2026-06-04,2026-06-03
A,2026-23,REDE 14,69,57,Y,2026-06-04,2026-06-05
A,2026-23,REDE 15,63,49,Y,2026-06-04,2026-06-04
A,2026-23,REDE 16,42,35,Y,2026-06-04,2026-06-06
A,2026-23,REDE 17,48,40,Y,2026-06-04,2026-06-05
A,2026-23,REDE 18,77,64,Y,2026-06-04,2026-06-05
A,2026-23,REDE 19,40,35,Y,2026-06-04,2026-06-03
A,2026-23,REDE 20,65,57,Y,2026-06-04,2026-06-06
A,2026-23,REDE 21,55,41,Y,2026-06-04,2026-06-03
A,2026-23,REDE 22,88,81,Y,2026-06-04,2026-06-03
A,2026-23,REDE 23,88,91,Y,2026-06-04,2026-06-03
A,2026-23,REDE 24,74,66,Y,2026-06-04,2026-06-04
A,2026-23,REDE 25,42,38,Y,2026-06-04,2026-06-06
A,2026-23,REDE 26,85,83,Y,2026-06-04,2026-06-05
A,2026-23,REDE 27,80,67,Y,2026-06-04,2026-06-04
A,2026-23,REDE 28,33,33,Y,2026-06-04,2026-06-06
A,2026-23,REDE 29,31,17,Y,2026-06-04,2026-06-03
A,2026-23,REDE 30,76,63,Y,2026-06-04,2026-06-05
A,2026-23,REDE 31,60,61,Y,2026-06-04,2026-06-06
A,2026-23,REDE 32,25,13,Y,2026-06-04,2026-06-03
A,2026-23,REDE 33,24,14,Y,2026-06-04,2026-06-03
A,2026-23,REDE 34,89,74,Y,2026-06-04,2026-06-05
A,2026-23,REDE 35,52,48,Y,2026-06-04,2026-06-05
A,2026-24,REDE 01,30,15,Y,2026-06-11,2026-06-13
A,2026-24,REDE 02,58,51,Y,2026-06-11,2026-06-10
A,2026-24,REDE 03,34,31,Y,2026-06-11,2026-06-10
A,2026-24,REDE 04,23,18,Y,2026-06-11,2026-06-10
A,2026-24,REDE 05,46,36,Y,2026-06-11,2026-06-12
A,2026-24,REDE 06,86,74,Y,2026-06-11,2026-06-12
A,2026-24,REDE 07,55,0,Y,2026-06-11,2026-06-13
A,2026-24,REDE 08,37,27,Y,2026-06-11,2026-06-10
A,2026-24,REDE 09,56,52,Y,2026-06-11,2026-06-11
A,2026-24,REDE 10,48,41,Y,2026-06-11,2026-06-13
A,2026-24,REDE 11,79,82,Y,2026-06-11,2026-06-12
A,2026-24,REDE 12,32,30,Y,2026-06-11,2026-06-11
A,2026-24,REDE 13,28,15,Y,2026-06-11,2026-06-11
A,2026-24,REDE 14,80,75,Y,2026-06-11,2026-06-13
A,2026-24,REDE 15,84,86,Y,2026-06-11,2026-06-11
A,2026-24,REDE 16,39,40,Y,2026-06-11,2026-06-13
A,2026-24,REDE 17,85,74,Y,2026-06-11,2026-06-13
A,2026-24,REDE 18,21,21,Y,2026-06-11,2026-06-11
A,2026-24,REDE 19,51,52,Y,2026-06-11,2026-06-10
A,2026-24,REDE 20,75,67,Y,2026-06-11,2026-06-10
A,2026-24,REDE 21,73,72,Y,2026-06-11,2026-06-12
A,2026-24,REDE 22,25,22,Y,2026-06-11,2026-06-11
A,2026-24,REDE 23,42,43,Y,2026-06-11,2026-06-11
A,2026-24,REDE 24,31,0,Y,2026-06-11,2026-06-10
A,2026-24,REDE 25,43,40,Y,2026-06-11,2026-06-12
A,2026-24,REDE 26,26,12,Y,2026-06-11,2026-06-12
A,2026-24,REDE 27,70,57,Y,2026-06-11,2026-06-11
A,2026-24,REDE 28,76,79,Y,2026-06-11,2026-06-10
A,2026-24,REDE 29,49,50,Y,2026-06-11,2026-06-11
A,2026-24,REDE 30,41,32,Y,2026-06-11,2026-06-10
A,2026-24,REDE 31,75,77,Y,2026-06-11,2026-06-12
A,2026-24,REDE 32,49,38,Y,2026-06-11,2026-06-12
A,2026-24,REDE 33,34,23,Y,2026-06-11,2026-06-13
A,2026-24,REDE 34,72,60,Y,2026-06-11,2026-06-13
A,2026-24,REDE 35,55,40,Y,2026-06-11,2026-06-12
A,2026-25,REDE 01,21,7,Y,2026-06-18,2026-06-17
A,2026-25,REDE 02,76,67,Y,2026-06-18,2026-06-18
A,2026-25,REDE 03,46,37,Y,2026-06-18,2026-06-17
A,2026-25,REDE 04,90,77,Y,2026-06-18,2026-06-18
A,2026-25,REDE 05,48,34,Y,2026-06-18,2026-06-18
A,2026-25,REDE 06,83,81,Y,2026-06-18,2026-06-19
A,2026-25,REDE 07,59,44,Y,2026-06-18,2026-06-19
A,2026-25,REDE 08,80,82,Y,2026-06-18,2026-06-17
A,2026-25,REDE 09,79,79,Y,2026-06-18,2026-06-18
A,2026-25,REDE 10,70,57,Y,2026-06-18,2026-06-19
A,2026-25,REDE 11,45,42,Y,2026-06-18,2026-06-17
A,2026-25,REDE 12,49,49,Y,2026-06-18,2026-06-18
A,2026-25,REDE 13,41,38,Y,2026-06-18,2026-06-20
A,2026-25,REDE 14,36,39,Y,2026-06-18,2026-06-20
A,2026-25,REDE 15,41,43,Y,2026-06-18,2026-06-18
A,2026-25,REDE 16,73,58,Y,2026-06-18,2026-06-20
A,2026-25,REDE 17,75,0,Y,2026-06-18,2026-06-18
A,2026-25,REDE 18,31,34,Y,2026-06-18,2026-06-17
A,2026-25,REDE 19,62,60,Y,2026-06-18,2026-06-17
A,2026-25,REDE 20,60,47,Y,2026-06-18,2026-06-17
A,2026-25,REDE 21,60,51,Y,2026-06-18,2026-06-18
A,2026-25,REDE 22,40,33,Y,2026-06-18,2026-06-20
A,2026-25,REDE 23,57,46,Y,2026-06-18,2026-06-19
A,2026-25,REDE 24,90,76,Y,2026-06-18,2026-06-18
A,2026-25,REDE 25,71,67,Y,2026-06-18,2026-06-17
A,2026-25,REDE 26,45,30,Y,2026-06-18,2026-06-20
A,2026-25,REDE 27,31,30,Y,2026-06-18,2026-06-17
A,2026-25,REDE 28,44,40,Y,2026-06-18,2026-06-20
A,2026-25,REDE 29,53,42,Y,2026-06-18,2026-06-17
A,2026-25,REDE 30,63,55,Y,2026-06-18,2026-06-17
A,2026-25,REDE 31,47,35,Y,2026-06-18,2026-06-17
A,2026-25,REDE 32,50,42,Y,2026-06-18,2026-06-17
A,2026-25,REDE 33,51,42,Y,2026-06-18,2026-06-18
A,2026-25,REDE 34,81,76,Y,2026-06-18,2026-06-18
A,2026-25,REDE 35,73,60,Y,2026-06-18,2026-06-19
A,2026-26,REDE 01,63,61,Y,2026-06-25,2026-06-25
A,2026-26,REDE 02,84,74,Y,2026-06-25,2026-06-26
A,2026-26,REDE 03,75,60,Y,2026-06-25,2026-06-25
A,2026-26,REDE 04,37,37,Y,2026-06-25,2026-06-24
A,2026-26,REDE 05,82,82,Y,2026-06-25,2026-06-24
A,2026-26,REDE 06,56,59,Y,2026-06-25,2026-06-26
A,2026-26,REDE 07,52,41,Y,2026-06-25,2026-06-24
A,2026-26,REDE 08,25,13,Y,2026-06-25,2026-06-25
A,2026-26,REDE 09,25,23,Y,2026-06-25,2026-06-24
A,2026-26,REDE 10,35,28,Y,2026-06-25,2026-06-25
A,2026-26,REDE 11,58,54,Y,2026-06-25,2026-06-25
A,2026-26,REDE 12,54,56,Y,2026-06-25,2026-06-24
A,2026-26,REDE 13,27,15,Y,2026-06-25,2026-06-27
A,2026-26,REDE 14,25,12,Y,2026-06-25,2026-06-27
A,2026-26,REDE 15,61,64,Y,2026-06-25,2026-06-27
A,2026-26,REDE 16,47,35,Y,2026-06-25,2026-06-27
A,2026-26,REDE 17,51,49,Y,2026-06-25,2026-06-27
A,2026-26,REDE 18,74,73,Y,2026-06-25,2026-06-27
A,2026-26,REDE 19,43,40,Y,2026-06-25,2026-06-25
A,2026-26,REDE 20,86,81,Y,2026-06-25,2026-06-24
A,2026-26,REDE 21,58,60,Y,2026-06-25,2026-06-25
A,2026-26,REDE 22,85,85,Y,2026-06-25,2026-06-25
A,2026-26,REDE 23,34,20,Y,2026-06-25,2026-06-26
A,2026-26,REDE 24,44,46,Y,2026-06-25,2026-06-26
A,2026-26,REDE 25,83,79,Y,2026-06-25,2026-06-24
A,2026-26,REDE 26,53,50,Y,2026-06-25,2026-06-27
A,2026-26,REDE 27,50,39,Y,2026-06-25,2026-06-25
A,2026-26,REDE 28,44,30,Y,2026-06-25,2026-06-25
A,2026-26,REDE 29,40,42,Y,2026-06-25,2026-06-26
A,2026-26,REDE 30,39,27,Y,2026-06-25,2026-06-25
A,2026-26,REDE 31,46,32,Y,2026-06-25,2026-06-27
A,2026-26,REDE 32,81,83,Y,2026-06-25,2026-06-24
A,2026-26,REDE 33,65,55,Y,2026-06-25,2026-06-27
A,2026-26,REDE 34,52,43,Y,2026-06-25,2026-06-24
A,2026-26,REDE 35,53,39,Y,2026-06-25,2026-06-24
A,2026-27,REDE 01,57,44,Y,2026-07-02,2026-07-02
A,2026-27,REDE 02,21,15,Y,2026-07-02,2026-07-04
A,2026-27,REDE 03,79,81,Y,2026-07-02,2026-07-03
A,2026-27,REDE 04,28,30,Y,2026-07-02,2026-07-03
A,2026-27,REDE 05,85,87,Y,2026-07-02,2026-07-03
A,2026-27,REDE 06,33,36,Y,2026-07-02,2026-07-02
A,2026-27,REDE 07,62,49,Y,2026-07-02,2026-07-01
A,2026-27,REDE 08,68,69,Y,2026-07-02,2026-07-02
A,2026-27,REDE 09,83,71,Y,2026-07-02,2026-07-04
A,2026-27,REDE 10,61,52,Y,2026-07-02,2026-07-01
A,2026-27,REDE 11,54,55,Y,2026-07-02,2026-07-04
A,2026-27,REDE 12,79,65,Y,2026-07-02,2026-07-01
A,2026-27,REDE 13,30,15,Y,2026-07-02,2026-07-02
A,2026-27,REDE 14,47,46,Y,2026-07-02,2026-07-03
A,2026-27,REDE 15,56,0,Y,2026-07-02,2026-07-03
A,2026-27,REDE 16,26,17,Y,2026-07-02,2026-07-04
A,2026-27,REDE 17,71,73,Y,2026-07-02,2026-07-01
A,2026-27,REDE 18,25,15,Y,2026-07-02,2026-07-03
A,2026-27,REDE 19,31,29,Y,2026-07-02,2026-07-02
A,2026-27,REDE 20,84,83,Y,2026-07-02,2026-07-04
A,2026-27,REDE 21,27,29,Y,2026-07-02,2026-07-01
A,2026-27,REDE 22,44,35,Y,2026-07-02,2026-07-04
A,2026-27,REDE 23,53,52,Y,2026-07-02,2026-07-02
A,2026-27,REDE 24,81,69,Y,2026-07-02,2026-07-03
A,2026-27,REDE 25,61,62,Y,2026-07-02,2026-07-03
A,2026-27,REDE 26,24,15,Y,2026-07-02,2026-07-02
A,2026-27,REDE 27,58,51,Y,2026-07-02,2026-07-02
A,2026-27,REDE 28,87,88,Y,2026-07-02,2026-07-03
A,2026-27,REDE 29,45,0,Y,2026-07-02,2026-07-04
A,2026-27,REDE 30,42,44,Y,2026-07-02,2026-07-03
A,2026-27,REDE 31,29,20,Y,2026-07-02,2026-07-03
A,2026-27,REDE 32,66,59,Y,2026-07-02,2026-07-03
A,2026-27,REDE 33,58,48,Y,2026-07-02,2026-07-04
A,2026-27,REDE 34,55,51,Y,2026-07-02,2026-07-03
A,2026-27,REDE 35,76,74,Y,2026-07-02,2026-07-02
A,2026-28,REDE 01,24,14,Y,2026-07-09,2026-07-08
A,2026-28,REDE 02,66,63,Y,2026-07-09,2026-07-10
A,2026-28,REDE 03,61,51,Y,2026-07-09,2026-07-08
A,2026-28,REDE 04,58,57,Y,2026-07-09,2026-07-11
A,2026-28,REDE 05,73,71,Y,2026-07-09,2026-07-08
A,2026-28,REDE 06,38,35,Y,2026-07-09,2026-07-11
A,2026-28,REDE 07,73,72,Y,2026-07-09,2026-07-11
A,2026-28,REDE 08,84,77,Y,2026-07-09,2026-07-08
A,2026-28,REDE 09,71,66,Y,2026-07-09,2026-07-09
A,2026-28,REDE 10,73,69,Y,2026-07-09,2026-07-11
A,2026-28,REDE 11,22,15,Y,2026-07-09,2026-07-10
A,2026-28,REDE 12,74,77,Y,2026-07-09,2026-07-11
A,2026-28,REDE 13,58,44,Y,2026-07-09,2026-07-08
A,2026-28,REDE 14,82,68,Y,2026-07-09,2026-07-08
A,2026-28,REDE 15,53,50,Y,2026-07-09,2026-07-10
A,2026-28,REDE 16,77,71,Y,2026-07-09,2026-07-11
A,2026-28,REDE 17,44,31,Y,2026-07-09,2026-07-11
A,2026-28,REDE 18,70,72,Y,2026-07-09,2026-07-10
A,2026-28,REDE 19,63,60,Y,2026-07-09,2026-07-09
A,2026-28,REDE 20,31,29,Y,2026-07-09,2026-07-10
A,2026-28,REDE 21,83,72,Y,2026-07-09,2026-07-11
A,2026-28,REDE 22,52,45,Y,2026-07-09,2026-07-10
A,2026-28,REDE 23,38,33,Y,2026-07-09,2026-07-10
A,2026-28,REDE 24,83,85,Y,2026-07-09,2026-07-08
A,2026-28,REDE 25,67,65,Y,2026-07-09,2026-07-08
A,2026-28,REDE 26,43,30,Y,2026-07-09,2026-07-08
A,2026-28,REDE 27,49,40,Y,2026-07-09,2026-07-11
A,2026-28,REDE 28,48,37,Y,2026-07-09,2026-07-09
A,2026-28,REDE 29,44,29,Y,2026-07-09,2026-07-11
A,2026-28,REDE 30,78,66,Y,2026-07-09,2026-07-10
A,2026-28,REDE 31,31,30,Y,2026-07-09,2026-07-10
A,2026-28,REDE 32,41,40,Y,2026-07-09,2026-07-11
A,2026-28,REDE 33,64,56,Y,2026-07-09,2026-07-09
A,2026-28,REDE 34,27,25,Y,2026-07-09,2026-07-10
A,2026-28,REDE 35,36,24,Y,2026-07-09,2026-07-10
A,2026-29,REDE 01,67,56,Y,2026-07-16,2026-07-17
A,2026-29,REDE 02,23,20,Y,2026-07-16,2026-07-15
A,2026-29,REDE 03,45,0,Y,2026-07-16,2026-07-17
A,2026-29,REDE 04,48,46,Y,2026-07-16,2026-07-15
A,2026-29,REDE 05,23,9,N,2026-07-16,2026-07-18
A,2026-29,REDE 06,74,67,Y,2026-07-16,2026-07-16
A,2026-29,REDE 07,76,68,Y,2026-07-16,2026-07-17
A,2026-29,REDE 08,29,29,Y,2026-07-16,2026-07-18
A,2026-29,REDE 09,69,72,Y,2026-07-16,2026-07-17
A,2026-29,REDE 10,21,11,Y,2026-07-16,2026-07-16
A,2026-29,REDE 11,46,44,Y,2026-07-16,2026-07-17
A,2026-29,REDE 12,54,56,Y,2026-07-16,2026-07-15
A,2026-29,REDE 13,51,50,Y,2026-07-16,2026-07-16
A,2026-29,REDE 14,90,89,Y,2026-07-16,2026-07-16
A,2026-29,REDE 15,21,10,Y,2026-07-16,2026-07-17
A,2026-29,REDE 16,29,14,Y,2026-07-16,2026-07-15
A,2026-29,REDE 17,22,19,Y,2026-07-16,2026-07-17
A,2026-29,REDE 18,52,39,Y,2026-07-16,2026-07-15
A,2026-29,REDE 19,66,57,Y,2026-07-16,2026-07-17
A,2026-29,REDE 20,83,86,Y,2026-07-16,2026-07-17
A,2026-29,REDE 21,60,58,Y,2026-07-16,2026-07-17
A,2026-29,REDE 22,84,77,Y,2026-07-16,2026-07-15
A,2026-29,REDE 23,50,50,Y,2026-07-16,2026-07-17
A,2026-29,REDE 24,46,41,Y,2026-07-16,2026-07-16
A,2026-29,REDE 25,62,60,Y,2026-07-16,2026-07-17
A,2026-29,REDE 26,29,24,Y,2026-07-16,2026-07-18
A,2026-29,REDE 27,90,77,Y,2026-07-16,2026-07-17
A,2026-29,REDE 28,61,51,Y,2026-07-16,2026-07-17
A,2026-29,REDE 29,69,63,Y,2026-07-16,2026-07-17
A,2026-29,REDE 30,29,24,Y,2026-07-16,2026-07-18
A,2026-29,REDE 31,51,54,Y,2026-07-16,2026-07-18
A,2026-29,REDE 32,88,74,Y,2026-07-16,2026-07-15
A,2026-29,REDE 33,43,28,Y,2026-07-16,2026-07-18
A,2026-29,REDE 34,26,28,Y,2026-07-16,2026-07-16
A,2026-29,REDE 35,73,74,Y,2026-07-16,2026-07-16
A,2026-30,REDE 01,74,67,Y,2026-07-23,2026-07-23
A,2026-30,REDE 02,66,51,Y,2026-07-23,2026-07-23
A,2026-30,REDE 03,40,41,Y,2026-07-23,2026-07-24
A,2026-30,REDE 04,23,13,Y,2026-07-23,2026-07-25
A,2026-30,REDE 05,45,33,Y,2026-07-23,2026-07-25
A,2026-30,REDE 06,32,34,Y,2026-07-23,2026-07-25
A,2026-30,REDE 07,60,59,Y,2026-07-23,2026-07-22
A,2026-30,REDE 08,46,43,Y,2026-07-23,2026-07-23
A,2026-30,REDE 09,52,48,Y,2026-07-23,2026-07-24
A,2026-30,REDE 10,40,32,Y,2026-07-23,2026-07-25
A,2026-30,REDE 11,71,64,Y,2026-07-23,2026-07-24
A,2026-30,REDE 12,71,59,Y,2026-07-23,2026-07-25
A,2026-30,REDE 13,25,25,Y,2026-07-23,2026-07-24
A,2026-30,REDE 14,82,67,Y,2026-07-23,2026-07-23
A,2026-30,REDE 15,77,79,Y,2026-07-23,2026-07-24
A,2026-30,REDE 16,26,12,Y,2026-07-23,2026-07-25
A,2026-30,REDE 17,61,48,Y,2026-07-23,2026-07-22
A,2026-30,REDE 18,25,17,Y,2026-07-23,2026-07-25
A,2026-30,REDE 19,36,35,Y,2026-07-23,2026-07-24
A,2026-30,REDE 20,55,57,Y,2026-07-23,2026-07-23
A,2026-30,REDE 21,68,62,Y,2026-07-23,2026-07-22
A,2026-30,REDE 22,60,48,Y,2026-07-23,2026-07-24
A,2026-30,REDE 23,48,38,Y,2026-07-23,2026-07-22
A,2026-30,REDE 24,22,18,Y,2026-07-23,2026-07-22
A,2026-30,REDE 25,67,61,Y,2026-07-23,2026-07-23
A,2026-30,REDE 26,65,52,Y,2026-07-23,2026-07-22
A,2026-30,REDE 27,36,27,Y,2026-07-23,2026-07-22
A,2026-30,REDE 28,73,58,Y,2026-07-23,2026-07-22
A,2026-30,REDE 29,88,76,Y,2026-07-23,2026-07-23
A,2026-30,REDE 30,62,50,Y,2026-07-23,2026-07-24
A,2026-30,REDE 31,22,20,Y,2026-07-23,2026-07-24
A,2026-30,REDE 32,80,73,Y,2026-07-23,2026-07-24
A,2026-30,REDE 33,72,73,Y,2026-07-23,2026-07-23
A,2026-30,REDE 34,88,73,Y,2026-07-23,2026-07-22
A,2026-30,REDE 35,30,0,Y,2026-07-23,2026-07-24
A,2026-31,REDE 01,49,52,Y,2026-07-30,2026-07-30
A,2026-31,REDE 02,35,26,Y,2026-07-30,2026-07-30
A,2026-31,REDE 03,37,24,Y,2026-07-30,2026-08-01
A,2026-31,REDE 04,86,84,Y,2026-07-30,2026-07-30
A,2026-31,REDE 05,78,63,Y,2026-07-30,2026-07-30
A,2026-31,REDE 06,56,49,Y,2026-07-30,2026-07-31
A,2026-31,REDE 07,78,65,Y,2026-07-30,2026-07-30
A,2026-31,REDE 08,78,73,Y,2026-07-30,2026-08-01
A,2026-31,REDE 09,32,33,Y,2026-07-30,2026-07-29
A,2026-31,REDE 10,40,28,Y,2026-07-30,2026-07-29
A,2026-31,REDE 11,47,35,Y,2026-07-30,2026-07-31
A,2026-31,REDE 12,21,18,Y,2026-07-30,2026-08-01
A,2026-31,REDE 13,71,71,Y,2026-07-30,2026-07-29
A,2026-31,REDE 14,66,54,Y,2026-07-30,2026-07-30
A,2026-31,REDE 15,82,80,Y,2026-07-30,2026-07-31
A,2026-31,REDE 16,53,46,Y,2026-07-30,2026-07-31
A,2026-31,REDE 17,86,82,Y,2026-07-30,2026-07-31
A,2026-31,REDE 18,64,0,Y,2026-07-30,2026-08-01
A,2026-31,REDE 19,45,42,Y,2026-07-30,2026-07-29
A,2026-31,REDE 20,29,25,Y,2026-07-30,2026-08-01
A,2026-31,REDE 21,69,59,Y,2026-07-30,2026-07-31
A,2026-31,REDE 22,69,54,Y,2026-07-30,2026-07-31
A,2026-31,REDE 23,74,62,Y,2026-07-30,2026-07-29
A,2026-31,REDE 24,71,59,Y,2026-07-30,2026-07-30
A,2026-31,REDE 25,76,79,Y,2026-07-30,2026-08-01
A,2026-31,REDE 26,67,55,Y,2026-07-30,2026-07-29
A,2026-31,REDE 27,48,37,Y,2026-07-30,2026-07-30
A,2026-31,REDE 28,69,61,Y,2026-07-30,2026-07-31
A,2026-31,REDE 29,54,48,Y,2026-07-30,2026-07-31
A,2026-31,REDE 30,27,16,Y,2026-07-30,2026-07-29
A,2026-31,REDE 31,59,55,Y,2026-07-30,2026-07-29
A,2026-31,REDE 32,78,76,Y,2026-07-30,2026-07-31
A,2026-31,REDE 33,40,30,Y,2026-07-30,2026-08-01
A,2026-31,REDE 34,68,59,Y,2026-07-30,2026-08-01
A,2026-31,REDE 35,23,19,Y,2026-07-30,2026-07-29
A,2026-32,REDE 01,23,8,Y,2026-08-06,2026-08-05
A,2026-32,REDE 02,27,27,Y,2026-08-06,2026-08-07
A,2026-32,REDE 03,33,26,Y,2026-08-06,2026-08-08
A,2026-32,REDE 04,76,71,Y,2026-08-06,2026-08-06
A,2026-32,REDE 05,71,56,Y,2026-08-06,2026-08-06
A,2026-32,REDE 06,65,63,Y,2026-08-06,2026-08-08
A,2026-32,REDE 07,85,74,Y,2026-08-06,2026-08-05
A,2026-32,REDE 08,45,45,Y,2026-08-06,2026-08-06
A,2026-32,REDE 09,68,59,Y,2026-08-06,2026-08-08
A,2026-32,REDE 10,34,28,Y,2026-08-06,2026-08-07
A,2026-32,REDE 11,55,57,Y,2026-08-06,2026-08-07
A,2026-32,REDE 12,63,62,Y,2026-08-06,2026-08-08
A,2026-32,REDE 13,31,16,Y,2026-08-06,2026-08-05
A,2026-32,REDE 14,24,18,Y,2026-08-06,2026-08-07
A,2026-32,REDE 15,86,75,Y,2026-08-06,2026-08-05
A,2026-32,REDE 16,76,68,Y,2026-08-06,2026-08-06
A,2026-32,REDE 17,38,29,Y,2026-08-06,2026-08-06
A,2026-32,REDE 18,58,53,Y,2026-08-06,2026-08-06
A,2026-32,REDE 19,89,88,Y,2026-08-06,2026-08-07
A,2026-32,REDE 20,46,31,Y,2026-08-06,2026-08-07
A,2026-32,REDE 21,28,13,Y,2026-08-06,2026-08-06
A,2026-32,REDE 22,48,49,Y,2026-08-06,2026-08-07
A,2026-32,REDE 23,87,78,Y,2026-08-06,2026-08-06
A,2026-32,REDE 24,22,24,Y,2026-08-06,2026-08-07
A,2026-32,REDE 25,24,18,Y,2026-08-06,2026-08-08
A,2026-32,REDE 26,56,57,Y,2026-08-06,2026-08-05
A,2026-32,REDE 27,69,72,Y,2026-08-06,2026-08-05
A,2026-32,REDE 28,75,65,Y,2026-08-06,2026-08-05
A,2026-32,REDE 29,77,78,Y,2026-08-06,2026-08-05
A,2026-32,REDE 30,40,33,Y,2026-08-06,2026-08-08
A,2026-32,REDE 31,61,48,Y,2026-08-06,2026-08-06
A,2026-32,REDE 32,54,51,Y,2026-08-06,2026-08-07
A,2026-32,REDE 33,52,39,Y,2026-08-06,2026-08-08
A,2026-32,REDE 34,82,69,Y,2026-08-06,2026-08-05
A,2026-32,REDE 35,53,48,Y,2026-08-06,2026-08-08
A,2026-33,REDE 01,58,49,Y,2026-08-13,2026-08-12
A,2026-33,REDE 02,80,82,Y,2026-08-13,2026-08-14
A,2026-33,REDE 03,73,61,Y,2026-08-13,2026-08-12
A,2026-33,REDE 04,38,36,Y,2026-08-13,2026-08-12
A,2026-33,REDE 05,86,85,Y,2026-08-13,2026-08-12
A,2026-33,REDE 06,72,0,Y,2026-08-13,2026-08-12
A,2026-33,REDE 07,53,54,Y,2026-08-13,2026-08-15
A,2026-33,REDE 08,48,41,Y,2026-08-13,2026-08-12
A,2026-33,REDE 09,84,85,Y,2026-08-13,2026-08-12
A,2026-33,REDE 10,69,56,Y,2026-08-13,2026-08-14
A,2026-33,REDE 11,57,45,Y,2026-08-13,2026-08-12
A,2026-33,REDE 12,43,39,Y,2026-08-13,2026-08-14
A,2026-33,REDE 13,75,75,Y,2026-08-13,2026-08-13
A,2026-33,REDE 14,68,60,Y,2026-08-13,2026-08-13
A,2026-33,REDE 15,58,53,Y,2026-08-13,2026-08-13
A,2026-33,REDE 16,35,35,Y,2026-08-13,2026-08-13
A,2026-33,REDE 17,25,17,Y,2026-08-13,2026-08-14
A,2026-33,REDE 18,77,69,Y,2026-08-13,2026-08-12
A,2026-33,REDE 19,64,62,Y,2026-08-13,2026-08-13
A,2026-33,REDE 20,75,60,Y,2026-08-13,2026-08-12
A,2026-33,REDE 21,33,0,Y,2026-08-13,2026-08-13
A,2026-33,REDE 22,78,74,Y,2026-08-13,2026-08-13
A,2026-33,REDE 23,87,74,Y,2026-08-13,2026-08-13
A,2026-33,REDE 24,88,76,Y,2026-08-13,2026-08-14
A,2026-33,REDE 25,32,30,Y,2026-08-13,2026-08-14
A,2026-33,REDE 26,43,39,Y,2026-08-13,2026-08-15
A,2026-33,REDE 27,87,80,Y,2026-08-13,2026-08-13
A,2026-33,REDE 28,45,47,Y,2026-08-13,2026-08-13
A,2026-33,REDE 29,55,46,Y,2026-08-13,2026-08-13
A,2026-33,REDE 30,72,74,Y,2026-08-13,2026-08-13
A,2026-33,REDE 31,72,63,Y,2026-08-13,2026-08-13
A,2026-33,REDE 32,76,76,Y,2026-08-13,2026-08-12
A,2026-33,REDE 33,78,79,Y,2026-08-13,2026-08-12
A,2026-33,REDE 34,77,71,Y,2026-08-13,2026-08-14
A,2026-33,REDE 35,59,46,Y,2026-08-13,2026-08-14
A,2026-34,REDE 01,59,61,Y,2026-08-20,2026-08-19
A,2026-34,REDE 02,62,47,Y,2026-08-20,2026-08-22
A,2026-34,REDE 03,63,51,Y,2026-08-20,2026-08-22
A,2026-34,REDE 04,68,56,Y,2026-08-20,2026-08-22
A,2026-34,REDE 05,69,62,Y,2026-08-20,2026-08-19
A,2026-34,REDE 06,86,77,Y,2026-08-20,2026-08-19
A,2026-34,REDE 07,68,54,Y,2026-08-20,2026-08-19
A,2026-34,REDE 08,50,52,Y,2026-08-20,2026-08-20
A,2026-34,REDE 09,77,72,Y,2026-08-20,2026-08-19
A,2026-34,REDE 10,74,77,Y,2026-08-20,2026-08-20
A,2026-34,REDE 11,74,70,Y,2026-08-20,2026-08-21
A,2026-34,REDE 12,58,0,Y,2026-08-20,2026-08-22
A,2026-34,REDE 13,30,32,Y,2026-08-20,2026-08-22
A,2026-34,REDE 14,27,14,Y,2026-08-20,2026-08-22
A,2026-34,REDE 15,87,82,Y,2026-08-20,2026-08-20
A,2026-34,REDE 16,67,54,Y,2026-08-20,2026-08-22
A,2026-34,REDE 17,42,28,Y,2026-08-20,2026-08-19
A,2026-34,REDE 18,55,48,Y,2026-08-20,2026-08-21
A,2026-34,REDE 19,41,40,Y,2026-08-20,2026-08-22
A,2026-34,REDE 20,89,81,Y,2026-08-20,2026-08-21
A,2026-34,REDE 21,77,69,Y,2026-08-20,2026-08-21
A,2026-34,REDE 22,67,60,Y,2026-08-20,2026-08-21
A,2026-34,REDE 23,24,11,Y,2026-08-20,2026-08-22
A,2026-34,REDE 24,59,59,Y,2026-08-20,2026-08-20
A,2026-34,REDE 25,86,88,N,2026-08-20,2026-08-22
A,2026-34,REDE 26,79,78,Y,2026-08-20,2026-08-22
A,2026-34,REDE 27,49,34,Y,2026-08-20,2026-08-20
A,2026-34,REDE 28,88,89,Y,2026-08-20,2026-08-19
A,2026-34,REDE 29,64,63,Y,2026-08-20,2026-08-20
A,2026-34,REDE 30,27,19,Y,2026-08-20,2026-08-20
A,2026-34,REDE 31,79,65,Y,2026-08-20,2026-08-20
A,2026-34,REDE 32,37,26,Y,2026-08-20,2026-08-20
A,2026-34,REDE 33,51,37,Y,2026-08-20,2026-08-21
A,2026-34,REDE 34,58,49,Y,2026-08-20,2026-08-21
A,2026-34,REDE 35,79,76,Y,2026-08-20,2026-08-20
A,2026-35,REDE 01,75,65,N,2026-08-27,2026-08-27
A,2026-35,REDE 02,35,22,Y,2026-08-27,2026-08-29
A,2026-35,REDE 03,75,63,Y,2026-08-27,2026-08-26
A,2026-35,REDE 04,75,70,Y,2026-08-27,2026-08-26
A,2026-35,REDE 05,44,44,Y,2026-08-27,2026-08-26
A,2026-35,REDE 06,86,81,Y,2026-08-27,2026-08-29
A,2026-35,REDE 07,67,59,Y,2026-08-27,2026-08-28
A,2026-35,REDE 08,43,43,Y,2026-08-27,2026-08-27
A,2026-35,REDE 09,26,26,Y,2026-08-27,2026-08-26
A,2026-35,REDE 10,48,51,Y,2026-08-27,2026-08-27
A,2026-35,REDE 11,90,85,Y,2026-08-27,2026-08-26
A,2026-35,REDE 12,47,36,Y,2026-08-27,2026-08-29
A,2026-35,REDE 13,21,7,Y,2026-08-27,2026-08-27
A,2026-35,REDE 14,48,33,Y,2026-08-27,2026-08-26
A,2026-35,REDE 15,59,58,Y,2026-08-27,2026-08-28
A,2026-35,REDE 16,37,36,Y,2026-08-27,2026-08-28
A,2026-35,REDE 17,64,51,N,2026-08-27,2026-08-28
A,2026-35,REDE 18,70,64,Y,2026-08-27,2026-08-26
A,2026-35,REDE 19,65,65,Y,2026-08-27,2026-08-28
A,2026-35,REDE 20,34,31,Y,2026-08-27,2026-08-29
A,2026-35,REDE 21,54,57,Y,2026-08-27,2026-08-26
A,2026-35,REDE 22,74,71,Y,2026-08-27,2026-08-26
A,2026-35,REDE 23,43,34,Y,2026-08-27,2026-08-26
A,2026-35,REDE 24,41,43,Y,2026-08-27,2026-08-26
A,2026-35,REDE 25,28,14,Y,2026-08-27,2026-08-28
A,2026-35,REDE 26,62,63,Y,2026-08-27,2026-08-28
A,2026-35,REDE 27,83,72,Y,2026-08-27,2026-08-27
A,2026-35,REDE 28,84,80,Y,2026-08-27,2026-08-27
A,2026-35,REDE 29,61,53,Y,2026-08-27,2026-08-27
A,2026-35,REDE 30,88,91,Y,2026-08-27,2026-08-27
A,2026-35,REDE 31,25,10,Y,2026-08-27,2026-08-27
A,2026-35,REDE 32,76,69,Y,2026-08-27,2026-08-29
A,2026-35,REDE 33,78,80,Y,2026-08-27,2026-08-28
A,2026-35,REDE 34,31,19,Y,2026-08-27,2026-08-26
A,2026-35,REDE 35,88,0,Y,2026-08-27,2026-08-27
A,2026-36,REDE 01,22,21,Y,2026-09-03,2026-09-05
A,2026-36,REDE 02,49,43,Y,2026-09-03,2026-09-05
A,2026-36,REDE 03,44,31,Y,2026-09-03,2026-09-04
A,2026-36,REDE 04,54,48,Y,2026-09-03,2026-09-02
A,2026-36,REDE 05,32,24,Y,2026-09-03,2026-09-02
A,2026-36,REDE 06,43,40,Y,2026-09-03,2026-09-03
A,2026-36,REDE 07,51,53,Y,2026-09-03,2026-09-03
A,2026-36,REDE 08,42,31,Y,2026-09-03,2026-09-03
A,2026-36,REDE 09,56,59,Y,2026-09-03,2026-09-05
A,2026-36,REDE 10,43,35,Y,2026-09-03,2026-09-02
A,2026-36,REDE 11,74,72,Y,2026-09-03,2026-09-03
A,2026-36,REDE 12,85,84,Y,2026-09-03,2026-09-02
A,2026-36,REDE 13,35,36,Y,2026-09-03,2026-09-02
A,2026-36,REDE 14,80,69,Y,2026-09-03,2026-09-02
A,2026-36,REDE 15,77,65,Y,2026-09-03,2026-09-03
A,2026-36,REDE 16,82,78,Y,2026-09-03,2026-09-02
A,2026-36,REDE 17,33,20,Y,2026-09-03,2026-09-02
A,2026-36,REDE 18,25,22,Y,2026-09-03,2026-09-05
A,2026-36,REDE 19,30,16,Y,2026-09-03,2026-09-05
A,2026-36,REDE 20,24,12,Y,2026-09-03,2026-09-05
A,2026-36,REDE 21,67,66,Y,2026-09-03,2026-09-03
A,2026-36,REDE 22,53,46,Y,2026-09-03,2026-09-04
A,2026-36,REDE 23,27,29,Y,2026-09-03,2026-09-05
A,2026-36,REDE 24,78,75,Y,2026-09-03,2026-09-04
A,2026-36,REDE 25,78,74,Y,2026-09-03,2026-09-03
A,2026-36,REDE 26,46,46,Y,2026-09-03,2026-09-04
A,2026-36,REDE 27,26,23,Y,2026-09-03,2026-09-04
A,2026-36,REDE 28,44,34,Y,2026-09-03,2026-09-03
A,2026-36,REDE 29,30,23,Y,2026-09-03,2026-09-05
A,2026-36,REDE 30,33,26,Y,2026-09-03,2026-09-04
A,2026-36,REDE 31,30,23,Y,2026-09-03,2026-09-04
A,2026-36,REDE 32,35,36,Y,2026-09-03,2026-09-03
A,2026-36,REDE 33,22,7,Y,2026-09-03,2026-09-05
A,2026-36,REDE 34,65,60,Y,2026-09-03,2026-09-04
A,2026-36,REDE 35,58,43,Y,2026-09-03,2026-09-03
A,2026-37,REDE 01,27,21,Y,2026-09-10,2026-09-11
A,2026-37,REDE 02,89,80,Y,2026-09-10,2026-09-10
A,2026-37,REDE 03,78,73,Y,2026-09-10,2026-09-10
A,2026-37,REDE 04,68,56,Y,2026-09-10,2026-09-11
A,2026-37,REDE 05,77,79,N,2026-09-10,2026-09-12
A,2026-37,REDE 06,90,90,Y,2026-09-10,2026-09-10
A,2026-37,REDE 07,60,50,Y,2026-09-10,2026-09-10
A,2026-37,REDE 08,84,71,Y,2026-09-10,2026-09-11
A,2026-37,REDE 09,42,43,Y,2026-09-10,2026-09-09
A,2026-37,REDE 10,90,84,Y,2026-09-10,2026-09-09
A,2026-37,REDE 11,81,82,Y,2026-09-10,2026-09-09
A,2026-37,REDE 12,41,29,Y,2026-09-10,2026-09-09
A,2026-37,REDE 13,62,51,Y,2026-09-10,2026-09-09
A,2026-37,REDE 14,54,57,Y,2026-09-10,2026-09-12
A,2026-37,REDE 15,45,48,Y,2026-09-10,2026-09-12
A,2026-37,REDE 16,82,73,Y,2026-09-10,2026-09-12
A,2026-37,REDE 17,49,47,Y,2026-09-10,2026-09-12
A,2026-37,REDE 18,39,36,Y,2026-09-10,2026-09-12
A,2026-37,REDE 19,39,35,Y,2026-09-10,2026-09-12
A,2026-37,REDE 20,40,27,Y,2026-09-10,2026-09-12
A,2026-37,REDE 21,45,40,Y,2026-09-10,2026-09-10
A,2026-37,REDE 22,56,44,Y,2026-09-10,2026-09-11
A,2026-37,REDE 23,30,15,Y,2026-09-10,2026-09-09
A,2026-37,REDE 24,30,26,Y,2026-09-10,2026-09-10
A,2026-37,REDE 25,56,42,Y,2026-09-10,2026-09-12
A,2026-37,REDE 26,47,38,Y,2026-09-10,2026-09-12
A,2026-37,REDE 27,72,63,Y,2026-09-10,2026-09-09
A,2026-37,REDE 28,88,75,Y,2026-09-10,2026-09-12
A,2026-37,REDE 29,68,69,Y,2026-09-10,2026-09-12
A,2026-37,REDE 30,78,69,Y,2026-09-10,2026-09-09
A,2026-37,REDE 31,78,77,Y,2026-09-10,2026-09-10
A,2026-37,REDE 32,70,63,Y,2026-09-10,2026-09-10
A,2026-37,REDE 33,39,24,Y,2026-09-10,2026-09-09
A,2026-37,REDE 34,51,45,Y,2026-09-10,2026-09-11
A,2026-37,REDE 35,87,0,Y,2026-09-10,2026-09-11
A,2026-38,REDE 01,24,0,Y,2026-09-17,2026-09-16
A,2026-38,REDE 02,22,11,Y,2026-09-17,2026-09-16
A,2026-38,REDE 03,42,30,Y,2026-09-17,2026-09-16
A,2026-38,REDE 04,60,45,Y,2026-09-17,2026-09-16
A,2026-38,REDE 05,51,54,Y,2026-09-17,2026-09-16
A,2026-38,REDE 06,51,37,Y,2026-09-17,2026-09-16
A,2026-38,REDE 07,80,66,Y,2026-09-17,2026-09-19
A,2026-38,REDE 08,71,58,Y,2026-09-17,2026-09-16
A,2026-38,REDE 09,51,46,Y,2026-09-17,2026-09-16
A,2026-38,REDE 10,58,50,Y,2026-09-17,2026-09-16
A,2026-38,REDE 11,72,58,Y,2026-09-17,2026-09-19
A,2026-38,REDE 12,42,34,Y,2026-09-17,2026-09-18
A,2026-38,REDE 13,81,83,Y,2026-09-17,2026-09-16
A,2026-38,REDE 14,21,21,Y,2026-09-17,2026-09-18
A,2026-38,REDE 15,49,48,Y,2026-09-17,2026-09-17
A,2026-38,REDE 16,45,32,Y,2026-09-17,2026-09-17
A,2026-38,REDE 17,83,68,Y,2026-09-17,2026-09-16
A,2026-38,REDE 18,66,57,Y,2026-09-17,2026-09-16
A,2026-38,REDE 19,20,21,Y,2026-09-17,2026-09-18
A,2026-38,REDE 20,54,52,Y,2026-09-17,2026-09-16
A,2026-38,REDE 21,88,81,Y,2026-09-17,2026-09-17
A,2026-38,REDE 22,56,55,Y,2026-09-17,2026-09-17
A,2026-38,REDE 23,44,39,Y,2026-09-17,2026-09-19
A,2026-38,REDE 24,83,76,Y,2026-09-17,2026-09-19
A,2026-38,REDE 25,72,61,Y,2026-09-17,2026-09-19
A,2026-38,REDE 26,80,72,Y,2026-09-17,2026-09-18
A,2026-38,REDE 27,69,67,Y,2026-09-17,2026-09-16
A,2026-38,REDE 28,59,50,Y,2026-09-17,2026-09-17
A,2026-38,REDE 29,79,74,Y,2026-09-17,2026-09-16
A,2026-38,REDE 30,35,26,Y,2026-09-17,2026-09-16
A,2026-38,REDE 31,25,22,Y,2026-09-17,2026-09-18
A,2026-38,REDE 32,46,31,Y,2026-09-17,2026-09-18
A,2026-38,REDE 33,58,51,Y,2026-09-17,2026-09-16
A,2026-38,REDE 34,26,20,Y,2026-09-17,2026-09-19
A,2026-38,REDE 35,80,78,Y,2026-09-17,2026-09-17
A,2026-39,REDE 01,78,77,Y,2026-09-24,2026-09-23
A,2026-39,REDE 02,42,27,Y,2026-09-24,2026-09-24
A,2026-39,REDE 03,59,62,Y,2026-09-24,2026-09-26
A,2026-39,REDE 04,80,71,Y,2026-09-24,2026-09-26
A,2026-39,REDE 05,44,35,Y,2026-09-24,2026-09-25
A,2026-39,REDE 06,68,61,Y,2026-09-24,2026-09-25
A,2026-39,REDE 07,87,88,Y,2026-09-24,2026-09-24
A,2026-39,REDE 08,56,59,Y,2026-09-24,2026-09-24
A,2026-39,REDE 09,47,49,Y,2026-09-24,2026-09-24
A,2026-39,REDE 10,43,44,Y,2026-09-24,2026-09-26
A,2026-39,REDE 11,28,16,Y,2026-09-24,2026-09-23
A,2026-39,REDE 12,67,56,Y,2026-09-24,2026-09-26
A,2026-39,REDE 13,39,39,Y,2026-09-24,2026-09-24
A,2026-39,REDE 14,44,42,Y,2026-09-24,2026-09-26
A,2026-39,REDE 15,29,30,Y,2026-09-24,2026-09-23
A,2026-39,REDE 16,82,81,Y,2026-09-24,2026-09-23
A,2026-39,REDE 17,88,90,Y,2026-09-24,2026-09-26
A,2026-39,REDE 18,31,29,Y,2026-09-24,2026-09-24
A,2026-39,REDE 19,32,22,Y,2026-09-24,2026-09-26
A,2026-39,REDE 20,30,29,Y,2026-09-24,2026-09-26
A,2026-39,REDE 21,31,23,Y,2026-09-24,2026-09-26
A,2026-39,REDE 22,39,30,Y,2026-09-24,2026-09-26
A,2026-39,REDE 23,74,62,Y,2026-09-24,2026-09-26
A,2026-39,REDE 24,48,37,Y,2026-09-24,2026-09-25
A,2026-39,REDE 25,42,44,Y,2026-09-24,2026-09-23
A,2026-39,REDE 26,61,54,Y,2026-09-24,2026-09-23
A,2026-39,REDE 27,73,76,Y,2026-09-24,2026-09-24
A,2026-39,REDE 28,56,47,Y,2026-09-24,2026-09-23
A,2026-39,REDE 29,77,76,Y,2026-09-24,2026-09-25
A,2026-39,REDE 30,82,75,Y,2026-09-24,2026-09-25
A,2026-39,REDE 31,42,35,Y,2026-09-24,2026-09-23
A,2026-39,REDE 32,78,65,Y,2026-09-24,2026-09-25
A,2026-39,REDE 33,24,19,Y,2026-09-24,2026-09-23
A,2026-39,REDE 34,26,15,Y,2026-09-24,2026-09-24
A,2026-39,REDE 35,40,28,Y,2026-09-24,2026-09-24
A,2026-40,REDE 01,53,40,Y,2026-10-01,2026-10-01
A,2026-40,REDE 02,35,0,Y,2026-10-01,2026-10-01
A,2026-40,REDE 03,54,43,Y,2026-10-01,2026-10-01
A,2026-40,REDE 04,73,63,Y,2026-10-01,2026-10-01
A,2026-40,REDE 05,45,36,Y,2026-10-01,2026-10-01
A,2026-40,REDE 06,41,43,N,2026-10-01,2026-10-02
A,2026-40,REDE 07,62,49,Y,2026-10-01,2026-10-03
A,2026-40,REDE 08,75,62,Y,2026-10-01,2026-10-03
A,2026-40,REDE 09,56,56,Y,2026-10-01,2026-10-03
A,2026-40,REDE 10,69,69,Y,2026-10-01,2026-10-01
A,2026-40,REDE 11,25,28,Y,2026-10-01,2026-10-03
A,2026-40,REDE 12,27,27,Y,2026-10-01,2026-09-30
A,2026-40,REDE 13,71,64,Y,2026-10-01,2026-10-01
A,2026-40,REDE 14,65,56,Y,2026-10-01,2026-09-30
A,2026-40,REDE 15,76,79,Y,2026-10-01,2026-10-03
A,2026-40,REDE 16,48,50,Y,2026-10-01,2026-09-30
A,2026-40,REDE 17,55,44,Y,2026-10-01,2026-10-01
A,2026-40,REDE 18,90,87,Y,2026-10-01,2026-10-01
A,2026-40,REDE 19,50,50,Y,2026-10-01,2026-09-30
A,2026-40,REDE 20,36,33,Y,2026-10-01,2026-09-30
A,2026-40,REDE 21,52,38,Y,2026-10-01,2026-10-01
A,2026-40,REDE 22,36,28,Y,2026-10-01,2026-10-03
A,2026-40,REDE 23,22,9,Y,2026-10-01,2026-09-30
A,2026-40,REDE 24,53,41,Y,2026-10-01,2026-10-03
A,2026-40,REDE 25,28,14,Y,2026-10-01,2026-09-30
A,2026-40,REDE 26,47,43,Y,2026-10-01,2026-10-01
A,2026-40,REDE 27,50,42,Y,2026-10-01,2026-10-03
A,2026-40,REDE 28,33,30,Y,2026-10-01,2026-10-02
A,2026-40,REDE 29,24,26,Y,2026-10-01,2026-10-03
A,2026-40,REDE 30,60,55,Y,2026-10-01,2026-10-01
A,2026-40,REDE 31,22,19,Y,2026-10-01,2026-10-03
A,2026-40,REDE 32,47,37,Y,2026-10-01,2026-10-03
A,2026-40,REDE 33,70,60,Y,2026-10-01,2026-10-01
A,2026-40,REDE 34,79,70,Y,2026-10-01,2026-10-01
A,2026-40,REDE 35,39,29,Y,2026-10-01,2026-10-03
B,2025-02,REDE 01,39,28,Y,2025-01-09,2025-01-09
B,2025-02,REDE 02,37,24,Y,2025-01-09,2025-01-11
B,2025-02,REDE 03,69,60,Y,2025-01-09,2025-01-08
B,2025-02,REDE 04,60,48,Y,2025-01-09,2025-01-08
B,2025-02,REDE 05,78,81,Y,2025-01-09,2025-01-09
B,2025-02,REDE 06,90,84,Y,2025-01-09,2025-01-10
B,2025-02,REDE 07,30,21,Y,2025-01-09,2025-01-08
B,2025-02,REDE 08,55,41,Y,2025-01-09,2025-01-08
B,2025-02,REDE 09,23,16,Y,2025-01-09,2025-01-11
B,2025-02,REDE 10,57,43,Y,2025-01-09,2025-01-10
B,2025-02,REDE 11,45,34,Y,2025-01-09,2025-01-09
B,2025-02,REDE 12,83,73,Y,2025-01-09,2025-01-09
B,2025-02,REDE 13,86,86,Y,2025-01-09,2025-01-10
B,2025-02,REDE 14,79,69,N,2025-01-09,2025-01-11
B,2025-02,REDE 15,41,32,Y,2025-01-09,2025-01-09
B,2025-02,REDE 16,76,61,Y,2025-01-09,2025-01-11
B,2025-02,REDE 17,24,27,Y,2025-01-09,2025-01-11
B,2025-02,REDE 18,68,67,Y,2025-01-09,2025-01-09
B,2025-02,REDE 19,61,60,Y,2025-01-09,2025-01-11
B,2025-02,REDE 20,87,89,Y,2025-01-09,2025-01-08
B,2025-02,REDE 21,46,41,Y,2025-01-09,2025-01-10
B,2025-02,REDE 22,59,48,Y,2025-01-09,2025-01-10
B,2025-02,REDE 23,27,21,Y,2025-01-09,2025-01-09
B,2025-02,REDE 24,75,69,Y,2025-01-09,2025-01-09
B,2025-02,REDE 25,29,27,Y,2025-01-09,2025-01-11
B,2025-02,REDE 26,85,87,Y,2025-01-09,2025-01-11
B,2025-02,REDE 27,35,24,Y,2025-01-09,2025-01-11
B,2025-02,REDE 28,23,16,N,2025-01-09,2025-01-09
B,2025-02,REDE 29,46,47,Y,2025-01-09,2025-01-09
B,2025-02,REDE 30,81,68,Y,2025-01-09,2025-01-08
B,2025-02,REDE 31,81,70,Y,2025-01-09,2025-01-11
B,2025-02,REDE 32,74,69,Y,2025-01-09,2025-01-09
B,2025-02,REDE 33,29,19,Y,2025-01-09,2025-01-11
B,2025-02,REDE 34,34,37,N,2025-01-09,2025-01-09
B,2025-02,REDE 35,42,0,Y,2025-01-09,2025-01-09
B,2025-03,REDE 01,25,24,Y,2025-01-16,2025-01-18
B,2025-03,REDE 02,70,55,Y,2025-01-16,2025-01-16
B,2025-03,REDE 03,37,0,Y,2025-01-16,2025-01-16
B,2025-03,REDE 04,77,71,Y,2025-01-16,2025-01-18
B,2025-03,REDE 05,76,68,Y,2025-01-16,2025-01-15
B,2025-03,REDE 06,45,0,Y,2025-01-16,2025-01-15
B,2025-03,REDE 07,60,51,Y,2025-01-16,2025-01-18
B,2025-03,REDE 08,39,24,Y,2025-01-16,2025-01-15
B,2025-03,REDE 09,84,70,Y,2025-01-16,2025-01-18
B,2025-03,REDE 10,68,71,Y,2025-01-16,2025-01-18
B,2025-03,REDE 11,44,34,Y,2025-01-16,2025-01-15
B,2025-03,REDE 12,52,53,Y,2025-01-16,2025-01-17
B,2025-03,REDE 13,73,59,Y,2025-01-16,2025-01-15
B,2025-03,REDE 14,66,63,Y,2025-01-16,2025-01-16
B,2025-03,REDE 15,51,50,Y,2025-01-16,2025-01-18
B,2025-03,REDE 16,67,53,Y,2025-01-16,2025-01-18
B,2025-03,REDE 17,66,57,Y,2025-01-16,2025-01-16
B,2025-03,REDE 18,43,37,Y,2025-01-16,2025-01-15
B,2025-03,REDE 19,29,15,Y,2025-01-16,2025-01-15
B,2025-03,REDE 20,40,28,Y,2025-01-16,2025-01-15
B,2025-03,REDE 21,24,21,Y,2025-01-16,2025-01-15
B,2025-03,REDE 22,32,22,Y,2025-01-16,2025-01-15
B,2025-03,REDE 23,81,66,Y,2025-01-16,2025-01-16
B,2025-03,REDE 24,53,55,Y,2025-01-16,2025-01-16
B,2025-03,REDE 25,66,53,Y,2025-01-16,2025-01-16
B,2025-03,REDE 26,63,60,Y,2025-01-16,2025-01-18
B,2025-03,REDE 27,65,59,Y,2025-01-16,2025-01-16
B,2025-03,REDE 28,35,31,Y,2025-01-16,2025-01-17
B,2025-03,REDE 29,48,35,Y,2025-01-16,2025-01-15
B,2025-03,REDE 30,73,59,Y,2025-01-16,2025-01-15
B,2025-03,REDE 31,75,61,Y,2025-01-16,2025-01-15
B,2025-03,REDE 32,36,22,Y,2025-01-16,2025-01-17
B,2025-03,REDE 33,52,37,Y,2025-01-16,2025-01-16
B,2025-03,REDE 34,54,51,Y,2025-01-16,2025-01-18
B,2025-03,REDE 35,24,22,Y,2025-01-16,2025-01-18
B,2025-04,REDE 01,82,68,Y,2025-01-23,2025-01-22
B,2025-04,REDE 02,49,44,Y,2025-01-23,2025-01-23
B,2025-04,REDE 03,22,25,Y,2025-01-23,2025-01-24
B,2025-04,REDE 04,37,40,Y,2025-01-23,2025-01-24
B,2025-04,REDE 05,80,80,Y,2025-01-23,2025-01-22
B,2025-04,REDE 06,57,48,Y,2025-01-23,2025-01-25
B,2025-04,REDE 07,33,31,Y,2025-01-23,2025-01-23
B,2025-04,REDE 08,55,45,Y,2025-01-23,2025-01-23
B,2025-04,REDE 09,29,23,Y,2025-01-23,2025-01-24
B,2025-04,REDE 10,49,49,Y,2025-01-23,2025-01-23
B,2025-04,REDE 11,38,29,Y,2025-01-23,2025-01-23
B,2025-04,REDE 12,21,15,Y,2025-01-23,2025-01-24
B,2025-04,REDE 13,59,60,Y,2025-01-23,2025-01-25
B,2025-04,REDE 14,89,86,Y,2025-01-23,2025-01-24
B,2025-04,REDE 15,26,23,Y,2025-01-23,2025-01-23
B,2025-04,REDE 16,50,44,Y,2025-01-23,2025-01-23
B,2025-04,REDE 17,58,57,Y,2025-01-23,2025-01-23
B,2025-04,REDE 18,45,33,Y,2025-01-23,2025-01-22
B,2025-04,REDE 19,71,67,Y,2025-01-23,2025-01-25
B,2025-04,REDE 20,20,22,Y,2025-01-23,2025-01-25
B,2025-04,REDE 21,75,74,Y,2025-01-23,2025-01-23
B,2025-04,REDE 22,71,69,Y,2025-01-23,2025-01-25
B,2025-04,REDE 23,67,58,Y,2025-01-23,2025-01-23
B,2025-04,REDE 24,71,63,Y,2025-01-23,2025-01-25
B,2025-04,REDE 25,27,22,Y,2025-01-23,2025-01-22
B,2025-04,REDE 26,62,62,Y,2025-01-23,2025-01-25
B,2025-04,REDE 27,35,26,Y,2025-01-23,2025-01-25
B,2025-04,REDE 28,42,37,Y,2025-01-23,2025-01-24
B,2025-04,REDE 29,48,45,Y,2025-01-23,2025-01-25
B,2025-04,REDE 30,27,25,Y,2025-01-23,2025-01-25
B,2025-04,REDE 31,60,63,Y,2025-01-23,2025-01-22
B,2025-04,REDE 32,87,79,Y,2025-01-23,2025-01-25
B,2025-04,REDE 33,42,42,Y,2025-01-23,2025-01-23
B,2025-04,REDE 34,23,26,Y,2025-01-23,2025-01-24
B,2025-04,REDE 35,64,63,Y,2025-01-23,2025-01-24
B,2025-05,REDE 01,55,54,Y,2025-01-30,2025-01-30
B,2025-05,REDE 02,66,61,Y,2025-01-30,2025-02-01
B,2025-05,REDE 03,28,22,Y,2025-01-30,2025-01-31
B,2025-05,REDE 04,22,16,Y,2025-01-30,2025-01-29
B,2025-05,REDE 05,74,60,Y,2025-01-30,2025-01-30
B,2025-05,REDE 06,56,56,Y,2025-01-30,2025-01-29
B,2025-05,REDE 07,23,23,Y,2025-01-30,2025-01-31
B,2025-05,REDE 08,66,57,N,2025-01-30,2025-01-31
B,2025-05,REDE 09,24,16,Y,2025-01-30,2025-01-29
B,2025-05,REDE 10,90,87,Y,2025-01-30,2025-02-01
B,2025-05,REDE 11,20,23,Y,2025-01-30,2025-02-01
B,2025-05,REDE 12,82,70,Y,2025-01-30,2025-01-30
B,2025-05,REDE 13,83,69,Y,2025-01-30,2025-02-01
B,2025-05,REDE 14,79,71,Y,2025-01-30,2025-01-29
B,2025-05,REDE 15,52,45,Y,2025-01-30,2025-01-30
B,2025-05,REDE 16,64,62,Y,2025-01-30,2025-02-01
B,2025-05,REDE 17,27,19,Y,2025-01-30,2025-02-01
B,2025-05,REDE 18,27,21,Y,2025-01-30,2025-01-30
B,2025-05,REDE 19,38,34,Y,2025-01-30,2025-02-01
B,2025-05,REDE 20,35,34,Y,2025-01-30,2025-01-30
B,2025-05,REDE 21,89,86,Y,2025-01-30,2025-01-30
B,2025-05,REDE 22,60,54,Y,2025-01-30,2025-01-29
B,2025-05,REDE 23,34,33,Y,2025-01-30,2025-01-29
B,2025-05,REDE 24,50,36,Y,2025-01-30,2025-01-30
B,2025-05,REDE 25,62,49,Y,2025-01-30,2025-01-29
B,2025-05,REDE 26,66,69,Y,2025-01-30,2025-01-29
B,2025-05,REDE 27,88,86,Y,2025-01-30,2025-01-30
B,2025-05,REDE 28,50,44,Y,2025-01-30,2025-01-31
B,2025-05,REDE 29,46,35,Y,2025-01-30,2025-01-29
B,2025-05,REDE 30,25,25,Y,2025-01-30,2025-01-29
B,2025-05,REDE 31,52,41,Y,2025-01-30,2025-01-29
B,2025-05,REDE 32,48,33,Y,2025-01-30,2025-01-30
B,2025-05,REDE 33,69,59,Y,2025-01-30,2025-01-30
B,2025-05,REDE 34,64,63,Y,2025-01-30,2025-01-29
B,2025-05,REDE 35,82,82,Y,2025-01-30,2025-01-30
B,2025-06,REDE 01,52,42,N,2025-02-06,2025-02-08
B,2025-06,REDE 02,42,27,Y,2025-02-06,2025-02-06
B,2025-06,REDE 03,73,70,Y,2025-02-06,2025-02-05
B,2025-06,REDE 04,72,67,Y,2025-02-06,2025-02-06
B,2025-06,REDE 05,39,37,Y,2025-02-06,2025-02-08
B,2025-06,REDE 06,44,39,Y,2025-02-06,2025-02-07
B,2025-06,REDE 07,45,41,Y,2025-02-06,2025-02-07
B,2025-06,REDE 08,68,69,Y,2025-02-06,2025-02-07
B,2025-06,REDE 09,34,20,Y,2025-02-06,2025-02-06
B,2025-06,REDE 10,84,85,Y,2025-02-06,2025-02-08
B,2025-06,REDE 11,63,65,Y,2025-02-06,2025-02-07
B,2025-06,REDE 12,89,89,Y,2025-02-06,2025-02-07
B,2025-06,REDE 13,22,18,Y,2025-02-06,2025-02-05
B,2025-06,REDE 14,75,64,Y,2025-02-06,2025-02-05
B,2025-06,REDE 15,41,44,Y,2025-02-06,2025-02-05
B,2025-06,REDE 16,39,36,Y,2025-02-06,2025-02-05
B,2025-06,REDE 17,86,86,Y,2025-02-06,2025-02-07
B,2025-06,REDE 18,85,72,Y,2025-02-06,2025-02-08
B,2025-06,REDE 19,85,79,Y,2025-02-06,2025-02-08
B,2025-06,REDE 20,39,39,Y,2025-02-06,2025-02-07
B,2025-06,REDE 21,71,57,Y,2025-02-06,2025-02-07
B,2025-06,REDE 22,56,43,Y,2025-02-06,2025-02-06
B,2025-06,REDE 23,73,64,Y,2025-02-06,2025-02-07
B,2025-06,REDE 24,50,39,Y,2025-02-06,2025-02-08
B,2025-06,REDE 25,79,72,Y,2025-02-06,2025-02-07
B,2025-06,REDE 26,32,23,Y,2025-02-06,2025-02-06
B,2025-06,REDE 27,46,47,Y,2025-02-06,2025-02-06
B,2025-06,REDE 28,56,51,Y,2025-02-06,2025-02-06
B,2025-06,REDE 29,37,40,Y,2025-02-06,2025-02-05
B,2025-06,REDE 30,71,58,Y,2025-02-06,2025-02-05
B,2025-06,REDE 31,26,13,Y,2025-02-06,2025-02-06
B,2025-06,REDE 32,38,30,Y,2025-02-06,2025-02-05
B,2025-06,REDE 33,86,87,Y,2025-02-06,2025-02-08
B,2025-06,REDE 34,85,86,Y,2025-02-06,2025-02-06
B,2025-06,REDE 35,51,0,Y,2025-02-06,2025-02-07
B,2025-07,REDE 01,53,50,Y,2025-02-13,2025-02-12
B,2025-07,REDE 02,22,14,Y,2025-02-13,2025-02-15
B,2025-07,REDE 03,42,38,Y,2025-02-13,2025-02-15
B,2025-07,REDE 04,73,74,Y,2025-02-13,2025-02-15
B,2025-07,REDE 05,84,0,Y,2025-02-13,2025-02-12
B,2025-07,REDE 06,41,27,Y,2025-02-13,2025-02-13
B,2025-07,REDE 07,26,27,Y,2025-02-13,2025-02-12
B,2025-07,REDE 08,26,18,Y,2025-02-13,2025-02-14
B,2025-07,REDE 09,38,32,Y,2025-02-13,2025-02-12
B,2025-07,REDE 10,66,65,Y,2025-02-13,2025-02-12
B,2025-07,REDE 11,82,83,Y,2025-02-13,2025-02-14
B,2025-07,REDE 12,31,16,Y,2025-02-13,2025-02-15
B,2025-07,REDE 13,32,25,Y,2025-02-13,2025-02-15
B,2025-07,REDE 14,61,59,Y,2025-02-13,2025-02-15
B,2025-07,REDE 15,20,19,Y,2025-02-13,2025-02-12
B,2025-07,REDE 16,78,66,Y,2025-02-13,2025-02-12
B,2025-07,REDE 17,66,55,Y,2025-02-13,2025-02-13
B,2025-07,REDE 18,48,37,Y,2025-02-13,2025-02-13
B,2025-07,REDE 19,29,19,Y,2025-02-13,2025-02-15
B,2025-07,REDE 20,37,28,Y,2025-02-13,2025-02-13
B,2025-07,REDE 21,66,0,Y,2025-02-13,2025-02-14
B,2025-07,REDE 22,68,71,Y,2025-02-13,2025-02-12
B,2025-07,REDE 23,87,82,Y,2025-02-13,2025-02-15
B,2025-07,REDE 24,26,19,Y,2025-02-13,2025-02-13
B,2025-07,REDE 25,90,87,Y,2025-02-13,2025-02-14
B,2025-07,REDE 26,56,59,Y,2025-02-13,2025-02-15
B,2025-07,REDE 27,46,31,Y,2025-02-13,2025-02-13
B,2025-07,REDE 28,20,9,Y,2025-02-13,2025-02-14
B,2025-07,REDE 29,59,60,Y,2025-02-13,2025-02-13
B,2025-07,REDE 30,50,43,Y,2025-02-13,2025-02-14
B,2025-07,REDE 31,81,76,Y,2025-02-13,2025-02-15
B,2025-07,REDE 32,43,0,Y,2025-02-13,2025-02-15
B,2025-07,REDE 33,27,30,Y,2025-02-13,2025-02-14
B,2025-07,REDE 34,63,60,Y,2025-02-13,2025-02-13
B,2025-07,REDE 35,65,68,Y,2025-02-13,2025-02-12
B,2025-08,REDE 01,81,82,Y,2025-02-20,2025-02-21
B,2025-08,REDE 02,23,9,Y,2025-02-20,2025-02-22
B,2025-08,REDE 03,34,19,Y,2025-02-20,2025-02-21
B,2025-08,REDE 04,23,21,Y,2025-02-20,2025-02-19
B,2025-08,REDE 05,51,47,Y,2025-02-20,2025-02-20
B,2025-08,REDE 06,56,46,Y,2025-02-20,2025-02-20
B,2025-08,REDE 07,68,58,Y,2025-02-20,2025-02-22
B,2025-08,REDE 08,42,28,Y,2025-02-20,2025-02-19
B,2025-08,REDE 09,20,9,Y,2025-02-20,2025-02-19
B,2025-08,REDE 10,71,69,Y,2025-02-20,2025-02-19
B,2025-08,REDE 11,34,32,Y,2025-02-20,2025-02-22
B,2025-08,REDE 12,90,84,Y,2025-02-20,2025-02-21
B,2025-08,REDE 13,34,31,Y,2025-02-20,2025-02-21
B,2025-08,REDE 14,54,56,Y,2025-02-20,2025-02-22
B,2025-08,REDE 15,45,39,Y,2025-02-20,2025-02-20
B,2025-08,REDE 16,30,24,Y,2025-02-20,2025-02-19
B,2025-08,REDE 17,21,10,Y,2025-02-20,2025-02-21
B,2025-08,REDE 18,80,75,Y,2025-02-20,2025-02-21
B,2025-08,REDE 19,61,50,Y,2025-02-20,2025-02-21
B,2025-08,REDE 20,46,49,Y,2025-02-20,2025-02-21
B,2025-08,REDE 21,29,14,Y,2025-02-20,2025-02-20
B,2025-08,REDE 22,23,9,Y,2025-02-20,2025-02-21
B,2025-08,REDE 23,77,66,Y,2025-02-20,2025-02-19
B,2025-08,REDE 24,60,57,Y,2025-02-20,2025-02-22
B,2025-08,REDE 25,38,23,Y,2025-02-20,2025-02-21
B,2025-08,REDE 26,86,78,Y,2025-02-20,2025-02-19
B,2025-08,REDE 27,65,57,Y,2025-02-20,2025-02-21
B,2025-08,REDE 28,37,36,Y,2025-02-20,2025-02-20
B,2025-08,REDE 29,55,42,Y,2025-02-20,2025-02-21
B,2025-08,REDE 30,47,39,Y,2025-02-20,2025-02-19
B,2025-08,REDE 31,35,34,Y,2025-02-20,2025-02-21
B,2025-08,REDE 32,77,74,Y,2025-02-20,2025-02-19
B,2025-08,REDE 33,37,33,Y,2025-02-20,2025-02-20
B,2025-08,REDE 34,58,54,Y,2025-02-20,2025-02-20
B,2025-08,REDE 35,70,73,Y,2025-02-20,2025-02-20
B,2025-09,REDE 01,72,58,Y,2025-02-27,2025-03-01
B,2025-09,REDE 02,48,34,Y,2025-02-27,2025-03-01
B,2025-09,REDE 03,27,12,Y,2025-02-27,2025-02-26
B,2025-09,REDE 04,90,76,Y,2025-02-27,2025-03-01
B,2025-09,REDE 05,29,28,Y,2025-02-27,2025-02-26
B,2025-09,REDE 06,75,61,Y,2025-02-27,2025-02-28
B,2025-09,REDE 07,87,78,Y,2025-02-27,2025-03-01
B,2025-09,REDE 08,51,41,Y,2025-02-27,2025-02-26
B,2025-09,REDE 09,61,60,Y,2025-02-27,2025-03-01
B,2025-09,REDE 10,43,31,Y,2025-02-27,2025-02-26
B,2025-09,REDE 11,88,77,Y,2025-02-27,2025-02-27
B,2025-09,REDE 12,29,26,Y,2025-02-27,2025-02-27
B,2025-09,REDE 13,61,54,Y,2025-02-27,2025-02-26
B,2025-09,REDE 14,38,32,Y,2025-02-27,2025-03-01
B,2025-09,REDE 15,41,31,Y,2025-02-27,2025-02-26
B,2025-09,REDE 16,52,0,Y,2025-02-27,2025-02-28
B,2025-09,REDE 17,24,24,Y,2025-02-27,2025-03-01
B,2025-09,REDE 18,61,47,Y,2025-02-27,2025-02-26
B,2025-09,REDE 19,68,55,Y,2025-02-27,2025-03-01
B,2025-09,REDE 20,79,73,Y,2025-02-27,2025-02-27
B,2025-09,REDE 21,34,31,Y,2025-02-27,2025-02-26
B,2025-09,REDE 22,69,68,Y,2025-02-27,2025-02-27
B,2025-09,REDE 23,66,57,Y,2025-02-27,2025-02-28
B,2025-09,REDE 24,87,76,Y,2025-02-27,2025-02-27
B,2025-09,REDE 25,45,43,Y,2025-02-27,2025-03-01
B,2025-09,REDE 26,41,32,Y,2025-02-27,2025-02-27
B,2025-09,REDE 27,33,27,Y,2025-02-27,2025-02-27
B,2025-09,REDE 28,56,47,Y,2025-02-27,2025-03-01
B,2025-09,REDE 29,85,84,Y,2025-02-27,2025-02-26
B,2025-09,REDE 30,58,48,Y,2025-02-27,2025-02-27
B,2025-09,REDE 31,79,72,Y,2025-02-27,2025-02-27
B,2025-09,REDE 32,66,51,Y,2025-02-27,2025-02-28
B,2025-09,REDE 33,73,64,Y,2025-02-27,2025-02-27
B,2025-09,REDE 34,80,80,Y,2025-02-27,2025-03-01
B,2025-09,REDE 35,48,45,Y,2025-02-27,2025-02-27
B,2025-10,REDE 01,83,77,Y,2025-03-06,2025-03-07
B,2025-10,REDE 02,37,27,Y,2025-03-06,2025-03-07
B,2025-10,REDE 03,32,30,Y,2025-03-06,2025-03-05
B,2025-10,REDE 04,24,20,Y,2025-03-06,2025-03-07
B,2025-10,REDE 05,49,37,Y,2025-03-06,2025-03-07
B,2025-10,REDE 06,66,53,Y,2025-03-06,2025-03-07
B,2025-10,REDE 07,33,25,Y,2025-03-06,2025-03-05
B,2025-10,REDE 08,57,49,Y,2025-03-06,2025-03-05
B,2025-10,REDE 09,51,39,Y,2025-03-06,2025-03-05
B,2025-10,REDE 10,68,57,Y,2025-03-06,2025-03-06
B,2025-10,REDE 11,60,60,Y,2025-03-06,2025-03-08
B,2025-10,REDE 12,71,72,Y,2025-03-06,2025-03-08
B,2025-10,REDE 13,55,47,Y,2025-03-06,2025-03-05
B,2025-10,REDE 14,73,60,Y,2025-03-06,2025-03-07
B,2025-10,REDE 15,81,76,Y,2025-03-06,2025-03-05
B,2025-10,REDE 16,53,48,Y,2025-03-06,2025-03-07
B,2025-10,REDE 17,86,81,Y,2025-03-06,2025-03-06
B,2025-10,REDE 18,75,74,Y,2025-03-06,2025-03-05
B,2025-10,REDE 19,78,74,Y,2025-03-06,2025-03-05
B,2025-10,REDE 20,35,22,Y,2025-03-06,2025-03-06
B,2025-10,REDE 21,70,57,Y,2025-03-06,2025-03-06
B,2025-10,REDE 22,53,47,Y,2025-03-06,2025-03-05
B,2025-10,REDE 23,35,27,Y,2025-03-06,2025-03-06
B,2025-10,REDE 24,52,0,Y,2025-03-06,2025-03-06
B,2025-10,REDE 25,80,83,Y,2025-03-06,2025-03-08
B,2025-10,REDE 26,62,51,Y,2025-03-06,2025-03-06
B,2025-10,REDE 27,46,46,Y,2025-03-06,2025-03-08
B,2025-10,REDE 28,32,23,Y,2025-03-06,2025-03-07
B,2025-10,REDE 29,56,54,Y,2025-03-06,2025-03-06
B,2025-10,REDE 30,47,0,Y,2025-03-06,2025-03-05
B,2025-10,REDE 31,36,33,Y,2025-03-06,2025-03-08
B,2025-10,REDE 32,27,12,Y,2025-03-06,2025-03-07
B,2025-10,REDE 33,36,33,Y,2025-03-06,2025-03-07
B,2025-10,REDE 34,90,92,Y,2025-03-06,2025-03-06
B,2025-10,REDE 35,74,76,Y,2025-03-06,2025-03-05
B,2025-11,REDE 01,20,22,Y,2025-03-13,2025-03-15
B,2025-11,REDE 02,53,38,Y,2025-03-13,2025-03-12
B,2025-11,REDE 03,70,73,Y,2025-03-13,2025-03-14
B,2025-11,REDE 04,37,40,Y,2025-03-13,2025-03-15
B,2025-11,REDE 05,62,0,Y,2025-03-13,2025-03-14
B,2025-11,REDE 06,43,44,Y,2025-03-13,2025-03-12
B,2025-11,REDE 07,43,29,Y,2025-03-13,2025-03-14
B,2025-11,REDE 08,27,15,Y,2025-03-13,2025-03-12
B,2025-11,REDE 09,84,87,Y,2025-03-13,2025-03-12
B,2025-11,REDE 10,73,72,Y,2025-03-13,2025-03-12
B,2025-11,REDE 11,50,46,Y,2025-03-13,2025-03-13
B,2025-11,REDE 12,74,65,Y,2025-03-13,2025-03-13
B,2025-11,REDE 13,49,34,Y,2025-03-13,2025-03-14
B,2025-11,REDE 14,30,28,Y,2025-03-13,2025-03-13
B,2025-11,REDE 15,46,38,Y,2025-03-13,2025-03-15
B,2025-11,REDE 16,32,31,Y,2025-03-13,2025-03-14
B,2025-11,REDE 17,78,65,Y,2025-03-13,2025-03-14
B,2025-11,REDE 18,81,75,Y,2025-03-13,2025-03-15
B,2025-11,REDE 19,44,45,Y,2025-03-13,2025-03-15
B,2025-11,REDE 20,38,25,Y,2025-03-13,2025-03-13
B,2025-11,REDE 21,85,86,Y,2025-03-13,2025-03-15
B,2025-11,REDE 22,43,39,Y,2025-03-13,2025-03-14
B,2025-11,REDE 23,59,60,Y,2025-03-13,2025-03-13
B,2025-11,REDE 24,66,67,Y,2025-03-13,2025-03-14
B,2025-11,REDE 25,75,75,Y,2025-03-13,2025-03-14
B,2025-11,REDE 26,70,70,Y,2025-03-13,2025-03-14
B,2025-11,REDE 27,72,57,Y,2025-03-13,2025-03-12
B,2025-11,REDE 28,64,54,Y,2025-03-13,2025-03-13
B,2025-11,REDE 29,66,56,Y,2025-03-13,2025-03-12
B,2025-11,REDE 30,52,39,Y,2025-03-13,2025-03-13
B,2025-11,REDE 31,76,76,Y,2025-03-13,2025-03-12
B,2025-11,REDE 32,81,78,Y,2025-03-13,2025-03-15
B,2025-11,REDE 33,55,54,Y,2025-03-13,2025-03-12
B,2025-11,REDE 34,54,48,Y,2025-03-13,2025-03-13
B,2025-11,REDE 35,24,24,Y,2025-03-13,2025-03-12
B,2025-12,REDE 01,24,9,Y,2025-03-20,2025-03-20
B,2025-12,REDE 02,43,0,Y,2025-03-20,2025-03-21
B,2025-12,REDE 03,61,53,Y,2025-03-20,2025-03-21
B,2025-12,REDE 04,68,71,Y,2025-03-20,2025-03-19
B,2025-12,REDE 05,80,78,Y,2025-03-20,2025-03-21
B,2025-12,REDE 06,70,73,Y,2025-03-20,2025-03-20
B,2025-12,REDE 07,40,26,N,2025-03-20,2025-03-22
B,2025-12,REDE 08,23,8,Y,2025-03-20,2025-03-20
B,2025-12,REDE 09,45,33,Y,2025-03-20,2025-03-20
B,2025-12,REDE 10,41,39,Y,2025-03-20,2025-03-21
B,2025-12,REDE 11,67,67,Y,2025-03-20,2025-03-21
B,2025-12,REDE 12,77,70,Y,2025-03-20,2025-03-20
B,2025-12,REDE 13,58,47,Y,2025-03-20,2025-03-20
B,2025-12,REDE 14,56,51,Y,2025-03-20,2025-03-22
B,2025-12,REDE 15,44,30,Y,2025-03-20,2025-03-22
B,2025-12,REDE 16,56,56,Y,2025-03-20,2025-03-22
B,2025-12,REDE 17,41,27,Y,2025-03-20,2025-03-20
B,2025-12,REDE 18,22,17,Y,2025-03-20,2025-03-21
B,2025-12,REDE 19,62,64,Y,2025-03-20,2025-03-21
B,2025-12,REDE 20,89,92,Y,2025-03-20,2025-03-19
B,2025-12,REDE 21,61,54,Y,2025-03-20,2025-03-20
B,2025-12,REDE 22,69,64,Y,2025-03-20,2025-03-22
B,2025-12,REDE 23,39,39,Y,2025-03-20,2025-03-19
B,2025-12,REDE 24,69,61,Y,2025-03-20,2025-03-22
B,2025-12,REDE 25,27,29,Y,2025-03-20,2025-03-21
B,2025-12,REDE 26,34,36,Y,2025-03-20,2025-03-19
B,2025-12,REDE 27,42,41,Y,2025-03-20,2025-03-19
B,2025-12,REDE 28,37,27,Y,2025-03-20,2025-03-19
B,2025-12,REDE 29,48,34,Y,2025-03-20,2025-03-20
B,2025-12,REDE 30,83,83,Y,2025-03-20,2025-03-22
B,2025-12,REDE 31,24,0,Y,2025-03-20,2025-03-20
B,2025-12,REDE 32,42,31,Y,2025-03-20,2025-03-22
B,2025-12,REDE 33,30,17,Y,2025-03-20,2025-03-19
B,2025-12,REDE 34,37,37,Y,2025-03-20,2025-03-20
B,2025-12,REDE 35,22,8,Y,2025-03-20,2025-03-19
B,2025-13,REDE 01,72,61,Y,2025-03-27,2025-03-26
B,2025-13,REDE 02,51,36,Y,2025-03-27,2025-03-26
B,2025-13,REDE 03,76,75,Y,2025-03-27,2025-03-29
B,2025-13,REDE 04,60,58,Y,2025-03-27,2025-03-26
B,2025-13,REDE 05,67,54,Y,2025-03-27,2025-03-29
B,2025-13,REDE 06,88,77,Y,2025-03-27,2025-03-28
B,2025-13,REDE 07,46,34,Y,2025-03-27,2025-03-27
B,2025-13,REDE 08,48,34,Y,2025-03-27,2025-03-27
B,2025-13,REDE 09,46,0,Y,2025-03-27,2025-03-29
B,2025-13,REDE 10,88,83,Y,2025-03-27,2025-03-27
B,2025-13,REDE 11,89,89,Y,2025-03-27,2025-03-29
B,2025-13,REDE 12,39,37,Y,2025-03-27,2025-03-26
B,2025-13,REDE 13,20,23,Y,2025-03-27,2025-03-27
B,2025-13,REDE 14,25,13,Y,2025-03-27,2025-03-29
B,2025-13,REDE 15,43,32,Y,2025-03-27,2025-03-27
B,2025-13,REDE 16,49,47,Y,2025-03-27,2025-03-28
B,2025-13,REDE 17,45,38,Y,2025-03-27,2025-03-28
B,2025-13,REDE 18,83,85,Y,2025-03-27,2025-03-27
B,2025-13,REDE 19,25,15,Y,2025-03-27,2025-03-29
B,2025-13,REDE 20,39,30,Y,2025-03-27,2025-03-28
B,2025-13,REDE 21,48,38,Y,2025-03-27,2025-03-28
B,2025-13,REDE 22,27,17,Y,2025-03-27,2025-03-27
B,2025-13,REDE 23,53,44,Y,2025-03-27,2025-03-27
B,2025-13,REDE 24,32,18,Y,2025-03-27,2025-03-26
B,2025-13,REDE 25,27,24,Y,2025-03-27,2025-03-27
B,2025-13,REDE 26,82,83,Y,2025-03-27,2025-03-28
B,2025-13,REDE 27,74,59,Y,2025-03-27,2025-03-26
B,2025-13,REDE 28,35,33,Y,2025-03-27,2025-03-28
B,2025-13,REDE 29,40,37,Y,2025-03-27,2025-03-26
B,2025-13,REDE 30,71,57,Y,2025-03-27,2025-03-29
B,2025-13,REDE 31,27,29,Y,2025-03-27,2025-03-26
B,2025-13,REDE 32,38,40,Y,2025-03-27,2025-03-27
B,2025-13,REDE 33,37,28,Y,2025-03-27,2025-03-29
B,2025-13,REDE 34,47,38,Y,2025-03-27,2025-03-27
B,2025-13,REDE 35,20,0,Y,2025-03-27,2025-03-27
B,2025-14,REDE 01,63,53,Y,2025-04-03,2025-04-02
B,2025-14,REDE 02,46,42,Y,2025-04-03,2025-04-05
B,2025-14,REDE 03,71,68,Y,2025-04-03,2025-04-03
B,2025-14,REDE 04,89,75,Y,2025-04-03,2025-04-05
B,2025-14,REDE 05,89,0,Y,2025-04-03,2025-04-04
B,2025-14,REDE 06,67,59,Y,2025-04-03,2025-04-05
B,2025-14,REDE 07,45,31,Y,2025-04-03,2025-04-02
B,2025-14,REDE 08,90,0,Y,2025-04-03,2025-04-05
B,2025-14,REDE 09,59,44,Y,2025-04-03,2025-04-05
B,2025-14,REDE 10,88,76,Y,2025-04-03,2025-04-02
B,2025-14,REDE 11,66,59,Y,2025-04-03,2025-04-04
B,2025-14,REDE 12,36,25,Y,2025-04-03,2025-04-03
B,2025-14,REDE 13,38,31,Y,2025-04-03,2025-04-03
B,2025-14,REDE 14,27,16,Y,2025-04-03,2025-04-05
B,2025-14,REDE 15,47,40,Y,2025-04-03,2025-04-05
B,2025-14,REDE 16,37,24,Y,2025-04-03,2025-04-02
B,2025-14,REDE 17,40,0,Y,2025-04-03,2025-04-03
B,2025-14,REDE 18,22,23,N,2025-04-03,2025-04-03
B,2025-14,REDE 19,81,67,Y,2025-04-03,2025-04-03
B,2025-14,REDE 20,27,30,Y,2025-04-03,2025-04-02
B,2025-14,REDE 21,45,38,Y,2025-04-03,2025-04-05
B,2025-14,REDE 22,87,90,Y,2025-04-03,2025-04-03
B,2025-14,REDE 23,71,63,Y,2025-04-03,2025-04-02
B,2025-14,REDE 24,60,50,Y,2025-04-03,2025-04-05
B,2025-14,REDE 25,88,85,Y,2025-04-03,2025-04-03
B,2025-14,REDE 26,69,54,Y,2025-04-03,2025-04-04
B,2025-14,REDE 27,71,67,Y,2025-04-03,2025-04-03
B,2025-14,REDE 28,33,24,Y,2025-04-03,2025-04-05
B,2025-14,REDE 29,54,49,Y,2025-04-03,2025-04-04
B,2025-14,REDE 30,46,48,Y,2025-04-03,2025-04-02
B,2025-14,REDE 31,48,39,Y,2025-04-03,2025-04-02
B,2025-14,REDE 32,84,69,Y,2025-04-03,2025-04-03
B,2025-14,REDE 33,22,25,Y,2025-04-03,2025-04-02
B,2025-14,REDE 34,68,64,Y,2025-04-03,2025-04-03
B,2025-14,REDE 35,90,83,Y,2025-04-03,2025-04-02
B,2025-15,REDE 01,59,62,Y,2025-04-10,2025-04-09
B,2025-15,REDE 02,80,65,Y,2025-04-10,2025-04-11
B,2025-15,REDE 03,86,75,Y,2025-04-10,2025-04-11
B,2025-15,REDE 04,31,33,Y,2025-04-10,2025-04-09
B,2025-15,REDE 05,67,52,Y,2025-04-10,2025-04-12
B,2025-15,REDE 06,85,84,Y,2025-04-10,2025-04-09
B,2025-15,REDE 07,42,38,Y,2025-04-10,2025-04-10
B,2025-15,REDE 08,60,0,Y,2025-04-10,2025-04-12
B,2025-15,REDE 09,45,39,Y,2025-04-10,2025-04-11
B,2025-15,REDE 10,73,73,Y,2025-04-10,2025-04-10
B,2025-15,REDE 11,33,32,Y,2025-04-10,2025-04-12
B,2025-15,REDE 12,35,37,Y,2025-04-10,2025-04-09
B,2025-15,REDE 13,64,49,Y,2025-04-10,2025-04-10
B,2025-15,REDE 14,38,0,Y,2025-04-10,2025-04-12
B,2025-15,REDE 15,58,54,Y,2025-04-10,2025-04-12
B,2025-15,REDE 16,59,45,Y,2025-04-10,2025-04-09
B,2025-15,REDE 17,90,78,Y,2025-04-10,2025-04-10
B,2025-15,REDE 18,48,35,Y,2025-04-10,2025-04-12
B,2025-15,REDE 19,50,37,Y,2025-04-10,2025-04-11
B,2025-15,REDE 20,65,61,Y,2025-04-10,2025-04-10
B,2025-15,REDE 21,70,69,Y,2025-04-10,2025-04-09
B,2025-15,REDE 22,65,67,Y,2025-04-10,2025-04-12
B,2025-15,REDE 23,75,63,Y,2025-04-10,2025-04-12
B,2025-15,REDE 24,21,7,Y,2025-04-10,2025-04-12
B,2025-15,REDE 25,81,78,Y,2025-04-10,2025-04-10
B,2025-15,REDE 26,38,41,Y,2025-04-10,2025-04-12
B,2025-15,REDE 27,39,0,Y,2025-04-10,2025-04-09
B,2025-15,REDE 28,38,40,Y,2025-04-10,2025-04-10
B,2025-15,REDE 29,23,16,Y,2025-04-10,2025-04-09
B,2025-15,REDE 30,53,38,Y,2025-04-10,2025-04-09
B,2025-15,REDE 31,71,68,Y,2025-04-10,2025-04-09
B,2025-15,REDE 32,58,46,Y,2025-04-10,2025-04-09
B,2025-15,REDE 33,26,24,Y,2025-04-10,2025-04-10
B,2025-15,REDE 34,36,31,Y,2025-04-10,2025-04-11
B,2025-15,REDE 35,22,15,N,2025-04-10,2025-04-11
B,2025-16,REDE 01,85,83,Y,2025-04-17,2025-04-18
B,2025-16,REDE 02,85,76,Y,2025-04-17,2025-04-18
B,2025-16,REDE 03,55,51,Y,2025-04-17,2025-04-17
B,2025-16,REDE 04,52,40,Y,2025-04-17,2025-04-18
B,2025-16,REDE 05,62,51,Y,2025-04-17,2025-04-18
B,2025-16,REDE 06,73,75,Y,2025-04-17,2025-04-19
B,2025-16,REDE 07,76,61,Y,2025-04-17,2025-04-19
B,2025-16,REDE 08,30,31,Y,2025-04-17,2025-04-17
B,2025-16,REDE 09,36,32,Y,2025-04-17,2025-04-19
B,2025-16,REDE 10,69,68,Y,2025-04-17,2025-04-18
B,2025-16,REDE 11,22,17,Y,2025-04-17,2025-04-16
B,2025-16,REDE 12,73,65,Y,2025-04-17,2025-04-18
B,2025-16,REDE 13,80,74,Y,2025-04-17,2025-04-17
B,2025-16,REDE 14,76,77,Y,2025-04-17,2025-04-17
B,2025-16,REDE 15,44,39,Y,2025-04-17,2025-04-19
B,2025-16,REDE 16,62,60,N,2025-04-17,2025-04-16
B,2025-16,REDE 17,46,48,Y,2025-04-17,2025-04-16
B,2025-16,REDE 18,83,86,Y,2025-04-17,2025-04-16
B,2025-16,REDE 19,84,74,Y,2025-04-17,2025-04-19
B,2025-16,REDE 20,58,47,Y,2025-04-17,2025-04-17
B,2025-16,REDE 21,81,73,Y,2025-04-17,2025-04-19
B,2025-16,REDE 22,36,25,Y,2025-04-17,2025-04-16
B,2025-16,REDE 23,55,50,Y,2025-04-17,2025-04-17
B,2025-16,REDE 24,59,0,Y,2025-04-17,2025-04-18
B,2025-16,REDE 25,52,44,Y,2025-04-17,2025-04-16
B,2025-16,REDE 26,43,46,Y,2025-04-17,2025-04-18
B,2025-16,REDE 27,90,89,Y,2025-04-17,2025-04-17
B,2025-16,REDE 28,35,36,Y,2025-04-17,2025-04-16
B,2025-16,REDE 29,71,74,Y,2025-04-17,2025-04-19
B,2025-16,REDE 30,23,20,Y,2025-04-17,2025-04-19
B,2025-16,REDE 31,80,68,Y,2025-04-17,2025-04-16
B,2025-16,REDE 32,79,68,Y,2025-04-17,2025-04-17
B,2025-16,REDE 33,79,65,Y,2025-04-17,2025-04-19
B,2025-16,REDE 34,75,63,Y,2025-04-17,2025-04-19
B,2025-16,REDE 35,78,71,Y,2025-04-17,2025-04-16
B,2025-17,REDE 01,40,34,Y,2025-04-24,2025-04-26
B,2025-17,REDE 02,53,38,Y,2025-04-24,2025-04-26
B,2025-17,REDE 03,44,31,Y,2025-04-24,2025-04-23
B,2025-17,REDE 04,75,67,Y,2025-04-24,2025-04-24
B,2025-17,REDE 05,89,74,N,2025-04-24,2025-04-23
B,2025-17,REDE 06,27,23,Y,2025-04-24,2025-04-26
B,2025-17,REDE 07,27,19,Y,2025-04-24,2025-04-25
B,2025-17,REDE 08,24,9,Y,2025-04-24,2025-04-25
B,2025-17,REDE 09,67,52,Y,2025-04-24,2025-04-25
B,2025-17,REDE 10,48,38,Y,2025-04-24,2025-04-25
B,2025-17,REDE 11,48,34,Y,2025-04-24,2025-04-26
B,2025-17,REDE 12,76,79,Y,2025-04-24,2025-04-26
B,2025-17,REDE 13,48,37,Y,2025-04-24,2025-04-24
B,2025-17,REDE 14,66,62,Y,2025-04-24,2025-04-23
B,2025-17,REDE 15,55,51,Y,2025-04-24,2025-04-23
B,2025-17,REDE 16,32,0,Y,2025-04-24,2025-04-25
B,2025-17,REDE 17,87,78,Y,2025-04-24,2025-04-24
B,2025-17,REDE 18,75,68,Y,2025-04-24,2025-04-23
B,2025-17,REDE 19,48,37,Y,2025-04-24,2025-04-25
B,2025-17,REDE 20,54,46,Y,2025-04-24,2025-04-23
B,2025-17,REDE 21,31,34,Y,2025-04-24,2025-04-26
B,2025-17,REDE 22,47,38,Y,2025-04-24,2025-04-25
B,2025-17,REDE 23,83,79,Y,2025-04-24,2025-04-24
B,2025-17,REDE 24,23,16,Y,2025-04-24,2025-04-25
B,2025-17,REDE 25,77,74,Y,2025-04-24,2025-04-23
B,2025-17,REDE 26,30,17,Y,2025-04-24,2025-04-25
B,2025-17,REDE 27,89,87,Y,2025-04-24,2025-04-23
B,2025-17,REDE 28,73,69,Y,2025-04-24,2025-04-23
B,2025-17,REDE 29,76,61,Y,2025-04-24,2025-04-23
B,2025-17,REDE 30,30,25,Y,2025-04-24,2025-04-24
B,2025-17,REDE 31,58,52,Y,2025-04-24,2025-04-25
B,2025-17,REDE 32,47,36,Y,2025-04-24,2025-04-26
B,2025-17,REDE 33,48,34,Y,2025-04-24,2025-04-25
B,2025-17,REDE 34,69,62,Y,2025-04-24,2025-04-23
B,2025-17,REDE 35,21,6,Y,2025-04-24,2025-04-26
B,2025-18,REDE 01,64,56,Y,2025-05-01,2025-05-01
B,2025-18,REDE 02,55,47,Y,2025-05-01,2025-05-02
B,2025-18,REDE 03,65,51,Y,2025-05-01,2025-05-01
B,2025-18,REDE 04,87,81,Y,2025-05-01,2025-05-01
B,2025-18,REDE 05,60,55,Y,2025-05-01,2025-05-01
B,2025-18,REDE 06,59,53,Y,2025-05-01,2025-05-02
B,2025-18,REDE 07,69,69,Y,2025-05-01,2025-05-01
B,2025-18,REDE 08,88,85,Y,2025-05-01,2025-04-30
B,2025-18,REDE 09,87,83,Y,2025-05-01,2025-05-02
B,2025-18,REDE 10,66,57,Y,2025-05-01,2025-05-02
B,2025-18,REDE 11,70,60,Y,2025-05-01,2025-04-30
B,2025-18,REDE 12,88,85,Y,2025-05-01,2025-05-01
B,2025-18,REDE 13,86,77,Y,2025-05-01,2025-04-30
B,2025-18,REDE 14,21,8,Y,2025-05-01,2025-04-30
B,2025-18,REDE 15,84,74,Y,2025-05-01,2025-05-01
B,2025-18,REDE 16,41,36,Y,2025-05-01,2025-04-30
B,2025-18,REDE 17,52,39,Y,2025-05-01,2025-05-03
B,2025-18,REDE 18,25,26,Y,2025-05-01,2025-05-02
B,2025-18,REDE 19,57,49,Y,2025-05-01,2025-04-30
B,2025-18,REDE 20,57,42,Y,2025-05-01,2025-05-01
B,2025-18,REDE 21,36,31,Y,2025-05-01,2025-05-01
B,2025-18,REDE 22,23,10,Y,2025-05-01,2025-05-01
B,2025-18,REDE 23,82,80,Y,2025-05-01,2025-05-03
B,2025-18,REDE 24,50,45,Y,2025-05-01,2025-05-02
B,2025-18,REDE 25,72,65,Y,2025-05-01,2025-05-01
B,2025-18,REDE 26,36,32,Y,2025-05-01,2025-05-01
B,2025-18,REDE 27,70,71,Y,2025-05-01,2025-05-03
B,2025-18,REDE 28,24,25,Y,2025-05-01,2025-05-01
B,2025-18,REDE 29,81,84,Y,2025-05-01,2025-04-30
B,2025-18,REDE 30,59,55,Y,2025-05-01,2025-05-03
B,2025-18,REDE 31,86,0,Y,2025-05-01,2025-05-02
B,2025-18,REDE 32,86,75,Y,2025-05-01,2025-04-30
B,2025-18,REDE 33,75,69,Y,2025-05-01,2025-05-02
B,2025-18,REDE 34,72,68,Y,2025-05-01,2025-05-03
B,2025-18,REDE 35,48,36,Y,2025-05-01,2025-05-01
B,2025-19,REDE 01,62,0,Y,2025-05-08,2025-05-07
B,2025-19,REDE 02,68,59,Y,2025-05-08,2025-05-09
B,2025-19,REDE 03,59,52,Y,2025-05-08,2025-05-09
B,2025-19,REDE 04,53,44,Y,2025-05-08,2025-05-10
B,2025-19,REDE 05,65,65,Y,2025-05-08,2025-05-09
B,2025-19,REDE 06,26,27,Y,2025-05-08,2025-05-09
B,2025-19,REDE 07,25,15,Y,2025-05-08,2025-05-07
B,2025-19,REDE 08,88,90,Y,2025-05-08,2025-05-09
B,2025-19,REDE 09,33,20,Y,2025-05-08,2025-05-07
B,2025-19,REDE 10,60,52,Y,2025-05-08,2025-05-08
B,2025-19,REDE 11,20,17,Y,2025-05-08,2025-05-09
B,2025-19,REDE 12,21,10,Y,2025-05-08,2025-05-08
B,2025-19,REDE 13,61,55,Y,2025-05-08,2025-05-10
B,2025-19,REDE 14,52,48,Y,2025-05-08,2025-05-09
B,2025-19,REDE 15,20,7,Y,2025-05-08,2025-05-08
B,2025-19,REDE 16,31,26,Y,2025-05-08,2025-05-08
B,2025-19,REDE 17,86,72,Y,2025-05-08,2025-05-07
B,2025-19,REDE 18,67,59,Y,2025-05-08,2025-05-09
B,2025-19,REDE 19,90,84,Y,2025-05-08,2025-05-10
B,2025-19,REDE 20,40,33,Y,2025-05-08,2025-05-08
B,2025-19,REDE 21,70,66,Y,2025-05-08,2025-05-07
B,2025-19,REDE 22,66,59,Y,2025-05-08,2025-05-07
B,2025-19,REDE 23,69,72,N,2025-05-08,2025-05-07
B,2025-19,REDE 24,61,50,Y,2025-05-08,2025-05-08
B,2025-19,REDE 25,68,53,Y,2025-05-08,2025-05-07
B,2025-19,REDE 26,36,31,Y,2025-05-08,2025-05-07
B,2025-19,REDE 27,22,7,Y,2025-05-08,2025-05-10
B,2025-19,REDE 28,31,25,Y,2025-05-08,2025-05-10
B,2025-19,REDE 29,89,85,Y,2025-05-08,2025-05-08
B,2025-19,REDE 30,38,35,Y,2025-05-08,2025-05-08
B,2025-19,REDE 31,74,73,Y,2025-05-08,2025-05-07
B,2025-19,REDE 32,20,15,Y,2025-05-08,2025-05-07
B,2025-19,REDE 33,52,39,Y,2025-05-08,2025-05-08
B,2025-19,REDE 34,84,79,Y,2025-05-08,2025-05-08
B,2025-19,REDE 35,44,40,Y,2025-05-08,2025-05-09
B,2025-20,REDE 01,77,0,Y,2025-05-15,2025-05-16
B,2025-20,REDE 02,62,65,Y,2025-05-15,2025-05-15
B,2025-20,REDE 03,22,14,Y,2025-05-15,2025-05-17
B,2025-20,REDE 04,85,72,Y,2025-05-15,2025-05-14
B,2025-20,REDE 05,38,36,Y,2025-05-15,2025-05-16
B,2025-20,REDE 06,65,50,Y,2025-05-15,2025-05-16
B,2025-20,REDE 07,77,80,Y,2025-05-15,2025-05-15
B,2025-20,REDE 08,70,66,Y,2025-05-15,2025-05-17
B,2025-20,REDE 09,32,20,Y,2025-05-15,2025-05-17
B,2025-20,REDE 10,42,40,Y,2025-05-15,2025-05-17
B,2025-20,REDE 11,41,29,Y,2025-05-15,2025-05-15
B,2025-20,REDE 12,71,66,Y,2025-05-15,2025-05-14
B,2025-20,REDE 13,43,28,Y,2025-05-15,2025-05-16
B,2025-20,REDE 14,71,69,Y,2025-05-15,2025-05-16
B,2025-20,REDE 15,21,22,Y,2025-05-15,2025-05-17
B,2025-20,REDE 16,48,41,Y,2025-05-15,2025-05-16
B,2025-20,REDE 17,82,80,Y,2025-05-15,2025-05-14
B,2025-20,REDE 18,37,27,Y,2025-05-15,2025-05-17
B,2025-20,REDE 19,30,26,Y,2025-05-15,2025-05-16
B,2025-20,REDE 20,68,71,Y,2025-05-15,2025-05-15
B,2025-20,REDE 21,36,31,Y,2025-05-15,2025-05-17
B,2025-20,REDE 22,57,47,Y,2025-05-15,2025-05-17
B,2025-20,REDE 23,39,32,Y,2025-05-15,2025-05-16
B,2025-20,REDE 24,75,78,Y,2025-05-15,2025-05-15
B,2025-20,REDE 25,68,64,Y,2025-05-15,2025-05-14
B,2025-20,REDE 26,34,37,Y,2025-05-15,2025-05-15
B,2025-20,REDE 27,90,78,Y,2025-05-15,2025-05-17
B,2025-20,REDE 28,61,53,Y,2025-05-15,2025-05-17
B,2025-20,REDE 29,81,78,Y,2025-05-15,2025-05-16
B,2025-20,REDE 30,80,74,Y,2025-05-15,2025-05-15
B,2025-20,REDE 31,40,30,Y,2025-05-15,2025-05-15
B,2025-20,REDE 32,81,83,Y,2025-05-15,2025-05-17
B,2025-20,REDE 33,83,73,Y,2025-05-15,2025-05-14
B,2025-20,REDE 34,26,20,Y,2025-05-15,2025-05-14
B,2025-20,REDE 35,40,29,Y,2025-05-15,2025-05-16
B,2025-21,REDE 01,33,31,Y,2025-05-22,2025-05-23
B,2025-21,REDE 02,40,42,Y,2025-05-22,2025-05-22
B,2025-21,REDE 03,43,41,N,2025-05-22,2025-05-24
B,2025-21,REDE 04,26,13,Y,2025-05-22,2025-05-24
B,2025-21,REDE 05,45,33,Y,2025-05-22,2025-05-23
B,2025-21,REDE 06,67,56,Y,2025-05-22,2025-05-23
B,2025-21,REDE 07,82,81,Y,2025-05-22,2025-05-23
B,2025-21,REDE 08,21,22,Y,2025-05-22,2025-05-21
B,2025-21,REDE 09,31,29,Y,2025-05-22,2025-05-23
B,2025-21,REDE 10,24,22,Y,2025-05-22,2025-05-21
B,2025-21,REDE 11,85,73,Y,2025-05-22,2025-05-23
B,2025-21,REDE 12,47,43,Y,2025-05-22,2025-05-23
B,2025-21,REDE 13,36,24,Y,2025-05-22,2025-05-23
B,2025-21,REDE 14,30,32,Y,2025-05-22,2025-05-24
B,2025-21,REDE 15,40,43,Y,2025-05-22,2025-05-21
B,2025-21,REDE 16,20,17,Y,2025-05-22,2025-05-21
B,2025-21,REDE 17,85,85,Y,2025-05-22,2025-05-21
B,2025-21,REDE 18,59,44,Y,2025-05-22,2025-05-24
B,2025-21,REDE 19,32,26,Y,2025-05-22,2025-05-22
B,2025-21,REDE 20,36,28,Y,2025-05-22,2025-05-23
B,2025-21,REDE 21,84,85,Y,2025-05-22,2025-05-24
B,2025-21,REDE 22,59,56,Y,2025-05-22,2025-05-22
B,2025-21,REDE 23,28,14,Y,2025-05-22,2025-05-22
B,2025-21,REDE 24,36,28,Y,2025-05-22,2025-05-21
B,2025-21,REDE 25,51,39,Y,2025-05-22,2025-05-21
B,2025-21,REDE 26,79,64,Y,2025-05-22,2025-05-24
B,2025-21,REDE 27,72,67,Y,2025-05-22,2025-05-24
B,2025-21,REDE 28,46,41,N,2025-05-22,2025-05-22
B,2025-21,REDE 29,30,15,Y,2025-05-22,2025-05-21
B,2025-21,REDE 30,73,69,Y,2025-05-22,2025-05-21
B,2025-21,REDE 31,24,0,Y,2025-05-22,2025-05-22
B,2025-21,REDE 32,54,51,Y,2025-05-22,2025-05-24
B,2025-21,REDE 33,82,81,Y,2025-05-22,2025-05-21
B,2025-21,REDE 34,49,46,Y,2025-05-22,2025-05-21
B,2025-21,REDE 35,48,39,Y,2025-05-22,2025-05-23
B,2025-22,REDE 01,38,41,Y,2025-05-29,2025-05-30
B,2025-22,REDE 02,81,84,Y,2025-05-29,2025-05-30
B,2025-22,REDE 03,27,21,Y,2025-05-29,2025-05-30
B,2025-22,REDE 04,72,72,Y,2025-05-29,2025-05-28
B,2025-22,REDE 05,55,52,Y,2025-05-29,2025-05-30
B,2025-22,REDE 06,75,69,Y,2025-05-29,2025-05-30
B,2025-22,REDE 07,69,67,Y,2025-05-29,2025-05-28
B,2025-22,REDE 08,88,81,Y,2025-05-29,2025-05-28
B,2025-22,REDE 09,74,72,Y,2025-05-29,2025-05-30
B,2025-22,REDE 10,62,50,Y,2025-05-29,2025-05-30
B,2025-22,REDE 11,86,80,Y,2025-05-29,2025-05-28
B,2025-22,REDE 12,24,25,Y,2025-05-29,2025-05-29
B,2025-22,REDE 13,84,80,Y,2025-05-29,2025-05-28
B,2025-22,REDE 14,49,44,Y,2025-05-29,2025-05-31
B,2025-22,REDE 15,22,25,Y,2025-05-29,2025-05-29
B,2025-22,REDE 16,34,28,Y,2025-05-29,2025-05-29
B,2025-22,REDE 17,73,0,Y,2025-05-29,2025-05-31
B,2025-22,REDE 18,76,67,Y,2025-05-29,2025-05-30
B,2025-22,REDE 19,86,0,Y,2025-05-29,2025-05-30
B,2025-22,REDE 20,75,61,Y,2025-05-29,2025-05-30
B,2025-22,REDE 21,82,77,Y,2025-05-29,2025-05-31
B,2025-22,REDE 22,32,35,Y,2025-05-29,2025-05-30
B,2025-22,REDE 23,38,27,Y,2025-05-29,2025-05-29
B,2025-22,REDE 24,25,21,Y,2025-05-29,2025-05-29
B,2025-22,REDE 25,34,27,Y,2025-05-29,2025-05-28
B,2025-22,REDE 26,23,24,Y,2025-05-29,2025-05-29
B,2025-22,REDE 27,68,65,Y,2025-05-29,2025-05-31
B,2025-22,REDE 28,82,77,Y,2025-05-29,2025-05-29
B,2025-22,REDE 29,84,76,Y,2025-05-29,2025-05-31
B,2025-22,REDE 30,30,20,Y,2025-05-29,2025-05-30
B,2025-22,REDE 31,50,53,Y,2025-05-29,2025-05-30
B,2025-22,REDE 32,70,63,Y,2025-05-29,2025-05-28
B,2025-22,REDE 33,68,61,Y,2025-05-29,2025-05-31
B,2025-22,REDE 34,71,59,Y,2025-05-29,2025-05-30
B,2025-22,REDE 35,21,23,Y,2025-05-29,2025-05-29
B,2025-23,REDE 01,58,49,Y,2025-06-05,2025-06-07
B,2025-23,REDE 02,68,70,Y,2025-06-05,2025-06-07
B,2025-23,REDE 03,54,44,Y,2025-06-05,2025-06-04
B,2025-23,REDE 04,79,71,Y,2025-06-05,2025-06-05
B,2025-23,REDE 05,76,68,Y,2025-06-05,2025-06-06
B,2025-23,REDE 06,73,62,Y,2025-06-05,2025-06-04
B,2025-23,REDE 07,23,17,Y,2025-06-05,2025-06-05
B,2025-23,REDE 08,76,77,Y,2025-06-05,2025-06-07
B,2025-23,REDE 09,82,75,Y,2025-06-05,2025-06-07
B,2025-23,REDE 10,88,74,Y,2025-06-05,2025-06-05
B,2025-23,REDE 11,32,29,Y,2025-06-05,2025-06-07
B,2025-23,REDE 12,65,68,Y,2025-06-05,2025-06-05
B,2025-23,REDE 13,52,51,Y,2025-06-05,2025-06-07
B,2025-23,REDE 14,29,14,Y,2025-06-05,2025-06-04
B,2025-23,REDE 15,37,29,Y,2025-06-05,2025-06-05
B,2025-23,REDE 16,56,56,Y,2025-06-05,2025-06-05
B,2025-23,REDE 17,21,20,Y,2025-06-05,2025-06-07
B,2025-23,REDE 18,58,44,Y,2025-06-05,2025-06-07
B,2025-23,REDE 19,22,11,Y,2025-06-05,2025-06-04
B,2025-23,REDE 20,87,83,Y,2025-06-05,2025-06-04
B,2025-23,REDE 21,74,65,Y,2025-06-05,2025-06-05
B,2025-23,REDE 22,63,61,Y,2025-06-05,2025-06-06
B,2025-23,REDE 23,66,60,Y,2025-06-05,2025-06-06
B,2025-23,REDE 24,55,42,Y,2025-06-05,2025-06-06
B,2025-23,REDE 25,36,22,Y,2025-06-05,2025-06-04
B,2025-23,REDE 26,27,15,Y,2025-06-05,2025-06-07
B,2025-23,REDE 27,54,49,Y,2025-06-05,2025-06-07
B,2025-23,REDE 28,30,27,Y,2025-06-05,2025-06-06
B,2025-23,REDE 29,61,60,Y,2025-06-05,2025-06-07
B,2025-23,REDE 30,64,62,Y,2025-06-05,2025-06-06
B,2025-23,REDE 31,34,20,Y,2025-06-05,2025-06-06
B,2025-23,REDE 32,51,51,Y,2025-06-05,2025-06-06
B,2025-23,REDE 33,70,66,Y,2025-06-05,2025-06-07
B,2025-23,REDE 34,81,82,Y,2025-06-05,2025-06-05
B,2025-23,REDE 35,32,33,Y,2025-06-05,2025-06-04
B,2025-24,REDE 01,29,18,Y,2025-06-12,2025-06-14
B,2025-24,REDE 02,76,66,Y,2025-06-12,2025-06-13
B,2025-24,REDE 03,80,77,Y,2025-06-12,2025-06-12
B,2025-24,REDE 04,84,80,Y,2025-06-12,2025-06-14
B,2025-24,REDE 05,57,59,Y,2025-06-12,2025-06-14
B,2025-24,REDE 06,42,39,Y,2025-06-12,2025-06-14
B,2025-24,REDE 07,39,27,Y,2025-06-12,2025-06-11
B,2025-24,REDE 08,29,17,Y,2025-06-12,2025-06-13
B,2025-24,REDE 09,67,53,Y,2025-06-12,2025-06-11
B,2025-24,REDE 10,69,65,Y,2025-06-12,2025-06-12
B,2025-24,REDE 11,76,79,Y,2025-06-12,2025-06-12
B,2025-24,REDE 12,38,28,Y,2025-06-12,2025-06-12
B,2025-24,REDE 13,77,76,Y,2025-06-12,2025-06-14
B,2025-24,REDE 14,81,83,Y,2025-06-12,2025-06-14
B,2025-24,REDE 15,64,61,Y,2025-06-12,2025-06-12
B,2025-24,REDE 16,36,34,Y,2025-06-12,2025-06-12
B,2025-24,REDE 17,35,33,Y,2025-06-12,2025-06-13
B,2025-24,REDE 18,40,29,Y,2025-06-12,2025-06-11
B,2025-24,REDE 19,75,0,Y,2025-06-12,2025-06-12
B,2025-24,REDE 20,68,67,Y,2025-06-12,2025-06-11
B,2025-24,REDE 21,26,13,Y,2025-06-12,2025-06-14
B,2025-24,REDE 22,44,40,Y,2025-06-12,2025-06-13
B,2025-24,REDE 23,73,75,Y,2025-06-12,2025-06-11
B,2025-24,REDE 24,38,31,Y,2025-06-12,2025-06-12
B,2025-24,REDE 25,73,65,Y,2025-06-12,2025-06-11
B,2025-24,REDE 26,46,39,Y,2025-06-12,2025-06-11
B,2025-24,REDE 27,30,17,Y,2025-06-12,2025-06-12
B,2025-24,REDE 28,41,41,Y,2025-06-12,2025-06-13
B,2025-24,REDE 29,52,50,Y,2025-06-12,2025-06-12
B,2025-24,REDE 30,47,43,Y,2025-06-12,2025-06-12
B,2025-24,REDE 31,59,45,Y,2025-06-12,2025-06-14
B,2025-24,REDE 32,63,55,Y,2025-06-12,2025-06-13
B,2025-24,REDE 33,76,69,Y,2025-06-12,2025-06-11
B,2025-24,REDE 34,85,80,Y,2025-06-12,2025-06-13
B,2025-24,REDE 35,48,51,Y,2025-06-12,2025-06-12
B,2025-25,REDE 01,71,70,Y,2025-06-19,2025-06-20
B,2025-25,REDE 02,76,66,Y,2025-06-19,2025-06-19
B,2025-25,REDE 03,68,59,Y,2025-06-19,2025-06-20
B,2025-25,REDE 04,89,80,Y,2025-06-19,2025-06-21
B,2025-25,REDE 05,48,34,Y,2025-06-19,2025-06-19
B,2025-25,REDE 06,82,79,Y,2025-06-19,2025-06-19
B,2025-25,REDE 07,49,38,Y,2025-06-19,2025-06-20
B,2025-25,REDE 08,56,59,Y,2025-06-19,2025-06-19
B,2025-25,REDE 09,53,38,Y,2025-06-19,2025-06-21
B,2025-25,REDE 10,24,12,Y,2025-06-19,2025-06-20
B,2025-25,REDE 11,28,18,Y,2025-06-19,2025-06-19
B,2025-25,REDE 12,69,58,Y,2025-06-19,2025-06-21
B,2025-25,REDE 13,74,71,Y,2025-06-19,2025-06-19
B,2025-25,REDE 14,28,15,Y,2025-06-19,2025-06-20
B,2025-25,REDE 15,41,31,Y,2025-06-19,2025-06-19
B,2025-25,REDE 16,32,22,Y,2025-06-19,2025-06-21
B,2025-25,REDE 17,22,24,Y,2025-06-19,2025-06-18
B,2025-25,REDE 18,35,31,Y,2025-06-19,2025-06-19
B,2025-25,REDE 19,20,11,Y,2025-06-19,2025-06-19
B,2025-25,REDE 20,59,59,Y,2025-06-19,2025-06-20
B,2025-25,REDE 21,38,23,Y,2025-06-19,2025-06-18
B,2025-25,REDE 22,65,51,Y,2025-06-19,2025-06-21
B,2025-25,REDE 23,34,25,Y,2025-06-19,2025-06-21
B,2025-25,REDE 24,54,55,Y,2025-06-19,2025-06-19
B,2025-25,REDE 25,89,83,Y,2025-06-19,2025-06-18
B,2025-25,REDE 26,53,48,Y,2025-06-19,2025-06-20
B,2025-25,REDE 27,28,18,Y,2025-06-19,2025-06-19
B,2025-25,REDE 28,27,29,Y,2025-06-19,2025-06-19
B,2025-25,REDE 29,31,26,Y,2025-06-19,2025-06-21
B,2025-25,REDE 30,69,64,Y,2025-06-19,2025-06-20
B,2025-25,REDE 31,59,61,Y,2025-06-19,2025-06-21
B,2025-25,REDE 32,88,85,Y,2025-06-19,2025-06-18
B,2025-25,REDE 33,31,24,Y,2025-06-19,2025-06-20
B,2025-25,REDE 34,81,69,Y,2025-06-19,2025-06-21
B,2025-25,REDE 35,59,0,Y,2025-06-19,2025-06-19
B,2025-26,REDE 01,86,76,Y,2025-06-26,2025-06-26
B,2025-26,REDE 02,80,79,Y,2025-06-26,2025-06-25
B,2025-26,REDE 03,21,6,Y,2025-06-26,2025-06-27
B,2025-26,REDE 04,75,71,Y,2025-06-26,2025-06-28
B,2025-26,REDE 05,38,23,Y,2025-06-26,2025-06-25
B,2025-26,REDE 06,80,69,Y,2025-06-26,2025-06-25
B,2025-26,REDE 07,28,21,Y,2025-06-26,2025-06-27
B,2025-26,REDE 08,69,55,Y,2025-06-26,2025-06-27
B,2025-26,REDE 09,86,84,Y,2025-06-26,2025-06-26
B,2025-26,REDE 10,29,17,Y,2025-06-26,2025-06-26
B,2025-26,REDE 11,59,50,Y,2025-06-26,2025-06-27
B,2025-26,REDE 12,55,43,Y,2025-06-26,2025-06-25
B,2025-26,REDE 13,82,75,Y,2025-06-26,2025-06-28
B,2025-26,REDE 14,65,66,Y,2025-06-26,2025-06-25
B,2025-26,REDE 15,24,23,Y,2025-06-26,2025-06-25
B,2025-26,REDE 16,34,29,Y,2025-06-26,2025-06-27
B,2025-26,REDE 17,26,17,Y,2025-06-26,2025-06-26
B,2025-26,REDE 18,77,63,Y,2025-06-26,2025-06-25
B,2025-26,REDE 19,59,47,Y,2025-06-26,2025-06-27
B,2025-26,REDE 20,24,25,Y,2025-06-26,2025-06-26
B,2025-26,REDE 21,33,34,Y,2025-06-26,2025-06-25
B,2025-26,REDE 22,23,8,Y,2025-06-26,2025-06-26
B,2025-26,REDE 23,75,78,Y,2025-06-26,2025-06-28
B,2025-26,REDE 24,62,56,Y,2025-06-26,2025-06-27
B,2025-26,REDE 25,55,57,Y,2025-06-26,2025-06-27
B,2025-26,REDE 26,39,26,Y,2025-06-26,2025-06-25
B,2025-26,REDE 27,47,46,Y,2025-06-26,2025-06-25
B,2025-26,REDE 28,22,18,Y,2025-06-26,2025-06-27
B,2025-26,REDE 29,47,42,Y,2025-06-26,2025-06-26
B,2025-26,REDE 30,51,44,Y,2025-06-26,2025-06-28
B,2025-26,REDE 31,38,23,Y,2025-06-26,2025-06-27
B,2025-26,REDE 32,52,50,Y,2025-06-26,2025-06-26
B,2025-26,REDE 33,78,66,Y,2025-06-26,2025-06-26
B,2025-26,REDE 34,50,39,Y,2025-06-26,2025-06-27
B,2025-26,REDE 35,27,22,Y,2025-06-26,2025-06-25
B,2025-27,REDE 01,53,46,Y,2025-07-03,2025-07-05
B,2025-27,REDE 02,64,60,Y,2025-07-03,2025-07-04
B,2025-27,REDE 03,27,30,Y,2025-07-03,2025-07-05
B,2025-27,REDE 04,33,30,Y,2025-07-03,2025-07-04
B,2025-27,REDE 05,63,65,Y,2025-07-03,2025-07-05
B,2025-27,REDE 06,78,73,Y,2025-07-03,2025-07-05
B,2025-27,REDE 07,82,79,Y,2025-07-03,2025-07-02
B,2025-27,REDE 08,50,37,Y,2025-07-03,2025-07-02
B,2025-27,REDE 09,75,68,Y,2025-07-03,2025-07-04
B,2025-27,REDE 10,66,64,Y,2025-07-03,2025-07-02
B,2025-27,REDE 11,57,58,N,2025-07-03,2025-07-04
B,2025-27,REDE 12,67,69,Y,2025-07-03,2025-07-04
B,2025-27,REDE 13,42,45,Y,2025-07-03,2025-07-05
B,2025-27,REDE 14,60,54,Y,2025-07-03,2025-07-03
B,2025-27,REDE 15,65,54,Y,2025-07-03,2025-07-04
B,2025-27,REDE 16,20,9,Y,2025-07-03,2025-07-03
B,2025-27,REDE 17,56,51,Y,2025-07-03,2025-07-04
B,2025-27,REDE 18,87,77,Y,2025-07-03,2025-07-04
B,2025-27,REDE 19,37,39,Y,2025-07-03,2025-07-02
B,2025-27,REDE 20,61,61,Y,2025-07-03,2025-07-04
B,2025-27,REDE 21,49,48,Y,2025-07-03,2025-07-05
B,2025-27,REDE 22,80,70,Y,2025-07-03,2025-07-04
B,2025-27,REDE 23,55,42,Y,2025-07-03,2025-07-04
B,2025-27,REDE 24,52,53,Y,2025-07-03,2025-07-03
B,2025-27,REDE 25,73,62,Y,2025-07-03,2025-07-02
B,2025-27,REDE 26,87,77,Y,2025-07-03,2025-07-02
B,2025-27,REDE 27,83,85,Y,2025-07-03,2025-07-04
B,2025-27,REDE 28,82,70,Y,2025-07-03,2025-07-02
B,2025-27,REDE 29,36,26,Y,2025-07-03,2025-07-04
B,2025-27,REDE 30,75,73,Y,2025-07-03,2025-07-04
B,2025-27,REDE 31,32,35,Y,2025-07-03,2025-07-02
B,2025-27,REDE 32,70,59,N,2025-07-03,2025-07-05
B,2025-27,REDE 33,28,21,Y,2025-07-03,2025-07-03
B,2025-27,REDE 34,30,21,Y,2025-07-03,2025-07-03
B,2025-27,REDE 35,68,67,Y,2025-07-03,2025-07-03
B,2025-28,REDE 01,27,14,Y,2025-07-10,2025-07-10
B,2025-28,REDE 02,46,40,Y,2025-07-10,2025-07-09
B,2025-28,REDE 03,85,72,N,2025-07-10,2025-07-12
B,2025-28,REDE 04,60,51,Y,2025-07-10,2025-07-11
B,2025-28,REDE 05,87,73,Y,2025-07-10,2025-07-09
B,2025-28,REDE 06,56,53,Y,2025-07-10,2025-07-12
B,2025-28,REDE 07,84,83,Y,2025-07-10,2025-07-10
B,2025-28,REDE 08,26,22,Y,2025-07-10,2025-07-11
B,2025-28,REDE 09,77,80,Y,2025-07-10,2025-07-10
B,2025-28,REDE 10,52,47,Y,2025-07-10,2025-07-09
B,2025-28,REDE 11,54,39,Y,2025-07-10,2025-07-09
B,2025-28,REDE 12,29,32,Y,2025-07-10,2025-07-09
B,2025-28,REDE 13,40,43,Y,2025-07-10,2025-07-09
B,2025-28,REDE 14,76,67,Y,2025-07-10,2025-07-12
B,2025-28,REDE 15,46,31,Y,2025-07-10,2025-07-12
B,2025-28,REDE 16,26,25,Y,2025-07-10,2025-07-11
B,2025-28,REDE 17,66,68,Y,2025-07-10,2025-07-11
B,2025-28,REDE 18,39,0,Y,2025-07-10,2025-07-10
B,2025-28,REDE 19,48,38,Y,2025-07-10,2025-07-10
B,2025-28,REDE 20,44,44,Y,2025-07-10,2025-07-09
B,2025-28,REDE 21,51,38,Y,2025-07-10,2025-07-10
B,2025-28,REDE 22,51,45,Y,2025-07-10,2025-07-09
B,2025-28,REDE 23,65,51,Y,2025-07-10,2025-07-09
B,2025-28,REDE 24,28,13,Y,2025-07-10,2025-07-11
B,2025-28,REDE 25,70,72,Y,2025-07-10,2025-07-09
B,2025-28,REDE 26,75,71,Y,2025-07-10,2025-07-12
B,2025-28,REDE 27,44,33,Y,2025-07-10,2025-07-12
B,2025-28,REDE 28,69,61,Y,2025-07-10,2025-07-11
B,2025-28,REDE 29,60,60,Y,2025-07-10,2025-07-09
B,2025-28,REDE 30,61,57,N,2025-07-10,2025-07-11
B,2025-28,REDE 31,23,13,Y,2025-07-10,2025-07-11
B,2025-28,REDE 32,20,17,Y,2025-07-10,2025-07-09
B,2025-28,REDE 33,41,26,Y,2025-07-10,2025-07-12
B,2025-28,REDE 34,74,73,Y,2025-07-10,2025-07-12
B,2025-28,REDE 35,37,0,Y,2025-07-10,2025-07-09
B,2025-29,REDE 01,50,47,Y,2025-07-17,2025-07-16
B,2025-29,REDE 02,71,68,Y,2025-07-17,2025-07-18
B,2025-29,REDE 03,50,40,Y,2025-07-17,2025-07-18
B,2025-29,REDE 04,86,78,Y,2025-07-17,2025-07-18
B,2025-29,REDE 05,34,21,Y,2025-07-17,2025-07-19
B,2025-29,REDE 06,34,35,Y,2025-07-17,2025-07-16
B,2025-29,REDE 07,50,45,Y,2025-07-17,2025-07-18
B,2025-29,REDE 08,87,74,Y,2025-07-17,2025-07-19
B,2025-29,REDE 09,39,32,Y,2025-07-17,2025-07-17
B,2025-29,REDE 10,81,78,Y,2025-07-17,2025-07-18
B,2025-29,REDE 11,82,75,Y,2025-07-17,2025-07-17
B,2025-29,REDE 12,38,39,Y,2025-07-17,2025-07-18
B,2025-29,REDE 13,59,62,Y,2025-07-17,2025-07-18
B,2025-29,REDE 14,36,32,N,2025-07-17,2025-07-19
B,2025-29,REDE 15,74,68,Y,2025-07-17,2025-07-19
B,2025-29,REDE 16,79,67,Y,2025-07-17,2025-07-16
B,2025-29,REDE 17,77,62,Y,2025-07-17,2025-07-19
B,2025-29,REDE 18,34,35,Y,2025-07-17,2025-07-18
B,2025-29,REDE 19,77,70,Y,2025-07-17,2025-07-18
B,2025-29,REDE 20,74,75,Y,2025-07-17,2025-07-18
B,2025-29,REDE 21,38,39,Y,2025-07-17,2025-07-19
B,2025-29,REDE 22,83,71,Y,2025-07-17,2025-07-19
B,2025-29,REDE 23,48,34,Y,2025-07-17,2025-07-17
B,2025-29,REDE 24,66,53,Y,2025-07-17,2025-07-17
B,2025-29,REDE 25,49,37,Y,2025-07-17,2025-07-16
B,2025-29,REDE 26,68,59,Y,2025-07-17,2025-07-19
B,2025-29,REDE 27,58,48,Y,2025-07-17,2025-07-18
B,2025-29,REDE 28,83,86,Y,2025-07-17,2025-07-16
B,2025-29,REDE 29,21,14,Y,2025-07-17,2025-07-17
B,2025-29,REDE 30,27,14,Y,2025-07-17,2025-07-16
B,2025-29,REDE 31,46,32,Y,2025-07-17,2025-07-19
B,2025-29,REDE 32,65,65,Y,2025-07-17,2025-07-18
B,2025-29,REDE 33,35,38,Y,2025-07-17,2025-07-16
B,2025-29,REDE 34,79,68,Y,2025-07-17,2025-07-16
B,2025-29,REDE 35,90,82,Y,2025-07-17,2025-07-17
B,2025-30,REDE 01,33,22,Y,2025-07-24,2025-07-23
B,2025-30,REDE 02,81,76,Y,2025-07-24,2025-07-26
B,2025-30,REDE 03,84,77,Y,2025-07-24,2025-07-24
B,2025-30,REDE 04,36,33,Y,2025-07-24,2025-07-23
B,2025-30,REDE 05,58,43,Y,2025-07-24,2025-07-24
B,2025-30,REDE 06,72,65,Y,2025-07-24,2025-07-24
B,2025-30,REDE 07,74,0,N,2025-07-24,2025-07-26
B,2025-30,REDE 08,36,38,Y,2025-07-24,2025-07-23
B,2025-30,REDE 09,63,49,Y,2025-07-24,2025-07-24
B,2025-30,REDE 10,74,70,Y,2025-07-24,2025-07-24
B,2025-30,REDE 11,75,73,Y,2025-07-24,2025-07-26
B,2025-30,REDE 12,28,29,Y,2025-07-24,2025-07-26
B,2025-30,REDE 13,41,41,Y,2025-07-24,2025-07-26
B,2025-30,REDE 14,32,34,Y,2025-07-24,2025-07-23
B,2025-30,REDE 15,59,53,Y,2025-07-24,2025-07-24
B,2025-30,REDE 16,31,21,Y,2025-07-24,2025-07-24
B,2025-30,REDE 17,20,12,Y,2025-07-24,2025-07-24
B,2025-30,REDE 18,22,18,Y,2025-07-24,2025-07-24
B,2025-30,REDE 19,38,25,Y,2025-07-24,2025-07-23
B,2025-30,REDE 20,61,59,Y,2025-07-24,2025-07-26
B,2025-30,REDE 21,31,18,Y,2025-07-24,2025-07-24
B,2025-30,REDE 22,38,39,Y,2025-07-24,2025-07-24
B,2025-30,REDE 23,32,25,Y,2025-07-24,2025-07-24
B,2025-30,REDE 24,81,75,Y,2025-07-24,2025-07-23
B,2025-30,REDE 25,60,61,Y,2025-07-24,2025-07-24
B,2025-30,REDE 26,58,53,Y,2025-07-24,2025-07-25
B,2025-30,REDE 27,51,37,Y,2025-07-24,2025-07-23
B,2025-30,REDE 28,74,73,Y,2025-07-24,2025-07-25
B,2025-30,REDE 29,38,23,Y,2025-07-24,2025-07-26
B,2025-30,REDE 30,33,31,Y,2025-07-24,2025-07-23
B,2025-30,REDE 31,67,59,Y,2025-07-24,2025-07-25
B,2025-30,REDE 32,50,41,Y,2025-07-24,2025-07-25
B,2025-30,REDE 33,65,64,Y,2025-07-24,2025-07-25
B,2025-30,REDE 34,77,71,Y,2025-07-24,2025-07-26
B,2025-30,REDE 35,85,87,Y,2025-07-24,2025-07-23
B,2025-31,REDE 01,66,51,N,2025-07-31,2025-08-02
B,2025-31,REDE 02,32,28,Y,2025-07-31,2025-07-31
B,2025-31,REDE 03,65,64,Y,2025-07-31,2025-08-02
B,2025-31,REDE 04,52,43,Y,2025-07-31,2025-08-01
B,2025-31,REDE 05,48,37,Y,2025-07-31,2025-07-30
B,2025-31,REDE 06,64,51,Y,2025-07-31,2025-08-01
B,2025-31,REDE 07,89,87,Y,2025-07-31,2025-08-01
B,2025-31,REDE 08,54,50,Y,2025-07-31,2025-07-30
B,2025-31,REDE 09,82,82,Y,2025-07-31,2025-08-02
B,2025-31,REDE 10,85,79,Y,2025-07-31,2025-07-30
B,2025-31,REDE 11,89,88,Y,2025-07-31,2025-07-31
B,2025-31,REDE 12,53,38,Y,2025-07-31,2025-08-02
B,2025-31,REDE 13,20,17,Y,2025-07-31,2025-07-30
B,2025-31,REDE 14,33,21,Y,2025-07-31,2025-08-01
B,2025-31,REDE 15,46,34,Y,2025-07-31,2025-08-02
B,2025-31,REDE 16,54,52,Y,2025-07-31,2025-08-02
B,2025-31,REDE 17,55,55,Y,2025-07-31,2025-07-31
B,2025-31,REDE 18,27,27,Y,2025-07-31,2025-07-30
B,2025-31,REDE 19,56,44,N,2025-07-31,2025-08-02
B,2025-31,REDE 20,28,24,Y,2025-07-31,2025-07-30
B,2025-31,REDE 21,85,71,Y,2025-07-31,2025-07-30
B,2025-31,REDE 22,40,39,Y,2025-07-31,2025-07-30
B,2025-31,REDE 23,60,57,Y,2025-07-31,2025-08-01
B,2025-31,REDE 24,27,23,Y,2025-07-31,2025-08-02
B,2025-31,REDE 25,89,74,Y,2025-07-31,2025-08-01
B,2025-31,REDE 26,33,20,Y,2025-07-31,2025-07-30
B,2025-31,REDE 27,54,56,Y,2025-07-31,2025-07-30
B,2025-31,REDE 28,23,20,Y,2025-07-31,2025-07-30
B,2025-31,REDE 29,49,52,Y,2025-07-31,2025-07-30
B,2025-31,REDE 30,24,11,Y,2025-07-31,2025-07-31
B,2025-31,REDE 31,76,63,Y,2025-07-31,2025-07-31
B,2025-31,REDE 32,76,62,Y,2025-07-31,2025-08-02
B,2025-31,REDE 33,58,53,Y,2025-07-31,2025-07-31
B,2025-31,REDE 34,27,26,Y,2025-07-31,2025-07-30
B,2025-31,REDE 35,71,67,Y,2025-07-31,2025-08-01
B,2025-32,REDE 01,81,71,Y,2025-08-07,2025-08-07
B,2025-32,REDE 02,84,0,Y,2025-08-07,2025-08-07
B,2025-32,REDE 03,29,17,Y,2025-08-07,2025-08-09
B,2025-32,REDE 04,31,17,Y,2025-08-07,2025-08-09
B,2025-32,REDE 05,66,57,Y,2025-08-07,2025-08-07
B,2025-32,REDE 06,63,63,Y,2025-08-07,2025-08-07
B,2025-32,REDE 07,52,39,Y,2025-08-07,2025-08-08
B,2025-32,REDE 08,72,58,Y,2025-08-07,2025-08-09
B,2025-32,REDE 09,80,80,Y,2025-08-07,2025-08-08
B,2025-32,REDE 10,56,57,Y,2025-08-07,2025-08-06
B,2025-32,REDE 11,54,47,Y,2025-08-07,2025-08-09
B,2025-32,REDE 12,71,74,Y,2025-08-07,2025-08-06
B,2025-32,REDE 13,60,57,Y,2025-08-07,2025-08-09
B,2025-32,REDE 14,81,74,Y,2025-08-07,2025-08-06
B,2025-32,REDE 15,41,27,Y,2025-08-07,2025-08-08
B,2025-32,REDE 16,62,57,Y,2025-08-07,2025-08-07
B,2025-32,REDE 17,49,36,Y,2025-08-07,2025-08-08
B,2025-32,REDE 18,85,75,Y,2025-08-07,2025-08-09
B,2025-32,REDE 19,58,55,Y,2025-08-07,2025-08-07
B,2025-32,REDE 20,84,76,Y,2025-08-07,2025-08-06
B,2025-32,REDE 21,76,64,Y,2025-08-07,2025-08-09
B,2025-32,REDE 22,26,13,Y,2025-08-07,2025-08-06
B,2025-32,REDE 23,23,9,Y,2025-08-07,2025-08-07
B,2025-32,REDE 24,54,40,Y,2025-08-07,2025-08-09
B,2025-32,REDE 25,49,50,Y,2025-08-07,2025-08-09
B,2025-32,REDE 26,73,73,Y,2025-08-07,2025-08-06
B,2025-32,REDE 27,22,17,Y,2025-08-07,2025-08-08
B,2025-32,REDE 28,74,69,Y,2025-08-07,2025-08-08
B,2025-32,REDE 29,80,0,Y,2025-08-07,2025-08-06
B,2025-32,REDE 30,80,77,Y,2025-08-07,2025-08-06
B,2025-32,REDE 31,73,74,Y,2025-08-07,2025-08-07
B,2025-32,REDE 32,41,44,Y,2025-08-07,2025-08-08
B,2025-32,REDE 33,84,69,Y,2025-08-07,2025-08-09
B,2025-32,REDE 34,20,16,Y,2025-08-07,2025-08-09
B,2025-32,REDE 35,43,33,Y,2025-08-07,2025-08-09
B,2025-33,REDE 01,83,75,Y,2025-08-14,2025-08-14
B,2025-33,REDE 02,27,14,Y,2025-08-14,2025-08-14
B,2025-33,REDE 03,90,91,Y,2025-08-14,2025-08-13
B,2025-33,REDE 04,54,51,Y,2025-08-14,2025-08-16
B,2025-33,REDE 05,26,18,Y,2025-08-14,2025-08-15
B,2025-33,REDE 06,49,51,Y,2025-08-14,2025-08-13
B,2025-33,REDE 07,69,56,Y,2025-08-14,2025-08-13
B,2025-33,REDE 08,45,46,Y,2025-08-14,2025-08-15
B,2025-33,REDE 09,27,15,Y,2025-08-14,2025-08-13
B,2025-33,REDE 10,90,80,Y,2025-08-14,2025-08-15
B,2025-33,REDE 11,57,59,Y,2025-08-14,2025-08-13
B,2025-33,REDE 12,21,15,Y,2025-08-14,2025-08-14
B,2025-33,REDE 13,35,20,Y,2025-08-14,2025-08-13
B,2025-33,REDE 14,62,58,Y,2025-08-14,2025-08-16
B,2025-33,REDE 15,41,37,Y,2025-08-14,2025-08-14
B,2025-33,REDE 16,60,62,Y,2025-08-14,2025-08-14
B,2025-33,REDE 17,89,80,Y,2025-08-14,2025-08-13
B,2025-33,REDE 18,51,53,Y,2025-08-14,2025-08-16
B,2025-33,REDE 19,68,62,Y,2025-08-14,2025-08-16
B,2025-33,REDE 20,63,66,Y,2025-08-14,2025-08-16
B,2025-33,REDE 21,85,77,Y,2025-08-14,2025-08-16
B,2025-33,REDE 22,75,0,Y,2025-08-14,2025-08-13
B,2025-33,REDE 23,42,38,Y,2025-08-14,2025-08-15
B,2025-33,REDE 24,72,60,Y,2025-08-14,2025-08-15
B,2025-33,REDE 25,39,26,Y,2025-08-14,2025-08-16
B,2025-33,REDE 26,84,79,Y,2025-08-14,2025-08-13
B,2025-33,REDE 27,54,49,Y,2025-08-14,2025-08-16
B,2025-33,REDE 28,51,51,Y,2025-08-14,2025-08-15
B,2025-33,REDE 29,37,35,Y,2025-08-14,2025-08-15
B,2025-33,REDE 30,31,0,Y,2025-08-14,2025-08-16
B,2025-33,REDE 31,84,86,Y,2025-08-14,2025-08-14
B,2025-33,REDE 32,44,34,Y,2025-08-14,2025-08-14
B,2025-33,REDE 33,50,49,Y,2025-08-14,2025-08-15
B,2025-33,REDE 34,47,37,Y,2025-08-14,2025-08-16
B,2025-33,REDE 35,25,13,Y,2025-08-14,2025-08-14
B,2025-34,REDE 01,25,12,Y,2025-08-21,2025-08-20
B,2025-34,REDE 02,23,26,Y,2025-08-21,2025-08-23
B,2025-34,REDE 03,21,16,Y,2025-08-21,2025-08-23
B,2025-34,REDE 04,63,52,Y,2025-08-21,2025-08-21
B,2025-34,REDE 05,59,46,Y,2025-08-21,2025-08-21
B,2025-34,REDE 06,67,61,Y,2025-08-21,2025-08-22
B,2025-34,REDE 07,73,72,Y,2025-08-21,2025-08-21
B,2025-34,REDE 08,65,52,Y,2025-08-21,2025-08-21
B,2025-34,REDE 09,59,55,Y,2025-08-21,2025-08-22
B,2025-34,REDE 10,77,73,Y,2025-08-21,2025-08-23
B,2025-34,REDE 11,86,88,Y,2025-08-21,2025-08-23
B,2025-34,REDE 12,90,79,Y,2025-08-21,2025-08-21
B,2025-34,REDE 13,75,75,Y,2025-08-21,2025-08-22
B,2025-34,REDE 14,82,68,Y,2025-08-21,2025-08-23
B,2025-34,REDE 15,45,48,Y,2025-08-21,2025-08-21
B,2025-34,REDE 16,31,31,Y,2025-08-21,2025-08-21
B,2025-34,REDE 17,32,25,Y,2025-08-21,2025-08-20
B,2025-34,REDE 18,45,42,N,2025-08-21,2025-08-23
B,2025-34,REDE 19,30,23,Y,2025-08-21,2025-08-23
B,2025-34,REDE 20,50,39,Y,2025-08-21,2025-08-21
B,2025-34,REDE 21,51,36,Y,2025-08-21,2025-08-20
B,2025-34,REDE 22,86,73,Y,2025-08-21,2025-08-20
B,2025-34,REDE 23,63,52,Y,2025-08-21,2025-08-22
B,2025-34,REDE 24,34,29,Y,2025-08-21,2025-08-21
B,2025-34,REDE 25,56,47,Y,2025-08-21,2025-08-21
B,2025-34,REDE 26,70,70,Y,2025-08-21,2025-08-21
B,2025-34,REDE 27,64,61,Y,2025-08-21,2025-08-22
B,2025-34,REDE 28,84,87,Y,2025-08-21,2025-08-20
B,2025-34,REDE 29,67,68,Y,2025-08-21,2025-08-23
B,2025-34,REDE 30,70,60,Y,2025-08-21,2025-08-22
B,2025-34,REDE 31,68,60,Y,2025-08-21,2025-08-23
B,2025-34,REDE 32,35,28,Y,2025-08-21,2025-08-21
B,2025-34,REDE 33,44,39,Y,2025-08-21,2025-08-20
B,2025-34,REDE 34,36,39,Y,2025-08-21,2025-08-22
B,2025-34,REDE 35,60,50,Y,2025-08-21,2025-08-21
B,2025-35,REDE 01,70,58,Y,2025-08-28,2025-08-30
B,2025-35,REDE 02,27,22,Y,2025-08-28,2025-08-28
B,2025-35,REDE 03,63,53,Y,2025-08-28,2025-08-28
B,2025-35,REDE 04,49,37,Y,2025-08-28,2025-08-27
B,2025-35,REDE 05,22,23,Y,2025-08-28,2025-08-30
B,2025-35,REDE 06,60,51,Y,2025-08-28,2025-08-28
B,2025-35,REDE 07,90,93,Y,2025-08-28,2025-08-29
B,2025-35,REDE 08,79,79,Y,2025-08-28,2025-08-29
B,2025-35,REDE 09,23,16,Y,2025-08-28,2025-08-29
B,2025-35,REDE 10,55,50,Y,2025-08-28,2025-08-30
B,2025-35,REDE 11,51,44,Y,2025-08-28,2025-08-28
B,2025-35,REDE 12,37,26,Y,2025-08-28,2025-08-29
B,2025-35,REDE 13,29,18,Y,2025-08-28,2025-08-29
B,2025-35,REDE 14,33,22,Y,2025-08-28,2025-08-28
B,2025-35,REDE 15,61,60,Y,2025-08-28,2025-08-27
B,2025-35,REDE 16,59,58,Y,2025-08-28,2025-08-29
B,2025-35,REDE 17,54,42,Y,2025-08-28,2025-08-29
B,2025-35,REDE 18,60,54,Y,2025-08-28,2025-08-27
B,2025-35,REDE 19,39,40,Y,2025-08-28,2025-08-28
B,2025-35,REDE 20,64,63,Y,2025-08-28,2025-08-28
B,2025-35,REDE 21,48,35,Y,2025-08-28,2025-08-27
B,2025-35,REDE 22,59,49,Y,2025-08-28,2025-08-27
B,2025-35,REDE 23,24,24,Y,2025-08-28,2025-08-29
B,2025-35,REDE 24,23,20,Y,2025-08-28,2025-08-27
B,2025-35,REDE 25,54,44,Y,2025-08-28,2025-08-28
B,2025-35,REDE 26,78,75,Y,2025-08-28,2025-08-28
B,2025-35,REDE 27,78,70,Y,2025-08-28,2025-08-30
B,2025-35,REDE 28,26,12,Y,2025-08-28,2025-08-28
B,2025-35,REDE 29,80,65,Y,2025-08-28,2025-08-27
B,2025-35,REDE 30,49,51,Y,2025-08-28,2025-08-27
B,2025-35,REDE 31,26,22,Y,2025-08-28,2025-08-29
B,2025-35,REDE 32,88,79,Y,2025-08-28,2025-08-30
B,2025-35,REDE 33,58,47,Y,2025-08-28,2025-08-29
B,2025-35,REDE 34,27,27,Y,2025-08-28,2025-08-28
B,2025-35,REDE 35,28,25,Y,2025-08-28,2025-08-27
B,2025-36,REDE 01,47,41,Y,2025-09-04,2025-09-05
B,2025-36,REDE 02,56,0,Y,2025-09-04,2025-09-04
B,2025-36,REDE 03,34,23,Y,2025-09-04,2025-09-04
B,2025-36,REDE 04,20,5,Y,2025-09-04,2025-09-05
B,2025-36,REDE 05,84,77,Y,2025-09-04,2025-09-05
B,2025-36,REDE 06,52,46,Y,2025-09-04,2025-09-03
B,2025-36,REDE 07,38,40,Y,2025-09-04,2025-09-04
B,2025-36,REDE 08,47,34,Y,2025-09-04,2025-09-06
B,2025-36,REDE 09,82,73,Y,2025-09-04,2025-09-06
B,2025-36,REDE 10,42,34,Y,2025-09-04,2025-09-06
B,2025-36,REDE 11,40,34,Y,2025-09-04,2025-09-04
B,2025-36,REDE 12,89,82,Y,2025-09-04,2025-09-04
B,2025-36,REDE 13,83,73,Y,2025-09-04,2025-09-05
B,2025-36,REDE 14,30,28,Y,2025-09-04,2025-09-03
B,2025-36,REDE 15,58,49,Y,2025-09-04,2025-09-06
B,2025-36,REDE 16,63,56,Y,2025-09-04,2025-09-04
B,2025-36,REDE 17,35,23,Y,2025-09-04,2025-09-03
B,2025-36,REDE 18,75,74,Y,2025-09-04,2025-09-03
B,2025-36,REDE 19,39,40,Y,2025-09-04,2025-09-03
B,2025-36,REDE 20,28,21,Y,2025-09-04,2025-09-05
B,2025-36,REDE 21,43,38,Y,2025-09-04,2025-09-04
B,2025-36,REDE 22,66,59,Y,2025-09-04,2025-09-04
B,2025-36,REDE 23,43,32,Y,2025-09-04,2025-09-06
B,2025-36,REDE 24,69,62,Y,2025-09-04,2025-09-05
B,2025-36,REDE 25,29,28,Y,2025-09-04,2025-09-06
B,2025-36,REDE 26,59,0,Y,2025-09-04,2025-09-03
B,2025-36,REDE 27,25,24,Y,2025-09-04,2025-09-04
B,2025-36,REDE 28,65,50,Y,2025-09-04,2025-09-06
B,2025-36,REDE 29,24,25,Y,2025-09-04,2025-09-05
B,2025-36,REDE 30,53,40,Y,2025-09-04,2025-09-04
B,2025-36,REDE 31,78,73,Y,2025-09-04,2025-09-06
B,2025-36,REDE 32,79,78,Y,2025-09-04,2025-09-04
B,2025-36,REDE 33,61,63,Y,2025-09-04,2025-09-06
B,2025-36,REDE 34,26,19,Y,2025-09-04,2025-09-06
B,2025-36,REDE 35,31,32,Y,2025-09-04,2025-09-06
B,2025-37,REDE 01,77,64,Y,2025-09-11,2025-09-13
B,2025-37,REDE 02,38,36,Y,2025-09-11,2025-09-11
B,2025-37,REDE 03,40,32,Y,2025-09-11,2025-09-10
B,2025-37,REDE 04,55,57,Y,2025-09-11,2025-09-12
B,2025-37,REDE 05,74,63,Y,2025-09-11,2025-09-11
B,2025-37,REDE 06,49,47,Y,2025-09-11,2025-09-11
B,2025-37,REDE 07,72,71,Y,2025-09-11,2025-09-12
B,2025-37,REDE 08,41,35,Y,2025-09-11,2025-09-12
B,2025-37,REDE 09,33,23,Y,2025-09-11,2025-09-10
B,2025-37,REDE 10,53,41,Y,2025-09-11,2025-09-10
B,2025-37,REDE 11,25,25,Y,2025-09-11,2025-09-13
B,2025-37,REDE 12,89,92,Y,2025-09-11,2025-09-13
B,2025-37,REDE 13,49,46,Y,2025-09-11,2025-09-10
B,2025-37,REDE 14,78,67,Y,2025-09-11,2025-09-10
B,2025-37,REDE 15,37,36,Y,2025-09-11,2025-09-11
B,2025-37,REDE 16,71,57,Y,2025-09-11,2025-09-10
B,2025-37,REDE 17,72,60,Y,2025-09-11,2025-09-10
B,2025-37,REDE 18,49,52,Y,2025-09-11,2025-09-10
B,2025-37,REDE 19,29,30,Y,2025-09-11,2025-09-11
B,2025-37,REDE 20,40,43,Y,2025-09-11,2025-09-11
B,2025-37,REDE 21,88,81,Y,2025-09-11,2025-09-10
B,2025-37,REDE 22,65,63,Y,2025-09-11,2025-09-11
B,2025-37,REDE 23,32,19,Y,2025-09-11,2025-09-11
B,2025-37,REDE 24,52,53,Y,2025-09-11,2025-09-10
B,2025-37,REDE 25,53,41,Y,2025-09-11,2025-09-10
B,2025-37,REDE 26,33,27,Y,2025-09-11,2025-09-12
B,2025-37,REDE 27,67,68,Y,2025-09-11,2025-09-11
B,2025-37,REDE 28,54,39,Y,2025-09-11,2025-09-11
B,2025-37,REDE 29,65,59,Y,2025-09-11,2025-09-10
B,2025-37,REDE 30,74,70,Y,2025-09-11,2025-09-13
B,2025-37,REDE 31,23,13,Y,2025-09-11,2025-09-12
B,2025-37,REDE 32,51,49,Y,2025-09-11,2025-09-10
B,2025-37,REDE 33,54,43,Y,2025-09-11,2025-09-13
B,2025-37,REDE 34,58,54,Y,2025-09-11,2025-09-10
B,2025-37,REDE 35,31,17,Y,2025-09-11,2025-09-11
B,2025-38,REDE 01,36,34,Y,2025-09-18,2025-09-17
B,2025-38,REDE 02,24,11,Y,2025-09-18,2025-09-17
B,2025-38,REDE 03,57,0,Y,2025-09-18,2025-09-20
B,2025-38,REDE 04,69,62,Y,2025-09-18,2025-09-20
B,2025-38,REDE 05,72,65,Y,2025-09-18,2025-09-19
B,2025-38,REDE 06,82,68,Y,2025-09-18,2025-09-19
B,2025-38,REDE 07,81,81,Y,2025-09-18,2025-09-19
B,2025-38,REDE 08,90,79,Y,2025-09-18,2025-09-18
B,2025-38,REDE 09,43,35,Y,2025-09-18,2025-09-18
B,2025-38,REDE 10,41,37,Y,2025-09-18,2025-09-17
B,2025-38,REDE 11,41,37,Y,2025-09-18,2025-09-20
B,2025-38,REDE 12,32,32,Y,2025-09-18,2025-09-18
B,2025-38,REDE 13,76,72,Y,2025-09-18,2025-09-18
B,2025-38,REDE 14,33,33,Y,2025-09-18,2025-09-20
B,2025-38,REDE 15,31,30,Y,2025-09-18,2025-09-19
B,2025-38,REDE 16,77,76,Y,2025-09-18,2025-09-20
B,2025-38,REDE 17,34,23,Y,2025-09-18,2025-09-20
B,2025-38,REDE 18,81,75,Y,2025-09-18,2025-09-17
B,2025-38,REDE 19,45,41,Y,2025-09-18,2025-09-20
B,2025-38,REDE 20,31,34,Y,2025-09-18,2025-09-18
B,2025-38,REDE 21,60,56,Y,2025-09-18,2025-09-20
B,2025-38,REDE 22,83,76,Y,2025-09-18,2025-09-19
B,2025-38,REDE 23,26,20,Y,2025-09-18,2025-09-18
B,2025-38,REDE 24,44,30,Y,2025-09-18,2025-09-17
B,2025-38,REDE 25,80,77,Y,2025-09-18,2025-09-19
B,2025-38,REDE 26,35,23,Y,2025-09-18,2025-09-18
B,2025-38,REDE 27,90,83,Y,2025-09-18,2025-09-19
B,2025-38,REDE 28,76,68,Y,2025-09-18,2025-09-19
B,2025-38,REDE 29,33,31,Y,2025-09-18,2025-09-18
B,2025-38,REDE 30,20,23,Y,2025-09-18,2025-09-18
B,2025-38,REDE 31,57,53,Y,2025-09-18,2025-09-19
B,2025-38,REDE 32,50,51,N,2025-09-18,2025-09-20
B,2025-38,REDE 33,40,30,Y,2025-09-18,2025-09-20
B,2025-38,REDE 34,81,68,Y,2025-09-18,2025-09-17
B,2025-38,REDE 35,61,0,Y,2025-09-18,2025-09-17
B,2025-39,REDE 01,45,39,Y,2025-09-25,2025-09-25
B,2025-39,REDE 02,50,45,Y,2025-09-25,2025-09-26
B,2025-39,REDE 03,69,64,Y,2025-09-25,2025-09-27
B,2025-39,REDE 04,66,59,Y,2025-09-25,2025-09-25
B,2025-39,REDE 05,72,60,Y,2025-09-25,2025-09-24
B,2025-39,REDE 06,56,55,Y,2025-09-25,2025-09-24
B,2025-39,REDE 07,83,74,Y,2025-09-25,2025-09-27
B,2025-39,REDE 08,37,23,Y,2025-09-25,2025-09-24
B,2025-39,REDE 09,29,22,Y,2025-09-25,2025-09-27
B,2025-39,REDE 10,34,32,Y,2025-09-25,2025-09-26
B,2025-39,REDE 11,66,51,Y,2025-09-25,2025-09-26
B,2025-39,REDE 12,87,78,Y,2025-09-25,2025-09-27
B,2025-39,REDE 13,80,0,Y,2025-09-25,2025-09-27
B,2025-39,REDE 14,71,72,Y,2025-09-25,2025-09-25
B,2025-39,REDE 15,53,56,Y,2025-09-25,2025-09-25
B,2025-39,REDE 16,40,43,Y,2025-09-25,2025-09-25
B,2025-39,REDE 17,66,56,Y,2025-09-25,2025-09-25
B,2025-39,REDE 18,88,80,Y,2025-09-25,2025-09-25
B,2025-39,REDE 19,22,21,Y,2025-09-25,2025-09-26
B,2025-39,REDE 20,85,71,Y,2025-09-25,2025-09-25
B,2025-39,REDE 21,70,66,Y,2025-09-25,2025-09-27
B,2025-39,REDE 22,44,38,Y,2025-09-25,2025-09-27
B,2025-39,REDE 23,48,33,Y,2025-09-25,2025-09-24
B,2025-39,REDE 24,38,30,Y,2025-09-25,2025-09-25
B,2025-39,REDE 25,55,50,Y,2025-09-25,2025-09-26
B,2025-39,REDE 26,87,86,Y,2025-09-25,2025-09-26
B,2025-39,REDE 27,76,70,Y,2025-09-25,2025-09-27
B,2025-39,REDE 28,22,9,Y,2025-09-25,2025-09-27
B,2025-39,REDE 29,74,72,Y,2025-09-25,2025-09-26
B,2025-39,REDE 30,58,0,Y,2025-09-25,2025-09-24
B,2025-39,REDE 31,67,67,Y,2025-09-25,2025-09-26
B,2025-39,REDE 32,73,68,Y,2025-09-25,2025-09-24
B,2025-39,REDE 33,59,52,Y,2025-09-25,2025-09-25
B,2025-39,REDE 34,26,12,Y,2025-09-25,2025-09-27
B,2025-39,REDE 35,44,33,Y,2025-09-25,2025-09-25
B,2025-40,REDE 01,71,73,Y,2025-10-02,2025-10-01
B,2025-40,REDE 02,45,37,Y,2025-10-02,2025-10-04
B,2025-40,REDE 03,45,37,Y,2025-10-02,2025-10-01
B,2025-40,REDE 04,57,42,Y,2025-10-02,2025-10-03
B,2025-40,REDE 05,53,46,Y,2025-10-02,2025-10-02
B,2025-40,REDE 06,26,27,Y,2025-10-02,2025-10-01
B,2025-40,REDE 07,56,44,Y,2025-10-02,2025-10-02
B,2025-40,REDE 08,82,76,Y,2025-10-02,2025-10-02
B,2025-40,REDE 09,39,34,Y,2025-10-02,2025-10-02
B,2025-40,REDE 10,59,47,Y,2025-10-02,2025-10-04
B,2025-40,REDE 11,52,44,Y,2025-10-02,2025-10-04
B,2025-40,REDE 12,20,22,Y,2025-10-02,2025-10-04
B,2025-40,REDE 13,46,35,Y,2025-10-02,2025-10-01
B,2025-40,REDE 14,87,86,Y,2025-10-02,2025-10-04
B,2025-40,REDE 15,44,34,Y,2025-10-02,2025-10-03
B,2025-40,REDE 16,21,15,Y,2025-10-02,2025-10-01
B,2025-40,REDE 17,66,62,Y,2025-10-02,2025-10-03
B,2025-40,REDE 18,33,18,Y,2025-10-02,2025-10-01
B,2025-40,REDE 19,50,39,Y,2025-10-02,2025-10-01
B,2025-40,REDE 20,78,78,Y,2025-10-02,2025-10-04
B,2025-40,REDE 21,38,27,Y,2025-10-02,2025-10-01
B,2025-40,REDE 22,23,17,Y,2025-10-02,2025-10-02
B,2025-40,REDE 23,30,22,Y,2025-10-02,2025-10-03
B,2025-40,REDE 24,40,37,Y,2025-10-02,2025-10-03
B,2025-40,REDE 25,83,0,Y,2025-10-02,2025-10-01
B,2025-40,REDE 26,42,0,Y,2025-10-02,2025-10-03
B,2025-40,REDE 27,43,44,Y,2025-10-02,2025-10-03
B,2025-40,REDE 28,66,53,Y,2025-10-02,2025-10-01
B,2025-40,REDE 29,74,75,Y,2025-10-02,2025-10-04
B,2025-40,REDE 30,20,22,Y,2025-10-02,2025-10-03
B,2025-40,REDE 31,73,0,Y,2025-10-02,2025-10-02
B,2025-40,REDE 32,30,17,Y,2025-10-02,2025-10-02
B,2025-40,REDE 33,23,0,Y,2025-10-02,2025-10-02
B,2025-40,REDE 34,54,55,Y,2025-10-02,2025-10-01
B,2025-40,REDE 35,38,40,Y,2025-10-02,2025-10-03
B,2025-41,REDE 01,30,15,Y,2025-10-09,2025-10-08
B,2025-41,REDE 02,49,43,Y,2025-10-09,2025-10-11
B,2025-41,REDE 03,36,30,Y,2025-10-09,2025-10-11
B,2025-41,REDE 04,83,79,Y,2025-10-09,2025-10-09
B,2025-41,REDE 05,24,24,Y,2025-10-09,2025-10-09
B,2025-41,REDE 06,60,55,Y,2025-10-09,2025-10-09
B,2025-41,REDE 07,22,24,Y,2025-10-09,2025-10-08
B,2025-41,REDE 08,20,6,Y,2025-10-09,2025-10-08
B,2025-41,REDE 09,73,59,Y,2025-10-09,2025-10-10
B,2025-41,REDE 10,42,40,Y,2025-10-09,2025-10-10
B,2025-41,REDE 11,26,17,Y,2025-10-09,2025-10-09
B,2025-41,REDE 12,79,73,Y,2025-10-09,2025-10-10
B,2025-41,REDE 13,75,77,Y,2025-10-09,2025-10-09
B,2025-41,REDE 14,68,62,Y,2025-10-09,2025-10-09
B,2025-41,REDE 15,75,73,Y,2025-10-09,2025-10-09
B,2025-41,REDE 16,55,43,Y,2025-10-09,2025-10-08
B,2025-41,REDE 17,49,45,Y,2025-10-09,2025-10-09
B,2025-41,REDE 18,90,82,Y,2025-10-09,2025-10-08
B,2025-41,REDE 19,40,0,Y,2025-10-09,2025-10-10
B,2025-41,REDE 20,82,85,Y,2025-10-09,2025-10-08
B,2025-41,REDE 21,28,30,Y,2025-10-09,2025-10-09
B,2025-41,REDE 22,55,45,Y,2025-10-09,2025-10-09
B,2025-41,REDE 23,42,37,Y,2025-10-09,2025-10-09
B,2025-41,REDE 24,50,42,Y,2025-10-09,2025-10-10
B,2025-41,REDE 25,59,50,Y,2025-10-09,2025-10-09
B,2025-41,REDE 26,64,52,Y,2025-10-09,2025-10-09
B,2025-41,REDE 27,81,83,Y,2025-10-09,2025-10-09
B,2025-41,REDE 28,75,76,Y,2025-10-09,2025-10-10
B,2025-41,REDE 29,43,32,Y,2025-10-09,2025-10-10
B,2025-41,REDE 30,84,69,Y,2025-10-09,2025-10-11
B,2025-41,REDE 31,70,64,Y,2025-10-09,2025-10-10
B,2025-41,REDE 32,60,59,Y,2025-10-09,2025-10-09
B,2025-41,REDE 33,68,56,Y,2025-10-09,2025-10-11
B,2025-41,REDE 34,70,61,Y,2025-10-09,2025-10-10
B,2025-41,REDE 35,27,26,Y,2025-10-09,2025-10-11
B,2025-42,REDE 01,61,50,Y,2025-10-16,2025-10-16
B,2025-42,REDE 02,30,21,Y,2025-10-16,2025-10-18
B,2025-42,REDE 03,89,92,Y,2025-10-16,2025-10-17
B,2025-42,REDE 04,76,65,Y,2025-10-16,2025-10-16
B,2025-42,REDE 05,59,50,Y,2025-10-16,2025-10-17
B,2025-42,REDE 06,51,37,Y,2025-10-16,2025-10-17
B,2025-42,REDE 07,90,91,Y,2025-10-16,2025-10-17
B,2025-42,REDE 08,88,81,Y,2025-10-16,2025-10-15
B,2025-42,REDE 09,82,71,Y,2025-10-16,2025-10-15
B,2025-42,REDE 10,52,45,Y,2025-10-16,2025-10-15
B,2025-42,REDE 11,22,17,Y,2025-10-16,2025-10-15
B,2025-42,REDE 12,74,61,Y,2025-10-16,2025-10-18
B,2025-42,REDE 13,90,90,Y,2025-10-16,2025-10-16
B,2025-42,REDE 14,89,81,Y,2025-10-16,2025-10-18
B,2025-42,REDE 15,72,59,Y,2025-10-16,2025-10-15
B,2025-42,REDE 16,23,15,Y,2025-10-16,2025-10-18
B,2025-42,REDE 17,36,30,Y,2025-10-16,2025-10-18
B,2025-42,REDE 18,28,26,Y,2025-10-16,2025-10-15
B,2025-42,REDE 19,57,51,Y,2025-10-16,2025-10-18
B,2025-42,REDE 20,45,30,Y,2025-10-16,2025-10-16
B,2025-42,REDE 21,51,46,Y,2025-10-16,2025-10-18
B,2025-42,REDE 22,90,93,Y,2025-10-16,2025-10-17
B,2025-42,REDE 23,49,40,Y,2025-10-16,2025-10-17
B,2025-42,REDE 24,56,57,Y,2025-10-16,2025-10-17
B,2025-42,REDE 25,75,68,Y,2025-10-16,2025-10-17
B,2025-42,REDE 26,82,74,Y,2025-10-16,2025-10-17
B,2025-42,REDE 27,28,0,Y,2025-10-16,2025-10-17
B,2025-42,REDE 28,88,89,Y,2025-10-16,2025-10-18
B,2025-42,REDE 29,42,37,Y,2025-10-16,2025-10-17
B,2025-42,REDE 30,84,70,Y,2025-10-16,2025-10-16
B,2025-42,REDE 31,66,52,Y,2025-10-16,2025-10-15
B,2025-42,REDE 32,69,56,Y,2025-10-16,2025-10-16
B,2025-42,REDE 33,57,42,Y,2025-10-16,2025-10-17
B,2025-42,REDE 34,84,76,Y,2025-10-16,2025-10-18
B,2025-42,REDE 35,83,84,Y,2025-10-16,2025-10-16
B,2025-43,REDE 01,33,18,Y,2025-10-23,2025-10-24
B,2025-43,REDE 02,24,13,Y,2025-10-23,2025-10-24
B,2025-43,REDE 03,56,55,Y,2025-10-23,2025-10-22
B,2025-43,REDE 04,90,89,Y,2025-10-23,2025-10-24
B,2025-43,REDE 05,37,34,Y,2025-10-23,2025-10-24
B,2025-43,REDE 06,35,28,Y,2025-10-23,2025-10-23
B,2025-43,REDE 07,54,40,Y,2025-10-23,2025-10-24
B,2025-43,REDE 08,31,28,Y,2025-10-23,2025-10-23
B,2025-43,REDE 09,60,49,Y,2025-10-23,2025-10-22
B,2025-43,REDE 10,68,61,Y,2025-10-23,2025-10-23
B,2025-43,REDE 11,48,41,Y,2025-10-23,2025-10-24
B,2025-43,REDE 12,69,57,Y,2025-10-23,2025-10-23
B,2025-43,REDE 13,33,35,Y,2025-10-23,2025-10-24
B,2025-43,REDE 14,79,74,Y,2025-10-23,2025-10-24
B,2025-43,REDE 15,75,65,Y,2025-10-23,2025-10-23
B,2025-43,REDE 16,65,61,Y,2025-10-23,2025-10-25
B,2025-43,REDE 17,78,73,Y,2025-10-23,2025-10-24
B,2025-43,REDE 18,21,16,Y,2025-10-23,2025-10-23
B,2025-43,REDE 19,73,71,Y,2025-10-23,2025-10-23
B,2025-43,REDE 20,21,22,Y,2025-10-23,2025-10-22
B,2025-43,REDE 21,76,64,Y,2025-10-23,2025-10-22
B,2025-43,REDE 22,20,15,N,2025-10-23,2025-10-24
B,2025-43,REDE 23,50,50,Y,2025-10-23,2025-10-23
B,2025-43,REDE 24,64,52,Y,2025-10-23,2025-10-22
B,2025-43,REDE 25,43,30,Y,2025-10-23,2025-10-24
B,2025-43,REDE 26,84,76,Y,2025-10-23,2025-10-25
B,2025-43,REDE 27,78,74,Y,2025-10-23,2025-10-22
B,2025-43,REDE 28,73,73,Y,2025-10-23,2025-10-24
B,2025-43,REDE 29,41,36,Y,2025-10-23,2025-10-23
B,2025-43,REDE 30,67,52,Y,2025-10-23,2025-10-24
B,2025-43,REDE 31,23,9,Y,2025-10-23,2025-10-24
B,2025-43,REDE 32,58,45,Y,2025-10-23,2025-10-25
B,2025-43,REDE 33,86,89,Y,2025-10-23,2025-10-22
B,2025-43,REDE 34,32,26,Y,2025-10-23,2025-10-22
B,2025-43,REDE 35,21,16,Y,2025-10-23,2025-10-25
B,2025-44,REDE 01,29,25,Y,2025-10-30,2025-10-31
B,2025-44,REDE 02,67,69,Y,2025-10-30,2025-10-30
B,2025-44,REDE 03,85,72,Y,2025-10-30,2025-10-30
B,2025-44,REDE 04,29,16,Y,2025-10-30,2025-10-29
B,2025-44,REDE 05,53,49,Y,2025-10-30,2025-10-30
B,2025-44,REDE 06,53,48,Y,2025-10-30,2025-10-31
B,2025-44,REDE 07,77,72,Y,2025-10-30,2025-10-30
B,2025-44,REDE 08,64,66,Y,2025-10-30,2025-10-31
B,2025-44,REDE 09,33,24,Y,2025-10-30,2025-10-29
B,2025-44,REDE 10,83,85,N,2025-10-30,2025-10-30
B,2025-44,REDE 11,20,12,Y,2025-10-30,2025-11-01
B,2025-44,REDE 12,84,70,Y,2025-10-30,2025-10-30
B,2025-44,REDE 13,73,75,Y,2025-10-30,2025-10-29
B,2025-44,REDE 14,41,32,Y,2025-10-30,2025-10-29
B,2025-44,REDE 15,78,74,Y,2025-10-30,2025-10-31
B,2025-44,REDE 16,21,22,N,2025-10-30,2025-10-31
B,2025-44,REDE 17,57,55,Y,2025-10-30,2025-10-30
B,2025-44,REDE 18,59,48,Y,2025-10-30,2025-11-01
B,2025-44,REDE 19,74,68,Y,2025-10-30,2025-10-30
B,2025-44,REDE 20,36,23,Y,2025-10-30,2025-10-29
B,2025-44,REDE 21,68,67,Y,2025-10-30,2025-10-30
B,2025-44,REDE 22,41,34,Y,2025-10-30,2025-10-31
B,2025-44,REDE 23,29,0,Y,2025-10-30,2025-11-01
B,2025-44,REDE 24,85,87,Y,2025-10-30,2025-11-01
B,2025-44,REDE 25,25,16,Y,2025-10-30,2025-11-01
B,2025-44,REDE 26,74,68,Y,2025-10-30,2025-10-29
B,2025-44,REDE 27,66,59,Y,2025-10-30,2025-10-31
B,2025-44,REDE 28,80,0,Y,2025-10-30,2025-10-30
B,2025-44,REDE 29,90,92,N,2025-10-30,2025-11-01
B,2025-44,REDE 30,47,39,Y,2025-10-30,2025-10-30
B,2025-44,REDE 31,78,81,Y,2025-10-30,2025-11-01
B,2025-44,REDE 32,24,19,Y,2025-10-30,2025-11-01
B,2025-44,REDE 33,67,63,Y,2025-10-30,2025-10-31
B,2025-44,REDE 34,45,30,Y,2025-10-30,2025-11-01
B,2025-44,REDE 35,66,51,Y,2025-10-30,2025-10-29
B,2025-45,REDE 01,40,28,Y,2025-11-06,2025-11-07
B,2025-45,REDE 02,73,0,Y,2025-11-06,2025-11-05
B,2025-45,REDE 03,61,64,Y,2025-11-06,2025-11-07
B,2025-45,REDE 04,27,16,Y,2025-11-06,2025-11-07
B,2025-45,REDE 05,35,33,Y,2025-11-06,2025-11-07
B,2025-45,REDE 06,20,7,Y,2025-11-06,2025-11-08
B,2025-45,REDE 07,66,63,Y,2025-11-06,2025-11-05
B,2025-45,REDE 08,64,57,Y,2025-11-06,2025-11-08
B,2025-45,REDE 09,20,9,Y,2025-11-06,2025-11-07
B,2025-45,REDE 10,23,18,Y,2025-11-06,2025-11-06
B,2025-45,REDE 11,35,32,Y,2025-11-06,2025-11-07
B,2025-45,REDE 12,32,31,Y,2025-11-06,2025-11-05
B,2025-45,REDE 13,74,70,Y,2025-11-06,2025-11-05
B,2025-45,REDE 14,75,67,Y,2025-11-06,2025-11-07
B,2025-45,REDE 15,48,46,Y,2025-11-06,2025-11-08
B,2025-45,REDE 16,37,23,Y,2025-11-06,2025-11-08
B,2025-45,REDE 17,74,63,Y,2025-11-06,2025-11-05
B,2025-45,REDE 18,32,21,Y,2025-11-06,2025-11-06
B,2025-45,REDE 19,89,92,Y,2025-11-06,2025-11-05
B,2025-45,REDE 20,79,74,Y,2025-11-06,2025-11-08
B,2025-45,REDE 21,88,74,Y,2025-11-06,2025-11-06
B,2025-45,REDE 22,48,50,Y,2025-11-06,2025-11-05
B,2025-45,REDE 23,56,49,Y,2025-11-06,2025-11-08
B,2025-45,REDE 24,48,46,Y,2025-11-06,2025-11-06
B,2025-45,REDE 25,64,64,Y,2025-11-06,2025-11-07
B,2025-45,REDE 26,87,73,Y,2025-11-06,2025-11-06
B,2025-45,REDE 27,22,23,Y,2025-11-06,2025-11-08
B,2025-45,REDE 28,62,50,Y,2025-11-06,2025-11-08
B,2025-45,REDE 29,65,62,Y,2025-11-06,2025-11-05
B,2025-45,REDE 30,22,12,Y,2025-11-06,2025-11-06
B,2025-45,REDE 31,67,61,Y,2025-11-06,2025-11-07
B,2025-45,REDE 32,45,42,Y,2025-11-06,2025-11-06
B,2025-45,REDE 33,24,0,Y,2025-11-06,2025-11-08
B,2025-45,REDE 34,62,61,Y,2025-11-06,2025-11-06
B,2025-45,REDE 35,28,29,Y,2025-11-06,2025-11-06
B,2025-46,REDE 01,64,50,Y,2025-11-13,2025-11-15
B,2025-46,REDE 02,58,44,Y,2025-11-13,2025-11-13
B,2025-46,REDE 03,67,53,Y,2025-11-13,2025-11-12
B,2025-46,REDE 04,50,0,Y,2025-11-13,2025-11-15
B,2025-46,REDE 05,36,23,Y,2025-11-13,2025-11-15
B,2025-46,REDE 06,30,28,Y,2025-11-13,2025-11-12
B,2025-46,REDE 07,69,68,Y,2025-11-13,2025-11-14
B,2025-46,REDE 08,33,20,Y,2025-11-13,2025-11-14
B,2025-46,REDE 09,36,39,Y,2025-11-13,2025-11-12
B,2025-46,REDE 10,75,73,Y,2025-11-13,2025-11-12
B,2025-46,REDE 11,78,73,Y,2025-11-13,2025-11-12
B,2025-46,REDE 12,33,35,Y,2025-11-13,2025-11-14
B,2025-46,REDE 13,28,20,Y,2025-11-13,2025-11-13
B,2025-46,REDE 14,78,72,Y,2025-11-13,2025-11-13
B,2025-46,REDE 15,46,36,Y,2025-11-13,2025-11-12
B,2025-46,REDE 16,76,69,Y,2025-11-13,2025-11-12
B,2025-46,REDE 17,81,76,Y,2025-11-13,2025-11-14
B,2025-46,REDE 18,21,18,Y,2025-11-13,2025-11-14
B,2025-46,REDE 19,21,18,Y,2025-11-13,2025-11-12
B,2025-46,REDE 20,88,83,Y,2025-11-13,2025-11-13
B,2025-46,REDE 21,56,50,Y,2025-11-13,2025-11-12
B,2025-46,REDE 22,89,78,Y,2025-11-13,2025-11-15
B,2025-46,REDE 23,60,63,Y,2025-11-13,2025-11-14
B,2025-46,REDE 24,58,60,Y,2025-11-13,2025-11-12
B,2025-46,REDE 25,27,26,Y,2025-11-13,2025-11-13
B,2025-46,REDE 26,20,13,Y,2025-11-13,2025-11-13
B,2025-46,REDE 27,23,20,Y,2025-11-13,2025-11-14
B,2025-46,REDE 28,25,0,N,2025-11-13,2025-11-13
B,2025-46,REDE 29,56,45,Y,2025-11-13,2025-11-12
B,2025-46,REDE 30,59,46,Y,2025-11-13,2025-11-15
B,2025-46,REDE 31,63,56,Y,2025-11-13,2025-11-15
B,2025-46,REDE 32,67,69,Y,2025-11-13,2025-11-12
B,2025-46,REDE 33,69,55,Y,2025-11-13,2025-11-12
B,2025-46,REDE 34,52,44,Y,2025-11-13,2025-11-15
B,2025-46,REDE 35,37,38,Y,2025-11-13,2025-11-12
B,2025-47,REDE 01,83,71,Y,2025-11-20,2025-11-21
B,2025-47,REDE 02,46,35,Y,2025-11-20,2025-11-19
B,2025-47,REDE 03,58,55,Y,2025-11-20,2025-11-19
B,2025-47,REDE 04,82,67,Y,2025-11-20,2025-11-19
B,2025-47,REDE 05,77,75,Y,2025-11-20,2025-11-20
B,2025-47,REDE 06,75,65,Y,2025-11-20,2025-11-21
B,2025-47,REDE 07,47,49,Y,2025-11-20,2025-11-22
B,2025-47,REDE 08,23,18,Y,2025-11-20,2025-11-20
B,2025-47,REDE 09,32,0,Y,2025-11-20,2025-11-19
B,2025-47,REDE 10,34,19,Y,2025-11-20,2025-11-21
B,2025-47,REDE 11,64,59,Y,2025-11-20,2025-11-22
B,2025-47,REDE 12,22,7,Y,2025-11-20,2025-11-19
B,2025-47,REDE 13,77,79,N,2025-11-20,2025-11-19
B,2025-47,REDE 14,72,59,Y,2025-11-20,2025-11-20
B,2025-47,REDE 15,72,64,Y,2025-11-20,2025-11-19
B,2025-47,REDE 16,47,0,Y,2025-11-20,2025-11-22
B,2025-47,REDE 17,80,77,Y,2025-11-20,2025-11-22
B,2025-47,REDE 18,58,50,Y,2025-11-20,2025-11-22
B,2025-47,REDE 19,20,23,Y,2025-11-20,2025-11-21
B,2025-47,REDE 20,87,83,Y,2025-11-20,2025-11-19
B,2025-47,REDE 21,77,62,Y,2025-11-20,2025-11-20
B,2025-47,REDE 22,58,45,Y,2025-11-20,2025-11-20
B,2025-47,REDE 23,53,55,Y,2025-11-20,2025-11-20
B,2025-47,REDE 24,68,56,Y,2025-11-20,2025-11-22
B,2025-47,REDE 25,26,18,Y,2025-11-20,2025-11-20
B,2025-47,REDE 26,50,52,Y,2025-11-20,2025-11-19
B,2025-47,REDE 27,49,44,Y,2025-11-20,2025-11-19
B,2025-47,REDE 28,58,43,Y,2025-11-20,2025-11-20
B,2025-47,REDE 29,78,79,Y,2025-11-20,2025-11-22
B,2025-47,REDE 30,50,39,Y,2025-11-20,2025-11-21
B,2025-47,REDE 31,56,41,Y,2025-11-20,2025-11-19
B,2025-47,REDE 32,20,15,Y,2025-11-20,2025-11-22
B,2025-47,REDE 33,53,41,Y,2025-11-20,2025-11-19
B,2025-47,REDE 34,36,26,Y,2025-11-20,2025-11-20
B,2025-47,REDE 35,57,46,Y,2025-11-20,2025-11-22
B,2025-48,REDE 01,66,55,Y,2025-11-27,2025-11-26
B,2025-48,REDE 02,31,16,Y,2025-11-27,2025-11-26
B,2025-48,REDE 03,70,65,Y,2025-11-27,2025-11-28
B,2025-48,REDE 04,42,33,Y,2025-11-27,2025-11-27
B,2025-48,REDE 05,76,77,Y,2025-11-27,2025-11-29
B,2025-48,REDE 06,51,48,Y,2025-11-27,2025-11-27
B,2025-48,REDE 07,82,85,Y,2025-11-27,2025-11-27
B,2025-48,REDE 08,48,49,Y,2025-11-27,2025-11-28
B,2025-48,REDE 09,71,70,Y,2025-11-27,2025-11-28
B,2025-48,REDE 10,58,54,Y,2025-11-27,2025-11-28
B,2025-48,REDE 11,80,81,Y,2025-11-27,2025-11-27
B,2025-48,REDE 12,26,12,Y,2025-11-27,2025-11-26
B,2025-48,REDE 13,76,62,Y,2025-11-27,2025-11-26
B,2025-48,REDE 14,39,33,Y,2025-11-27,2025-11-26
B,2025-48,REDE 15,82,67,Y,2025-11-27,2025-11-27
B,2025-48,REDE 16,52,47,Y,2025-11-27,2025-11-28
B,2025-48,REDE 17,58,46,Y,2025-11-27,2025-11-28
B,2025-48,REDE 18,73,69,Y,2025-11-27,2025-11-28
B,2025-48,REDE 19,24,15,Y,2025-11-27,2025-11-28
B,2025-48,REDE 20,29,22,Y,2025-11-27,2025-11-29
B,2025-48,REDE 21,22,9,Y,2025-11-27,2025-11-27
B,2025-48,REDE 22,85,80,Y,2025-11-27,2025-11-26
B,2025-48,REDE 23,63,56,Y,2025-11-27,2025-11-26
B,2025-48,REDE 24,64,56,Y,2025-11-27,2025-11-26
B,2025-48,REDE 25,82,69,Y,2025-11-27,2025-11-29
B,2025-48,REDE 26,54,43,Y,2025-11-27,2025-11-29
B,2025-48,REDE 27,84,80,Y,2025-11-27,2025-11-26
B,2025-48,REDE 28,81,76,Y,2025-11-27,2025-11-28
B,2025-48,REDE 29,86,82,Y,2025-11-27,2025-11-29
B,2025-48,REDE 30,86,75,Y,2025-11-27,2025-11-29
B,2025-48,REDE 31,61,58,Y,2025-11-27,2025-11-28
B,2025-48,REDE 32,31,29,Y,2025-11-27,2025-11-27
B,2025-48,REDE 33,79,80,Y,2025-11-27,2025-11-29
B,2025-48,REDE 34,20,22,Y,2025-11-27,2025-11-27
B,2025-48,REDE 35,77,73,Y,2025-11-27,2025-11-29
B,2025-49,REDE 01,39,37,Y,2025-12-04,2025-12-05
B,2025-49,REDE 02,71,60,Y,2025-12-04,2025-12-06
B,2025-49,REDE 03,73,76,Y,2025-12-04,2025-12-06
B,2025-49,REDE 04,69,67,Y,2025-12-04,2025-12-05
B,2025-49,REDE 05,20,17,Y,2025-12-04,2025-12-04
B,2025-49,REDE 06,50,47,Y,2025-12-04,2025-12-04
B,2025-49,REDE 07,83,73,Y,2025-12-04,2025-12-05
B,2025-49,REDE 08,75,71,Y,2025-12-04,2025-12-04
B,2025-49,REDE 09,81,80,Y,2025-12-04,2025-12-06
B,2025-49,REDE 10,89,75,Y,2025-12-04,2025-12-05
B,2025-49,REDE 11,28,30,Y,2025-12-04,2025-12-03
B,2025-49,REDE 12,57,48,Y,2025-12-04,2025-12-04
B,2025-49,REDE 13,89,91,Y,2025-12-04,2025-12-06
B,2025-49,REDE 14,68,53,Y,2025-12-04,2025-12-06
B,2025-49,REDE 15,49,34,Y,2025-12-04,2025-12-05
B,2025-49,REDE 16,65,51,Y,2025-12-04,2025-12-03
B,2025-49,REDE 17,63,50,Y,2025-12-04,2025-12-05
B,2025-49,REDE 18,48,38,Y,2025-12-04,2025-12-06
B,2025-49,REDE 19,50,35,Y,2025-12-04,2025-12-04
B,2025-49,REDE 20,87,88,Y,2025-12-04,2025-12-04
B,2025-49,REDE 21,28,15,Y,2025-12-04,2025-12-05
B,2025-49,REDE 22,77,76,Y,2025-12-04,2025-12-06
B,2025-49,REDE 23,27,29,Y,2025-12-04,2025-12-06
B,2025-49,REDE 24,32,19,Y,2025-12-04,2025-12-05
B,2025-49,REDE 25,66,57,Y,2025-12-04,2025-12-06
B,2025-49,REDE 26,67,62,Y,2025-12-04,2025-12-04
B,2025-49,REDE 27,43,36,Y,2025-12-04,2025-12-05
B,2025-49,REDE 28,61,51,Y,2025-12-04,2025-12-05
B,2025-49,REDE 29,77,70,Y,2025-12-04,2025-12-04
B,2025-49,REDE 30,77,68,Y,2025-12-04,2025-12-03
B,2025-49,REDE 31,80,77,Y,2025-12-04,2025-12-03
B,2025-49,REDE 32,26,29,Y,2025-12-04,2025-12-03
B,2025-49,REDE 33,86,81,Y,2025-12-04,2025-12-03
B,2025-49,REDE 34,49,43,Y,2025-12-04,2025-12-06
B,2025-49,REDE 35,86,75,Y,2025-12-04,2025-12-05
B,2025-50,REDE 01,74,75,Y,2025-12-11,2025-12-12
B,2025-50,REDE 02,28,31,Y,2025-12-11,2025-12-13
B,2025-50,REDE 03,71,73,Y,2025-12-11,2025-12-10
B,2025-50,REDE 04,55,51,Y,2025-12-11,2025-12-12
B,2025-50,REDE 05,60,50,Y,2025-12-11,2025-12-11
B,2025-50,REDE 06,72,72,Y,2025-12-11,2025-12-13
B,2025-50,REDE 07,29,19,Y,2025-12-11,2025-12-12
B,2025-50,REDE 08,75,63,Y,2025-12-11,2025-12-12
B,2025-50,REDE 09,37,24,Y,2025-12-11,2025-12-10
B,2025-50,REDE 10,31,20,Y,2025-12-11,2025-12-13
B,2025-50,REDE 11,58,43,Y,2025-12-11,2025-12-11
B,2025-50,REDE 12,65,51,Y,2025-12-11,2025-12-12
B,2025-50,REDE 13,63,65,Y,2025-12-11,2025-12-13
B,2025-50,REDE 14,78,63,Y,2025-12-11,2025-12-13
B,2025-50,REDE 15,44,41,Y,2025-12-11,2025-12-10
B,2025-50,REDE 16,37,23,Y,2025-12-11,2025-12-13
B,2025-50,REDE 17,57,53,Y,2025-12-11,2025-12-13
B,2025-50,REDE 18,52,41,Y,2025-12-11,2025-12-11
B,2025-50,REDE 19,84,76,Y,2025-12-11,2025-12-13
B,2025-50,REDE 20,50,39,Y,2025-12-11,2025-12-13
B,2025-50,REDE 21,48,33,Y,2025-12-11,2025-12-13
B,2025-50,REDE 22,61,49,N,2025-12-11,2025-12-11
B,2025-50,REDE 23,41,26,Y,2025-12-11,2025-12-11
B,2025-50,REDE 24,47,41,Y,2025-12-11,2025-12-12
B,2025-50,REDE 25,43,35,Y,2025-12-11,2025-12-13
B,2025-50,REDE 26,44,44,Y,2025-12-11,2025-12-11
B,2025-50,REDE 27,71,72,Y,2025-12-11,2025-12-12
B,2025-50,REDE 28,36,34,Y,2025-12-11,2025-12-12
B,2025-50,REDE 29,59,45,Y,2025-12-11,2025-12-13
B,2025-50,REDE 30,30,18,Y,2025-12-11,2025-12-13
B,2025-50,REDE 31,31,29,Y,2025-12-11,2025-12-10
B,2025-50,REDE 32,87,86,Y,2025-12-11,2025-12-12
B,2025-50,REDE 33,30,30,Y,2025-12-11,2025-12-13
B,2025-50,REDE 34,30,28,Y,2025-12-11,2025-12-13
B,2025-50,REDE 35,76,67,Y,2025-12-11,2025-12-13
B,2025-51,REDE 01,71,0,Y,2025-12-18,2025-12-19
B,2025-51,REDE 02,73,64,Y,2025-12-18,2025-12-18
B,2025-51,REDE 03,29,25,Y,2025-12-18,2025-12-18
B,2025-51,REDE 04,82,78,Y,2025-12-18,2025-12-19
B,2025-51,REDE 05,31,21,Y,2025-12-18,2025-12-17
B,2025-51,REDE 06,55,52,Y,2025-12-18,2025-12-17
B,2025-51,REDE 07,86,82,Y,2025-12-18,2025-12-17
B,2025-51,REDE 08,46,35,Y,2025-12-18,2025-12-20
B,2025-51,REDE 09,88,83,Y,2025-12-18,2025-12-18
B,2025-51,REDE 10,41,43,Y,2025-12-18,2025-12-19
B,2025-51,REDE 11,46,34,Y,2025-12-18,2025-12-19
B,2025-51,REDE 12,88,76,Y,2025-12-18,2025-12-19
B,2025-51,REDE 13,87,75,Y,2025-12-18,2025-12-19
B,2025-51,REDE 14,71,71,Y,2025-12-18,2025-12-18
B,2025-51,REDE 15,62,51,Y,2025-12-18,2025-12-17
B,2025-51,REDE 16,35,33,Y,2025-12-18,2025-12-19
B,2025-51,REDE 17,35,29,Y,2025-12-18,2025-12-18
B,2025-51,REDE 18,60,47,Y,2025-12-18,2025-12-18
B,2025-51,REDE 19,32,25,Y,2025-12-18,2025-12-19
B,2025-51,REDE 20,45,35,Y,2025-12-18,2025-12-19
B,2025-51,REDE 21,84,80,Y,2025-12-18,2025-12-20
B,2025-51,REDE 22,75,61,Y,2025-12-18,2025-12-19
B,2025-51,REDE 23,42,36,Y,2025-12-18,2025-12-19
B,2025-51,REDE 24,61,46,Y,2025-12-18,2025-12-17
B,2025-51,REDE 25,89,88,Y,2025-12-18,2025-12-18
B,2025-51,REDE 26,55,56,Y,2025-12-18,2025-12-17
B,2025-51,REDE 27,89,77,Y,2025-12-18,2025-12-17
B,2025-51,REDE 28,61,47,Y,2025-12-18,2025-12-17
B,2025-51,REDE 29,77,67,Y,2025-12-18,2025-12-19
B,2025-51,REDE 30,39,42,Y,2025-12-18,2025-12-17
B,2025-51,REDE 31,43,43,Y,2025-12-18,2025-12-17
B,2025-51,REDE 32,25,10,Y,2025-12-18,2025-12-19
B,2025-51,REDE 33,46,42,Y,2025-12-18,2025-12-19
B,2025-51,REDE 34,40,36,Y,2025-12-18,2025-12-17
B,2025-51,REDE 35,20,9,Y,2025-12-18,2025-12-19
B,2025-52,REDE 01,56,50,Y,2025-12-25,2025-12-25
B,2025-52,REDE 02,52,53,Y,2025-12-25,2025-12-24
B,2025-52,REDE 03,25,12,Y,2025-12-25,2025-12-24
B,2025-52,REDE 04,45,38,Y,2025-12-25,2025-12-27
B,2025-52,REDE 05,20,14,Y,2025-12-25,2025-12-27
B,2025-52,REDE 06,65,67,Y,2025-12-25,2025-12-25
B,2025-52,REDE 07,34,28,Y,2025-12-25,2025-12-27
B,2025-52,REDE 08,79,71,Y,2025-12-25,2025-12-25
B,2025-52,REDE 09,80,69,Y,2025-12-25,2025-12-26
B,2025-52,REDE 10,61,51,Y,2025-12-25,2025-12-25
B,2025-52,REDE 11,83,72,Y,2025-12-25,2025-12-26
B,2025-52,REDE 12,28,28,Y,2025-12-25,2025-12-26
B,2025-52,REDE 13,38,33,Y,2025-12-25,2025-12-25
B,2025-52,REDE 14,69,64,Y,2025-12-25,2025-12-24
B,2025-52,REDE 15,65,55,Y,2025-12-25,2025-12-25
B,2025-52,REDE 16,75,70,Y,2025-12-25,2025-12-26
B,2025-52,REDE 17,68,55,Y,2025-12-25,2025-12-26
B,2025-52,REDE 18,35,38,Y,2025-12-25,2025-12-24
B,2025-52,REDE 19,24,23,Y,2025-12-25,2025-12-27
B,2025-52,REDE 20,33,24,Y,2025-12-25,2025-12-27
B,2025-52,REDE 21,25,21,Y,2025-12-25,2025-12-24
B,2025-52,REDE 22,25,27,Y,2025-12-25,2025-12-26
B,2025-52,REDE 23,84,75,Y,2025-12-25,2025-12-27
B,2025-52,REDE 24,57,43,Y,2025-12-25,2025-12-25
B,2025-52,REDE 25,60,49,Y,2025-12-25,2025-12-25
B,2025-52,REDE 26,75,68,Y,2025-12-25,2025-12-25
B,2025-52,REDE 27,25,22,Y,2025-12-25,2025-12-27
B,2025-52,REDE 28,29,22,Y,2025-12-25,2025-12-25
B,2025-52,REDE 29,69,63,Y,2025-12-25,2025-12-27
B,2025-52,REDE 30,81,75,Y,2025-12-25,2025-12-24
B,2025-52,REDE 31,55,52,Y,2025-12-25,2025-12-27
B,2025-52,REDE 32,58,0,Y,2025-12-25,2025-12-27
B,2025-52,REDE 33,48,49,Y,2025-12-25,2025-12-27
B,2025-52,REDE 34,81,76,Y,2025-12-25,2025-12-27
B,2025-52,REDE 35,78,67,Y,2025-12-25,2025-12-25
B,2026-01,REDE 01,45,40,Y,2026-01-01,2026-01-02
B,2026-01,REDE 02,59,60,Y,2026-01-01,2026-01-03
B,2026-01,REDE 03,36,21,Y,2026-01-01,2026-01-01
B,2026-01,REDE 04,64,0,Y,2026-01-01,2026-01-01
B,2026-01,REDE 05,79,79,Y,2026-01-01,2026-01-03
B,2026-01,REDE 06,52,55,Y,2026-01-01,2026-01-03
B,2026-01,REDE 07,60,57,Y,2026-01-01,2025-12-31
B,2026-01,REDE 08,56,48,Y,2026-01-01,2026-01-01
B,2026-01,REDE 09,42,28,Y,2026-01-01,2026-01-01
B,2026-01,REDE 10,44,43,Y,2026-01-01,2026-01-01
B,2026-01,REDE 11,77,79,Y,2026-01-01,2026-01-01
B,2026-01,REDE 12,64,50,Y,2026-01-01,2026-01-02
B,2026-01,REDE 13,62,54,Y,2026-01-01,2025-12-31
B,2026-01,REDE 14,81,83,Y,2026-01-01,2025-12-31
B,2026-01,REDE 15,73,61,Y,2026-01-01,2026-01-03
B,2026-01,REDE 16,63,48,Y,2026-01-01,2026-01-02
B,2026-01,REDE 17,67,64,Y,2026-01-01,2026-01-01
B,2026-01,REDE 18,63,51,Y,2026-01-01,2025-12-31
B,2026-01,REDE 19,84,78,Y,2026-01-01,2025-12-31
B,2026-01,REDE 20,27,13,Y,2026-01-01,2025-12-31
B,2026-01,REDE 21,40,34,Y,2026-01-01,2026-01-03
B,2026-01,REDE 22,39,38,Y,2026-01-01,2026-01-01
B,2026-01,REDE 23,48,46,Y,2026-01-01,2025-12-31
B,2026-01,REDE 24,87,86,Y,2026-01-01,2026-01-03
B,2026-01,REDE 25,35,28,Y,2026-01-01,2026-01-01
B,2026-01,REDE 26,57,52,Y,2026-01-01,2025-12-31
B,2026-01,REDE 27,90,88,Y,2026-01-01,2026-01-01
B,2026-01,REDE 28,42,31,Y,2026-01-01,2026-01-03
B,2026-01,REDE 29,56,43,Y,2026-01-01,2026-01-02
B,2026-01,REDE 30,45,30,Y,2026-01-01,2025-12-31
B,2026-01,REDE 31,65,63,N,2026-01-01,2026-01-01
B,2026-01,REDE 32,68,65,Y,2026-01-01,2026-01-01
B,2026-01,REDE 33,34,24,Y,2026-01-01,2026-01-02
B,2026-01,REDE 34,20,17,Y,2026-01-01,2026-01-03
B,2026-01,REDE 35,86,82,Y,2026-01-01,2026-01-01
B,2026-02,REDE 01,65,56,Y,2026-01-08,2026-01-09
B,2026-02,REDE 02,43,37,Y,2026-01-08,2026-01-10
B,2026-02,REDE 03,76,77,Y,2026-01-08,2026-01-08
B,2026-02,REDE 04,25,12,N,2026-01-08,2026-01-10
B,2026-02,REDE 05,38,36,Y,2026-01-08,2026-01-08
B,2026-02,REDE 06,75,72,Y,2026-01-08,2026-01-07
B,2026-02,REDE 07,47,37,Y,2026-01-08,2026-01-09
B,2026-02,REDE 08,24,20,Y,2026-01-08,2026-01-07
B,2026-02,REDE 09,79,71,Y,2026-01-08,2026-01-07
B,2026-02,REDE 10,25,15,Y,2026-01-08,2026-01-10
B,2026-02,REDE 11,23,12,Y,2026-01-08,2026-01-08
B,2026-02,REDE 12,25,24,Y,2026-01-08,2026-01-08
B,2026-02,REDE 13,83,77,Y,2026-01-08,2026-01-08
B,2026-02,REDE 14,64,56,Y,2026-01-08,2026-01-08
B,2026-02,REDE 15,66,53,Y,2026-01-08,2026-01-07
B,2026-02,REDE 16,40,32,Y,2026-01-08,2026-01-09
B,2026-02,REDE 17,32,24,Y,2026-01-08,2026-01-09
B,2026-02,REDE 18,56,50,Y,2026-01-08,2026-01-09
B,2026-02,REDE 19,22,14,Y,2026-01-08,2026-01-09
B,2026-02,REDE 20,59,58,Y,2026-01-08,2026-01-08
B,2026-02,REDE 21,46,48,Y,2026-01-08,2026-01-09
B,2026-02,REDE 22,62,51,Y,2026-01-08,2026-01-09
B,2026-02,REDE 23,76,69,Y,2026-01-08,2026-01-07
B,2026-02,REDE 24,46,31,Y,2026-01-08,2026-01-10
B,2026-02,REDE 25,82,72,Y,2026-01-08,2026-01-08
B,2026-02,REDE 26,55,53,Y,2026-01-08,2026-01-09
B,2026-02,REDE 27,38,24,Y,2026-01-08,2026-01-08
B,2026-02,REDE 28,26,12,Y,2026-01-08,2026-01-08
B,2026-02,REDE 29,84,72,Y,2026-01-08,2026-01-07
B,2026-02,REDE 30,35,38,Y,2026-01-08,2026-01-07
B,2026-02,REDE 31,30,22,Y,2026-01-08,2026-01-08
B,2026-02,REDE 32,78,66,Y,2026-01-08,2026-01-08
B,2026-02,REDE 33,24,21,Y,2026-01-08,2026-01-09
B,2026-02,REDE 34,83,76,Y,2026-01-08,2026-01-07
B,2026-02,REDE 35,84,71,Y,2026-01-08,2026-01-09
B,2026-03,REDE 01,36,27,Y,2026-01-15,2026-01-17
B,2026-03,REDE 02,20,23,Y,2026-01-15,2026-01-16
B,2026-03,REDE 03,62,47,Y,2026-01-15,2026-01-14
B,2026-03,REDE 04,75,65,Y,2026-01-15,2026-01-17
B,2026-03,REDE 05,39,37,Y,2026-01-15,2026-01-15
B,2026-03,REDE 06,27,17,Y,2026-01-15,2026-01-16
B,2026-03,REDE 07,71,72,Y,2026-01-15,2026-01-15
B,2026-03,REDE 08,55,0,Y,2026-01-15,2026-01-15
B,2026-03,REDE 09,42,44,Y,2026-01-15,2026-01-17
B,2026-03,REDE 10,77,73,Y,2026-01-15,2026-01-14
B,2026-03,REDE 11,58,45,Y,2026-01-15,2026-01-14
B,2026-03,REDE 12,34,26,Y,2026-01-15,2026-01-14
B,2026-03,REDE 13,90,86,Y,2026-01-15,2026-01-16
B,2026-03,REDE 14,65,55,Y,2026-01-15,2026-01-14
B,2026-03,REDE 15,62,57,Y,2026-01-15,2026-01-14
B,2026-03,REDE 16,60,52,Y,2026-01-15,2026-01-15
B,2026-03,REDE 17,78,68,Y,2026-01-15,2026-01-15
B,2026-03,REDE 18,63,62,Y,2026-01-15,2026-01-17
B,2026-03,REDE 19,87,89,Y,2026-01-15,2026-01-15
B,2026-03,REDE 20,55,43,Y,2026-01-15,2026-01-14
B,2026-03,REDE 21,64,57,Y,2026-01-15,2026-01-15
B,2026-03,REDE 22,42,35,Y,2026-01-15,2026-01-17
B,2026-03,REDE 23,52,44,Y,2026-01-15,2026-01-15
B,2026-03,REDE 24,72,64,Y,2026-01-15,2026-01-15
B,2026-03,REDE 25,51,42,Y,2026-01-15,2026-01-16
B,2026-03,REDE 26,26,15,Y,2026-01-15,2026-01-16
B,2026-03,REDE 27,66,0,Y,2026-01-15,2026-01-14
B,2026-03,REDE 28,45,37,Y,2026-01-15,2026-01-15
B,2026-03,REDE 29,21,21,Y,2026-01-15,2026-01-16
B,2026-03,REDE 30,64,52,Y,2026-01-15,2026-01-15
B,2026-03,REDE 31,25,28,Y,2026-01-15,2026-01-17
B,2026-03,REDE 32,68,58,Y,2026-01-15,2026-01-15
B,2026-03,REDE 33,50,49,Y,2026-01-15,2026-01-17
B,2026-03,REDE 34,72,73,Y,2026-01-15,2026-01-15
B,2026-03,REDE 35,25,21,N,2026-01-15,2026-01-17
B,2026-04,REDE 01,45,42,Y,2026-01-22,2026-01-24
B,2026-04,REDE 02,49,42,Y,2026-01-22,2026-01-24
B,2026-04,REDE 03,84,74,Y,2026-01-22,2026-01-23
B,2026-04,REDE 04,45,46,Y,2026-01-22,2026-01-22
B,2026-04,REDE 05,27,26,Y,2026-01-22,2026-01-23
B,2026-04,REDE 06,50,52,Y,2026-01-22,2026-01-22
B,2026-04,REDE 07,85,71,Y,2026-01-22,2026-01-21
B,2026-04,REDE 08,32,17,Y,2026-01-22,2026-01-22
B,2026-04,REDE 09,67,61,Y,2026-01-22,2026-01-23
B,2026-04,REDE 10,58,46,Y,2026-01-22,2026-01-21
B,2026-04,REDE 11,85,71,Y,2026-01-22,2026-01-22
B,2026-04,REDE 12,45,32,Y,2026-01-22,2026-01-22
B,2026-04,REDE 13,75,64,Y,2026-01-22,2026-01-21
B,2026-04,REDE 14,64,51,Y,2026-01-22,2026-01-22
B,2026-04,REDE 15,73,60,Y,2026-01-22,2026-01-23
B,2026-04,REDE 16,40,26,Y,2026-01-22,2026-01-21
B,2026-04,REDE 17,43,33,Y,2026-01-22,2026-01-21
B,2026-04,REDE 18,61,56,Y,2026-01-22,2026-01-21
B,2026-04,REDE 19,30,15,Y,2026-01-22,2026-01-24
B,2026-04,REDE 20,54,52,Y,2026-01-22,2026-01-21
B,2026-04,REDE 21,75,72,Y,2026-01-22,2026-01-24
B,2026-04,REDE 22,20,7,Y,2026-01-22,2026-01-22
B,2026-04,REDE 23,49,47,Y,2026-01-22,2026-01-21
B,2026-04,REDE 24,60,51,Y,2026-01-22,2026-01-21
B,2026-04,REDE 25,60,63,Y,2026-01-22,2026-01-24
B,2026-04,REDE 26,75,66,Y,2026-01-22,2026-01-22
B,2026-04,REDE 27,78,79,Y,2026-01-22,2026-01-23
B,2026-04,REDE 28,21,14,Y,2026-01-22,2026-01-21
B,2026-04,REDE 29,32,26,Y,2026-01-22,2026-01-22
B,2026-04,REDE 30,31,31,Y,2026-01-22,2026-01-23
B,2026-04,REDE 31,68,0,Y,2026-01-22,2026-01-23
B,2026-04,REDE 32,40,33,Y,2026-01-22,2026-01-21
B,2026-04,REDE 33,48,45,Y,2026-01-22,2026-01-21
B,2026-04,REDE 34,35,30,Y,2026-01-22,2026-01-22
B,2026-04,REDE 35,58,53,Y,2026-01-22,2026-01-21
B,2026-05,REDE 01,56,46,Y,2026-01-29,2026-01-30
B,2026-05,REDE 02,23,18,Y,2026-01-29,2026-01-28
B,2026-05,REDE 03,61,46,Y,2026-01-29,2026-01-30
B,2026-05,REDE 04,46,45,Y,2026-01-29,2026-01-31
B,2026-05,REDE 05,66,56,Y,2026-01-29,2026-01-28
B,2026-05,REDE 06,39,40,Y,2026-01-29,2026-01-30
B,2026-05,REDE 07,44,44,Y,2026-01-29,2026-01-30
B,2026-05,REDE 08,77,67,Y,2026-01-29,2026-01-29
B,2026-05,REDE 09,80,68,Y,2026-01-29,2026-01-28
B,2026-05,REDE 10,59,44,Y,2026-01-29,2026-01-30
B,2026-05,REDE 11,39,25,Y,2026-01-29,2026-01-29
B,2026-05,REDE 12,27,18,Y,2026-01-29,2026-01-28
B,2026-05,REDE 13,51,54,Y,2026-01-29,2026-01-30
B,2026-05,REDE 14,69,59,Y,2026-01-29,2026-01-29
B,2026-05,REDE 15,47,38,Y,2026-01-29,2026-01-31
B,2026-05,REDE 16,83,85,Y,2026-01-29,2026-01-28
B,2026-05,REDE 17,90,77,Y,2026-01-29,2026-01-29
B,2026-05,REDE 18,63,61,Y,2026-01-29,2026-01-28
B,2026-05,REDE 19,40,0,Y,2026-01-29,2026-01-30
B,2026-05,REDE 20,35,25,Y,2026-01-29,2026-01-28
B,2026-05,REDE 21,56,45,Y,2026-01-29,2026-01-30
B,2026-05,REDE 22,36,34,Y,2026-01-29,2026-01-29
B,2026-05,REDE 23,53,0,Y,2026-01-29,2026-01-31
B,2026-05,REDE 24,70,58,Y,2026-01-29,2026-01-31
B,2026-05,REDE 25,88,84,Y,2026-01-29,2026-01-31
B,2026-05,REDE 26,46,48,Y,2026-01-29,2026-01-28
B,2026-05,REDE 27,68,0,Y,2026-01-29,2026-01-31
B,2026-05,REDE 28,72,63,Y,2026-01-29,2026-01-28
B,2026-05,REDE 29,22,14,Y,2026-01-29,2026-01-29
B,2026-05,REDE 30,32,17,Y,2026-01-29,2026-01-31
B,2026-05,REDE 31,40,30,Y,2026-01-29,2026-01-28
B,2026-05,REDE 32,85,80,Y,2026-01-29,2026-01-31
B,2026-05,REDE 33,38,30,Y,2026-01-29,2026-01-29
B,2026-05,REDE 34,75,63,Y,2026-01-29,2026-01-29
B,2026-05,REDE 35,53,44,Y,2026-01-29,2026-01-28
B,2026-06,REDE 01,73,74,Y,2026-02-05,2026-02-06
B,2026-06,REDE 02,87,73,Y,2026-02-05,2026-02-07
B,2026-06,REDE 03,76,76,Y,2026-02-05,2026-02-07
B,2026-06,REDE 04,31,21,Y,2026-02-05,2026-02-05
B,2026-06,REDE 05,57,44,Y,2026-02-05,2026-02-04
B,2026-06,REDE 06,20,5,Y,2026-02-05,2026-02-07
B,2026-06,REDE 07,32,32,Y,2026-02-05,2026-02-04
B,2026-06,REDE 08,52,41,Y,2026-02-05,2026-02-06
B,2026-06,REDE 09,45,34,Y,2026-02-05,2026-02-07
B,2026-06,REDE 10,88,77,Y,2026-02-05,2026-02-07
B,2026-06,REDE 11,46,47,Y,2026-02-05,2026-02-04
B,2026-06,REDE 12,71,67,Y,2026-02-05,2026-02-05
B,2026-06,REDE 13,40,40,Y,2026-02-05,2026-02-05
B,2026-06,REDE 14,26,27,Y,2026-02-05,2026-02-06
B,2026-06,REDE 15,63,57,Y,2026-02-05,2026-02-07
B,2026-06,REDE 16,28,25,Y,2026-02-05,2026-02-05
B,2026-06,REDE 17,62,59,Y,2026-02-05,2026-02-05
B,2026-06,REDE 18,83,73,Y,2026-02-05,2026-02-04
B,2026-06,REDE 19,49,41,Y,2026-02-05,2026-02-05
B,2026-06,REDE 20,25,18,Y,2026-02-05,2026-02-05
B,2026-06,REDE 21,28,25,Y,2026-02-05,2026-02-07
B,2026-06,REDE 22,72,73,Y,2026-02-05,2026-02-07
B,2026-06,REDE 23,80,79,Y,2026-02-05,2026-02-05
B,2026-06,REDE 24,55,54,Y,2026-02-05,2026-02-06
B,2026-06,REDE 25,65,65,Y,2026-02-05,2026-02-06
B,2026-06,REDE 26,53,38,Y,2026-02-05,2026-02-05
B,2026-06,REDE 27,71,0,Y,2026-02-05,2026-02-04
B,2026-06,REDE 28,61,49,Y,2026-02-05,2026-02-06
B,2026-06,REDE 29,49,39,Y,2026-02-05,2026-02-04
B,2026-06,REDE 30,37,39,Y,2026-02-05,2026-02-05
B,2026-06,REDE 31,48,50,Y,2026-02-05,2026-02-04
B,2026-06,REDE 32,28,15,Y,2026-02-05,2026-02-07
B,2026-06,REDE 33,68,53,Y,2026-02-05,2026-02-04
B,2026-06,REDE 34,88,77,Y,2026-02-05,2026-02-07
B,2026-06,REDE 35,73,62,Y,2026-02-05,2026-02-04
B,2026-07,REDE 01,84,85,Y,2026-02-12,2026-02-12
B,2026-07,REDE 02,56,59,Y,2026-02-12,2026-02-13
B,2026-07,REDE 03,87,83,Y,2026-02-12,2026-02-11
B,2026-07,REDE 04,65,67,Y,2026-02-12,2026-02-12
B,2026-07,REDE 05,80,79,Y,2026-02-12,2026-02-11
B,2026-07,REDE 06,22,25,Y,2026-02-12,2026-02-13
B,2026-07,REDE 07,66,61,Y,2026-02-12,2026-02-12
B,2026-07,REDE 08,66,67,Y,2026-02-12,2026-02-12
B,2026-07,REDE 09,78,68,Y,2026-02-12,2026-02-11
B,2026-07,REDE 10,58,50,Y,2026-02-12,2026-02-11
B,2026-07,REDE 11,20,9,Y,2026-02-12,2026-02-12
B,2026-07,REDE 12,68,58,Y,2026-02-12,2026-02-14
B,2026-07,REDE 13,36,33,Y,2026-02-12,2026-02-13
B,2026-07,REDE 14,68,66,Y,2026-02-12,2026-02-13
B,2026-07,REDE 15,78,80,Y,2026-02-12,2026-02-12
B,2026-07,REDE 16,32,24,Y,2026-02-12,2026-02-12
B,2026-07,REDE 17,25,22,Y,2026-02-12,2026-02-13
B,2026-07,REDE 18,86,73,Y,2026-02-12,2026-02-14
B,2026-07,REDE 19,82,72,Y,2026-02-12,2026-02-11
B,2026-07,REDE 20,36,33,Y,2026-02-12,2026-02-11
B,2026-07,REDE 21,44,38,Y,2026-02-12,2026-02-12
B,2026-07,REDE 22,85,87,Y,2026-02-12,2026-02-11
B,2026-07,REDE 23,87,90,Y,2026-02-12,2026-02-14
B,2026-07,REDE 24,76,64,Y,2026-02-12,2026-02-14
B,2026-07,REDE 25,25,0,Y,2026-02-12,2026-02-12
B,2026-07,REDE 26,40,35,Y,2026-02-12,2026-02-12
B,2026-07,REDE 27,41,30,Y,2026-02-12,2026-02-14
B,2026-07,REDE 28,69,63,Y,2026-02-12,2026-02-12
B,2026-07,REDE 29,58,50,Y,2026-02-12,2026-02-11
B,2026-07,REDE 30,83,73,Y,2026-02-12,2026-02-14
B,2026-07,REDE 31,27,18,Y,2026-02-12,2026-02-11
B,2026-07,REDE 32,32,0,Y,2026-02-12,2026-02-11
B,2026-07,REDE 33,70,65,Y,2026-02-12,2026-02-14
B,2026-07,REDE 34,67,64,Y,2026-02-12,2026-02-11
B,2026-07,REDE 35,51,49,Y,2026-02-12,2026-02-12
B,2026-08,REDE 01,67,57,Y,2026-02-19,2026-02-18
B,2026-08,REDE 02,47,37,Y,2026-02-19,2026-02-19
B,2026-08,REDE 03,23,18,Y,2026-02-19,2026-02-18
B,2026-08,REDE 04,88,82,Y,2026-02-19,2026-02-20
B,2026-08,REDE 05,66,69,Y,2026-02-19,2026-02-18
B,2026-08,REDE 06,58,48,Y,2026-02-19,2026-02-19
B,2026-08,REDE 07,56,45,Y,2026-02-19,2026-02-19
B,2026-08,REDE 08,46,39,Y,2026-02-19,2026-02-20
B,2026-08,REDE 09,87,89,Y,2026-02-19,2026-02-20
B,2026-08,REDE 10,45,33,Y,2026-02-19,2026-02-21
B,2026-08,REDE 11,45,39,Y,2026-02-19,2026-02-21
B,2026-08,REDE 12,25,14,Y,2026-02-19,2026-02-19
B,2026-08,REDE 13,32,25,Y,2026-02-19,2026-02-18
B,2026-08,REDE 14,44,31,Y,2026-02-19,2026-02-18
B,2026-08,REDE 15,84,81,Y,2026-02-19,2026-02-21
B,2026-08,REDE 16,30,25,Y,2026-02-19,2026-02-19
B,2026-08,REDE 17,64,55,Y,2026-02-19,2026-02-18
B,2026-08,REDE 18,21,8,Y,2026-02-19,2026-02-20
B,2026-08,REDE 19,48,37,Y,2026-02-19,2026-02-18
B,2026-08,REDE 20,35,24,Y,2026-02-19,2026-02-20
B,2026-08,REDE 21,38,23,Y,2026-02-19,2026-02-21
B,2026-08,REDE 22,31,31,Y,2026-02-19,2026-02-18
B,2026-08,REDE 23,41,39,N,2026-02-19,2026-02-20
B,2026-08,REDE 24,42,39,Y,2026-02-19,2026-02-19
B,2026-08,REDE 25,58,45,Y,2026-02-19,2026-02-19
B,2026-08,REDE 26,66,64,Y,2026-02-19,2026-02-20
B,2026-08,REDE 27,39,34,Y,2026-02-19,2026-02-18
B,2026-08,REDE 28,62,51,Y,2026-02-19,2026-02-20
B,2026-08,REDE 29,68,57,Y,2026-02-19,2026-02-18
B,2026-08,REDE 30,39,29,Y,2026-02-19,2026-02-21
B,2026-08,REDE 31,40,32,Y,2026-02-19,2026-02-18
B,2026-08,REDE 32,27,18,Y,2026-02-19,2026-02-18
B,2026-08,REDE 33,23,13,Y,2026-02-19,2026-02-18
B,2026-08,REDE 34,57,45,Y,2026-02-19,2026-02-19
B,2026-08,REDE 35,68,55,Y,2026-02-19,2026-02-21
B,2026-09,REDE 01,69,59,Y,2026-02-26,2026-02-25
B,2026-09,REDE 02,33,28,Y,2026-02-26,2026-02-26
B,2026-09,REDE 03,25,0,Y,2026-02-26,2026-02-26
B,2026-09,REDE 04,29,20,Y,2026-02-26,2026-02-27
B,2026-09,REDE 05,57,42,Y,2026-02-26,2026-02-26
B,2026-09,REDE 06,69,66,Y,2026-02-26,2026-02-28
B,2026-09,REDE 07,49,52,Y,2026-02-26,2026-02-27
B,2026-09,REDE 08,83,68,Y,2026-02-26,2026-02-25
B,2026-09,REDE 09,51,38,Y,2026-02-26,2026-02-28
B,2026-09,REDE 10,89,88,Y,2026-02-26,2026-02-26
B,2026-09,REDE 11,43,46,N,2026-02-26,2026-02-28
B,2026-09,REDE 12,65,52,Y,2026-02-26,2026-02-26
B,2026-09,REDE 13,23,22,Y,2026-02-26,2026-02-26
B,2026-09,REDE 14,83,83,Y,2026-02-26,2026-02-27
B,2026-09,REDE 15,26,24,Y,2026-02-26,2026-02-25
B,2026-09,REDE 16,63,65,Y,2026-02-26,2026-02-26
B,2026-09,REDE 17,64,58,Y,2026-02-26,2026-02-25
B,2026-09,REDE 18,47,33,Y,2026-02-26,2026-02-26
B,2026-09,REDE 19,67,59,Y,2026-02-26,2026-02-26
B,2026-09,REDE 20,49,49,Y,2026-02-26,2026-02-28
B,2026-09,REDE 21,48,40,Y,2026-02-26,2026-02-25
B,2026-09,REDE 22,61,50,Y,2026-02-26,2026-02-28
B,2026-09,REDE 23,32,20,Y,2026-02-26,2026-02-25
B,2026-09,REDE 24,23,12,Y,2026-02-26,2026-02-25
B,2026-09,REDE 25,47,42,Y,2026-02-26,2026-02-28
B,2026-09,REDE 26,35,25,Y,2026-02-26,2026-02-25
B,2026-09,REDE 27,64,62,Y,2026-02-26,2026-02-25
B,2026-09,REDE 28,21,15,Y,2026-02-26,2026-02-25
B,2026-09,REDE 29,35,28,Y,2026-02-26,2026-02-27
B,2026-09,REDE 30,24,24,Y,2026-02-26,2026-02-26
B,2026-09,REDE 31,72,65,Y,2026-02-26,2026-02-25
B,2026-09,REDE 32,35,30,Y,2026-02-26,2026-02-26
B,2026-09,REDE 33,43,33,Y,2026-02-26,2026-02-27
B,2026-09,REDE 34,55,42,Y,2026-02-26,2026-02-28
B,2026-09,REDE 35,52,39,Y,2026-02-26,2026-02-28
B,2026-10,REDE 01,68,68,Y,2026-03-05,2026-03-07
B,2026-10,REDE 02,79,81,Y,2026-03-05,2026-03-04
B,2026-10,REDE 03,49,45,Y,2026-03-05,2026-03-06
B,2026-10,REDE 04,25,21,Y,2026-03-05,2026-03-05
B,2026-10,REDE 05,88,82,Y,2026-03-05,2026-03-06
B,2026-10,REDE 06,80,65,Y,2026-03-05,2026-03-06
B,2026-10,REDE 07,49,52,Y,2026-03-05,2026-03-05
B,2026-10,REDE 08,21,9,Y,2026-03-05,2026-03-04
B,2026-10,REDE 09,73,64,Y,2026-03-05,2026-03-06
B,2026-10,REDE 10,46,40,Y,2026-03-05,2026-03-05
B,2026-10,REDE 11,24,14,Y,2026-03-05,2026-03-04
B,2026-10,REDE 12,37,33,Y,2026-03-05,2026-03-04
B,2026-10,REDE 13,31,19,Y,2026-03-05,2026-03-06
B,2026-10,REDE 14,30,23,Y,2026-03-05,2026-03-07
B,2026-10,REDE 15,89,76,Y,2026-03-05,2026-03-06
B,2026-10,REDE 16,65,55,Y,2026-03-05,2026-03-05
B,2026-10,REDE 17,64,60,Y,2026-03-05,2026-03-06
B,2026-10,REDE 18,77,71,Y,2026-03-05,2026-03-07
B,2026-10,REDE 19,56,47,Y,2026-03-05,2026-03-05
B,2026-10,REDE 20,37,33,Y,2026-03-05,2026-03-07
B,2026-10,REDE 21,81,84,Y,2026-03-05,2026-03-06
B,2026-10,REDE 22,73,75,Y,2026-03-05,2026-03-06
B,2026-10,REDE 23,44,42,Y,2026-03-05,2026-03-07
B,2026-10,REDE 24,87,90,Y,2026-03-05,2026-03-07
B,2026-10,REDE 25,57,43,Y,2026-03-05,2026-03-06
B,2026-10,REDE 26,78,65,Y,2026-03-05,2026-03-06
B,2026-10,REDE 27,50,46,Y,2026-03-05,2026-03-07
B,2026-10,REDE 28,74,60,Y,2026-03-05,2026-03-05
B,2026-10,REDE 29,88,75,Y,2026-03-05,2026-03-04
B,2026-10,REDE 30,49,34,Y,2026-03-05,2026-03-06
B,2026-10,REDE 31,65,61,Y,2026-03-05,2026-03-05
B,2026-10,REDE 32,42,29,Y,2026-03-05,2026-03-04
B,2026-10,REDE 33,65,51,Y,2026-03-05,2026-03-07
B,2026-10,REDE 34,32,29,Y,2026-03-05,2026-03-07
B,2026-10,REDE 35,58,51,Y,2026-03-05,2026-03-04
B,2026-11,REDE 01,59,0,Y,2026-03-12,2026-03-14
B,2026-11,REDE 02,31,18,Y,2026-03-12,2026-03-13
B,2026-11,REDE 03,83,77,Y,2026-03-12,2026-03-14
B,2026-11,REDE 04,54,43,Y,2026-03-12,2026-03-12
B,2026-11,REDE 05,30,33,Y,2026-03-12,2026-03-12
B,2026-11,REDE 06,78,73,Y,2026-03-12,2026-03-11
B,2026-11,REDE 07,38,37,Y,2026-03-12,2026-03-12
B,2026-11,REDE 08,88,87,Y,2026-03-12,2026-03-12
B,2026-11,REDE 09,75,70,Y,2026-03-12,2026-03-14
B,2026-11,REDE 10,31,20,Y,2026-03-12,2026-03-12
B,2026-11,REDE 11,70,73,Y,2026-03-12,2026-03-13
B,2026-11,REDE 12,38,33,Y,2026-03-12,2026-03-11
B,2026-11,REDE 13,32,33,Y,2026-03-12,2026-03-13
B,2026-11,REDE 14,30,15,Y,2026-03-12,2026-03-11
B,2026-11,REDE 15,63,57,Y,2026-03-12,2026-03-13
B,2026-11,REDE 16,43,45,Y,2026-03-12,2026-03-14
B,2026-11,REDE 17,43,28,Y,2026-03-12,2026-03-14
B,2026-11,REDE 18,37,28,Y,2026-03-12,2026-03-14
B,2026-11,REDE 19,82,85,Y,2026-03-12,2026-03-14
B,2026-11,REDE 20,56,47,Y,2026-03-12,2026-03-13
B,2026-11,REDE 21,87,81,Y,2026-03-12,2026-03-14
B,2026-11,REDE 22,22,7,Y,2026-03-12,2026-03-12
B,2026-11,REDE 23,34,33,Y,2026-03-12,2026-03-11
B,2026-11,REDE 24,21,12,Y,2026-03-12,2026-03-11
B,2026-11,REDE 25,86,88,Y,2026-03-12,2026-03-11
B,2026-11,REDE 26,66,60,Y,2026-03-12,2026-03-11
B,2026-11,REDE 27,34,24,Y,2026-03-12,2026-03-14
B,2026-11,REDE 28,73,66,Y,2026-03-12,2026-03-12
B,2026-11,REDE 29,60,50,Y,2026-03-12,2026-03-13
B,2026-11,REDE 30,41,29,Y,2026-03-12,2026-03-11
B,2026-11,REDE 31,33,26,Y,2026-03-12,2026-03-13
B,2026-11,REDE 32,23,24,Y,2026-03-12,2026-03-12
B,2026-11,REDE 33,86,74,Y,2026-03-12,2026-03-12
B,2026-11,REDE 34,82,81,Y,2026-03-12,2026-03-14
B,2026-11,REDE 35,58,44,Y,2026-03-12,2026-03-11
B,2026-12,REDE 01,55,49,Y,2026-03-19,2026-03-21
B,2026-12,REDE 02,68,62,Y,2026-03-19,2026-03-18
B,2026-12,REDE 03,76,63,Y,2026-03-19,2026-03-20
B,2026-12,REDE 04,38,28,Y,2026-03-19,2026-03-19
B,2026-12,REDE 05,73,69,Y,2026-03-19,2026-03-21
B,2026-12,REDE 06,61,58,Y,2026-03-19,2026-03-21
B,2026-12,REDE 07,84,74,Y,2026-03-19,2026-03-18
B,2026-12,REDE 08,37,26,Y,2026-03-19,2026-03-18
B,2026-12,REDE 09,84,82,Y,2026-03-19,2026-03-19
B,2026-12,REDE 10,34,20,Y,2026-03-19,2026-03-19
B,2026-12,REDE 11,48,51,Y,2026-03-19,2026-03-18
B,2026-12,REDE 12,88,77,Y,2026-03-19,2026-03-18
B,2026-12,REDE 13,51,43,Y,2026-03-19,2026-03-18
B,2026-12,REDE 14,60,60,Y,2026-03-19,2026-03-21
B,2026-12,REDE 15,26,28,Y,2026-03-19,2026-03-19
B,2026-12,REDE 16,45,45,Y,2026-03-19,2026-03-18
B,2026-12,REDE 17,48,0,Y,2026-03-19,2026-03-21
B,2026-12,REDE 18,73,62,Y,2026-03-19,2026-03-18
B,2026-12,REDE 19,40,27,Y,2026-03-19,2026-03-21
B,2026-12,REDE 20,24,22,Y,2026-03-19,2026-03-19
B,2026-12,REDE 21,27,15,Y,2026-03-19,2026-03-19
B,2026-12,REDE 22,85,81,Y,2026-03-19,2026-03-19
B,2026-12,REDE 23,65,56,Y,2026-03-19,2026-03-18
B,2026-12,REDE 24,40,40,Y,2026-03-19,2026-03-18
B,2026-12,REDE 25,59,47,Y,2026-03-19,2026-03-20
B,2026-12,REDE 26,69,60,Y,2026-03-19,2026-03-19
B,2026-12,REDE 27,69,70,Y,2026-03-19,2026-03-21
B,2026-12,REDE 28,74,75,Y,2026-03-19,2026-03-19
B,2026-12,REDE 29,80,72,Y,2026-03-19,2026-03-20
B,2026-12,REDE 30,72,60,Y,2026-03-19,2026-03-19
B,2026-12,REDE 31,77,0,Y,2026-03-19,2026-03-18
B,2026-12,REDE 32,23,17,Y,2026-03-19,2026-03-20
B,2026-12,REDE 33,26,27,Y,2026-03-19,2026-03-19
B,2026-12,REDE 34,70,55,Y,2026-03-19,2026-03-19
B,2026-12,REDE 35,48,39,Y,2026-03-19,2026-03-21
B,2026-13,REDE 01,90,86,Y,2026-03-26,2026-03-28
B,2026-13,REDE 02,75,70,Y,2026-03-26,2026-03-27
B,2026-13,REDE 03,40,31,Y,2026-03-26,2026-03-28
B,2026-13,REDE 04,58,55,Y,2026-03-26,2026-03-26
B,2026-13,REDE 05,80,65,Y,2026-03-26,2026-03-27
B,2026-13,REDE 06,64,61,Y,2026-03-26,2026-03-26
B,2026-13,REDE 07,27,20,Y,2026-03-26,2026-03-25
B,2026-13,REDE 08,65,54,Y,2026-03-26,2026-03-28
B,2026-13,REDE 09,63,56,Y,2026-03-26,2026-03-25
B,2026-13,REDE 10,20,21,Y,2026-03-26,2026-03-26
B,2026-13,REDE 11,35,21,Y,2026-03-26,2026-03-25
B,2026-13,REDE 12,39,38,Y,2026-03-26,2026-03-25
B,2026-13,REDE 13,44,46,Y,2026-03-26,2026-03-28
B,2026-13,REDE 14,78,77,Y,2026-03-26,2026-03-26
B,2026-13,REDE 15,25,18,Y,2026-03-26,2026-03-25
B,2026-13,REDE 16,69,62,Y,2026-03-26,2026-03-28
B,2026-13,REDE 17,52,49,Y,2026-03-26,2026-03-25
B,2026-13,REDE 18,80,74,Y,2026-03-26,2026-03-25
B,2026-13,REDE 19,22,17,Y,2026-03-26,2026-03-27
B,2026-13,REDE 20,50,53,Y,2026-03-26,2026-03-25
B,2026-13,REDE 21,42,41,Y,2026-03-26,2026-03-25
B,2026-13,REDE 22,46,34,Y,2026-03-26,2026-03-25
B,2026-13,REDE 23,61,55,Y,2026-03-26,2026-03-26
B,2026-13,REDE 24,55,46,Y,2026-03-26,2026-03-27
B,2026-13,REDE 25,30,0,Y,2026-03-26,2026-03-25
B,2026-13,REDE 26,52,54,Y,2026-03-26,2026-03-26
B,2026-13,REDE 27,78,65,Y,2026-03-26,2026-03-27
B,2026-13,REDE 28,38,39,Y,2026-03-26,2026-03-25
B,2026-13,REDE 29,31,30,Y,2026-03-26,2026-03-25
B,2026-13,REDE 30,72,71,Y,2026-03-26,2026-03-27
B,2026-13,REDE 31,69,65,Y,2026-03-26,2026-03-25
B,2026-13,REDE 32,49,34,Y,2026-03-26,2026-03-25
B,2026-13,REDE 33,62,56,Y,2026-03-26,2026-03-28
B,2026-13,REDE 34,30,21,Y,2026-03-26,2026-03-27
B,2026-13,REDE 35,39,40,Y,2026-03-26,2026-03-28
B,2026-14,REDE 01,30,33,Y,2026-04-02,2026-04-01
B,2026-14,REDE 02,73,61,Y,2026-04-02,2026-04-01
B,2026-14,REDE 03,47,36,Y,2026-04-02,2026-04-01
B,2026-14,REDE 04,46,40,Y,2026-04-02,2026-04-04
B,2026-14,REDE 05,32,25,Y,2026-04-02,2026-04-03
B,2026-14,REDE 06,47,35,Y,2026-04-02,2026-04-02
B,2026-14,REDE 07,67,53,Y,2026-04-02,2026-04-01
B,2026-14,REDE 08,73,65,Y,2026-04-02,2026-04-01
B,2026-14,REDE 09,29,31,Y,2026-04-02,2026-04-01
B,2026-14,REDE 10,33,36,Y,2026-04-02,2026-04-03
B,2026-14,REDE 11,84,86,Y,2026-04-02,2026-04-04
B,2026-14,REDE 12,68,56,Y,2026-04-02,2026-04-02
B,2026-14,REDE 13,42,37,Y,2026-04-02,2026-04-03
B,2026-14,REDE 14,89,78,Y,2026-04-02,2026-04-04
B,2026-14,REDE 15,69,56,Y,2026-04-02,2026-04-03
B,2026-14,REDE 16,38,31,Y,2026-04-02,2026-04-01
B,2026-14,REDE 17,88,90,Y,2026-04-02,2026-04-04
B,2026-14,REDE 18,22,9,Y,2026-04-02,2026-04-02
B,2026-14,REDE 19,58,53,Y,2026-04-02,2026-04-04
B,2026-14,REDE 20,34,35,Y,2026-04-02,2026-04-04
B,2026-14,REDE 21,67,65,Y,2026-04-02,2026-04-03
B,2026-14,REDE 22,69,63,Y,2026-04-02,2026-04-03
B,2026-14,REDE 23,87,85,Y,2026-04-02,2026-04-01
B,2026-14,REDE 24,70,60,Y,2026-04-02,2026-04-03
B,2026-14,REDE 25,46,35,Y,2026-04-02,2026-04-02
B,2026-14,REDE 26,41,43,Y,2026-04-02,2026-04-03
B,2026-14,REDE 27,48,47,Y,2026-04-02,2026-04-01
B,2026-14,REDE 28,63,66,Y,2026-04-02,2026-04-03
B,2026-14,REDE 29,62,60,Y,2026-04-02,2026-04-02
B,2026-14,REDE 30,75,75,Y,2026-04-02,2026-04-02
B,2026-14,REDE 31,38,33,Y,2026-04-02,2026-04-04
B,2026-14,REDE 32,57,56,Y,2026-04-02,2026-04-03
B,2026-14,REDE 33,75,73,Y,2026-04-02,2026-04-04
B,2026-14,REDE 34,29,32,Y,2026-04-02,2026-04-02
B,2026-14,REDE 35,79,72,Y,2026-04-02,2026-04-02
B,2026-15,REDE 01,84,70,Y,2026-04-09,2026-04-10
B,2026-15,REDE 02,82,80,Y,2026-04-09,2026-04-11
B,2026-15,REDE 03,65,0,Y,2026-04-09,2026-04-10
B,2026-15,REDE 04,85,78,Y,2026-04-09,2026-04-09
B,2026-15,REDE 05,85,88,Y,2026-04-09,2026-04-09
B,2026-15,REDE 06,35,32,Y,2026-04-09,2026-04-09
B,2026-15,REDE 07,50,52,Y,2026-04-09,2026-04-08
B,2026-15,REDE 08,80,67,Y,2026-04-09,2026-04-09
B,2026-15,REDE 09,72,72,Y,2026-04-09,2026-04-10
B,2026-15,REDE 10,90,91,Y,2026-04-09,2026-04-08
B,2026-15,REDE 11,64,64,Y,2026-04-09,2026-04-09
B,2026-15,REDE 12,75,65,Y,2026-04-09,2026-04-10
B,2026-15,REDE 13,26,28,Y,2026-04-09,2026-04-10
B,2026-15,REDE 14,48,46,Y,2026-04-09,2026-04-08
B,2026-15,REDE 15,55,58,Y,2026-04-09,2026-04-08
B,2026-15,REDE 16,66,52,Y,2026-04-09,2026-04-08
B,2026-15,REDE 17,31,24,Y,2026-04-09,2026-04-11
B,2026-15,REDE 18,43,43,Y,2026-04-09,2026-04-10
B,2026-15,REDE 19,76,76,Y,2026-04-09,2026-04-11
B,2026-15,REDE 20,73,69,Y,2026-04-09,2026-04-09
B,2026-15,REDE 21,24,14,Y,2026-04-09,2026-04-09
B,2026-15,REDE 22,23,20,Y,2026-04-09,2026-04-10
B,2026-15,REDE 23,39,41,Y,2026-04-09,2026-04-11
B,2026-15,REDE 24,68,62,Y,2026-04-09,2026-04-09
B,2026-15,REDE 25,58,58,Y,2026-04-09,2026-04-08
B,2026-15,REDE 26,58,59,Y,2026-04-09,2026-04-10
B,2026-15,REDE 27,23,9,Y,2026-04-09,2026-04-08
B,2026-15,REDE 28,84,85,Y,2026-04-09,2026-04-08
B,2026-15,REDE 29,79,76,Y,2026-04-09,2026-04-11
B,2026-15,REDE 30,56,42,Y,2026-04-09,2026-04-08
B,2026-15,REDE 31,49,44,Y,2026-04-09,2026-04-09
B,2026-15,REDE 32,77,80,Y,2026-04-09,2026-04-09
B,2026-15,REDE 33,66,54,Y,2026-04-09,2026-04-10
B,2026-15,REDE 34,27,14,Y,2026-04-09,2026-04-10
B,2026-15,REDE 35,72,70,Y,2026-04-09,2026-04-09
B,2026-16,REDE 01,87,75,Y,2026-04-16,2026-04-18
B,2026-16,REDE 02,59,58,Y,2026-04-16,2026-04-16
B,2026-16,REDE 03,64,61,Y,2026-04-16,2026-04-15
B,2026-16,REDE 04,39,39,Y,2026-04-16,2026-04-17
B,2026-16,REDE 05,20,12,Y,2026-04-16,2026-04-16
B,2026-16,REDE 06,75,70,Y,2026-04-16,2026-04-15
B,2026-16,REDE 07,61,51,Y,2026-04-16,2026-04-16
B,2026-16,REDE 08,40,35,Y,2026-04-16,2026-04-17
B,2026-16,REDE 09,85,86,Y,2026-04-16,2026-04-15
B,2026-16,REDE 10,55,52,Y,2026-04-16,2026-04-18
B,2026-16,REDE 11,66,57,Y,2026-04-16,2026-04-16
B,2026-16,REDE 12,64,56,Y,2026-04-16,2026-04-18
B,2026-16,REDE 13,53,43,Y,2026-04-16,2026-04-16
B,2026-16,REDE 14,60,52,Y,2026-04-16,2026-04-16
B,2026-16,REDE 15,24,12,Y,2026-04-16,2026-04-15
B,2026-16,REDE 16,76,69,Y,2026-04-16,2026-04-18
B,2026-16,REDE 17,64,51,Y,2026-04-16,2026-04-17
B,2026-16,REDE 18,71,60,Y,2026-04-16,2026-04-16
B,2026-16,REDE 19,82,73,Y,2026-04-16,2026-04-18
B,2026-16,REDE 20,85,73,Y,2026-04-16,2026-04-15
B,2026-16,REDE 21,21,8,Y,2026-04-16,2026-04-18
B,2026-16,REDE 22,83,83,Y,2026-04-16,2026-04-17
B,2026-16,REDE 23,42,30,Y,2026-04-16,2026-04-16
B,2026-16,REDE 24,45,32,Y,2026-04-16,2026-04-18
B,2026-16,REDE 25,82,85,Y,2026-04-16,2026-04-17
B,2026-16,REDE 26,89,79,Y,2026-04-16,2026-04-17
B,2026-16,REDE 27,53,39,Y,2026-04-16,2026-04-18
B,2026-16,REDE 28,39,35,Y,2026-04-16,2026-04-16
B,2026-16,REDE 29,71,69,Y,2026-04-16,2026-04-16
B,2026-16,REDE 30,41,30,Y,2026-04-16,2026-04-18
B,2026-16,REDE 31,66,56,Y,2026-04-16,2026-04-17
B,2026-16,REDE 32,58,50,Y,2026-04-16,2026-04-18
B,2026-16,REDE 33,82,0,Y,2026-04-16,2026-04-18
B,2026-16,REDE 34,86,72,Y,2026-04-16,2026-04-17
B,2026-16,REDE 35,29,17,Y,2026-04-16,2026-04-17
B,2026-17,REDE 01,50,52,Y,2026-04-23,2026-04-23
B,2026-17,REDE 02,45,43,Y,2026-04-23,2026-04-22
B,2026-17,REDE 03,57,53,Y,2026-04-23,2026-04-22
B,2026-17,REDE 04,80,79,Y,2026-04-23,2026-04-25
B,2026-17,REDE 05,21,24,Y,2026-04-23,2026-04-25
B,2026-17,REDE 06,32,30,Y,2026-04-23,2026-04-22
B,2026-17,REDE 07,35,30,Y,2026-04-23,2026-04-24
B,2026-17,REDE 08,86,80,Y,2026-04-23,2026-04-24
B,2026-17,REDE 09,46,47,Y,2026-04-23,2026-04-23
B,2026-17,REDE 10,48,50,Y,2026-04-23,2026-04-22
B,2026-17,REDE 11,48,0,Y,2026-04-23,2026-04-22
B,2026-17,REDE 12,85,88,Y,2026-04-23,2026-04-24
B,2026-17,REDE 13,87,83,Y,2026-04-23,2026-04-25
B,2026-17,REDE 14,38,33,Y,2026-04-23,2026-04-25
B,2026-17,REDE 15,45,48,Y,2026-04-23,2026-04-24
B,2026-17,REDE 16,38,39,Y,2026-04-23,2026-04-23
B,2026-17,REDE 17,67,0,Y,2026-04-23,2026-04-22
B,2026-17,REDE 18,88,76,Y,2026-04-23,2026-04-22
B,2026-17,REDE 19,57,44,Y,2026-04-23,2026-04-24
B,2026-17,REDE 20,73,75,Y,2026-04-23,2026-04-25
B,2026-17,REDE 21,78,79,Y,2026-04-23,2026-04-24
B,2026-17,REDE 22,47,44,Y,2026-04-23,2026-04-24
B,2026-17,REDE 23,43,30,N,2026-04-23,2026-04-22
B,2026-17,REDE 24,42,29,Y,2026-04-23,2026-04-24
B,2026-17,REDE 25,80,71,Y,2026-04-23,2026-04-22
B,2026-17,REDE 26,69,58,Y,2026-04-23,2026-04-25
B,2026-17,REDE 27,68,68,Y,2026-04-23,2026-04-22
B,2026-17,REDE 28,90,75,Y,2026-04-23,2026-04-22
B,2026-17,REDE 29,40,32,N,2026-04-23,2026-04-23
B,2026-17,REDE 30,34,31,Y,2026-04-23,2026-04-22
B,2026-17,REDE 31,75,69,Y,2026-04-23,2026-04-24
B,2026-17,REDE 32,35,33,Y,2026-04-23,2026-04-24
B,2026-17,REDE 33,37,0,Y,2026-04-23,2026-04-23
B,2026-17,REDE 34,55,42,Y,2026-04-23,2026-04-24
B,2026-17,REDE 35,77,79,Y,2026-04-23,2026-04-22
B,2026-18,REDE 01,77,65,Y,2026-04-30,2026-05-02
B,2026-18,REDE 02,47,32,Y,2026-04-30,2026-05-02
B,2026-18,REDE 03,34,25,Y,2026-04-30,2026-05-02
B,2026-18,REDE 04,81,75,Y,2026-04-30,2026-04-29
B,2026-18,REDE 05,63,64,Y,2026-04-30,2026-04-30
B,2026-18,REDE 06,61,58,Y,2026-04-30,2026-04-30
B,2026-18,REDE 07,44,38,Y,2026-04-30,2026-05-02
B,2026-18,REDE 08,61,61,Y,2026-04-30,2026-04-29
B,2026-18,REDE 09,45,44,Y,2026-04-30,2026-04-30
B,2026-18,REDE 10,74,71,Y,2026-04-30,2026-05-02
B,2026-18,REDE 11,56,44,Y,2026-04-30,2026-04-29
B,2026-18,REDE 12,89,86,Y,2026-04-30,2026-05-01
B,2026-18,REDE 13,67,69,Y,2026-04-30,2026-04-29
B,2026-18,REDE 14,79,73,Y,2026-04-30,2026-05-02
B,2026-18,REDE 15,48,45,Y,2026-04-30,2026-05-02
B,2026-18,REDE 16,88,80,Y,2026-04-30,2026-05-02
B,2026-18,REDE 17,50,44,Y,2026-04-30,2026-05-02
B,2026-18,REDE 18,71,66,Y,2026-04-30,2026-05-02
B,2026-18,REDE 19,57,52,Y,2026-04-30,2026-05-01
B,2026-18,REDE 20,70,56,Y,2026-04-30,2026-04-30
B,2026-18,REDE 21,23,21,Y,2026-04-30,2026-05-01
B,2026-18,REDE 22,29,19,Y,2026-04-30,2026-04-30
B,2026-18,REDE 23,81,68,Y,2026-04-30,2026-04-29
B,2026-18,REDE 24,33,24,Y,2026-04-30,2026-04-30
B,2026-18,REDE 25,36,23,Y,2026-04-30,2026-04-29
B,2026-18,REDE 26,49,36,Y,2026-04-30,2026-05-02
B,2026-18,REDE 27,72,74,Y,2026-04-30,2026-05-01
B,2026-18,REDE 28,57,57,Y,2026-04-30,2026-04-29
B,2026-18,REDE 29,31,29,Y,2026-04-30,2026-05-02
B,2026-18,REDE 30,65,59,Y,2026-04-30,2026-05-01
B,2026-18,REDE 31,89,0,Y,2026-04-30,2026-04-30
B,2026-18,REDE 32,32,17,Y,2026-04-30,2026-04-29
B,2026-18,REDE 33,38,31,Y,2026-04-30,2026-05-01
B,2026-18,REDE 34,23,23,Y,2026-04-30,2026-05-01
B,2026-18,REDE 35,68,61,Y,2026-04-30,2026-05-02
B,2026-19,REDE 01,20,20,Y,2026-05-07,2026-05-08
B,2026-19,REDE 02,70,58,Y,2026-05-07,2026-05-09
B,2026-19,REDE 03,41,26,Y,2026-05-07,2026-05-09
B,2026-19,REDE 04,67,66,Y,2026-05-07,2026-05-06
B,2026-19,REDE 05,39,24,Y,2026-05-07,2026-05-07
B,2026-19,REDE 06,64,0,Y,2026-05-07,2026-05-09
B,2026-19,REDE 07,40,32,Y,2026-05-07,2026-05-06
B,2026-19,REDE 08,74,68,Y,2026-05-07,2026-05-08
B,2026-19,REDE 09,82,84,Y,2026-05-07,2026-05-06
B,2026-19,REDE 10,82,67,Y,2026-05-07,2026-05-06
B,2026-19,REDE 11,72,70,Y,2026-05-07,2026-05-08
B,2026-19,REDE 12,62,47,Y,2026-05-07,2026-05-09
B,2026-19,REDE 13,61,53,Y,2026-05-07,2026-05-07
B,2026-19,REDE 14,32,20,Y,2026-05-07,2026-05-06
B,2026-19,REDE 15,61,52,Y,2026-05-07,2026-05-07
B,2026-19,REDE 16,40,39,Y,2026-05-07,2026-05-06
B,2026-19,REDE 17,29,28,Y,2026-05-07,2026-05-07
B,2026-19,REDE 18,68,55,Y,2026-05-07,2026-05-09
B,2026-19,REDE 19,53,40,Y,2026-05-07,2026-05-09
B,2026-19,REDE 20,63,49,Y,2026-05-07,2026-05-07
B,2026-19,REDE 21,47,42,Y,2026-05-07,2026-05-07
B,2026-19,REDE 22,62,48,Y,2026-05-07,2026-05-06
B,2026-19,REDE 23,23,14,Y,2026-05-07,2026-05-08
B,2026-19,REDE 24,28,19,Y,2026-05-07,2026-05-06
B,2026-19,REDE 25,76,75,Y,2026-05-07,2026-05-08
B,2026-19,REDE 26,75,78,Y,2026-05-07,2026-05-06
B,2026-19,REDE 27,62,54,Y,2026-05-07,2026-05-06
B,2026-19,REDE 28,71,67,Y,2026-05-07,2026-05-06
B,2026-19,REDE 29,72,73,Y,2026-05-07,2026-05-06
B,2026-19,REDE 30,59,62,Y,2026-05-07,2026-05-09
B,2026-19,REDE 31,68,58,Y,2026-05-07,2026-05-06
B,2026-19,REDE 32,74,72,Y,2026-05-07,2026-05-08
B,2026-19,REDE 33,47,50,Y,2026-05-07,2026-05-07
B,2026-19,REDE 34,57,54,Y,2026-05-07,2026-05-09
B,2026-19,REDE 35,37,22,Y,2026-05-07,2026-05-09
B,2026-20,REDE 01,32,35,Y,2026-05-14,2026-05-14
B,2026-20,REDE 02,54,52,Y,2026-05-14,2026-05-15
B,2026-20,REDE 03,25,19,Y,2026-05-14,2026-05-13
B,2026-20,REDE 04,70,61,Y,2026-05-14,2026-05-13
B,2026-20,REDE 05,82,67,Y,2026-05-14,2026-05-16
B,2026-20,REDE 06,87,83,Y,2026-05-14,2026-05-15
B,2026-20,REDE 07,33,28,Y,2026-05-14,2026-05-16
B,2026-20,REDE 08,21,14,Y,2026-05-14,2026-05-13
B,2026-20,REDE 09,24,24,Y,2026-05-14,2026-05-15
B,2026-20,REDE 10,77,73,Y,2026-05-14,2026-05-15
B,2026-20,REDE 11,74,71,Y,2026-05-14,2026-05-14
B,2026-20,REDE 12,34,29,Y,2026-05-14,2026-05-14
B,2026-20,REDE 13,62,65,Y,2026-05-14,2026-05-16
B,2026-20,REDE 14,49,39,Y,2026-05-14,2026-05-16
B,2026-20,REDE 15,80,68,Y,2026-05-14,2026-05-15
B,2026-20,REDE 16,70,58,Y,2026-05-14,2026-05-14
B,2026-20,REDE 17,89,75,Y,2026-05-14,2026-05-13
B,2026-20,REDE 18,57,53,Y,2026-05-14,2026-05-16
B,2026-20,REDE 19,23,24,Y,2026-05-14,2026-05-14
B,2026-20,REDE 20,38,31,Y,2026-05-14,2026-05-14
B,2026-20,REDE 21,54,52,Y,2026-05-14,2026-05-16
B,2026-20,REDE 22,58,43,Y,2026-05-14,2026-05-15
B,2026-20,REDE 23,69,71,Y,2026-05-14,2026-05-14
B,2026-20,REDE 24,85,87,Y,2026-05-14,2026-05-13
B,2026-20,REDE 25,80,83,Y,2026-05-14,2026-05-14
B,2026-20,REDE 26,31,21,Y,2026-05-14,2026-05-14
B,2026-20,REDE 27,26,0,Y,2026-05-14,2026-05-15
B,2026-20,REDE 28,40,43,Y,2026-05-14,2026-05-14
B,2026-20,REDE 29,37,22,Y,2026-05-14,2026-05-14
B,2026-20,REDE 30,20,7,Y,2026-05-14,2026-05-13
B,2026-20,REDE 31,63,55,Y,2026-05-14,2026-05-14
B,2026-20,REDE 32,35,26,Y,2026-05-14,2026-05-15
B,2026-20,REDE 33,78,70,Y,2026-05-14,2026-05-13
B,2026-20,REDE 34,63,56,Y,2026-05-14,2026-05-14
B,2026-20,REDE 35,89,91,Y,2026-05-14,2026-05-16
B,2026-21,REDE 01,27,19,Y,2026-05-21,2026-05-21
B,2026-21,REDE 02,51,44,Y,2026-05-21,2026-05-20
B,2026-21,REDE 03,65,53,Y,2026-05-21,2026-05-23
B,2026-21,REDE 04,42,38,Y,2026-05-21,2026-05-22
B,2026-21,REDE 05,72,65,Y,2026-05-21,2026-05-20
B,2026-21,REDE 06,51,36,Y,2026-05-21,2026-05-21
B,2026-21,REDE 07,34,36,Y,2026-05-21,2026-05-22
B,2026-21,REDE 08,73,67,Y,2026-05-21,2026-05-23
B,2026-21,REDE 09,48,47,Y,2026-05-21,2026-05-20
B,2026-21,REDE 10,35,34,Y,2026-05-21,2026-05-21
B,2026-21,REDE 11,30,24,Y,2026-05-21,2026-05-23
B,2026-21,REDE 12,74,76,Y,2026-05-21,2026-05-22
B,2026-21,REDE 13,65,64,Y,2026-05-21,2026-05-21
B,2026-21,REDE 14,30,21,Y,2026-05-21,2026-05-20
B,2026-21,REDE 15,46,41,Y,2026-05-21,2026-05-20
B,2026-21,REDE 16,61,61,Y,2026-05-21,2026-05-22
B,2026-21,REDE 17,59,56,Y,2026-05-21,2026-05-21
B,2026-21,REDE 18,52,43,Y,2026-05-21,2026-05-23
B,2026-21,REDE 19,21,20,Y,2026-05-21,2026-05-22
B,2026-21,REDE 20,74,72,Y,2026-05-21,2026-05-21
B,2026-21,REDE 21,84,0,Y,2026-05-21,2026-05-22
B,2026-21,REDE 22,81,84,Y,2026-05-21,2026-05-21
B,2026-21,REDE 23,25,21,Y,2026-05-21,2026-05-21
B,2026-21,REDE 24,41,44,Y,2026-05-21,2026-05-23
B,2026-21,REDE 25,68,70,Y,2026-05-21,2026-05-23
B,2026-21,REDE 26,32,34,Y,2026-05-21,2026-05-22
B,2026-21,REDE 27,55,41,Y,2026-05-21,2026-05-21
B,2026-21,REDE 28,62,65,Y,2026-05-21,2026-05-21
B,2026-21,REDE 29,77,70,Y,2026-05-21,2026-05-22
B,2026-21,REDE 30,84,86,Y,2026-05-21,2026-05-21
B,2026-21,REDE 31,39,41,Y,2026-05-21,2026-05-23
B,2026-21,REDE 32,64,56,N,2026-05-21,2026-05-22
B,2026-21,REDE 33,51,40,Y,2026-05-21,2026-05-20
B,2026-21,REDE 34,72,65,Y,2026-05-21,2026-05-23
B,2026-21,REDE 35,89,74,Y,2026-05-21,2026-05-22
B,2026-22,REDE 01,59,60,Y,2026-05-28,2026-05-29
B,2026-22,REDE 02,69,66,Y,2026-05-28,2026-05-28
B,2026-22,REDE 03,21,17,Y,2026-05-28,2026-05-30
B,2026-22,REDE 04,66,54,Y,2026-05-28,2026-05-27
B,2026-22,REDE 05,21,18,Y,2026-05-28,2026-05-30
B,2026-22,REDE 06,35,35,Y,2026-05-28,2026-05-28
B,2026-22,REDE 07,51,44,Y,2026-05-28,2026-05-27
B,2026-22,REDE 08,77,76,Y,2026-05-28,2026-05-30
B,2026-22,REDE 09,87,84,Y,2026-05-28,2026-05-29
B,2026-22,REDE 10,81,68,Y,2026-05-28,2026-05-30
B,2026-22,REDE 11,68,63,Y,2026-05-28,2026-05-27
B,2026-22,REDE 12,20,13,Y,2026-05-28,2026-05-28
B,2026-22,REDE 13,36,38,Y,2026-05-28,2026-05-29
B,2026-22,REDE 14,29,27,Y,2026-05-28,2026-05-28
B,2026-22,REDE 15,44,46,Y,2026-05-28,2026-05-29
B,2026-22,REDE 16,83,70,Y,2026-05-28,2026-05-30
B,2026-22,REDE 17,48,49,Y,2026-05-28,2026-05-30
B,2026-22,REDE 18,42,37,Y,2026-05-28,2026-05-29
B,2026-22,REDE 19,68,70,Y,2026-05-28,2026-05-29
B,2026-22,REDE 20,50,51,Y,2026-05-28,2026-05-28
B,2026-22,REDE 21,32,27,Y,2026-05-28,2026-05-28
B,2026-22,REDE 22,36,29,Y,2026-05-28,2026-05-28
B,2026-22,REDE 23,67,62,Y,2026-05-28,2026-05-27
B,2026-22,REDE 24,79,74,N,2026-05-28,2026-05-29
B,2026-22,REDE 25,76,79,Y,2026-05-28,2026-05-27
B,2026-22,REDE 26,41,44,Y,2026-05-28,2026-05-27
B,2026-22,REDE 27,35,31,Y,2026-05-28,2026-05-29
B,2026-22,REDE 28,48,37,Y,2026-05-28,2026-05-28
B,2026-22,REDE 29,58,47,Y,2026-05-28,2026-05-29
B,2026-22,REDE 30,72,67,Y,2026-05-28,2026-05-28
B,2026-22,REDE 31,41,27,Y,2026-05-28,2026-05-29
B,2026-22,REDE 32,76,73,Y,2026-05-28,2026-05-28
B,2026-22,REDE 33,79,67,Y,2026-05-28,2026-05-27
B,2026-22,REDE 34,88,79,Y,2026-05-28,2026-05-30
B,2026-22,REDE 35,59,46,Y,2026-05-28,2026-05-30
B,2026-23,REDE 01,77,76,Y,2026-06-04,2026-06-06
B,2026-23,REDE 02,30,19,Y,2026-06-04,2026-06-03
B,2026-23,REDE 03,56,56,Y,2026-06-04,2026-06-03
B,2026-23,REDE 04,22,13,Y,2026-06-04,2026-06-05
B,2026-23,REDE 05,42,0,Y,2026-06-04,2026-06-05
B,2026-23,REDE 06,56,51,Y,2026-06-04,2026-06-05
B,2026-23,REDE 07,36,36,Y,2026-06-04,2026-06-06
B,2026-23,REDE 08,29,26,Y,2026-06-04,2026-06-04
B,2026-23,REDE 09,71,56,Y,2026-06-04,2026-06-05
B,2026-23,REDE 10,81,67,Y,2026-06-04,2026-06-03
B,2026-23,REDE 11,41,28,Y,2026-06-04,2026-06-03
B,2026-23,REDE 12,38,31,Y,2026-06-04,2026-06-03
B,2026-23,REDE 13,68,58,N,2026-06-04,2026-06-04
B,2026-23,REDE 14,80,75,Y,2026-06-04,2026-06-04
B,2026-23,REDE 15,69,55,Y,2026-06-04,2026-06-04
B,2026-23,REDE 16,72,58,Y,2026-06-04,2026-06-06
B,2026-23,REDE 17,48,46,Y,2026-06-04,2026-06-03
B,2026-23,REDE 18,79,80,Y,2026-06-04,2026-06-06
B,2026-23,REDE 19,49,38,Y,2026-06-04,2026-06-03
B,2026-23,REDE 20,90,92,Y,2026-06-04,2026-06-04
B,2026-23,REDE 21,32,0,Y,2026-06-04,2026-06-06
B,2026-23,REDE 22,56,44,Y,2026-06-04,2026-06-03
B,2026-23,REDE 23,22,19,Y,2026-06-04,2026-06-04
B,2026-23,REDE 24,73,58,Y,2026-06-04,2026-06-06
B,2026-23,REDE 25,40,42,Y,2026-06-04,2026-06-05
B,2026-23,REDE 26,86,83,Y,2026-06-04,2026-06-05
B,2026-23,REDE 27,63,61,Y,2026-06-04,2026-06-06
B,2026-23,REDE 28,55,41,Y,2026-06-04,2026-06-04
B,2026-23,REDE 29,40,38,Y,2026-06-04,2026-06-03
B,2026-23,REDE 30,25,27,Y,2026-06-04,2026-06-05
B,2026-23,REDE 31,43,33,Y,2026-06-04,2026-06-03
B,2026-23,REDE 32,54,56,Y,2026-06-04,2026-06-05
B,2026-23,REDE 33,37,37,Y,2026-06-04,2026-06-04
B,2026-23,REDE 34,65,57,Y,2026-06-04,2026-06-06
B,2026-23,REDE 35,89,82,Y,2026-06-04,2026-06-04
B,2026-24,REDE 01,87,82,Y,2026-06-11,2026-06-11
B,2026-24,REDE 02,66,65,Y,2026-06-11,2026-06-13
B,2026-24,REDE 03,26,28,Y,2026-06-11,2026-06-10
B,2026-24,REDE 04,45,37,Y,2026-06-11,2026-06-11
B,2026-24,REDE 05,29,14,Y,2026-06-11,2026-06-12
B,2026-24,REDE 06,88,84,Y,2026-06-11,2026-06-11
B,2026-24,REDE 07,83,77,Y,2026-06-11,2026-06-10
B,2026-24,REDE 08,43,30,Y,2026-06-11,2026-06-10
B,2026-24,REDE 09,84,81,Y,2026-06-11,2026-06-12
B,2026-24,REDE 10,26,12,Y,2026-06-11,2026-06-10
B,2026-24,REDE 11,52,39,Y,2026-06-11,2026-06-11
B,2026-24,REDE 12,44,36,Y,2026-06-11,2026-06-11
B,2026-24,REDE 13,63,49,Y,2026-06-11,2026-06-10
B,2026-24,REDE 14,62,58,Y,2026-06-11,2026-06-10
B,2026-24,REDE 15,73,59,Y,2026-06-11,2026-06-13
B,2026-24,REDE 16,81,70,Y,2026-06-11,2026-06-12
B,2026-24,REDE 17,67,53,Y,2026-06-11,2026-06-12
B,2026-24,REDE 18,26,11,Y,2026-06-11,2026-06-13
B,2026-24,REDE 19,26,22,Y,2026-06-11,2026-06-10
B,2026-24,REDE 20,50,50,Y,2026-06-11,2026-06-13
B,2026-24,REDE 21,30,29,Y,2026-06-11,2026-06-11
B,2026-24,REDE 22,41,26,Y,2026-06-11,2026-06-11
B,2026-24,REDE 23,82,76,Y,2026-06-11,2026-06-13
B,2026-24,REDE 24,43,33,Y,2026-06-11,2026-06-12
B,2026-24,REDE 25,50,41,Y,2026-06-11,2026-06-12
B,2026-24,REDE 26,75,69,Y,2026-06-11,2026-06-10
B,2026-24,REDE 27,32,28,Y,2026-06-11,2026-06-10
B,2026-24,REDE 28,27,17,Y,2026-06-11,2026-06-10
B,2026-24,REDE 29,74,63,Y,2026-06-11,2026-06-12
B,2026-24,REDE 30,34,31,Y,2026-06-11,2026-06-10
B,2026-24,REDE 31,46,49,Y,2026-06-11,2026-06-13
B,2026-24,REDE 32,40,38,Y,2026-06-11,2026-06-12
B,2026-24,REDE 33,53,0,Y,2026-06-11,2026-06-10
B,2026-24,REDE 34,35,26,Y,2026-06-11,2026-06-10
B,2026-24,REDE 35,51,44,Y,2026-06-11,2026-06-12
B,2026-25,REDE 01,28,22,Y,2026-06-18,2026-06-19
B,2026-25,REDE 02,89,80,Y,2026-06-18,2026-06-18
B,2026-25,REDE 03,80,65,Y,2026-06-18,2026-06-19
B,2026-25,REDE 04,82,79,Y,2026-06-18,2026-06-19
B,2026-25,REDE 05,51,42,Y,2026-06-18,2026-06-20
B,2026-25,REDE 06,81,78,Y,2026-06-18,2026-06-17
B,2026-25,REDE 07,59,58,Y,2026-06-18,2026-06-17
B,2026-25,REDE 08,28,16,Y,2026-06-18,2026-06-19
B,2026-25,REDE 09,25,12,Y,2026-06-18,2026-06-20
B,2026-25,REDE 10,33,32,Y,2026-06-18,2026-06-20
B,2026-25,REDE 11,47,41,Y,2026-06-18,2026-06-19
B,2026-25,REDE 12,26,23,Y,2026-06-18,2026-06-20
B,2026-25,REDE 13,28,21,Y,2026-06-18,2026-06-20
B,2026-25,REDE 14,39,42,N,2026-06-18,2026-06-17
B,2026-25,REDE 15,77,69,Y,2026-06-18,2026-06-17
B,2026-25,REDE 16,90,83,Y,2026-06-18,2026-06-17
B,2026-25,REDE 17,75,63,Y,2026-06-18,2026-06-19
B,2026-25,REDE 18,32,26,Y,2026-06-18,2026-06-18
B,2026-25,REDE 19,30,16,Y,2026-06-18,2026-06-19
B,2026-25,REDE 20,46,42,Y,2026-06-18,2026-06-18
B,2026-25,REDE 21,41,38,Y,2026-06-18,2026-06-20
B,2026-25,REDE 22,20,23,Y,2026-06-18,2026-06-18
B,2026-25,REDE 23,35,24,Y,2026-06-18,2026-06-18
B,2026-25,REDE 24,58,59,Y,2026-06-18,2026-06-17
B,2026-25,REDE 25,39,38,Y,2026-06-18,2026-06-18
B,2026-25,REDE 26,83,75,Y,2026-06-18,2026-06-20
B,2026-25,REDE 27,63,57,Y,2026-06-18,2026-06-17
B,2026-25,REDE 28,87,84,Y,2026-06-18,2026-06-19
B,2026-25,REDE 29,33,36,Y,2026-06-18,2026-06-18
B,2026-25,REDE 30,82,73,Y,2026-06-18,2026-06-18
B,2026-25,REDE 31,63,58,Y,2026-06-18,2026-06-18
B,2026-25,REDE 32,39,37,Y,2026-06-18,2026-06-17
B,2026-25,REDE 33,70,56,Y,2026-06-18,2026-06-17
B,2026-25,REDE 34,71,61,Y,2026-06-18,2026-06-20
B,2026-25,REDE 35,61,58,Y,2026-06-18,2026-06-20
B,2026-26,REDE 01,64,57,Y,2026-06-25,2026-06-25
B,2026-26,REDE 02,47,35,Y,2026-06-25,2026-06-25
B,2026-26,REDE 03,66,57,Y,2026-06-25,2026-06-24
B,2026-26,REDE 04,35,34,Y,2026-06-25,2026-06-25
B,2026-26,REDE 05,53,41,Y,2026-06-25,2026-06-26
B,2026-26,REDE 06,31,19,Y,2026-06-25,2026-06-26
B,2026-26,REDE 07,42,39,Y,2026-06-25,2026-06-25
B,2026-26,REDE 08,25,23,Y,2026-06-25,2026-06-24
B,2026-26,REDE 09,55,44,Y,2026-06-25,2026-06-25
B,2026-26,REDE 10,85,86,Y,2026-06-25,2026-06-24
B,2026-26,REDE 11,45,47,Y,2026-06-25,2026-06-25
B,2026-26,REDE 12,50,47,Y,2026-06-25,2026-06-25
B,2026-26,REDE 13,77,69,Y,2026-06-25,2026-06-25
B,2026-26,REDE 14,54,39,Y,2026-06-25,2026-06-25
B,2026-26,REDE 15,71,56,Y,2026-06-25,2026-06-25
B,2026-26,REDE 16,67,61,N,2026-06-25,2026-06-24
B,2026-26,REDE 17,38,38,Y,2026-06-25,2026-06-25
B,2026-26,REDE 18,48,41,Y,2026-06-25,2026-06-25
B,2026-26,REDE 19,23,21,Y,2026-06-25,2026-06-24
B,2026-26,REDE 20,65,50,Y,2026-06-25,2026-06-27
B,2026-26,REDE 21,23,9,Y,2026-06-25,2026-06-26
B,2026-26,REDE 22,35,35,Y,2026-06-25,2026-06-24
B,2026-26,REDE 23,52,46,Y,2026-06-25,2026-06-26
B,2026-26,REDE 24,68,57,Y,2026-06-25,2026-06-24
B,2026-26,REDE 25,59,50,Y,2026-06-25,2026-06-27
B,2026-26,REDE 26,76,61,Y,2026-06-25,2026-06-24
B,2026-26,REDE 27,49,51,Y,2026-06-25,2026-06-24
B,2026-26,REDE 28,85,0,Y,2026-06-25,2026-06-25
B,2026-26,REDE 29,24,26,Y,2026-06-25,2026-06-24
B,2026-26,REDE 30,48,48,Y,2026-06-25,2026-06-27
B,2026-26,REDE 31,76,0,Y,2026-06-25,2026-06-25
B,2026-26,REDE 32,30,24,Y,2026-06-25,2026-06-25
B,2026-26,REDE 33,51,54,Y,2026-06-25,2026-06-26
B,2026-26,REDE 34,64,49,Y,2026-06-25,2026-06-25
B,2026-26,REDE 35,67,61,Y,2026-06-25,2026-06-27
B,2026-27,REDE 01,84,72,Y,2026-07-02,2026-07-04
B,2026-27,REDE 02,82,77,Y,2026-07-02,2026-07-03
B,2026-27,REDE 03,52,42,Y,2026-07-02,2026-07-04
B,2026-27,REDE 04,69,67,Y,2026-07-02,2026-07-04
B,2026-27,REDE 05,50,43,Y,2026-07-02,2026-07-02
B,2026-27,REDE 06,88,84,Y,2026-07-02,2026-07-02
B,2026-27,REDE 07,70,57,Y,2026-07-02,2026-07-03
B,2026-27,REDE 08,41,38,Y,2026-07-02,2026-07-03
B,2026-27,REDE 09,25,12,Y,2026-07-02,2026-07-01
B,2026-27,REDE 10,74,72,Y,2026-07-02,2026-07-04
B,2026-27,REDE 11,85,79,Y,2026-07-02,2026-07-01
B,2026-27,REDE 12,37,31,Y,2026-07-02,2026-07-04
B,2026-27,REDE 13,71,68,Y,2026-07-02,2026-07-01
B,2026-27,REDE 14,85,85,Y,2026-07-02,2026-07-03
B,2026-27,REDE 15,29,32,Y,2026-07-02,2026-07-03
B,2026-27,REDE 16,64,59,Y,2026-07-02,2026-07-01
B,2026-27,REDE 17,62,50,Y,2026-07-02,2026-07-03
B,2026-27,REDE 18,42,37,Y,2026-07-02,2026-07-03
B,2026-27,REDE 19,75,78,Y,2026-07-02,2026-07-03
B,2026-27,REDE 20,47,50,Y,2026-07-02,2026-07-02
B,2026-27,REDE 21,59,59,Y,2026-07-02,2026-07-02
B,2026-27,REDE 22,62,55,Y,2026-07-02,2026-07-01
B,2026-27,REDE 23,61,52,Y,2026-07-02,2026-07-02
B,2026-27,REDE 24,64,0,Y,2026-07-02,2026-07-02
B,2026-27,REDE 25,66,54,Y,2026-07-02,2026-07-02
B,2026-27,REDE 26,64,51,Y,2026-07-02,2026-07-04
B,2026-27,REDE 27,34,34,Y,2026-07-02,2026-07-03
B,2026-27,REDE 28,63,61,Y,2026-07-02,2026-07-03
B,2026-27,REDE 29,80,73,Y,2026-07-02,2026-07-01
B,2026-27,REDE 30,68,71,Y,2026-07-02,2026-07-03
B,2026-27,REDE 31,63,62,Y,2026-07-02,2026-07-04
B,2026-27,REDE 32,77,80,Y,2026-07-02,2026-07-03
B,2026-27,REDE 33,31,16,N,2026-07-02,2026-07-01
B,2026-27,REDE 34,76,70,Y,2026-07-02,2026-07-04
B,2026-27,REDE 35,89,84,Y,2026-07-02,2026-07-03
B,2026-28,REDE 01,23,0,Y,2026-07-09,2026-07-09
B,2026-28,REDE 02,32,0,Y,2026-07-09,2026-07-08
B,2026-28,REDE 03,66,0,Y,2026-07-09,2026-07-08
B,2026-28,REDE 04,65,57,Y,2026-07-09,2026-07-08
B,2026-28,REDE 05,52,41,Y,2026-07-09,2026-07-08
B,2026-28,REDE 06,53,0,Y,2026-07-09,2026-07-09
B,2026-28,REDE 07,43,35,Y,2026-07-09,2026-07-08
B,2026-28,REDE 08,56,58,Y,2026-07-09,2026-07-09
B,2026-28,REDE 09,43,43,Y,2026-07-09,2026-07-11
B,2026-28,REDE 10,55,49,Y,2026-07-09,2026-07-11
B,2026-28,REDE 11,85,75,Y,2026-07-09,2026-07-09
B,2026-28,REDE 12,87,88,Y,2026-07-09,2026-07-09
B,2026-28,REDE 13,48,35,Y,2026-07-09,2026-07-09
B,2026-28,REDE 14,32,19,Y,2026-07-09,2026-07-08
B,2026-28,REDE 15,38,41,Y,2026-07-09,2026-07-11
B,2026-28,REDE 16,64,0,Y,2026-07-09,2026-07-08
B,2026-28,REDE 17,22,16,Y,2026-07-09,2026-07-10
B,2026-28,REDE 18,61,47,Y,2026-07-09,2026-07-11
B,2026-28,REDE 19,81,66,Y,2026-07-09,2026-07-10
B,2026-28,REDE 20,45,36,Y,2026-07-09,2026-07-09
B,2026-28,REDE 21,59,60,Y,2026-07-09,2026-07-10
B,2026-28,REDE 22,64,67,Y,2026-07-09,2026-07-09
B,2026-28,REDE 23,82,77,Y,2026-07-09,2026-07-09
B,2026-28,REDE 24,45,34,Y,2026-07-09,2026-07-11
B,2026-28,REDE 25,20,7,Y,2026-07-09,2026-07-09
B,2026-28,REDE 26,66,68,Y,2026-07-09,2026-07-10
B,2026-28,REDE 27,40,41,Y,2026-07-09,2026-07-08
B,2026-28,REDE 28,45,45,Y,2026-07-09,2026-07-08
B,2026-28,REDE 29,79,67,Y,2026-07-09,2026-07-11
B,2026-28,REDE 30,65,0,Y,2026-07-09,2026-07-10
B,2026-28,REDE 31,67,55,Y,2026-07-09,2026-07-11
B,2026-28,REDE 32,20,5,Y,2026-07-09,2026-07-08
B,2026-28,REDE 33,53,42,Y,2026-07-09,2026-07-08
B,2026-28,REDE 34,35,31,Y,2026-07-09,2026-07-08
B,2026-28,REDE 35,42,45,Y,2026-07-09,2026-07-10
B,2026-29,REDE 01,24,15,Y,2026-07-16,2026-07-15
B,2026-29,REDE 02,32,21,Y,2026-07-16,2026-07-17
B,2026-29,REDE 03,68,60,Y,2026-07-16,2026-07-17
B,2026-29,REDE 04,80,69,Y,2026-07-16,2026-07-15
B,2026-29,REDE 05,30,24,Y,2026-07-16,2026-07-16
B,2026-29,REDE 06,30,32,Y,2026-07-16,2026-07-17
B,2026-29,REDE 07,29,26,Y,2026-07-16,2026-07-17
B,2026-29,REDE 08,61,49,Y,2026-07-16,2026-07-15
B,2026-29,REDE 09,71,71,Y,2026-07-16,2026-07-18
B,2026-29,REDE 10,59,58,Y,2026-07-16,2026-07-17
B,2026-29,REDE 11,43,32,Y,2026-07-16,2026-07-18
B,2026-29,REDE 12,46,40,Y,2026-07-16,2026-07-15
B,2026-29,REDE 13,82,75,Y,2026-07-16,2026-07-16
B,2026-29,REDE 14,65,53,Y,2026-07-16,2026-07-17
B,2026-29,REDE 15,82,69,Y,2026-07-16,2026-07-18
B,2026-29,REDE 16,58,59,Y,2026-07-16,2026-07-16
B,2026-29,REDE 17,50,51,Y,2026-07-16,2026-07-15
B,2026-29,REDE 18,81,73,Y,2026-07-16,2026-07-15
B,2026-29,REDE 19,50,41,Y,2026-07-16,2026-07-17
B,2026-29,REDE 20,82,76,Y,2026-07-16,2026-07-17
B,2026-29,REDE 21,69,56,Y,2026-07-16,2026-07-17
B,2026-29,REDE 22,77,74,Y,2026-07-16,2026-07-15
B,2026-29,REDE 23,52,38,Y,2026-07-16,2026-07-15
B,2026-29,REDE 24,47,42,Y,2026-07-16,2026-07-15
B,2026-29,REDE 25,27,25,Y,2026-07-16,2026-07-17
B,2026-29,REDE 26,79,70,Y,2026-07-16,2026-07-17
B,2026-29,REDE 27,33,28,Y,2026-07-16,2026-07-15
B,2026-29,REDE 28,75,70,Y,2026-07-16,2026-07-15
B,2026-29,REDE 29,29,23,Y,2026-07-16,2026-07-18
B,2026-29,REDE 30,77,76,Y,2026-07-16,2026-07-15
B,2026-29,REDE 31,66,52,Y,2026-07-16,2026-07-18
B,2026-29,REDE 32,31,30,Y,2026-07-16,2026-07-18
B,2026-29,REDE 33,76,68,Y,2026-07-16,2026-07-15
B,2026-29,REDE 34,87,73,Y,2026-07-16,2026-07-15
B,2026-29,REDE 35,90,85,Y,2026-07-16,2026-07-18
B,2026-30,REDE 01,51,39,Y,2026-07-23,2026-07-22
B,2026-30,REDE 02,78,80,Y,2026-07-23,2026-07-25
B,2026-30,REDE 03,78,69,Y,2026-07-23,2026-07-25
B,2026-30,REDE 04,61,50,Y,2026-07-23,2026-07-23
B,2026-30,REDE 05,59,59,Y,2026-07-23,2026-07-25
B,2026-30,REDE 06,49,40,Y,2026-07-23,2026-07-22
B,2026-30,REDE 07,39,24,Y,2026-07-23,2026-07-24
B,2026-30,REDE 08,84,76,Y,2026-07-23,2026-07-22
B,2026-30,REDE 09,60,63,Y,2026-07-23,2026-07-22
B,2026-30,REDE 10,46,32,Y,2026-07-23,2026-07-24
B,2026-30,REDE 11,38,36,Y,2026-07-23,2026-07-22
B,2026-30,REDE 12,39,34,Y,2026-07-23,2026-07-24
B,2026-30,REDE 13,32,32,Y,2026-07-23,2026-07-22
B,2026-30,REDE 14,65,59,Y,2026-07-23,2026-07-24
B,2026-30,REDE 15,76,79,Y,2026-07-23,2026-07-23
B,2026-30,REDE 16,85,87,Y,2026-07-23,2026-07-24
B,2026-30,REDE 17,77,73,Y,2026-07-23,2026-07-23
B,2026-30,REDE 18,38,32,Y,2026-07-23,2026-07-23
B,2026-30,REDE 19,87,88,Y,2026-07-23,2026-07-23
B,2026-30,REDE 20,61,64,Y,2026-07-23,2026-07-24
B,2026-30,REDE 21,73,65,Y,2026-07-23,2026-07-23
B,2026-30,REDE 22,26,13,Y,2026-07-23,2026-07-24
B,2026-30,REDE 23,83,86,Y,2026-07-23,2026-07-22
B,2026-30,REDE 24,78,69,Y,2026-07-23,2026-07-24
B,2026-30,REDE 25,64,66,Y,2026-07-23,2026-07-22
B,2026-30,REDE 26,83,68,Y,2026-07-23,2026-07-23
B,2026-30,REDE 27,79,64,Y,2026-07-23,2026-07-25
B,2026-30,REDE 28,65,54,Y,2026-07-23,2026-07-25
B,2026-30,REDE 29,67,67,Y,2026-07-23,2026-07-22
B,2026-30,REDE 30,47,35,Y,2026-07-23,2026-07-25
B,2026-30,REDE 31,75,67,Y,2026-07-23,2026-07-23
B,2026-30,REDE 32,36,36,Y,2026-07-23,2026-07-25
B,2026-30,REDE 33,77,69,Y,2026-07-23,2026-07-25
B,2026-30,REDE 34,37,40,Y,2026-07-23,2026-07-24
B,2026-30,REDE 35,43,34,Y,2026-07-23,2026-07-22
B,2026-31,REDE 01,86,85,Y,2026-07-30,2026-07-30
B,2026-31,REDE 02,23,19,Y,2026-07-30,2026-07-30
B,2026-31,REDE 03,85,86,Y,2026-07-30,2026-07-30
B,2026-31,REDE 04,84,79,Y,2026-07-30,2026-07-29
B,2026-31,REDE 05,58,61,Y,2026-07-30,2026-07-29
B,2026-31,REDE 06,48,48,Y,2026-07-30,2026-07-29
B,2026-31,REDE 07,90,90,Y,2026-07-30,2026-07-31
B,2026-31,REDE 08,49,0,Y,2026-07-30,2026-08-01
B,2026-31,REDE 09,74,71,Y,2026-07-30,2026-07-30
B,2026-31,REDE 10,86,80,Y,2026-07-30,2026-07-31
B,2026-31,REDE 11,81,73,Y,2026-07-30,2026-07-31
B,2026-31,REDE 12,79,70,Y,2026-07-30,2026-07-29
B,2026-31,REDE 13,34,33,Y,2026-07-30,2026-07-30
B,2026-31,REDE 14,76,65,Y,2026-07-30,2026-08-01
B,2026-31,REDE 15,63,48,Y,2026-07-30,2026-08-01
B,2026-31,REDE 16,87,87,Y,2026-07-30,2026-08-01
B,2026-31,REDE 17,29,26,Y,2026-07-30,2026-07-31
B,2026-31,REDE 18,52,44,Y,2026-07-30,2026-07-30
B,2026-31,REDE 19,35,28,Y,2026-07-30,2026-08-01
B,2026-31,REDE 20,84,83,Y,2026-07-30,2026-08-01
B,2026-31,REDE 21,70,71,Y,2026-07-30,2026-07-29
B,2026-31,REDE 22,62,61,Y,2026-07-30,2026-07-30
B,2026-31,REDE 23,76,76,Y,2026-07-30,2026-08-01
B,2026-31,REDE 24,52,49,Y,2026-07-30,2026-07-31
B,2026-31,REDE 25,83,81,Y,2026-07-30,2026-07-30
B,2026-31,REDE 26,88,84,N,2026-07-30,2026-08-01
B,2026-31,REDE 27,24,15,Y,2026-07-30,2026-07-30
B,2026-31,REDE 28,77,62,Y,2026-07-30,2026-07-29
B,2026-31,REDE 29,47,44,Y,2026-07-30,2026-07-31
B,2026-31,REDE 30,45,47,Y,2026-07-30,2026-07-29
B,2026-31,REDE 31,33,26,Y,2026-07-30,2026-08-01
B,2026-31,REDE 32,80,74,Y,2026-07-30,2026-07-29
B,2026-31,REDE 33,36,39,Y,2026-07-30,2026-07-29
B,2026-31,REDE 34,54,41,Y,2026-07-30,2026-07-30
B,2026-31,REDE 35,85,88,Y,2026-07-30,2026-07-30
B,2026-32,REDE 01,41,43,Y,2026-08-06,2026-08-05
B,2026-32,REDE 02,67,60,Y,2026-08-06,2026-08-07
B,2026-32,REDE 03,72,59,Y,2026-08-06,2026-08-05
B,2026-32,REDE 04,43,37,Y,2026-08-06,2026-08-06
B,2026-32,REDE 05,87,80,Y,2026-08-06,2026-08-05
B,2026-32,REDE 06,73,0,Y,2026-08-06,2026-08-07
B,2026-32,REDE 07,71,64,Y,2026-08-06,2026-08-08
B,2026-32,REDE 08,42,35,Y,2026-08-06,2026-08-07
B,2026-32,REDE 09,50,45,Y,2026-08-06,2026-08-06
B,2026-32,REDE 10,49,52,Y,2026-08-06,2026-08-06
B,2026-32,REDE 11,57,53,Y,2026-08-06,2026-08-06
B,2026-32,REDE 12,88,78,Y,2026-08-06,2026-08-05
B,2026-32,REDE 13,57,49,Y,2026-08-06,2026-08-07
B,2026-32,REDE 14,88,76,Y,2026-08-06,2026-08-08
B,2026-32,REDE 15,48,44,Y,2026-08-06,2026-08-07
B,2026-32,REDE 16,90,92,Y,2026-08-06,2026-08-08
B,2026-32,REDE 17,23,24,Y,2026-08-06,2026-08-05
B,2026-32,REDE 18,63,66,Y,2026-08-06,2026-08-08
B,2026-32,REDE 19,59,47,Y,2026-08-06,2026-08-08
B,2026-32,REDE 20,60,49,Y,2026-08-06,2026-08-05
B,2026-32,REDE 21,45,38,Y,2026-08-06,2026-08-06
B,2026-32,REDE 22,79,80,Y,2026-08-06,2026-08-06
B,2026-32,REDE 23,44,0,Y,2026-08-06,2026-08-05
B,2026-32,REDE 24,52,53,Y,2026-08-06,2026-08-05
B,2026-32,REDE 25,47,45,Y,2026-08-06,2026-08-06
B,2026-32,REDE 26,52,39,Y,2026-08-06,2026-08-08
B,2026-32,REDE 27,69,67,Y,2026-08-06,2026-08-06
B,2026-32,REDE 28,87,76,Y,2026-08-06,2026-08-07
B,2026-32,REDE 29,73,59,Y,2026-08-06,2026-08-07
B,2026-32,REDE 30,42,37,Y,2026-08-06,2026-08-08
B,2026-32,REDE 31,68,55,Y,2026-08-06,2026-08-05
B,2026-32,REDE 32,37,30,Y,2026-08-06,2026-08-05
B,2026-32,REDE 33,57,46,Y,2026-08-06,2026-08-07
B,2026-32,REDE 34,80,69,Y,2026-08-06,2026-08-05
B,2026-32,REDE 35,73,73,Y,2026-08-06,2026-08-08
B,2026-33,REDE 01,74,74,Y,2026-08-13,2026-08-14
B,2026-33,REDE 02,34,0,Y,2026-08-13,2026-08-14
B,2026-33,REDE 03,22,15,Y,2026-08-13,2026-08-15
B,2026-33,REDE 04,59,57,Y,2026-08-13,2026-08-14
B,2026-33,REDE 05,47,36,Y,2026-08-13,2026-08-12
B,2026-33,REDE 06,36,28,Y,2026-08-13,2026-08-15
B,2026-33,REDE 07,52,39,Y,2026-08-13,2026-08-15
B,2026-33,REDE 08,75,64,Y,2026-08-13,2026-08-13
B,2026-33,REDE 09,88,73,Y,2026-08-13,2026-08-14
B,2026-33,REDE 10,46,43,Y,2026-08-13,2026-08-12
B,2026-33,REDE 11,37,25,Y,2026-08-13,2026-08-14
B,2026-33,REDE 12,43,34,Y,2026-08-13,2026-08-13
B,2026-33,REDE 13,83,0,Y,2026-08-13,2026-08-15
B,2026-33,REDE 14,62,54,Y,2026-08-13,2026-08-14
B,2026-33,REDE 15,59,56,Y,2026-08-13,2026-08-13
B,2026-33,REDE 16,81,67,Y,2026-08-13,2026-08-13
B,2026-33,REDE 17,48,36,Y,2026-08-13,2026-08-12
B,2026-33,REDE 18,86,75,Y,2026-08-13,2026-08-14
B,2026-33,REDE 19,66,52,Y,2026-08-13,2026-08-15
B,2026-33,REDE 20,40,33,Y,2026-08-13,2026-08-14
B,2026-33,REDE 21,76,65,Y,2026-08-13,2026-08-14
B,2026-33,REDE 22,20,10,Y,2026-08-13,2026-08-14
B,2026-33,REDE 23,85,88,Y,2026-08-13,2026-08-15
B,2026-33,REDE 24,62,54,Y,2026-08-13,2026-08-13
B,2026-33,REDE 25,48,51,Y,2026-08-13,2026-08-14
B,2026-33,REDE 26,59,48,Y,2026-08-13,2026-08-12
B,2026-33,REDE 27,71,61,Y,2026-08-13,2026-08-12
B,2026-33,REDE 28,26,15,Y,2026-08-13,2026-08-13
B,2026-33,REDE 29,67,69,Y,2026-08-13,2026-08-14
B,2026-33,REDE 30,89,80,Y,2026-08-13,2026-08-15
B,2026-33,REDE 31,82,69,Y,2026-08-13,2026-08-15
B,2026-33,REDE 32,25,26,Y,2026-08-13,2026-08-15
B,2026-33,REDE 33,24,26,Y,2026-08-13,2026-08-15
B,2026-33,REDE 34,30,26,Y,2026-08-13,2026-08-15
B,2026-33,REDE 35,44,33,Y,2026-08-13,2026-08-15
B,2026-34,REDE 01,44,44,Y,2026-08-20,2026-08-21
B,2026-34,REDE 02,24,14,Y,2026-08-20,2026-08-22
B,2026-34,REDE 03,65,61,Y,2026-08-20,2026-08-21
B,2026-34,REDE 04,51,39,Y,2026-08-20,2026-08-20
B,2026-34,REDE 05,30,25,Y,2026-08-20,2026-08-22
B,2026-34,REDE 06,77,71,Y,2026-08-20,2026-08-20
B,2026-34,REDE 07,25,13,Y,2026-08-20,2026-08-21
B,2026-34,REDE 08,68,55,Y,2026-08-20,2026-08-19
B,2026-34,REDE 09,42,42,Y,2026-08-20,2026-08-20
B,2026-34,REDE 10,70,63,Y,2026-08-20,2026-08-21
B,2026-34,REDE 11,52,40,Y,2026-08-20,2026-08-22
B,2026-34,REDE 12,65,59,Y,2026-08-20,2026-08-20
B,2026-34,REDE 13,79,78,Y,2026-08-20,2026-08-21
B,2026-34,REDE 14,83,79,Y,2026-08-20,2026-08-19
B,2026-34,REDE 15,44,41,Y,2026-08-20,2026-08-21
B,2026-34,REDE 16,73,60,Y,2026-08-20,2026-08-22
B,2026-34,REDE 17,30,18,Y,2026-08-20,2026-08-22
B,2026-34,REDE 18,87,78,Y,2026-08-20,2026-08-20
B,2026-34,REDE 19,51,50,Y,2026-08-20,2026-08-22
B,2026-34,REDE 20,36,30,Y,2026-08-20,2026-08-19
B,2026-34,REDE 21,70,62,Y,2026-08-20,2026-08-19
B,2026-34,REDE 22,65,50,Y,2026-08-20,2026-08-22
B,2026-34,REDE 23,54,52,Y,2026-08-20,2026-08-20
B,2026-34,REDE 24,46,44,Y,2026-08-20,2026-08-22
B,2026-34,REDE 25,75,77,Y,2026-08-20,2026-08-20
B,2026-34,REDE 26,22,0,Y,2026-08-20,2026-08-19
B,2026-34,REDE 27,39,28,Y,2026-08-20,2026-08-21
B,2026-34,REDE 28,21,13,Y,2026-08-20,2026-08-22
B,2026-34,REDE 29,37,26,Y,2026-08-20,2026-08-21
B,2026-34,REDE 30,65,62,Y,2026-08-20,2026-08-19
B,2026-34,REDE 31,52,47,Y,2026-08-20,2026-08-21
B,2026-34,REDE 32,27,23,Y,2026-08-20,2026-08-22
B,2026-34,REDE 33,77,64,Y,2026-08-20,2026-08-19
B,2026-34,REDE 34,47,45,Y,2026-08-20,2026-08-22
B,2026-34,REDE 35,70,56,Y,2026-08-20,2026-08-21
B,2026-35,REDE 01,85,88,Y,2026-08-27,2026-08-26
B,2026-35,REDE 02,89,78,Y,2026-08-27,2026-08-29
B,2026-35,REDE 03,52,40,Y,2026-08-27,2026-08-29
B,2026-35,REDE 04,42,27,Y,2026-08-27,2026-08-27
B,2026-35,REDE 05,67,69,Y,2026-08-27,2026-08-27
B,2026-35,REDE 06,81,75,Y,2026-08-27,2026-08-27
B,2026-35,REDE 07,50,36,Y,2026-08-27,2026-08-28
B,2026-35,REDE 08,23,12,Y,2026-08-27,2026-08-26
B,2026-35,REDE 09,67,52,Y,2026-08-27,2026-08-28
B,2026-35,REDE 10,58,54,Y,2026-08-27,2026-08-28
B,2026-35,REDE 11,61,52,Y,2026-08-27,2026-08-26
B,2026-35,REDE 12,22,7,Y,2026-08-27,2026-08-28
B,2026-35,REDE 13,60,47,Y,2026-08-27,2026-08-27
B,2026-35,REDE 14,22,11,Y,2026-08-27,2026-08-27
B,2026-35,REDE 15,41,37,Y,2026-08-27,2026-08-27
B,2026-35,REDE 16,31,25,Y,2026-08-27,2026-08-28
B,2026-35,REDE 17,26,20,Y,2026-08-27,2026-08-27
B,2026-35,REDE 18,48,43,Y,2026-08-27,2026-08-29
B,2026-35,REDE 19,89,85,Y,2026-08-27,2026-08-29
B,2026-35,REDE 20,31,20,Y,2026-08-27,2026-08-26
B,2026-35,REDE 21,90,84,Y,2026-08-27,2026-08-28
B,2026-35,REDE 22,22,17,Y,2026-08-27,2026-08-26
B,2026-35,REDE 23,90,75,Y,2026-08-27,2026-08-27
B,2026-35,REDE 24,28,28,Y,2026-08-27,2026-08-28
B,2026-35,REDE 25,24,25,Y,2026-08-27,2026-08-26
B,2026-35,REDE 26,61,53,Y,2026-08-27,2026-08-27
B,2026-35,REDE 27,67,58,Y,2026-08-27,2026-08-28
B,2026-35,REDE 28,53,39,Y,2026-08-27,2026-08-28
B,2026-35,REDE 29,43,30,Y,2026-08-27,2026-08-27
B,2026-35,REDE 30,64,54,Y,2026-08-27,2026-08-28
B,2026-35,REDE 31,48,34,Y,2026-08-27,2026-08-27
B,2026-35,REDE 32,67,65,Y,2026-08-27,2026-08-28
B,2026-35,REDE 33,61,63,Y,2026-08-27,2026-08-27
B,2026-35,REDE 34,56,46,Y,2026-08-27,2026-08-28
B,2026-35,REDE 35,23,19,Y,2026-08-27,2026-08-27
B,2026-36,REDE 01,77,64,Y,2026-09-03,2026-09-05
B,2026-36,REDE 02,44,30,Y,2026-09-03,2026-09-05
B,2026-36,REDE 03,63,50,Y,2026-09-03,2026-09-03
B,2026-36,REDE 04,46,39,Y,2026-09-03,2026-09-02
B,2026-36,REDE 05,44,33,Y,2026-09-03,2026-09-05
B,2026-36,REDE 06,26,25,Y,2026-09-03,2026-09-03
B,2026-36,REDE 07,57,56,Y,2026-09-03,2026-09-04
B,2026-36,REDE 08,72,59,Y,2026-09-03,2026-09-04
B,2026-36,REDE 09,21,20,Y,2026-09-03,2026-09-05
B,2026-36,REDE 10,80,65,Y,2026-09-03,2026-09-04
B,2026-36,REDE 11,72,74,Y,2026-09-03,2026-09-03
B,2026-36,REDE 12,51,44,Y,2026-09-03,2026-09-05
B,2026-36,REDE 13,62,52,Y,2026-09-03,2026-09-04
B,2026-36,REDE 14,46,31,Y,2026-09-03,2026-09-02
B,2026-36,REDE 15,60,46,Y,2026-09-03,2026-09-05
B,2026-36,REDE 16,75,75,Y,2026-09-03,2026-09-04
B,2026-36,REDE 17,87,73,Y,2026-09-03,2026-09-04
B,2026-36,REDE 18,47,41,Y,2026-09-03,2026-09-03
B,2026-36,REDE 19,36,0,Y,2026-09-03,2026-09-02
B,2026-36,REDE 20,80,69,Y,2026-09-03,2026-09-05
B,2026-36,REDE 21,40,27,Y,2026-09-03,2026-09-04
B,2026-36,REDE 22,30,17,Y,2026-09-03,2026-09-05
B,2026-36,REDE 23,88,82,Y,2026-09-03,2026-09-05
B,2026-36,REDE 24,61,50,Y,2026-09-03,2026-09-03
B,2026-36,REDE 25,46,39,Y,2026-09-03,2026-09-02
B,2026-36,REDE 26,39,26,Y,2026-09-03,2026-09-02
B,2026-36,REDE 27,77,79,Y,2026-09-03,2026-09-03
B,2026-36,REDE 28,60,60,Y,2026-09-03,2026-09-04
B,2026-36,REDE 29,58,45,Y,2026-09-03,2026-09-05
B,2026-36,REDE 30,52,47,Y,2026-09-03,2026-09-03
B,2026-36,REDE 31,39,38,Y,2026-09-03,2026-09-05
B,2026-36,REDE 32,26,17,Y,2026-09-03,2026-09-04
B,2026-36,REDE 33,65,54,Y,2026-09-03,2026-09-05
B,2026-36,REDE 34,58,45,Y,2026-09-03,2026-09-03
B,2026-36,REDE 35,45,35,Y,2026-09-03,2026-09-04
B,2026-37,REDE 01,20,17,Y,2026-09-10,2026-09-12
B,2026-37,REDE 02,89,81,Y,2026-09-10,2026-09-09
B,2026-37,REDE 03,44,43,Y,2026-09-10,2026-09-10
B,2026-37,REDE 04,72,70,Y,2026-09-10,2026-09-09
B,2026-37,REDE 05,81,82,Y,2026-09-10,2026-09-12
B,2026-37,REDE 06,66,68,Y,2026-09-10,2026-09-12
B,2026-37,REDE 07,66,67,Y,2026-09-10,2026-09-11
B,2026-37,REDE 08,28,25,Y,2026-09-10,2026-09-12
B,2026-37,REDE 09,79,69,Y,2026-09-10,2026-09-11
B,2026-37,REDE 10,77,64,Y,2026-09-10,2026-09-09
B,2026-37,REDE 11,78,80,Y,2026-09-10,2026-09-10
B,2026-37,REDE 12,23,13,Y,2026-09-10,2026-09-11
B,2026-37,REDE 13,46,41,Y,2026-09-10,2026-09-12
B,2026-37,REDE 14,39,27,Y,2026-09-10,2026-09-09
B,2026-37,REDE 15,28,19,Y,2026-09-10,2026-09-09
B,2026-37,REDE 16,31,23,Y,2026-09-10,2026-09-10
B,2026-37,REDE 17,46,49,Y,2026-09-10,2026-09-11
B,2026-37,REDE 18,35,36,Y,2026-09-10,2026-09-10
B,2026-37,REDE 19,23,17,Y,2026-09-10,2026-09-10
B,2026-37,REDE 20,69,71,Y,2026-09-10,2026-09-11
B,2026-37,REDE 21,75,75,Y,2026-09-10,2026-09-11
B,2026-37,REDE 22,30,17,Y,2026-09-10,2026-09-10
B,2026-37,REDE 23,34,22,Y,2026-09-10,2026-09-12
B,2026-37,REDE 24,49,48,Y,2026-09-10,2026-09-11
B,2026-37,REDE 25,30,29,Y,2026-09-10,2026-09-12
B,2026-37,REDE 26,61,52,N,2026-09-10,2026-09-09
B,2026-37,REDE 27,36,36,Y,2026-09-10,2026-09-10
B,2026-37,REDE 28,74,67,Y,2026-09-10,2026-09-09
B,2026-37,REDE 29,58,58,Y,2026-09-10,2026-09-10
B,2026-37,REDE 30,60,46,Y,2026-09-10,2026-09-09
B,2026-37,REDE 31,75,0,Y,2026-09-10,2026-09-11
B,2026-37,REDE 32,40,41,Y,2026-09-10,2026-09-10
B,2026-37,REDE 33,67,53,Y,2026-09-10,2026-09-12
B,2026-37,REDE 34,71,60,Y,2026-09-10,2026-09-10
B,2026-37,REDE 35,74,66,Y,2026-09-10,2026-09-11
B,2026-38,REDE 01,39,28,Y,2026-09-17,2026-09-18
B,2026-38,REDE 02,34,35,Y,2026-09-17,2026-09-18
B,2026-38,REDE 03,78,77,Y,2026-09-17,2026-09-17
B,2026-38,REDE 04,34,35,Y,2026-09-17,2026-09-16
B,2026-38,REDE 05,23,22,Y,2026-09-17,2026-09-16
B,2026-38,REDE 06,90,93,Y,2026-09-17,2026-09-17
B,2026-38,REDE 07,89,87,Y,2026-09-17,2026-09-19
B,2026-38,REDE 08,45,35,Y,2026-09-17,2026-09-17
B,2026-38,REDE 09,32,19,Y,2026-09-17,2026-09-16
B,2026-38,REDE 10,35,30,Y,2026-09-17,2026-09-18
B,2026-38,REDE 11,21,7,Y,2026-09-17,2026-09-18
B,2026-38,REDE 12,29,24,Y,2026-09-17,2026-09-18
B,2026-38,REDE 13,43,35,Y,2026-09-17,2026-09-16
B,2026-38,REDE 14,78,64,Y,2026-09-17,2026-09-19
B,2026-38,REDE 15,68,57,Y,2026-09-17,2026-09-17
B,2026-38,REDE 16,21,22,Y,2026-09-17,2026-09-18
B,2026-38,REDE 17,31,22,Y,2026-09-17,2026-09-18
B,2026-38,REDE 18,76,78,Y,2026-09-17,2026-09-16
B,2026-38,REDE 19,84,81,Y,2026-09-17,2026-09-18
B,2026-38,REDE 20,50,45,Y,2026-09-17,2026-09-18
B,2026-38,REDE 21,56,56,Y,2026-09-17,2026-09-19
B,2026-38,REDE 22,76,75,Y,2026-09-17,2026-09-17
B,2026-38,REDE 23,45,43,Y,2026-09-17,2026-09-16
B,2026-38,REDE 24,70,72,Y,2026-09-17,2026-09-18
B,2026-38,REDE 25,69,67,Y,2026-09-17,2026-09-16
B,2026-38,REDE 26,21,18,Y,2026-09-17,2026-09-18
B,2026-38,REDE 27,85,83,Y,2026-09-17,2026-09-16
B,2026-38,REDE 28,52,50,Y,2026-09-17,2026-09-18
B,2026-38,REDE 29,65,50,Y,2026-09-17,2026-09-17
B,2026-38,REDE 30,90,88,Y,2026-09-17,2026-09-18
B,2026-38,REDE 31,68,61,Y,2026-09-17,2026-09-18
B,2026-38,REDE 32,88,76,Y,2026-09-17,2026-09-19
B,2026-38,REDE 33,84,74,Y,2026-09-17,2026-09-16
B,2026-38,REDE 34,80,81,Y,2026-09-17,2026-09-17
B,2026-38,REDE 35,53,41,Y,2026-09-17,2026-09-16
B,2026-39,REDE 01,60,52,Y,2026-09-24,2026-09-26
B,2026-39,REDE 02,56,42,Y,2026-09-24,2026-09-24
B,2026-39,REDE 03,69,55,Y,2026-09-24,2026-09-26
B,2026-39,REDE 04,69,55,Y,2026-09-24,2026-09-26
B,2026-39,REDE 05,72,66,Y,2026-09-24,2026-09-24
B,2026-39,REDE 06,67,55,Y,2026-09-24,2026-09-26
B,2026-39,REDE 07,83,72,Y,2026-09-24,2026-09-26
B,2026-39,REDE 08,71,59,Y,2026-09-24,2026-09-23
B,2026-39,REDE 09,74,60,Y,2026-09-24,2026-09-26
B,2026-39,REDE 10,20,22,Y,2026-09-24,2026-09-24
B,2026-39,REDE 11,58,53,Y,2026-09-24,2026-09-25
B,2026-39,REDE 12,40,25,Y,2026-09-24,2026-09-23
B,2026-39,REDE 13,55,50,Y,2026-09-24,2026-09-24
B,2026-39,REDE 14,61,55,Y,2026-09-24,2026-09-26
B,2026-39,REDE 15,32,34,Y,2026-09-24,2026-09-24
B,2026-39,REDE 16,25,17,Y,2026-09-24,2026-09-24
B,2026-39,REDE 17,42,37,Y,2026-09-24,2026-09-25
B,2026-39,REDE 18,49,38,Y,2026-09-24,2026-09-24
B,2026-39,REDE 19,37,37,Y,2026-09-24,2026-09-25
B,2026-39,REDE 20,36,35,Y,2026-09-24,2026-09-25
B,2026-39,REDE 21,33,0,Y,2026-09-24,2026-09-25
B,2026-39,REDE 22,22,9,Y,2026-09-24,2026-09-24
B,2026-39,REDE 23,56,53,Y,2026-09-24,2026-09-23
B,2026-39,REDE 24,74,61,Y,2026-09-24,2026-09-25
B,2026-39,REDE 25,71,65,Y,2026-09-24,2026-09-23
B,2026-39,REDE 26,43,36,Y,2026-09-24,2026-09-26
B,2026-39,REDE 27,61,58,Y,2026-09-24,2026-09-26
B,2026-39,REDE 28,45,31,Y,2026-09-24,2026-09-24
B,2026-39,REDE 29,23,11,Y,2026-09-24,2026-09-24
B,2026-39,REDE 30,89,83,Y,2026-09-24,2026-09-26
B,2026-39,REDE 31,69,58,Y,2026-09-24,2026-09-26
B,2026-39,REDE 32,41,31,Y,2026-09-24,2026-09-26
B,2026-39,REDE 33,23,24,Y,2026-09-24,2026-09-26
B,2026-39,REDE 34,79,80,Y,2026-09-24,2026-09-24
B,2026-39,REDE 35,49,49,Y,2026-09-24,2026-09-26
B,2026-40,REDE 01,31,23,Y,2026-10-01,2026-10-03
B,2026-40,REDE 02,70,69,Y,2026-10-01,2026-10-02
B,2026-40,REDE 03,68,57,Y,2026-10-01,2026-10-02
B,2026-40,REDE 04,77,74,Y,2026-10-01,2026-09-30
B,2026-40,REDE 05,57,58,Y,2026-10-01,2026-09-30
B,2026-40,REDE 06,54,55,Y,2026-10-01,2026-10-01
B,2026-40,REDE 07,85,70,Y,2026-10-01,2026-09-30
B,2026-40,REDE 08,64,61,Y,2026-10-01,2026-10-01
B,2026-40,REDE 09,49,44,Y,2026-10-01,2026-10-02
B,2026-40,REDE 10,26,20,Y,2026-10-01,2026-10-01
B,2026-40,REDE 11,69,54,Y,2026-10-01,2026-10-02
B,2026-40,REDE 12,43,35,Y,2026-10-01,2026-09-30
B,2026-40,REDE 13,55,49,Y,2026-10-01,2026-10-03
B,2026-40,REDE 14,53,42,Y,2026-10-01,2026-09-30
B,2026-40,REDE 15,37,30,Y,2026-10-01,2026-10-01
B,2026-40,REDE 16,51,39,Y,2026-10-01,2026-09-30
B,2026-40,REDE 17,39,36,Y,2026-10-01,2026-10-01
B,2026-40,REDE 18,33,28,Y,2026-10-01,2026-10-02
B,2026-40,REDE 19,66,65,Y,2026-10-01,2026-10-01
B,2026-40,REDE 20,67,55,Y,2026-10-01,2026-09-30
B,2026-40,REDE 21,36,33,Y,2026-10-01,2026-09-30
B,2026-40,REDE 22,25,15,Y,2026-10-01,2026-09-30
B,2026-40,REDE 23,43,40,Y,2026-10-01,2026-10-03
B,2026-40,REDE 24,25,16,Y,2026-10-01,2026-10-03
B,2026-40,REDE 25,64,67,Y,2026-10-01,2026-10-03
B,2026-40,REDE 26,83,86,Y,2026-10-01,2026-10-02
B,2026-40,REDE 27,46,41,Y,2026-10-01,2026-10-01
B,2026-40,REDE 28,55,57,Y,2026-10-01,2026-10-01
B,2026-40,REDE 29,51,48,Y,2026-10-01,2026-10-02
B,2026-40,REDE 30,71,59,Y,2026-10-01,2026-10-03
B,2026-40,REDE 31,67,70,Y,2026-10-01,2026-10-01
B,2026-40,REDE 32,46,47,Y,2026-10-01,2026-10-03
B,2026-40,REDE 33,68,64,Y,2026-10-01,2026-09-30
B,2026-40,REDE 34,42,40,Y,2026-10-01,2026-10-02
B,2026-40,REDE 35,33,29,Y,2026-10-01,2026-10-02
