store_id,category,territory_id,seller_id,valid_from,valid_to,assignment_source
S00001,LACTEOS,T002,V0002,2025-01-01,9999-12-31,CRM
S00001,CULINARIOS,T002,V0002,2025-01-01,9999-12-31,CRM
S00002,CHOCOLATES,T003,V0003,2025-01-01,9999-12-31,CRM
S00002,LACTEOS,T003,V0003,2025-01-01,9999-12-31,CRM
S00003,BEBIDAS,T004,V0004,2025-01-01,9999-12-31,CRM
S00003,NUTRICAO,T004,V0004,2025-01-01,9999-12-31,CRM
S00004,CHOCOLATES,T005,V0005,2025-01-01,9999-12-31,CRM
S00004,NUTRICAO,T005,V0005,2025-01-01,9999-12-31,CRM
S00005,CULINARIOS,T006,V0006,2025-01-01,9999-12-31,CRM
S00005,NUTRICAO,T006,V0006,2025-01-01,9999-12-31,CRM
S00006,BEBIDAS,T007,V0007,2025-01-01,9999-12-31,CRM
S00007,CULINARIOS,T008,V0008,2025-01-01,9999-12-31,CRM
S00007,LACTEOS,T008,V0008,2025-01-01,9999-12-31,CRM
S00008,BEBIDAS,T009,V0009,2025-01-01,9999-12-31,CRM
S00008,LACTEOS,T009,V0009,2025-01-01,9999-12-31,CRM
S00009,NUTRICAO,T010,V0010,2025-01-01,9999-12-31,CRM
S00009,NUTRICAO,T022,V0072,2026-01-01,9999-12-31,MANUAL
S00009,CULINARIOS,T010,V0010,2025-01-01,9999-12-31,CRM
S00010,LACTEOS,T011,V0011,2025-01-01,9999-12-31,CRM
S00010,CULINARIOS,T011,V0011,2025-01-01,9999-12-31,CRM
S00011,CULINARIOS,T012,V0012,2025-01-01,9999-12-31,CRM
S00011,LACTEOS,T012,V0012,2025-01-01,9999-12-31,CRM
S00012,LACTEOS,T013,V0013,2025-01-01,9999-12-31,CRM
S00012,CHOCOLATES,T013,V0013,2025-01-01,9999-12-31,CRM
S00013,BEBIDAS,T014,V0014,2025-01-01,9999-12-31,CRM
S00013,CHOCOLATES,T014,V0014,2025-01-01,9999-12-31,CRM
S00014,LACTEOS,T015,V0015,2025-01-01,9999-12-31,CRM
S00014,CULINARIOS,T015,V0015,2025-01-01,9999-12-31,CRM
S00015,NUTRICAO,T016,V0016,2025-01-01,9999-12-31,CRM
S00015,BEBIDAS,T016,V0016,2025-01-01,9999-12-31,CRM
S00016,CULINARIOS,T017,V0017,2025-01-01,9999-12-31,CRM
S00016,CHOCOLATES,T017,V0017,2025-01-01,9999-12-31,CRM
S00017,CULINARIOS,T018,V0018,2025-01-01,9999-12-31,CRM
S00017,BEBIDAS,T018,V0018,2025-01-01,9999-12-31,CRM
S00018,LACTEOS,T019,V0019,2025-01-01,9999-12-31,CRM
S00019,LACTEOS,T020,V0020,2025-01-01,9999-12-31,CRM
S00019,CULINARIOS,T020,V0020,2025-01-01,9999-12-31,CRM
S00020,LACTEOS,T021,V0021,2025-01-01,9999-12-31,CRM
S00020,CHOCOLATES,T021,V0021,2025-01-01,9999-12-31,CRM
S00021,BEBIDAS,T022,V0022,2025-01-01,9999-12-31,CRM
S00021,NUTRICAO,T022,V0022,2025-01-01,9999-12-31,CRM
S00022,NUTRICAO,T023,V0023,2025-01-01,9999-12-31,CRM
S00022,CULINARIOS,T023,V0023,2025-01-01,9999-12-31,CRM
S00023,NUTRICAO,T024,V0024,2025-01-01,9999-12-31,CRM
S00024,NUTRICAO,T025,V0025,2025-01-01,9999-12-31,CRM
S00025,BEBIDAS,T026,V0026,2025-01-01,9999-12-31,CRM
S00025,NUTRICAO,T026,V0026,2025-01-01,9999-12-31,CRM
S00026,BEBIDAS,T027,V0027,2025-01-01,9999-12-31,CRM
S00026,CHOCOLATES,T027,V0027,2025-01-01,9999-12-31,CRM
S00027,CULINARIOS,T028,V0028,2025-01-01,9999-12-31,CRM
S00027,BEBIDAS,T028,V0028,2025-01-01,9999-12-31,CRM
S00028,LACTEOS,T029,V0029,2025-01-01,9999-12-31,CRM
S00029,CHOCOLATES,T030,V0030,2025-01-01,9999-12-31,CRM
S00029,BEBIDAS,T030,V0030,2025-01-01,9999-12-31,CRM
S00030,CHOCOLATES,T031,V0031,2025-01-01,9999-12-31,CRM
S00030,LACTEOS,T031,V0031,2025-01-01,9999-12-31,CRM
S00031,BEBIDAS,T032,V0032,2025-01-01,9999-12-31,CRM
S00031,CHOCOLATES,T032,V0032,2025-01-01,9999-12-31,CRM
S00032,BEBIDAS,T033,V0033,2025-01-01,9999-12-31,CRM
S00032,CULINARIOS,T033,V0033,2025-01-01,9999-12-31,CRM
S00033,LACTEOS,T034,,2025-01-01,9999-12-31,CRM
S00034,CULINARIOS,T035,V0035,2025-01-01,9999-12-31,CRM
S00035,CHOCOLATES,T036,V0036,2025-01-01,9999-12-31,CRM
S00035,LACTEOS,T036,V0036,2025-01-01,9999-12-31,CRM
S00036,CULINARIOS,T037,V0037,2025-01-01,9999-12-31,CRM
S00036,NUTRICAO,T037,V0037,2025-01-01,9999-12-31,CRM
S00037,CHOCOLATES,T038,,2025-01-01,9999-12-31,CRM
S00038,NUTRICAO,T039,V0039,2025-01-01,9999-12-31,CRM
S00038,LACTEOS,T039,V0039,2025-01-01,9999-12-31,CRM
S00039,BEBIDAS,T040,V0040,2025-01-01,9999-12-31,CRM
S00040,CHOCOLATES,T041,V0041,2025-01-01,9999-12-31,CRM
S00040,NUTRICAO,T041,V0041,2025-01-01,9999-12-31,CRM
S00041,CHOCOLATES,T042,V0042,2025-01-01,9999-12-31,CRM
S00041,CULINARIOS,T042,V0042,2025-01-01,9999-12-31,CRM
S00042,CHOCOLATES,T043,V0043,2025-01-01,9999-12-31,CRM
S00042,BEBIDAS,T043,V0043,2025-01-01,9999-12-31,CRM
S00043,BEBIDAS,T044,V0044,2025-01-01,9999-12-31,CRM
S00043,CULINARIOS,T044,V0044,2025-01-01,9999-12-31,CRM
S00044,CHOCOLATES,T045,V0045,2025-01-01,9999-12-31,CRM
S00044,NUTRICAO,T045,V0045,2025-01-01,9999-12-31,CRM
S00045,LACTEOS,T046,V0046,2025-01-01,9999-12-31,CRM
S00045,CHOCOLATES,T046,V0046,2025-01-01,9999-12-31,CRM
S00046,LACTEOS,,V0047,2025-01-01,9999-12-31,CRM
S00046,CULINARIOS,,V0047,2025-01-01,9999-12-31,CRM
S00046,CULINARIOS,T026,V0146,2026-01-01,9999-12-31,MANUAL
S00047,NUTRICAO,T048,V0048,2025-01-01,9999-12-31,CRM
S00047,LACTEOS,T048,V0048,2025-01-01,9999-12-31,CRM
S00048,NUTRICAO,T049,V0049,2025-01-01,9999-12-31,CRM
S00048,LACTEOS,T049,V0049,2025-01-01,9999-12-31,CRM
S00048,LACTEOS,T065,V0039,2026-01-01,9999-12-31,MANUAL
S00049,CULINARIOS,,V0050,2025-01-01,9999-12-31,CRM
S00049,LACTEOS,,V0050,2025-01-01,9999-12-31,CRM
S00050,LACTEOS,T051,V0051,2025-01-01,9999-12-31,CRM
S00051,LACTEOS,T052,V0052,2025-01-01,9999-12-31,CRM
S00051,CULINARIOS,T052,V0052,2025-01-01,9999-12-31,CRM
S00052,CHOCOLATES,T053,V0053,2025-01-01,9999-12-31,CRM
S00052,NUTRICAO,T053,V0053,2025-01-01,9999-12-31,CRM
S00053,NUTRICAO,T054,V0054,2025-01-01,9999-12-31,CRM
S00053,BEBIDAS,T054,V0054,2025-01-01,9999-12-31,CRM
S00054,NUTRICAO,T055,V0055,2025-01-01,9999-12-31,CRM
S00055,BEBIDAS,T056,V0056,2025-01-01,9999-12-31,CRM
S00055,CULINARIOS,T056,V0056,2025-01-01,9999-12-31,CRM
S00056,CHOCOLATES,T057,V0057,2025-01-01,9999-12-31,CRM
S00056,BEBIDAS,T057,V0057,2025-01-01,9999-12-31,CRM
S00057,CHOCOLATES,T058,V0058,2025-01-01,9999-12-31,CRM
S00057,BEBIDAS,T058,V0058,2025-01-01,9999-12-31,CRM
S00058,CHOCOLATES,T059,V0059,2025-01-01,9999-12-31,CRM
S00058,LACTEOS,T059,V0059,2025-01-01,9999-12-31,CRM
S00059,BEBIDAS,T060,V0060,2025-01-01,9999-12-31,CRM
S00060,LACTEOS,T061,V0061,2025-01-01,9999-12-31,CRM
S00060,BEBIDAS,T061,V0061,2025-01-01,9999-12-31,CRM
S00061,LACTEOS,T062,V0062,2025-01-01,9999-12-31,CRM
S00061,CULINARIOS,T062,V0062,2025-01-01,9999-12-31,CRM
S00062,CULINARIOS,T063,V0063,2025-01-01,9999-12-31,CRM
S00062,NUTRICAO,T063,V0063,2025-01-01,9999-12-31,CRM
S00063,CHOCOLATES,T064,V0064,2025-01-01,9999-12-31,CRM
S00063,CULINARIOS,T064,V0064,2025-01-01,9999-12-31,CRM
S00064,BEBIDAS,T065,V0065,2025-01-01,9999-12-31,CRM
S00064,NUTRICAO,T065,V0065,2025-01-01,9999-12-31,CRM
S00065,BEBIDAS,T066,V0066,2025-01-01,9999-12-31,CRM
S00065,NUTRICAO,T066,V0066,2025-01-01,9999-12-31,CRM
S00066,CHOCOLATES,T067,V0067,2025-01-01,9999-12-31,CRM
S00066,CULINARIOS,T067,V0067,2025-01-01,9999-12-31,CRM
S00067,NUTRICAO,T068,V0068,2025-01-01,9999-12-31,CRM
S00067,BEBIDAS,T068,V0068,2025-01-01,9999-12-31,CRM
S00068,LACTEOS,T069,V0069,2025-01-01,9999-12-31,CRM
S00068,CHOCOLATES,T069,V0069,2025-01-01,9999-12-31,CRM
S00069,BEBIDAS,T070,V0070,2025-01-01,9999-12-31,CRM
S00069,NUTRICAO,T070,V0070,2025-01-01,9999-12-31,CRM
S00070,NUTRICAO,T071,V0071,2025-01-01,9999-12-31,CRM
S00070,BEBIDAS,T071,V0071,2025-01-01,9999-12-31,CRM
S00071,BEBIDAS,T072,V0072,2025-01-01,9999-12-31,CRM
S00071,NUTRICAO,T072,V0072,2025-01-01,9999-12-31,CRM
S00072,NUTRICAO,T073,V0073,2025-01-01,9999-12-31,CRM
S00072,NUTRICAO,T015,V0085,2026-01-01,9999-12-31,MANUAL
S00072,CHOCOLATES,T073,V0073,2025-01-01,9999-12-31,CRM
S00073,NUTRICAO,T074,V0074,2025-01-01,9999-12-31,CRM
S00073,BEBIDAS,T074,V0074,2025-01-01,9999-12-31,CRM
S00074,CHOCOLATES,T075,V0075,2025-01-01,9999-12-31,CRM
S00074,CHOCOLATES,T034,V0147,2026-01-01,9999-12-31,MANUAL
S00074,LACTEOS,T075,V0075,2025-01-01,9999-12-31,CRM
S00075,NUTRICAO,T076,V0076,2025-01-01,9999-12-31,CRM
S00075,LACTEOS,T076,V0076,2025-01-01,9999-12-31,CRM
S00076,NUTRICAO,T077,V0077,2025-01-01,9999-12-31,CRM
S00077,CULINARIOS,T078,V0078,2025-01-01,9999-12-31,CRM
S00078,CHOCOLATES,T079,V0079,2025-01-01,9999-12-31,CRM
S00078,NUTRICAO,T079,V0079,2025-01-01,9999-12-31,CRM
S00079,CHOCOLATES,T080,V0080,2025-01-01,9999-12-31,CRM
S00079,LACTEOS,T080,V0080,2025-01-01,9999-12-31,CRM
S00080,BEBIDAS,T001,V0081,2025-01-01,9999-12-31,CRM
S00080,CHOCOLATES,T001,V0081,2025-01-01,9999-12-31,CRM
S00081,CHOCOLATES,T002,V0082,2025-01-01,9999-12-31,CRM
S00081,BEBIDAS,T002,V0082,2025-01-01,9999-12-31,CRM
S00082,LACTEOS,T003,V0083,2025-01-01,9999-12-31,CRM
S00082,NUTRICAO,T003,V0083,2025-01-01,9999-12-31,CRM
S00083,BEBIDAS,T004,V0084,2025-01-01,9999-12-31,CRM
S00084,LACTEOS,T005,V0085,2025-01-01,9999-12-31,CRM
S00084,NUTRICAO,T005,V0085,2025-01-01,9999-12-31,CRM
S00085,LACTEOS,T006,V0086,2025-01-01,9999-12-31,CRM
S00085,NUTRICAO,T006,V0086,2025-01-01,9999-12-31,CRM
S00086,NUTRICAO,T007,V0087,2025-01-01,9999-12-31,CRM
S00086,LACTEOS,T007,V0087,2025-01-01,9999-12-31,CRM
S00087,CULINARIOS,T008,V0088,2025-01-01,9999-12-31,CRM
S00087,NUTRICAO,T008,V0088,2025-01-01,9999-12-31,CRM
S00088,BEBIDAS,T009,,2025-01-01,9999-12-31,CRM
S00088,CULINARIOS,T009,,2025-01-01,9999-12-31,CRM
S00089,CULINARIOS,T010,V0090,2025-01-01,9999-12-31,CRM
S00090,NUTRICAO,T011,V0091,2025-01-01,9999-12-31,CRM
S00090,CULINARIOS,T011,V0091,2025-01-01,9999-12-31,CRM
S00091,LACTEOS,T012,V0092,2025-01-01,9999-12-31,CRM
S00091,CULINARIOS,T012,V0092,2025-01-01,9999-12-31,CRM
S00092,CHOCOLATES,T013,,2025-01-01,9999-12-31,CRM
S00092,NUTRICAO,T013,,2025-01-01,9999-12-31,CRM
S00093,CULINARIOS,T014,,2025-01-01,9999-12-31,CRM
S00093,LACTEOS,T014,,2025-01-01,9999-12-31,CRM
S00094,LACTEOS,T015,V0095,2025-01-01,9999-12-31,CRM
S00094,BEBIDAS,T015,V0095,2025-01-01,9999-12-31,CRM
S00095,BEBIDAS,T016,V0096,2025-01-01,9999-12-31,CRM
S00095,CULINARIOS,T016,V0096,2025-01-01,9999-12-31,CRM
S00096,CHOCOLATES,T017,V0097,2025-01-01,9999-12-31,CRM
S00096,CULINARIOS,T017,V0097,2025-01-01,9999-12-31,CRM
S00097,LACTEOS,T018,V0098,2025-01-01,9999-12-31,CRM
S00097,LACTEOS,T076,V0112,2026-01-01,9999-12-31,MANUAL
S00098,NUTRICAO,T019,V0099,2025-01-01,9999-12-31,CRM
S00098,LACTEOS,T019,V0099,2025-01-01,9999-12-31,CRM
S00099,LACTEOS,T020,V0100,2025-01-01,9999-12-31,CRM
S00100,CULINARIOS,T021,V0101,2025-01-01,9999-12-31,CRM
S00100,LACTEOS,T021,V0101,2025-01-01,9999-12-31,CRM
S00101,CHOCOLATES,T022,V0102,2025-01-01,9999-12-31,CRM
S00102,BEBIDAS,T023,V0103,2025-01-01,9999-12-31,CRM
S00102,LACTEOS,T023,V0103,2025-01-01,9999-12-31,CRM
S00103,LACTEOS,T024,,2025-01-01,9999-12-31,CRM
S00103,CHOCOLATES,T024,,2025-01-01,9999-12-31,CRM
S00104,CULINARIOS,T025,V0105,2025-01-01,9999-12-31,CRM
S00104,BEBIDAS,T025,V0105,2025-01-01,9999-12-31,CRM
S00105,LACTEOS,T026,V0106,2025-01-01,9999-12-31,CRM
S00105,CHOCOLATES,T026,V0106,2025-01-01,9999-12-31,CRM
S00106,LACTEOS,T027,V0107,2025-01-01,9999-12-31,CRM
S00107,CHOCOLATES,T028,V0108,2025-01-01,9999-12-31,CRM
S00107,CULINARIOS,T028,V0108,2025-01-01,9999-12-31,CRM
S00108,LACTEOS,T029,V0109,2025-01-01,9999-12-31,CRM
S00108,CULINARIOS,T029,V0109,2025-01-01,9999-12-31,CRM
S00109,LACTEOS,T030,V0110,2025-01-01,9999-12-31,CRM
S00109,CULINARIOS,T030,V0110,2025-01-01,9999-12-31,CRM
S00110,CULINARIOS,T031,V0111,2025-01-01,9999-12-31,CRM
S00110,CHOCOLATES,T031,V0111,2025-01-01,9999-12-31,CRM
S00111,LACTEOS,T032,V0112,2025-01-01,9999-12-31,CRM
S00111,CULINARIOS,T032,V0112,2025-01-01,9999-12-31,CRM
S00112,CHOCOLATES,T033,V0113,2025-01-01,9999-12-31,CRM
S00112,BEBIDAS,T033,V0113,2025-01-01,9999-12-31,CRM
S00113,LACTEOS,T034,V0114,2025-01-01,9999-12-31,CRM
S00113,CULINARIOS,T034,V0114,2025-01-01,9999-12-31,CRM
S00114,CHOCOLATES,T035,V0115,2025-01-01,9999-12-31,CRM
S00114,CULINARIOS,T035,V0115,2025-01-01,9999-12-31,CRM
S00115,BEBIDAS,T036,V0116,2025-01-01,9999-12-31,CRM
S00115,CULINARIOS,T036,V0116,2025-01-01,9999-12-31,CRM
S00116,LACTEOS,T037,V0117,2025-01-01,9999-12-31,CRM
S00117,NUTRICAO,T038,V0118,2025-01-01,9999-12-31,CRM
S00117,BEBIDAS,T038,V0118,2025-01-01,9999-12-31,CRM
S00118,BEBIDAS,T039,V0119,2025-01-01,9999-12-31,CRM
S00118,CHOCOLATES,T039,V0119,2025-01-01,9999-12-31,CRM
S00119,CULINARIOS,T040,V0120,2025-01-01,9999-12-31,CRM
S00120,BEBIDAS,T041,V0121,2025-01-01,9999-12-31,CRM
S00120,LACTEOS,T041,V0121,2025-01-01,9999-12-31,CRM
S00121,NUTRICAO,T042,V0122,2025-01-01,9999-12-31,CRM
S00121,CHOCOLATES,T042,V0122,2025-01-01,9999-12-31,CRM
S00122,NUTRICAO,T043,V0123,2025-01-01,9999-12-31,CRM
S00123,CULINARIOS,,V0124,2025-01-01,9999-12-31,CRM
S00123,BEBIDAS,,V0124,2025-01-01,9999-12-31,CRM
S00124,NUTRICAO,T045,V0125,2025-01-01,9999-12-31,CRM
S00124,BEBIDAS,T045,V0125,2025-01-01,9999-12-31,CRM
S00125,CULINARIOS,T046,V0126,2025-01-01,9999-12-31,CRM
S00126,CULINARIOS,T047,V0127,2025-01-01,9999-12-31,CRM
S00127,CULINARIOS,T048,V0128,2025-01-01,9999-12-31,CRM
S00127,BEBIDAS,T048,V0128,2025-01-01,9999-12-31,CRM
S00128,CULINARIOS,T049,V0129,2025-01-01,9999-12-31,CRM
S00128,CHOCOLATES,T049,V0129,2025-01-01,9999-12-31,CRM
S00129,CHOCOLATES,T050,V0130,2025-01-01,9999-12-31,CRM
S00130,CHOCOLATES,T051,,2025-01-01,9999-12-31,CRM
S00131,LACTEOS,T052,V0132,2025-01-01,9999-12-31,CRM
S00131,BEBIDAS,T052,V0132,2025-01-01,9999-12-31,CRM
S00132,CULINARIOS,T053,V0133,2025-01-01,9999-12-31,CRM
S00132,LACTEOS,T053,V0133,2025-01-01,9999-12-31,CRM
S00133,CHOCOLATES,T054,V0134,2025-01-01,9999-12-31,CRM
S00133,CULINARIOS,T054,V0134,2025-01-01,9999-12-31,CRM
S00134,CHOCOLATES,T055,V0135,2025-01-01,9999-12-31,CRM
S00134,BEBIDAS,T055,V0135,2025-01-01,9999-12-31,CRM
S00135,CULINARIOS,T056,V0136,2025-01-01,9999-12-31,CRM
S00135,CHOCOLATES,T056,V0136,2025-01-01,9999-12-31,CRM
S00136,LACTEOS,T057,V0137,2025-01-01,9999-12-31,CRM
S00136,CULINARIOS,T057,V0137,2025-01-01,9999-12-31,CRM
S00137,LACTEOS,T058,V0138,2025-01-01,9999-12-31,CRM
S00137,NUTRICAO,T058,V0138,2025-01-01,9999-12-31,CRM
S00138,LACTEOS,T059,V0139,2025-01-01,9999-12-31,CRM
S00138,CHOCOLATES,T059,V0139,2025-01-01,9999-12-31,CRM
S00139,BEBIDAS,T060,V0140,2025-01-01,9999-12-31,CRM
S00139,CULINARIOS,T060,V0140,2025-01-01,9999-12-31,CRM
S00140,NUTRICAO,T061,V0141,2025-01-01,9999-12-31,CRM
S00140,LACTEOS,T061,V0141,2025-01-01,9999-12-31,CRM
S00141,BEBIDAS,T062,V0142,2025-01-01,9999-12-31,CRM
S00141,NUTRICAO,T062,V0142,2025-01-01,9999-12-31,CRM
S00142,CHOCOLATES,T063,V0143,2025-01-01,9999-12-31,CRM
S00142,LACTEOS,T063,V0143,2025-01-01,9999-12-31,CRM
S00143,CHOCOLATES,,V0144,2025-01-01,9999-12-31,CRM
S00144,LACTEOS,T065,V0145,2025-01-01,9999-12-31,CRM
S00144,CULINARIOS,T065,V0145,2025-01-01,9999-12-31,CRM
S00145,CHOCOLATES,T066,V0146,2025-01-01,9999-12-31,CRM
S00145,NUTRICAO,T066,V0146,2025-01-01,9999-12-31,CRM
S00145,NUTRICAO,T036,V0053,2026-01-01,9999-12-31,MANUAL
S00146,CHOCOLATES,T067,V0147,2025-01-01,9999-12-31,CRM
S00146,BEBIDAS,T067,V0147,2025-01-01,9999-12-31,CRM
S00147,BEBIDAS,T068,V0148,2025-01-01,9999-12-31,CRM
S00147,CHOCOLATES,T068,V0148,2025-01-01,9999-12-31,CRM
S00148,CHOCOLATES,,V0149,2025-01-01,9999-12-31,CRM
S00148,NUTRICAO,,V0149,2025-01-01,9999-12-31,CRM
S00149,LACTEOS,T070,V0150,2025-01-01,9999-12-31,CRM
S00149,NUTRICAO,T070,V0150,2025-01-01,9999-12-31,CRM
S00150,CULINARIOS,T071,V0151,2025-01-01,9999-12-31,CRM
S00150,LACTEOS,T071,V0151,2025-01-01,9999-12-31,CRM
S00151,CHOCOLATES,T072,,2025-01-01,9999-12-31,CRM
S00151,CULINARIOS,T072,,2025-01-01,9999-12-31,CRM
S00152,CHOCOLATES,T073,V0153,2025-01-01,9999-12-31,CRM
S00153,BEBIDAS,T074,V0154,2025-01-01,9999-12-31,CRM
S00153,CULINARIOS,T074,V0154,2025-01-01,9999-12-31,CRM
S00154,LACTEOS,T075,V0155,2025-01-01,9999-12-31,CRM
S00154,CULINARIOS,T075,V0155,2025-01-01,9999-12-31,CRM
S00155,LACTEOS,T076,V0156,2025-01-01,9999-12-31,CRM
S00155,CULINARIOS,T076,V0156,2025-01-01,9999-12-31,CRM
S00156,CULINARIOS,,V0157,2025-01-01,9999-12-31,CRM
S00156,BEBIDAS,,V0157,2025-01-01,9999-12-31,CRM
S00157,CHOCOLATES,T078,V0158,2025-01-01,9999-12-31,CRM
S00157,NUTRICAO,T078,V0158,2025-01-01,9999-12-31,CRM
S00158,CHOCOLATES,T079,V0159,2025-01-01,9999-12-31,CRM
S00158,NUTRICAO,T079,V0159,2025-01-01,9999-12-31,CRM
S00159,CULINARIOS,T080,V0160,2025-01-01,9999-12-31,CRM
S00159,NUTRICAO,T080,V0160,2025-01-01,9999-12-31,CRM
S00160,LACTEOS,T001,V0161,2025-01-01,9999-12-31,CRM
S00160,NUTRICAO,T001,V0161,2025-01-01,9999-12-31,CRM
S00161,BEBIDAS,T002,V0162,2025-01-01,9999-12-31,CRM
S00161,CULINARIOS,T002,V0162,2025-01-01,9999-12-31,CRM
S00162,CULINARIOS,T003,V0163,2025-01-01,9999-12-31,CRM
S00162,NUTRICAO,T003,V0163,2025-01-01,9999-12-31,CRM
S00163,CULINARIOS,T004,V0164,2025-01-01,9999-12-31,CRM
S00163,BEBIDAS,T004,V0164,2025-01-01,9999-12-31,CRM
S00164,CHOCOLATES,T005,V0165,2025-01-01,9999-12-31,CRM
S00165,CULINARIOS,T006,V0166,2025-01-01,9999-12-31,CRM
S00165,CHOCOLATES,T006,V0166,2025-01-01,9999-12-31,CRM
S00166,BEBIDAS,T007,V0167,2025-01-01,9999-12-31,CRM
S00166,CULINARIOS,T007,V0167,2025-01-01,9999-12-31,CRM
S00167,NUTRICAO,T008,V0168,2025-01-01,9999-12-31,CRM
S00167,BEBIDAS,T008,V0168,2025-01-01,9999-12-31,CRM
S00168,LACTEOS,T009,V0169,2025-01-01,9999-12-31,CRM
S00168,CHOCOLATES,T009,V0169,2025-01-01,9999-12-31,CRM
S00168,CHOCOLATES,T073,V0144,2026-01-01,9999-12-31,MANUAL
S00169,CHOCOLATES,T010,V0170,2025-01-01,9999-12-31,CRM
S00169,BEBIDAS,T010,V0170,2025-01-01,9999-12-31,CRM
S00170,CHOCOLATES,T011,V0171,2025-01-01,9999-12-31,CRM
S00170,CULINARIOS,T011,V0171,2025-01-01,9999-12-31,CRM
S00171,BEBIDAS,T012,V0172,2025-01-01,9999-12-31,CRM
S00171,NUTRICAO,T012,V0172,2025-01-01,9999-12-31,CRM
S00172,LACTEOS,T013,V0173,2025-01-01,9999-12-31,CRM
S00172,CHOCOLATES,T013,V0173,2025-01-01,9999-12-31,CRM
S00173,LACTEOS,T014,V0174,2025-01-01,9999-12-31,CRM
S00173,CULINARIOS,T014,V0174,2025-01-01,9999-12-31,CRM
S00174,NUTRICAO,T015,V0175,2025-01-01,9999-12-31,CRM
S00174,BEBIDAS,T015,V0175,2025-01-01,9999-12-31,CRM
S00175,CHOCOLATES,T016,V0176,2025-01-01,9999-12-31,CRM
S00175,BEBIDAS,T016,V0176,2025-01-01,9999-12-31,CRM
S00176,CULINARIOS,T017,V0177,2025-01-01,9999-12-31,CRM
S00176,CHOCOLATES,T017,V0177,2025-01-01,9999-12-31,CRM
S00177,CHOCOLATES,T018,V0178,2025-01-01,9999-12-31,CRM
S00177,LACTEOS,T018,V0178,2025-01-01,9999-12-31,CRM
S00178,NUTRICAO,T019,V0179,2025-01-01,9999-12-31,CRM
S00178,CHOCOLATES,T019,V0179,2025-01-01,9999-12-31,CRM
S00179,CULINARIOS,,V0180,2025-01-01,9999-12-31,CRM
S00180,CULINARIOS,T021,V0181,2025-01-01,9999-12-31,CRM
S00180,LACTEOS,T021,V0181,2025-01-01,9999-12-31,CRM
S00181,NUTRICAO,T022,V0182,2025-01-01,9999-12-31,CRM
S00181,BEBIDAS,T022,V0182,2025-01-01,9999-12-31,CRM
S00182,CULINARIOS,T023,V0183,2025-01-01,9999-12-31,CRM
S00182,CHOCOLATES,T023,V0183,2025-01-01,9999-12-31,CRM
S00183,BEBIDAS,T024,V0184,2025-01-01,9999-12-31,CRM
S00183,NUTRICAO,T024,V0184,2025-01-01,9999-12-31,CRM
S00184,LACTEOS,T025,V0185,2025-01-01,9999-12-31,CRM
S00184,CHOCOLATES,T025,V0185,2025-01-01,9999-12-31,CRM
S00185,CHOCOLATES,T026,V0186,2025-01-01,9999-12-31,CRM
S00185,BEBIDAS,T026,V0186,2025-01-01,9999-12-31,CRM
S00186,BEBIDAS,T027,V0187,2025-01-01,9999-12-31,CRM
S00186,LACTEOS,T027,V0187,2025-01-01,9999-12-31,CRM
S00187,LACTEOS,T028,V0188,2025-01-01,9999-12-31,CRM
S00187,LACTEOS,T025,V0060,2026-01-01,9999-12-31,MANUAL
S00187,CHOCOLATES,T028,V0188,2025-01-01,9999-12-31,CRM
S00188,LACTEOS,T029,V0189,2025-01-01,9999-12-31,CRM
S00189,LACTEOS,T030,V0190,2025-01-01,9999-12-31,CRM
S00189,CULINARIOS,T030,V0190,2025-01-01,9999-12-31,CRM
S00190,CULINARIOS,T031,V0191,2025-01-01,9999-12-31,CRM
S00191,LACTEOS,T032,V0192,2025-01-01,9999-12-31,CRM
S00191,CULINARIOS,T032,V0192,2025-01-01,9999-12-31,CRM
S00192,LACTEOS,T033,V0193,2025-01-01,9999-12-31,CRM
S00192,CHOCOLATES,T033,V0193,2025-01-01,9999-12-31,CRM
S00193,LACTEOS,T034,V0194,2025-01-01,9999-12-31,CRM
S00193,CULINARIOS,T034,V0194,2025-01-01,9999-12-31,CRM
S00194,CHOCOLATES,T035,V0195,2025-01-01,9999-12-31,CRM
S00194,LACTEOS,T035,V0195,2025-01-01,9999-12-31,CRM
S00195,NUTRICAO,T036,V0196,2025-01-01,9999-12-31,CRM
S00196,CULINARIOS,T037,V0197,2025-01-01,9999-12-31,CRM
S00196,NUTRICAO,T037,V0197,2025-01-01,9999-12-31,CRM
S00197,LACTEOS,T038,V0198,2025-01-01,9999-12-31,CRM
S00197,BEBIDAS,T038,V0198,2025-01-01,9999-12-31,CRM
S00198,CULINARIOS,T039,V0199,2025-01-01,9999-12-31,CRM
S00198,BEBIDAS,T039,V0199,2025-01-01,9999-12-31,CRM
S00199,NUTRICAO,T040,V0200,2025-01-01,9999-12-31,CRM
S00199,CULINARIOS,T040,V0200,2025-01-01,9999-12-31,CRM
S00200,CULINARIOS,T041,V0201,2025-01-01,9999-12-31,CRM
S00200,NUTRICAO,T041,V0201,2025-01-01,9999-12-31,CRM
S00201,CULINARIOS,T042,V0202,2025-01-01,9999-12-31,CRM
S00201,NUTRICAO,T042,V0202,2025-01-01,9999-12-31,CRM
S00202,BEBIDAS,T043,V0203,2025-01-01,9999-12-31,CRM
S00202,NUTRICAO,T043,V0203,2025-01-01,9999-12-31,CRM
S00203,BEBIDAS,T044,V0204,2025-01-01,9999-12-31,CRM
S00204,CHOCOLATES,T045,V0205,2025-01-01,9999-12-31,CRM
S00204,CULINARIOS,T045,V0205,2025-01-01,9999-12-31,CRM
S00205,NUTRICAO,T046,V0206,2025-01-01,9999-12-31,CRM
S00205,LACTEOS,T046,V0206,2025-01-01,9999-12-31,CRM
S00206,CHOCOLATES,T047,V0207,2025-01-01,9999-12-31,CRM
S00206,NUTRICAO,T047,V0207,2025-01-01,9999-12-31,CRM
S00207,CULINARIOS,T048,V0208,2025-01-01,9999-12-31,CRM
S00207,BEBIDAS,T048,V0208,2025-01-01,9999-12-31,CRM
S00208,CULINARIOS,T049,V0209,2025-01-01,9999-12-31,CRM
S00208,NUTRICAO,T049,V0209,2025-01-01,9999-12-31,CRM
S00209,LACTEOS,T050,V0210,2025-01-01,9999-12-31,CRM
S00209,BEBIDAS,T050,V0210,2025-01-01,9999-12-31,CRM
S00210,BEBIDAS,T051,V0211,2025-01-01,9999-12-31,CRM
S00210,NUTRICAO,T051,V0211,2025-01-01,9999-12-31,CRM
S00210,NUTRICAO,T070,V0095,2026-01-01,9999-12-31,MANUAL
S00211,LACTEOS,T052,V0212,2025-01-01,9999-12-31,CRM
S00211,BEBIDAS,T052,V0212,2025-01-01,9999-12-31,CRM
S00212,LACTEOS,T053,V0213,2025-01-01,9999-12-31,CRM
S00212,CHOCOLATES,T053,V0213,2025-01-01,9999-12-31,CRM
S00213,CULINARIOS,T054,V0214,2025-01-01,9999-12-31,CRM
S00214,CHOCOLATES,T055,V0215,2025-01-01,9999-12-31,CRM
S00214,CULINARIOS,T055,V0215,2025-01-01,9999-12-31,CRM
S00215,LACTEOS,T056,V0216,2025-01-01,9999-12-31,CRM
S00215,BEBIDAS,T056,V0216,2025-01-01,9999-12-31,CRM
S00215,BEBIDAS,T054,V0103,2026-01-01,9999-12-31,MANUAL
S00216,BEBIDAS,T057,V0217,2025-01-01,9999-12-31,CRM
S00216,CULINARIOS,T057,V0217,2025-01-01,9999-12-31,CRM
S00217,BEBIDAS,T058,V0218,2025-01-01,9999-12-31,CRM
S00218,LACTEOS,T059,V0219,2025-01-01,9999-12-31,CRM
S00218,BEBIDAS,T059,V0219,2025-01-01,9999-12-31,CRM
S00219,CHOCOLATES,T060,V0220,2025-01-01,9999-12-31,CRM
S00219,LACTEOS,T060,V0220,2025-01-01,9999-12-31,CRM
S00220,CHOCOLATES,T061,V0001,2025-01-01,9999-12-31,CRM
S00220,CULINARIOS,T061,V0001,2025-01-01,9999-12-31,CRM
S00221,NUTRICAO,T062,V0002,2025-01-01,9999-12-31,CRM
S00222,NUTRICAO,T063,V0003,2025-01-01,9999-12-31,CRM
S00223,CHOCOLATES,T064,V0004,2025-01-01,9999-12-31,CRM
S00223,LACTEOS,T064,V0004,2025-01-01,9999-12-31,CRM
S00224,NUTRICAO,T065,V0005,2025-01-01,9999-12-31,CRM
S00224,BEBIDAS,T065,V0005,2025-01-01,9999-12-31,CRM
S00225,BEBIDAS,T066,V0006,2025-01-01,9999-12-31,CRM
S00225,LACTEOS,T066,V0006,2025-01-01,9999-12-31,CRM
S00226,CULINARIOS,T067,V0007,2025-01-01,9999-12-31,CRM
S00226,NUTRICAO,T067,V0007,2025-01-01,9999-12-31,CRM
S00227,NUTRICAO,T068,V0008,2025-01-01,9999-12-31,CRM
S00228,BEBIDAS,T069,V0009,2025-01-01,9999-12-31,CRM
S00228,CHOCOLATES,T069,V0009,2025-01-01,9999-12-31,CRM
S00229,LACTEOS,,V0010,2025-01-01,9999-12-31,CRM
S00229,CULINARIOS,,V0010,2025-01-01,9999-12-31,CRM
S00230,BEBIDAS,T071,V0011,2025-01-01,9999-12-31,CRM
S00230,CULINARIOS,T071,V0011,2025-01-01,9999-12-31,CRM
S00231,NUTRICAO,T072,V0012,2025-01-01,9999-12-31,CRM
S00231,BEBIDAS,T072,V0012,2025-01-01,9999-12-31,CRM
S00232,BEBIDAS,T073,,2025-01-01,9999-12-31,CRM
S00232,CHOCOLATES,T073,,2025-01-01,9999-12-31,CRM
S00233,LACTEOS,T074,V0014,2025-01-01,9999-12-31,CRM
S00233,CHOCOLATES,T074,V0014,2025-01-01,9999-12-31,CRM
S00234,CHOCOLATES,T075,V0015,2025-01-01,9999-12-31,CRM
S00234,LACTEOS,T075,V0015,2025-01-01,9999-12-31,CRM
S00235,BEBIDAS,T076,V0016,2025-01-01,9999-12-31,CRM
S00235,LACTEOS,T076,V0016,2025-01-01,9999-12-31,CRM
S00236,BEBIDAS,T077,V0017,2025-01-01,9999-12-31,CRM
S00237,NUTRICAO,T078,V0018,2025-01-01,9999-12-31,CRM
S00238,CHOCOLATES,T079,V0019,2025-01-01,9999-12-31,CRM
S00239,NUTRICAO,T080,V0020,2025-01-01,9999-12-31,CRM
S00239,CULINARIOS,T080,V0020,2025-01-01,9999-12-31,CRM
S00240,CULINARIOS,T001,V0021,2025-01-01,9999-12-31,CRM
S00240,NUTRICAO,T001,V0021,2025-01-01,9999-12-31,CRM
S00241,LACTEOS,T002,V0022,2025-01-01,9999-12-31,CRM
S00241,LACTEOS,T017,V0099,2026-01-01,9999-12-31,MANUAL
S00241,NUTRICAO,T002,V0022,2025-01-01,9999-12-31,CRM
S00242,CHOCOLATES,T003,V0023,2025-01-01,9999-12-31,CRM
S00242,LACTEOS,T003,V0023,2025-01-01,9999-12-31,CRM
S00243,LACTEOS,T004,V0024,2025-01-01,9999-12-31,CRM
S00243,CULINARIOS,T004,V0024,2025-01-01,9999-12-31,CRM
S00244,LACTEOS,T005,V0025,2025-01-01,9999-12-31,CRM
S00244,NUTRICAO,T005,V0025,2025-01-01,9999-12-31,CRM
S00245,BEBIDAS,T006,V0026,2025-01-01,9999-12-31,CRM
S00245,NUTRICAO,T006,V0026,2025-01-01,9999-12-31,CRM
S00246,BEBIDAS,,V0027,2025-01-01,9999-12-31,CRM
S00246,CULINARIOS,,V0027,2025-01-01,9999-12-31,CRM
S00247,BEBIDAS,,V0028,2025-01-01,9999-12-31,CRM
S00247,CULINARIOS,,V0028,2025-01-01,9999-12-31,CRM
S00248,BEBIDAS,T009,V0029,2025-01-01,9999-12-31,CRM
S00248,CULINARIOS,T009,V0029,2025-01-01,9999-12-31,CRM
S00249,BEBIDAS,T010,V0030,2025-01-01,9999-12-31,CRM
S00249,LACTEOS,T010,V0030,2025-01-01,9999-12-31,CRM
S00249,LACTEOS,T080,V0131,2026-01-01,9999-12-31,MANUAL
S00250,CULINARIOS,T011,V0031,2025-01-01,9999-12-31,CRM
S00250,CHOCOLATES,T011,V0031,2025-01-01,9999-12-31,CRM
S00251,CHOCOLATES,T012,V0032,2025-01-01,9999-12-31,CRM
S00251,NUTRICAO,T012,V0032,2025-01-01,9999-12-31,CRM
S00252,CULINARIOS,T013,V0033,2025-01-01,9999-12-31,CRM
S00253,NUTRICAO,T014,V0034,2025-01-01,9999-12-31,CRM
S00253,NUTRICAO,T010,V0174,2026-01-01,9999-12-31,MANUAL
S00253,BEBIDAS,T014,V0034,2025-01-01,9999-12-31,CRM
S00254,BEBIDAS,T015,V0035,2025-01-01,9999-12-31,CRM
S00255,BEBIDAS,T016,V0036,2025-01-01,9999-12-31,CRM
S00255,LACTEOS,T016,V0036,2025-01-01,9999-12-31,CRM
S00256,CULINARIOS,T017,V0037,2025-01-01,9999-12-31,CRM
S00256,BEBIDAS,T017,V0037,2025-01-01,9999-12-31,CRM
S00257,CULINARIOS,T018,V0038,2025-01-01,9999-12-31,CRM
S00257,LACTEOS,T018,V0038,2025-01-01,9999-12-31,CRM
S00258,LACTEOS,T019,V0039,2025-01-01,9999-12-31,CRM
S00258,CULINARIOS,T019,V0039,2025-01-01,9999-12-31,CRM
S00259,BEBIDAS,T020,V0040,2025-01-01,9999-12-31,CRM
S00259,LACTEOS,T020,V0040,2025-01-01,9999-12-31,CRM
S00260,BEBIDAS,T021,V0041,2025-01-01,9999-12-31,CRM
S00260,CULINARIOS,T021,V0041,2025-01-01,9999-12-31,CRM
S00261,BEBIDAS,T022,V0042,2025-01-01,9999-12-31,CRM
S00262,BEBIDAS,T023,V0043,2025-01-01,9999-12-31,CRM
S00263,CHOCOLATES,T024,V0044,2025-01-01,9999-12-31,CRM
S00263,CULINARIOS,T024,V0044,2025-01-01,9999-12-31,CRM
S00264,CULINARIOS,T025,V0045,2025-01-01,9999-12-31,CRM
S00264,CULINARIOS,T043,V0037,2026-01-01,9999-12-31,MANUAL
S00264,BEBIDAS,T025,V0045,2025-01-01,9999-12-31,CRM
S00265,CHOCOLATES,T026,V0046,2025-01-01,9999-12-31,CRM
S00265,CULINARIOS,T026,V0046,2025-01-01,9999-12-31,CRM
S00266,NUTRICAO,T027,V0047,2025-01-01,9999-12-31,CRM
S00266,CULINARIOS,T027,V0047,2025-01-01,9999-12-31,CRM
S00267,CULINARIOS,T028,V0048,2025-01-01,9999-12-31,CRM
S00268,CHOCOLATES,T029,V0049,2025-01-01,9999-12-31,CRM
S00268,BEBIDAS,T029,V0049,2025-01-01,9999-12-31,CRM
S00269,BEBIDAS,T030,V0050,2025-01-01,9999-12-31,CRM
S00269,NUTRICAO,T030,V0050,2025-01-01,9999-12-31,CRM
S00271,CULINARIOS,T032,V0052,2025-01-01,9999-12-31,CRM
S00271,BEBIDAS,T032,V0052,2025-01-01,9999-12-31,CRM
S00272,CHOCOLATES,T033,V0053,2025-01-01,9999-12-31,CRM
S00273,NUTRICAO,T034,V0054,2025-01-01,9999-12-31,CRM
S00273,LACTEOS,T034,V0054,2025-01-01,9999-12-31,CRM
S00274,BEBIDAS,T035,V0055,2025-01-01,9999-12-31,CRM
S00274,BEBIDAS,T062,V0177,2026-01-01,9999-12-31,MANUAL
S00274,NUTRICAO,T035,V0055,2025-01-01,9999-12-31,CRM
S00275,CHOCOLATES,T036,V0056,2025-01-01,9999-12-31,CRM
S00275,BEBIDAS,T036,V0056,2025-01-01,9999-12-31,CRM
S00276,NUTRICAO,T037,V0057,2025-01-01,9999-12-31,CRM
S00276,LACTEOS,T037,V0057,2025-01-01,9999-12-31,CRM
S00277,NUTRICAO,T038,V0058,2025-01-01,9999-12-31,CRM
S00277,CULINARIOS,T038,V0058,2025-01-01,9999-12-31,CRM
S00278,BEBIDAS,,V0059,2025-01-01,9999-12-31,CRM
S00278,NUTRICAO,,V0059,2025-01-01,9999-12-31,CRM
S00279,CULINARIOS,T040,V0060,2025-01-01,9999-12-31,CRM
S00279,BEBIDAS,T040,V0060,2025-01-01,9999-12-31,CRM
S00280,CULINARIOS,T041,V0061,2025-01-01,9999-12-31,CRM
S00280,BEBIDAS,T041,V0061,2025-01-01,9999-12-31,CRM
S00281,LACTEOS,T042,V0062,2025-01-01,9999-12-31,CRM
S00282,BEBIDAS,T043,V0063,2025-01-01,9999-12-31,CRM
S00282,CULINARIOS,T043,V0063,2025-01-01,9999-12-31,CRM
S00283,CULINARIOS,T044,V0064,2025-01-01,9999-12-31,CRM
S00284,BEBIDAS,T045,V0065,2025-01-01,9999-12-31,CRM
S00284,CHOCOLATES,T045,V0065,2025-01-01,9999-12-31,CRM
S00285,CULINARIOS,T046,V0066,2025-01-01,9999-12-31,CRM
S00285,CHOCOLATES,T046,V0066,2025-01-01,9999-12-31,CRM
S00286,CHOCOLATES,T047,V0067,2025-01-01,9999-12-31,CRM
S00286,LACTEOS,T047,V0067,2025-01-01,9999-12-31,CRM
S00287,NUTRICAO,T048,V0068,2025-01-01,9999-12-31,CRM
S00287,CULINARIOS,T048,V0068,2025-01-01,9999-12-31,CRM
S00288,CULINARIOS,T049,V0069,2025-01-01,9999-12-31,CRM
S00288,CHOCOLATES,T049,V0069,2025-01-01,9999-12-31,CRM
S00289,LACTEOS,T050,V0070,2025-01-01,9999-12-31,CRM
S00289,NUTRICAO,T050,V0070,2025-01-01,9999-12-31,CRM
S00290,CHOCOLATES,T051,V0071,2025-01-01,9999-12-31,CRM
S00290,CULINARIOS,T051,V0071,2025-01-01,9999-12-31,CRM
S00291,CULINARIOS,T052,,2025-01-01,9999-12-31,CRM
S00291,BEBIDAS,T052,,2025-01-01,9999-12-31,CRM
S00292,BEBIDAS,T053,V0073,2025-01-01,9999-12-31,CRM
S00292,CHOCOLATES,T053,V0073,2025-01-01,9999-12-31,CRM
S00293,CHOCOLATES,,V0074,2025-01-01,9999-12-31,CRM
S00293,CULINARIOS,,V0074,2025-01-01,9999-12-31,CRM
S00294,BEBIDAS,T055,V0075,2025-01-01,9999-12-31,CRM
S00295,LACTEOS,T056,V0076,2025-01-01,9999-12-31,CRM
S00296,LACTEOS,T057,V0077,2025-01-01,9999-12-31,CRM
S00296,CHOCOLATES,T057,V0077,2025-01-01,9999-12-31,CRM
S00297,CULINARIOS,T058,V0078,2025-01-01,9999-12-31,CRM
S00297,NUTRICAO,T058,V0078,2025-01-01,9999-12-31,CRM
S00298,BEBIDAS,T059,V0079,2025-01-01,9999-12-31,CRM
S00298,CHOCOLATES,T059,V0079,2025-01-01,9999-12-31,CRM
S00299,BEBIDAS,T060,V0080,2025-01-01,9999-12-31,CRM
S00299,NUTRICAO,T060,V0080,2025-01-01,9999-12-31,CRM
S00300,BEBIDAS,T061,V0081,2025-01-01,9999-12-31,CRM
S00300,CULINARIOS,T061,V0081,2025-01-01,9999-12-31,CRM
S00301,NUTRICAO,T062,V0082,2025-01-01,9999-12-31,CRM
S00301,CHOCOLATES,T062,V0082,2025-01-01,9999-12-31,CRM
S00302,CULINARIOS,T063,V0083,2025-01-01,9999-12-31,CRM
S00302,CHOCOLATES,T063,V0083,2025-01-01,9999-12-31,CRM
S00303,CULINARIOS,T064,V0084,2025-01-01,9999-12-31,CRM
S00303,CHOCOLATES,T064,V0084,2025-01-01,9999-12-31,CRM
S00304,BEBIDAS,T065,V0085,2025-01-01,9999-12-31,CRM
S00304,CULINARIOS,T065,V0085,2025-01-01,9999-12-31,CRM
S00305,CHOCOLATES,T066,V0086,2025-01-01,9999-12-31,CRM
S00305,BEBIDAS,T066,V0086,2025-01-01,9999-12-31,CRM
S00306,CULINARIOS,T067,V0087,2025-01-01,9999-12-31,CRM
S00307,CHOCOLATES,T068,V0088,2025-01-01,9999-12-31,CRM
S00308,CULINARIOS,T069,V0089,2025-01-01,9999-12-31,CRM
S00309,BEBIDAS,T070,V0090,2025-01-01,9999-12-31,CRM
S00310,CHOCOLATES,T071,V0091,2025-01-01,9999-12-31,CRM
S00311,CULINARIOS,T072,V0092,2025-01-01,9999-12-31,CRM
S00311,NUTRICAO,T072,V0092,2025-01-01,9999-12-31,CRM
S00311,NUTRICAO,T077,V0035,2026-01-01,9999-12-31,MANUAL
S00312,CULINARIOS,T073,V0093,2025-01-01,9999-12-31,CRM
S00312,LACTEOS,T073,V0093,2025-01-01,9999-12-31,CRM
S00313,LACTEOS,T074,V0094,2025-01-01,9999-12-31,CRM
S00313,CULINARIOS,T074,V0094,2025-01-01,9999-12-31,CRM
S00314,BEBIDAS,T075,V0095,2025-01-01,9999-12-31,CRM
S00314,CULINARIOS,T075,V0095,2025-01-01,9999-12-31,CRM
S00315,CULINARIOS,T076,V0096,2025-01-01,9999-12-31,CRM
S00316,LACTEOS,T077,V0097,2025-01-01,9999-12-31,CRM
S00317,CHOCOLATES,T078,V0098,2025-01-01,9999-12-31,CRM
S00317,CULINARIOS,T078,V0098,2025-01-01,9999-12-31,CRM
S00318,CULINARIOS,T079,V0099,2025-01-01,9999-12-31,CRM
S00318,CHOCOLATES,T079,V0099,2025-01-01,9999-12-31,CRM
S00319,BEBIDAS,T080,V0100,2025-01-01,9999-12-31,CRM
S00319,NUTRICAO,T080,V0100,2025-01-01,9999-12-31,CRM
S00320,BEBIDAS,T001,V0101,2025-01-01,9999-12-31,CRM
S00320,NUTRICAO,T001,V0101,2025-01-01,9999-12-31,CRM
S00321,CHOCOLATES,T002,V0102,2025-01-01,9999-12-31,CRM
S00321,BEBIDAS,T002,V0102,2025-01-01,9999-12-31,CRM
S00322,CHOCOLATES,T003,V0103,2025-01-01,9999-12-31,CRM
S00322,LACTEOS,T003,V0103,2025-01-01,9999-12-31,CRM
S00323,CULINARIOS,T004,V0104,2025-01-01,9999-12-31,CRM
S00323,CHOCOLATES,T004,V0104,2025-01-01,9999-12-31,CRM
S00323,CHOCOLATES,T018,V0121,2026-01-01,9999-12-31,MANUAL
S00324,BEBIDAS,T005,V0105,2025-01-01,9999-12-31,CRM
S00324,CHOCOLATES,T005,V0105,2025-01-01,9999-12-31,CRM
S00325,BEBIDAS,T006,V0106,2025-01-01,9999-12-31,CRM
S00325,CULINARIOS,T006,V0106,2025-01-01,9999-12-31,CRM
S00326,BEBIDAS,T007,V0107,2025-01-01,9999-12-31,CRM
S00327,LACTEOS,T008,V0108,2025-01-01,9999-12-31,CRM
S00327,BEBIDAS,T008,V0108,2025-01-01,9999-12-31,CRM
S00328,LACTEOS,T009,V0109,2025-01-01,9999-12-31,CRM
S00329,CULINARIOS,T010,V0110,2025-01-01,9999-12-31,CRM
S00329,NUTRICAO,T010,V0110,2025-01-01,9999-12-31,CRM
S00330,BEBIDAS,T011,V0111,2025-01-01,9999-12-31,CRM
S00330,CULINARIOS,T011,V0111,2025-01-01,9999-12-31,CRM
S00331,NUTRICAO,T012,V0112,2025-01-01,9999-12-31,CRM
S00331,CHOCOLATES,T012,V0112,2025-01-01,9999-12-31,CRM
S00332,NUTRICAO,T013,V0113,2025-01-01,9999-12-31,CRM
S00332,CHOCOLATES,T013,V0113,2025-01-01,9999-12-31,CRM
S00332,CHOCOLATES,T031,V0022,2026-01-01,9999-12-31,MANUAL
S00333,CULINARIOS,T014,V0114,2025-01-01,9999-12-31,CRM
S00333,LACTEOS,T014,V0114,2025-01-01,9999-12-31,CRM
S00334,BEBIDAS,,V0115,2025-01-01,9999-12-31,CRM
S00334,CHOCOLATES,,V0115,2025-01-01,9999-12-31,CRM
S00335,NUTRICAO,T016,V0116,2025-01-01,9999-12-31,CRM
S00335,LACTEOS,T016,V0116,2025-01-01,9999-12-31,CRM
S00336,NUTRICAO,T017,V0117,2025-01-01,9999-12-31,CRM
S00336,BEBIDAS,T017,V0117,2025-01-01,9999-12-31,CRM
S00337,CHOCOLATES,T018,V0118,2025-01-01,9999-12-31,CRM
S00338,NUTRICAO,T019,V0119,2025-01-01,9999-12-31,CRM
S00338,LACTEOS,T019,V0119,2025-01-01,9999-12-31,CRM
S00339,BEBIDAS,T020,V0120,2025-01-01,9999-12-31,CRM
S00339,CULINARIOS,T020,V0120,2025-01-01,9999-12-31,CRM
S00340,CULINARIOS,T021,V0121,2025-01-01,9999-12-31,CRM
S00340,NUTRICAO,T021,V0121,2025-01-01,9999-12-31,CRM
S00341,CHOCOLATES,T022,V0122,2025-01-01,9999-12-31,CRM
S00342,LACTEOS,T023,V0123,2025-01-01,9999-12-31,CRM
S00342,CHOCOLATES,T023,V0123,2025-01-01,9999-12-31,CRM
S00343,LACTEOS,T024,V0124,2025-01-01,9999-12-31,CRM
S00343,NUTRICAO,T024,V0124,2025-01-01,9999-12-31,CRM
S00344,CULINARIOS,T025,V0125,2025-01-01,9999-12-31,CRM
S00344,BEBIDAS,T025,V0125,2025-01-01,9999-12-31,CRM
S00345,BEBIDAS,T026,V0126,2025-01-01,9999-12-31,CRM
S00345,CHOCOLATES,T026,V0126,2025-01-01,9999-12-31,CRM
S00346,NUTRICAO,T027,V0127,2025-01-01,9999-12-31,CRM
S00346,BEBIDAS,T027,V0127,2025-01-01,9999-12-31,CRM
S00347,CHOCOLATES,T028,V0128,2025-01-01,9999-12-31,CRM
S00347,LACTEOS,T028,V0128,2025-01-01,9999-12-31,CRM
S00348,BEBIDAS,T029,V0129,2025-01-01,9999-12-31,CRM
S00349,BEBIDAS,T030,V0130,2025-01-01,9999-12-31,CRM
S00349,LACTEOS,T030,V0130,2025-01-01,9999-12-31,CRM
S00350,LACTEOS,T031,V0131,2025-01-01,9999-12-31,CRM
S00350,LACTEOS,T032,V0059,2026-01-01,9999-12-31,MANUAL
S00350,CULINARIOS,T031,V0131,2025-01-01,9999-12-31,CRM
S00351,LACTEOS,T032,V0132,2025-01-01,9999-12-31,CRM
S00351,BEBIDAS,T032,V0132,2025-01-01,9999-12-31,CRM
S00352,CULINARIOS,T033,V0133,2025-01-01,9999-12-31,CRM
S00353,CHOCOLATES,T034,V0134,2025-01-01,9999-12-31,CRM
S00353,CULINARIOS,T034,V0134,2025-01-01,9999-12-31,CRM
S00354,NUTRICAO,T035,V0135,2025-01-01,9999-12-31,CRM
S00354,CULINARIOS,T035,V0135,2025-01-01,9999-12-31,CRM
S00355,NUTRICAO,T036,V0136,2025-01-01,9999-12-31,CRM
S00355,CULINARIOS,T036,V0136,2025-01-01,9999-12-31,CRM
S00356,CHOCOLATES,T037,V0137,2025-01-01,9999-12-31,CRM
S00356,CULINARIOS,T037,V0137,2025-01-01,9999-12-31,CRM
S00357,BEBIDAS,T038,V0138,2025-01-01,9999-12-31,CRM
S00357,LACTEOS,T038,V0138,2025-01-01,9999-12-31,CRM
S00358,NUTRICAO,T039,V0139,2025-01-01,9999-12-31,CRM
S00358,LACTEOS,T039,V0139,2025-01-01,9999-12-31,CRM
S00358,LACTEOS,T001,V0066,2026-01-01,9999-12-31,MANUAL
S00359,CHOCOLATES,T040,V0140,2025-01-01,9999-12-31,CRM
S00360,CULINARIOS,T041,V0141,2025-01-01,9999-12-31,CRM
S00361,CULINARIOS,T042,V0142,2025-01-01,9999-12-31,CRM
S00361,BEBIDAS,T042,V0142,2025-01-01,9999-12-31,CRM
S00362,CHOCOLATES,T043,V0143,2025-01-01,9999-12-31,CRM
S00363,LACTEOS,T044,V0144,2025-01-01,9999-12-31,CRM
S00364,BEBIDAS,T045,,2025-01-01,9999-12-31,CRM
S00364,NUTRICAO,T045,,2025-01-01,9999-12-31,CRM
S00365,CHOCOLATES,T046,V0146,2025-01-01,9999-12-31,CRM
S00365,NUTRICAO,T046,V0146,2025-01-01,9999-12-31,CRM
S00366,NUTRICAO,T047,V0147,2025-01-01,9999-12-31,CRM
S00366,CHOCOLATES,T047,V0147,2025-01-01,9999-12-31,CRM
S00367,LACTEOS,T048,V0148,2025-01-01,9999-12-31,CRM
S00367,BEBIDAS,T048,V0148,2025-01-01,9999-12-31,CRM
S00368,BEBIDAS,T049,V0149,2025-01-01,9999-12-31,CRM
S00368,NUTRICAO,T049,V0149,2025-01-01,9999-12-31,CRM
S00369,CULINARIOS,T050,V0150,2025-01-01,9999-12-31,CRM
S00369,CHOCOLATES,T050,V0150,2025-01-01,9999-12-31,CRM
S00370,BEBIDAS,T051,V0151,2025-01-01,9999-12-31,CRM
S00371,BEBIDAS,T052,V0152,2025-01-01,9999-12-31,CRM
S00371,CULINARIOS,T052,V0152,2025-01-01,9999-12-31,CRM
S00372,LACTEOS,T053,V0153,2025-01-01,9999-12-31,CRM
S00372,NUTRICAO,T053,V0153,2025-01-01,9999-12-31,CRM
S00373,BEBIDAS,T054,V0154,2025-01-01,9999-12-31,CRM
S00373,LACTEOS,T054,V0154,2025-01-01,9999-12-31,CRM
S00374,CULINARIOS,T055,V0155,2025-01-01,9999-12-31,CRM
S00374,LACTEOS,T055,V0155,2025-01-01,9999-12-31,CRM
S00375,CULINARIOS,T056,V0156,2025-01-01,9999-12-31,CRM
S00375,BEBIDAS,T056,V0156,2025-01-01,9999-12-31,CRM
S00376,NUTRICAO,T057,V0157,2025-01-01,9999-12-31,CRM
S00377,LACTEOS,T058,V0158,2025-01-01,9999-12-31,CRM
S00378,BEBIDAS,T059,V0159,2025-01-01,9999-12-31,CRM
S00378,NUTRICAO,T059,V0159,2025-01-01,9999-12-31,CRM
S00379,BEBIDAS,T060,V0160,2025-01-01,9999-12-31,CRM
S00379,CULINARIOS,T060,V0160,2025-01-01,9999-12-31,CRM
S00380,NUTRICAO,T061,V0161,2025-01-01,9999-12-31,CRM
S00380,BEBIDAS,T061,V0161,2025-01-01,9999-12-31,CRM
S00381,NUTRICAO,T062,V0162,2025-01-01,9999-12-31,CRM
S00382,CHOCOLATES,T063,V0163,2025-01-01,9999-12-31,CRM
S00382,CULINARIOS,T063,V0163,2025-01-01,9999-12-31,CRM
S00383,CHOCOLATES,T064,V0164,2025-01-01,9999-12-31,CRM
S00383,LACTEOS,T064,V0164,2025-01-01,9999-12-31,CRM
S00384,BEBIDAS,T065,V0165,2025-01-01,9999-12-31,CRM
S00384,CULINARIOS,T065,V0165,2025-01-01,9999-12-31,CRM
S00385,LACTEOS,T066,V0166,2025-01-01,9999-12-31,CRM
S00385,BEBIDAS,T066,V0166,2025-01-01,9999-12-31,CRM
S00386,LACTEOS,T067,V0167,2025-01-01,9999-12-31,CRM
S00386,CULINARIOS,T067,V0167,2025-01-01,9999-12-31,CRM
S00387,CHOCOLATES,T068,V0168,2025-01-01,9999-12-31,CRM
S00387,LACTEOS,T068,V0168,2025-01-01,9999-12-31,CRM
S00388,BEBIDAS,T069,V0169,2025-01-01,9999-12-31,CRM
S00389,NUTRICAO,T070,V0170,2025-01-01,9999-12-31,CRM
S00389,NUTRICAO,T052,V0038,2026-01-01,9999-12-31,MANUAL
S00389,CHOCOLATES,T070,V0170,2025-01-01,9999-12-31,CRM
S00390,CULINARIOS,T071,V0171,2025-01-01,9999-12-31,CRM
S00390,NUTRICAO,T071,V0171,2025-01-01,9999-12-31,CRM
S00391,CULINARIOS,T072,V0172,2025-01-01,9999-12-31,CRM
S00391,CULINARIOS,T027,V0040,2026-01-01,9999-12-31,MANUAL
S00391,LACTEOS,T072,V0172,2025-01-01,9999-12-31,CRM
S00392,CULINARIOS,,V0173,2025-01-01,9999-12-31,CRM
S00392,NUTRICAO,,V0173,2025-01-01,9999-12-31,CRM
S00393,BEBIDAS,T074,V0174,2025-01-01,9999-12-31,CRM
S00393,LACTEOS,T074,V0174,2025-01-01,9999-12-31,CRM
S00394,CULINARIOS,T075,V0175,2025-01-01,9999-12-31,CRM
S00394,BEBIDAS,T075,V0175,2025-01-01,9999-12-31,CRM
S00395,CHOCOLATES,T076,,2025-01-01,9999-12-31,CRM
S00395,NUTRICAO,T076,,2025-01-01,9999-12-31,CRM
S00396,CHOCOLATES,T077,V0177,2025-01-01,9999-12-31,CRM
S00396,CHOCOLATES,T045,V0171,2026-01-01,9999-12-31,MANUAL
S00396,LACTEOS,T077,V0177,2025-01-01,9999-12-31,CRM
S00397,BEBIDAS,T078,V0178,2025-01-01,9999-12-31,CRM
S00397,LACTEOS,T078,V0178,2025-01-01,9999-12-31,CRM
S00398,LACTEOS,T079,V0179,2025-01-01,9999-12-31,CRM
S00398,CHOCOLATES,T079,V0179,2025-01-01,9999-12-31,CRM
S00399,CHOCOLATES,T080,V0180,2025-01-01,9999-12-31,CRM
S00399,LACTEOS,T080,V0180,2025-01-01,9999-12-31,CRM
S00400,BEBIDAS,T001,V0181,2025-01-01,9999-12-31,CRM
S00400,LACTEOS,T001,V0181,2025-01-01,9999-12-31,CRM
S00400,LACTEOS,T051,V0049,2026-01-01,9999-12-31,MANUAL
S00401,LACTEOS,T002,V0182,2025-01-01,9999-12-31,CRM
S00401,CULINARIOS,T002,V0182,2025-01-01,9999-12-31,CRM
S00402,CHOCOLATES,T003,V0183,2025-01-01,9999-12-31,CRM
S00402,NUTRICAO,T003,V0183,2025-01-01,9999-12-31,CRM
S00403,LACTEOS,T004,V0184,2025-01-01,9999-12-31,CRM
S00404,BEBIDAS,T005,V0185,2025-01-01,9999-12-31,CRM
S00404,CHOCOLATES,T005,V0185,2025-01-01,9999-12-31,CRM
S00405,CHOCOLATES,T006,V0186,2025-01-01,9999-12-31,CRM
S00405,LACTEOS,T006,V0186,2025-01-01,9999-12-31,CRM
S00406,BEBIDAS,T007,V0187,2025-01-01,9999-12-31,CRM
S00406,LACTEOS,T007,V0187,2025-01-01,9999-12-31,CRM
S00407,CHOCOLATES,T008,V0188,2025-01-01,9999-12-31,CRM
S00407,LACTEOS,T008,V0188,2025-01-01,9999-12-31,CRM
S00408,CHOCOLATES,T009,V0189,2025-01-01,9999-12-31,CRM
S00408,BEBIDAS,T009,V0189,2025-01-01,9999-12-31,CRM
S00409,BEBIDAS,T010,V0190,2025-01-01,9999-12-31,CRM
S00409,LACTEOS,T010,V0190,2025-01-01,9999-12-31,CRM
S00410,CULINARIOS,T011,V0191,2025-01-01,9999-12-31,CRM
S00410,CHOCOLATES,T011,V0191,2025-01-01,9999-12-31,CRM
S00411,NUTRICAO,T012,V0192,2025-01-01,9999-12-31,CRM
S00411,BEBIDAS,T012,V0192,2025-01-01,9999-12-31,CRM
S00412,NUTRICAO,T013,V0193,2025-01-01,9999-12-31,CRM
S00412,NUTRICAO,T071,V0043,2026-01-01,9999-12-31,MANUAL
S00412,LACTEOS,T013,V0193,2025-01-01,9999-12-31,CRM
S00413,BEBIDAS,T014,V0194,2025-01-01,9999-12-31,CRM
S00413,CHOCOLATES,T014,V0194,2025-01-01,9999-12-31,CRM
S00414,CHOCOLATES,T015,V0195,2025-01-01,9999-12-31,CRM
S00415,BEBIDAS,T016,V0196,2025-01-01,9999-12-31,CRM
S00415,NUTRICAO,T016,V0196,2025-01-01,9999-12-31,CRM
S00416,BEBIDAS,T017,V0197,2025-01-01,9999-12-31,CRM
S00416,NUTRICAO,T017,V0197,2025-01-01,9999-12-31,CRM
S00417,CHOCOLATES,T018,V0198,2025-01-01,9999-12-31,CRM
S00417,CULINARIOS,T018,V0198,2025-01-01,9999-12-31,CRM
S00418,LACTEOS,T019,V0199,2025-01-01,9999-12-31,CRM
S00418,CULINARIOS,T019,V0199,2025-01-01,9999-12-31,CRM
S00419,NUTRICAO,T020,V0200,2025-01-01,9999-12-31,CRM
S00419,CHOCOLATES,T020,V0200,2025-01-01,9999-12-31,CRM
S00420,CULINARIOS,T021,V0201,2025-01-01,9999-12-31,CRM
S00420,BEBIDAS,T021,V0201,2025-01-01,9999-12-31,CRM
S00421,CULINARIOS,T022,V0202,2025-01-01,9999-12-31,CRM
S00421,BEBIDAS,T022,V0202,2025-01-01,9999-12-31,CRM
S00422,CULINARIOS,T023,V0203,2025-01-01,9999-12-31,CRM
S00423,BEBIDAS,T024,V0204,2025-01-01,9999-12-31,CRM
S00423,NUTRICAO,T024,V0204,2025-01-01,9999-12-31,CRM
S00424,BEBIDAS,T025,V0205,2025-01-01,9999-12-31,CRM
S00424,CHOCOLATES,T025,V0205,2025-01-01,9999-12-31,CRM
S00425,NUTRICAO,T026,V0206,2025-01-01,9999-12-31,CRM
S00425,CHOCOLATES,T026,V0206,2025-01-01,9999-12-31,CRM
S00426,LACTEOS,,V0207,2025-01-01,9999-12-31,CRM
S00426,CULINARIOS,,V0207,2025-01-01,9999-12-31,CRM
S00427,NUTRICAO,,V0208,2025-01-01,9999-12-31,CRM
S00428,CHOCOLATES,T029,V0209,2025-01-01,9999-12-31,CRM
S00428,BEBIDAS,T029,V0209,2025-01-01,9999-12-31,CRM
S00429,CHOCOLATES,T030,V0210,2025-01-01,9999-12-31,CRM
S00430,CULINARIOS,T031,V0211,2025-01-01,9999-12-31,CRM
S00430,BEBIDAS,T031,V0211,2025-01-01,9999-12-31,CRM
S00431,NUTRICAO,T032,V0212,2025-01-01,9999-12-31,CRM
S00431,CHOCOLATES,T032,V0212,2025-01-01,9999-12-31,CRM
S00432,CULINARIOS,T033,V0213,2025-01-01,9999-12-31,CRM
S00432,BEBIDAS,T033,V0213,2025-01-01,9999-12-31,CRM
S00433,LACTEOS,T034,V0214,2025-01-01,9999-12-31,CRM
S00433,BEBIDAS,T034,V0214,2025-01-01,9999-12-31,CRM
S00434,NUTRICAO,T035,V0215,2025-01-01,9999-12-31,CRM
S00434,LACTEOS,T035,V0215,2025-01-01,9999-12-31,CRM
S00435,CULINARIOS,T036,V0216,2025-01-01,9999-12-31,CRM
S00435,CHOCOLATES,T036,V0216,2025-01-01,9999-12-31,CRM
S00436,NUTRICAO,T037,V0217,2025-01-01,9999-12-31,CRM
S00436,LACTEOS,T037,V0217,2025-01-01,9999-12-31,CRM
S00437,CULINARIOS,,V0218,2025-01-01,9999-12-31,CRM
S00437,NUTRICAO,,V0218,2025-01-01,9999-12-31,CRM
S00438,CHOCOLATES,T039,V0219,2025-01-01,9999-12-31,CRM
S00438,LACTEOS,T039,V0219,2025-01-01,9999-12-31,CRM
S00439,BEBIDAS,T040,V0220,2025-01-01,9999-12-31,CRM
S00439,NUTRICAO,T040,V0220,2025-01-01,9999-12-31,CRM
S00440,CULINARIOS,T041,V0001,2025-01-01,9999-12-31,CRM
S00440,CHOCOLATES,T041,V0001,2025-01-01,9999-12-31,CRM
S00441,CHOCOLATES,T042,V0002,2025-01-01,9999-12-31,CRM
S00441,CULINARIOS,T042,V0002,2025-01-01,9999-12-31,CRM
S00442,CHOCOLATES,T043,V0003,2025-01-01,9999-12-31,CRM
S00442,CULINARIOS,T043,V0003,2025-01-01,9999-12-31,CRM
S00443,LACTEOS,,V0004,2025-01-01,9999-12-31,CRM
S00443,NUTRICAO,,V0004,2025-01-01,9999-12-31,CRM
S00444,BEBIDAS,T045,V0005,2025-01-01,9999-12-31,CRM
S00444,LACTEOS,T045,V0005,2025-01-01,9999-12-31,CRM
S00445,LACTEOS,T046,V0006,2025-01-01,9999-12-31,CRM
S00445,CHOCOLATES,T046,V0006,2025-01-01,9999-12-31,CRM
S00446,CHOCOLATES,T047,V0007,2025-01-01,9999-12-31,CRM
S00446,LACTEOS,T047,V0007,2025-01-01,9999-12-31,CRM
S00447,NUTRICAO,T048,V0008,2025-01-01,9999-12-31,CRM
S00447,LACTEOS,T048,V0008,2025-01-01,9999-12-31,CRM
S00448,CHOCOLATES,,V0009,2025-01-01,9999-12-31,CRM
S00448,LACTEOS,,V0009,2025-01-01,9999-12-31,CRM
S00449,NUTRICAO,T050,V0010,2025-01-01,9999-12-31,CRM
S00449,CHOCOLATES,T050,V0010,2025-01-01,9999-12-31,CRM
S00450,BEBIDAS,T051,V0011,2025-01-01,9999-12-31,CRM
S00450,LACTEOS,T051,V0011,2025-01-01,9999-12-31,CRM
S00451,CULINARIOS,T052,V0012,2025-01-01,9999-12-31,CRM
S00451,CHOCOLATES,T052,V0012,2025-01-01,9999-12-31,CRM
S00452,BEBIDAS,T053,V0013,2025-01-01,9999-12-31,CRM
S00453,NUTRICAO,T054,V0014,2025-01-01,9999-12-31,CRM
S00454,CHOCOLATES,T055,V0015,2025-01-01,9999-12-31,CRM
S00454,CHOCOLATES,T033,V0055,2026-01-01,9999-12-31,MANUAL
S00455,BEBIDAS,T056,V0016,2025-01-01,9999-12-31,CRM
S00455,LACTEOS,T056,V0016,2025-01-01,9999-12-31,CRM
S00456,CHOCOLATES,T057,V0017,2025-01-01,9999-12-31,CRM
S00456,LACTEOS,T057,V0017,2025-01-01,9999-12-31,CRM
S00457,CHOCOLATES,T058,V0018,2025-01-01,9999-12-31,CRM
S00457,NUTRICAO,T058,V0018,2025-01-01,9999-12-31,CRM
S00458,CULINARIOS,T059,V0019,2025-01-01,9999-12-31,CRM
S00458,NUTRICAO,T059,V0019,2025-01-01,9999-12-31,CRM
S00459,NUTRICAO,T060,V0020,2025-01-01,9999-12-31,CRM
S00459,NUTRICAO,T046,V0052,2026-01-01,9999-12-31,MANUAL
S00459,LACTEOS,T060,V0020,2025-01-01,9999-12-31,CRM
S00460,NUTRICAO,T061,V0021,2025-01-01,9999-12-31,CRM
S00460,CULINARIOS,T061,V0021,2025-01-01,9999-12-31,CRM
S00461,CHOCOLATES,T062,V0022,2025-01-01,9999-12-31,CRM
S00461,LACTEOS,T062,V0022,2025-01-01,9999-12-31,CRM
S00462,BEBIDAS,T063,V0023,2025-01-01,9999-12-31,CRM
S00462,NUTRICAO,T063,V0023,2025-01-01,9999-12-31,CRM
S00463,BEBIDAS,T064,,2025-01-01,9999-12-31,CRM
S00464,NUTRICAO,T065,V0025,2025-01-01,9999-12-31,CRM
S00464,CHOCOLATES,T065,V0025,2025-01-01,9999-12-31,CRM
S00465,CULINARIOS,T066,V0026,2025-01-01,9999-12-31,CRM
S00465,NUTRICAO,T066,V0026,2025-01-01,9999-12-31,CRM
S00466,CULINARIOS,T067,V0027,2025-01-01,9999-12-31,CRM
S00466,BEBIDAS,T067,V0027,2025-01-01,9999-12-31,CRM
S00467,CHOCOLATES,T068,V0028,2025-01-01,9999-12-31,CRM
S00467,CHOCOLATES,T045,V0109,2026-01-01,9999-12-31,MANUAL
S00467,NUTRICAO,T068,V0028,2025-01-01,9999-12-31,CRM
S00468,CHOCOLATES,T069,V0029,2025-01-01,9999-12-31,CRM
S00469,BEBIDAS,T070,V0030,2025-01-01,9999-12-31,CRM
S00469,CHOCOLATES,T070,V0030,2025-01-01,9999-12-31,CRM
S00470,CHOCOLATES,T071,V0031,2025-01-01,9999-12-31,CRM
S00470,LACTEOS,T071,V0031,2025-01-01,9999-12-31,CRM
S00471,BEBIDAS,T072,V0032,2025-01-01,9999-12-31,CRM
S00471,LACTEOS,T072,V0032,2025-01-01,9999-12-31,CRM
S00472,NUTRICAO,T073,V0033,2025-01-01,9999-12-31,CRM
S00472,BEBIDAS,T073,V0033,2025-01-01,9999-12-31,CRM
S00473,LACTEOS,T074,V0034,2025-01-01,9999-12-31,CRM
S00473,BEBIDAS,T074,V0034,2025-01-01,9999-12-31,CRM
S00474,CHOCOLATES,T075,V0035,2025-01-01,9999-12-31,CRM
S00474,LACTEOS,T075,V0035,2025-01-01,9999-12-31,CRM
S00475,CHOCOLATES,T076,V0036,2025-01-01,9999-12-31,CRM
S00475,NUTRICAO,T076,V0036,2025-01-01,9999-12-31,CRM
S00476,LACTEOS,T077,V0037,2025-01-01,9999-12-31,CRM
S00476,BEBIDAS,T077,V0037,2025-01-01,9999-12-31,CRM
S00477,CHOCOLATES,T078,V0038,2025-01-01,9999-12-31,CRM
S00477,CULINARIOS,T078,V0038,2025-01-01,9999-12-31,CRM
S00478,NUTRICAO,T079,V0039,2025-01-01,9999-12-31,CRM
S00478,BEBIDAS,T079,V0039,2025-01-01,9999-12-31,CRM
S00479,LACTEOS,T080,V0040,2025-01-01,9999-12-31,CRM
S00480,CULINARIOS,T001,,2025-01-01,9999-12-31,CRM
S00480,NUTRICAO,T001,,2025-01-01,9999-12-31,CRM
S00481,NUTRICAO,T002,V0042,2025-01-01,9999-12-31,CRM
S00482,CHOCOLATES,T003,V0043,2025-01-01,9999-12-31,CRM
S00482,LACTEOS,T003,V0043,2025-01-01,9999-12-31,CRM
S00483,CHOCOLATES,T004,V0044,2025-01-01,9999-12-31,CRM
S00483,LACTEOS,T004,V0044,2025-01-01,9999-12-31,CRM
S00484,NUTRICAO,T005,V0045,2025-01-01,9999-12-31,CRM
S00484,BEBIDAS,T005,V0045,2025-01-01,9999-12-31,CRM
S00485,BEBIDAS,T006,V0046,2025-01-01,9999-12-31,CRM
S00485,NUTRICAO,T006,V0046,2025-01-01,9999-12-31,CRM
S00486,CHOCOLATES,T007,V0047,2025-01-01,9999-12-31,CRM
S00486,CULINARIOS,T007,V0047,2025-01-01,9999-12-31,CRM
S00487,BEBIDAS,T008,V0048,2025-01-01,9999-12-31,CRM
S00487,CULINARIOS,T008,V0048,2025-01-01,9999-12-31,CRM
S00488,CHOCOLATES,T009,V0049,2025-01-01,9999-12-31,CRM
S00488,LACTEOS,T009,V0049,2025-01-01,9999-12-31,CRM
S00489,CHOCOLATES,T010,V0050,2025-01-01,9999-12-31,CRM
S00489,LACTEOS,T010,V0050,2025-01-01,9999-12-31,CRM
S00490,NUTRICAO,T011,V0051,2025-01-01,9999-12-31,CRM
S00490,BEBIDAS,T011,V0051,2025-01-01,9999-12-31,CRM
S00491,CULINARIOS,T012,V0052,2025-01-01,9999-12-31,CRM
S00491,CHOCOLATES,T012,V0052,2025-01-01,9999-12-31,CRM
S00492,LACTEOS,T013,V0053,2025-01-01,9999-12-31,CRM
S00492,BEBIDAS,T013,V0053,2025-01-01,9999-12-31,CRM
S00493,LACTEOS,T014,V0054,2025-01-01,9999-12-31,CRM
S00493,NUTRICAO,T014,V0054,2025-01-01,9999-12-31,CRM
S00494,NUTRICAO,T015,V0055,2025-01-01,9999-12-31,CRM
S00494,LACTEOS,T015,V0055,2025-01-01,9999-12-31,CRM
S00495,BEBIDAS,T016,V0056,2025-01-01,9999-12-31,CRM
S00495,CULINARIOS,T016,V0056,2025-01-01,9999-12-31,CRM
S00496,NUTRICAO,T017,V0057,2025-01-01,9999-12-31,CRM
S00497,LACTEOS,T018,V0058,2025-01-01,9999-12-31,CRM
S00498,CHOCOLATES,T019,V0059,2025-01-01,9999-12-31,CRM
S00498,BEBIDAS,T019,V0059,2025-01-01,9999-12-31,CRM
S00499,CULINARIOS,T020,V0060,2025-01-01,9999-12-31,CRM
S00500,LACTEOS,T021,V0061,2025-01-01,9999-12-31,CRM
S00500,CULINARIOS,T021,V0061,2025-01-01,9999-12-31,CRM
S00501,BEBIDAS,T022,V0062,2025-01-01,9999-12-31,CRM
S00501,NUTRICAO,T022,V0062,2025-01-01,9999-12-31,CRM
S00502,NUTRICAO,T023,V0063,2025-01-01,9999-12-31,CRM
S00502,CULINARIOS,T023,V0063,2025-01-01,9999-12-31,CRM
S00503,NUTRICAO,T024,V0064,2025-01-01,9999-12-31,CRM
S00503,CULINARIOS,T024,V0064,2025-01-01,9999-12-31,CRM
S00504,CULINARIOS,T025,V0065,2025-01-01,9999-12-31,CRM
S00504,LACTEOS,T025,V0065,2025-01-01,9999-12-31,CRM
S00504,LACTEOS,T054,V0081,2026-01-01,9999-12-31,MANUAL
S00505,LACTEOS,T026,V0066,2025-01-01,9999-12-31,CRM
S00505,CHOCOLATES,T026,V0066,2025-01-01,9999-12-31,CRM
S00506,CULINARIOS,T027,V0067,2025-01-01,9999-12-31,CRM
S00506,LACTEOS,T027,V0067,2025-01-01,9999-12-31,CRM
S00507,CHOCOLATES,T028,V0068,2025-01-01,9999-12-31,CRM
S00508,NUTRICAO,T029,V0069,2025-01-01,9999-12-31,CRM
S00509,CULINARIOS,T030,V0070,2025-01-01,9999-12-31,CRM
S00509,CHOCOLATES,T030,V0070,2025-01-01,9999-12-31,CRM
S00510,CHOCOLATES,T031,V0071,2025-01-01,9999-12-31,CRM
S00510,LACTEOS,T031,V0071,2025-01-01,9999-12-31,CRM
S00511,LACTEOS,T032,V0072,2025-01-01,9999-12-31,CRM
S00511,CHOCOLATES,T032,V0072,2025-01-01,9999-12-31,CRM
S00512,NUTRICAO,T033,V0073,2025-01-01,9999-12-31,CRM
S00512,BEBIDAS,T033,V0073,2025-01-01,9999-12-31,CRM
S00513,LACTEOS,T034,V0074,2025-01-01,9999-12-31,CRM
S00513,CHOCOLATES,T034,V0074,2025-01-01,9999-12-31,CRM
S00514,NUTRICAO,T035,V0075,2025-01-01,9999-12-31,CRM
S00514,LACTEOS,T035,V0075,2025-01-01,9999-12-31,CRM
S00515,CULINARIOS,T036,V0076,2025-01-01,9999-12-31,CRM
S00515,LACTEOS,T036,V0076,2025-01-01,9999-12-31,CRM
S00516,NUTRICAO,T037,V0077,2025-01-01,9999-12-31,CRM
S00516,CHOCOLATES,T037,V0077,2025-01-01,9999-12-31,CRM
S00517,LACTEOS,T038,V0078,2025-01-01,9999-12-31,CRM
S00518,CHOCOLATES,T039,V0079,2025-01-01,9999-12-31,CRM
S00518,BEBIDAS,T039,V0079,2025-01-01,9999-12-31,CRM
S00519,BEBIDAS,,V0080,2025-01-01,9999-12-31,CRM
S00519,NUTRICAO,,V0080,2025-01-01,9999-12-31,CRM
S00520,NUTRICAO,T041,V0081,2025-01-01,9999-12-31,CRM
S00521,LACTEOS,T042,V0082,2025-01-01,9999-12-31,CRM
S00521,CULINARIOS,T042,V0082,2025-01-01,9999-12-31,CRM
S00522,CULINARIOS,T043,V0083,2025-01-01,9999-12-31,CRM
S00522,BEBIDAS,T043,V0083,2025-01-01,9999-12-31,CRM
S00523,CULINARIOS,T044,V0084,2025-01-01,9999-12-31,CRM
S00523,LACTEOS,T044,V0084,2025-01-01,9999-12-31,CRM
S00524,NUTRICAO,T045,V0085,2025-01-01,9999-12-31,CRM
S00524,CHOCOLATES,T045,V0085,2025-01-01,9999-12-31,CRM
S00525,BEBIDAS,T046,V0086,2025-01-01,9999-12-31,CRM
S00525,CHOCOLATES,T046,V0086,2025-01-01,9999-12-31,CRM
S00526,BEBIDAS,,V0087,2025-01-01,9999-12-31,CRM
S00526,CHOCOLATES,,V0087,2025-01-01,9999-12-31,CRM
S00527,BEBIDAS,,V0088,2025-01-01,9999-12-31,CRM
S00527,LACTEOS,,V0088,2025-01-01,9999-12-31,CRM
S00528,BEBIDAS,T049,V0089,2025-01-01,9999-12-31,CRM
S00528,LACTEOS,T049,V0089,2025-01-01,9999-12-31,CRM
S00529,LACTEOS,T050,V0090,2025-01-01,9999-12-31,CRM
S00529,CHOCOLATES,T050,V0090,2025-01-01,9999-12-31,CRM
S00530,CULINARIOS,T051,V0091,2025-01-01,9999-12-31,CRM
S00530,NUTRICAO,T051,V0091,2025-01-01,9999-12-31,CRM
S00531,LACTEOS,T052,,2025-01-01,9999-12-31,CRM
S00531,BEBIDAS,T052,,2025-01-01,9999-12-31,CRM
S00532,LACTEOS,T053,,2025-01-01,9999-12-31,CRM
S00533,NUTRICAO,,V0094,2025-01-01,9999-12-31,CRM
S00534,CULINARIOS,T055,V0095,2025-01-01,9999-12-31,CRM
S00535,LACTEOS,T056,V0096,2025-01-01,9999-12-31,CRM
S00536,NUTRICAO,T057,V0097,2025-01-01,9999-12-31,CRM
S00536,LACTEOS,T057,V0097,2025-01-01,9999-12-31,CRM
S00537,CULINARIOS,T058,V0098,2025-01-01,9999-12-31,CRM
S00537,BEBIDAS,T058,V0098,2025-01-01,9999-12-31,CRM
S00538,BEBIDAS,T059,V0099,2025-01-01,9999-12-31,CRM
S00538,CHOCOLATES,T059,V0099,2025-01-01,9999-12-31,CRM
S00539,CULINARIOS,T060,V0100,2025-01-01,9999-12-31,CRM
S00540,BEBIDAS,T061,V0101,2025-01-01,9999-12-31,CRM
S00541,LACTEOS,T062,V0102,2025-01-01,9999-12-31,CRM
S00541,BEBIDAS,T062,V0102,2025-01-01,9999-12-31,CRM
S00542,CULINARIOS,T063,V0103,2025-01-01,9999-12-31,CRM
S00542,BEBIDAS,T063,V0103,2025-01-01,9999-12-31,CRM
S00543,NUTRICAO,T064,V0104,2025-01-01,9999-12-31,CRM
S00543,LACTEOS,T064,V0104,2025-01-01,9999-12-31,CRM
S00544,CHOCOLATES,T065,V0105,2025-01-01,9999-12-31,CRM
S00544,NUTRICAO,T065,V0105,2025-01-01,9999-12-31,CRM
S00545,BEBIDAS,T066,V0106,2025-01-01,9999-12-31,CRM
S00545,CULINARIOS,T066,V0106,2025-01-01,9999-12-31,CRM
S00546,LACTEOS,T067,V0107,2025-01-01,9999-12-31,CRM
S00546,NUTRICAO,T067,V0107,2025-01-01,9999-12-31,CRM
S00547,LACTEOS,T068,V0108,2025-01-01,9999-12-31,CRM
S00547,LACTEOS,T017,V0027,2026-01-01,9999-12-31,MANUAL
S00548,LACTEOS,T069,V0109,2025-01-01,9999-12-31,CRM
S00548,CULINARIOS,T069,V0109,2025-01-01,9999-12-31,CRM
S00549,CULINARIOS,T070,V0110,2025-01-01,9999-12-31,CRM
S00549,NUTRICAO,T070,V0110,2025-01-01,9999-12-31,CRM
S00550,CULINARIOS,T071,V0111,2025-01-01,9999-12-31,CRM
S00550,NUTRICAO,T071,V0111,2025-01-01,9999-12-31,CRM
S00551,LACTEOS,T072,V0112,2025-01-01,9999-12-31,CRM
S00551,BEBIDAS,T072,V0112,2025-01-01,9999-12-31,CRM
S00552,BEBIDAS,T073,V0113,2025-01-01,9999-12-31,CRM
S00552,NUTRICAO,T073,V0113,2025-01-01,9999-12-31,CRM
S00553,CULINARIOS,T074,V0114,2025-01-01,9999-12-31,CRM
S00554,NUTRICAO,T075,V0115,2025-01-01,9999-12-31,CRM
S00554,CULINARIOS,T075,V0115,2025-01-01,9999-12-31,CRM
S00555,BEBIDAS,T076,V0116,2025-01-01,9999-12-31,CRM
S00555,NUTRICAO,T076,V0116,2025-01-01,9999-12-31,CRM
S00556,BEBIDAS,T077,V0117,2025-01-01,9999-12-31,CRM
S00557,LACTEOS,T078,V0118,2025-01-01,9999-12-31,CRM
S00557,CHOCOLATES,T078,V0118,2025-01-01,9999-12-31,CRM
S00558,BEBIDAS,T079,V0119,2025-01-01,9999-12-31,CRM
S00558,CULINARIOS,T079,V0119,2025-01-01,9999-12-31,CRM
S00559,LACTEOS,T080,V0120,2025-01-01,9999-12-31,CRM
S00559,CHOCOLATES,T080,V0120,2025-01-01,9999-12-31,CRM
S00560,CHOCOLATES,T001,V0121,2025-01-01,9999-12-31,CRM
S00561,CULINARIOS,T002,V0122,2025-01-01,9999-12-31,CRM
S00562,LACTEOS,T003,V0123,2025-01-01,9999-12-31,CRM
S00562,BEBIDAS,T003,V0123,2025-01-01,9999-12-31,CRM
S00563,BEBIDAS,T004,V0124,2025-01-01,9999-12-31,CRM
S00563,CULINARIOS,T004,V0124,2025-01-01,9999-12-31,CRM
S00564,NUTRICAO,T005,V0125,2025-01-01,9999-12-31,CRM
S00565,CHOCOLATES,T006,V0126,2025-01-01,9999-12-31,CRM
S00565,NUTRICAO,T006,V0126,2025-01-01,9999-12-31,CRM
S00566,LACTEOS,T007,V0127,2025-01-01,9999-12-31,CRM
S00567,LACTEOS,T008,,2025-01-01,9999-12-31,CRM
S00567,BEBIDAS,T008,,2025-01-01,9999-12-31,CRM
S00568,NUTRICAO,T009,V0129,2025-01-01,9999-12-31,CRM
S00568,LACTEOS,T009,V0129,2025-01-01,9999-12-31,CRM
S00569,BEBIDAS,T010,V0130,2025-01-01,9999-12-31,CRM
S00569,LACTEOS,T010,V0130,2025-01-01,9999-12-31,CRM
S00570,BEBIDAS,T011,V0131,2025-01-01,9999-12-31,CRM
S00571,LACTEOS,T012,V0132,2025-01-01,9999-12-31,CRM
S00572,LACTEOS,T013,V0133,2025-01-01,9999-12-31,CRM
S00573,LACTEOS,T014,V0134,2025-01-01,9999-12-31,CRM
S00573,CHOCOLATES,T014,V0134,2025-01-01,9999-12-31,CRM
S00574,LACTEOS,T015,V0135,2025-01-01,9999-12-31,CRM
S00574,CHOCOLATES,T015,V0135,2025-01-01,9999-12-31,CRM
S00575,NUTRICAO,T016,V0136,2025-01-01,9999-12-31,CRM
S00575,LACTEOS,T016,V0136,2025-01-01,9999-12-31,CRM
S00576,CULINARIOS,T017,V0137,2025-01-01,9999-12-31,CRM
S00576,LACTEOS,T017,V0137,2025-01-01,9999-12-31,CRM
S00577,CHOCOLATES,T018,V0138,2025-01-01,9999-12-31,CRM
S00577,LACTEOS,T018,V0138,2025-01-01,9999-12-31,CRM
S00578,BEBIDAS,T019,V0139,2025-01-01,9999-12-31,CRM
S00578,CHOCOLATES,T019,V0139,2025-01-01,9999-12-31,CRM
S00579,BEBIDAS,T020,V0140,2025-01-01,9999-12-31,CRM
S00579,NUTRICAO,T020,V0140,2025-01-01,9999-12-31,CRM
S00580,CULINARIOS,T021,V0141,2025-01-01,9999-12-31,CRM
S00581,CHOCOLATES,T022,V0142,2025-01-01,9999-12-31,CRM
S00581,BEBIDAS,T022,V0142,2025-01-01,9999-12-31,CRM
S00582,BEBIDAS,T023,V0143,2025-01-01,9999-12-31,CRM
S00582,BEBIDAS,T068,V0090,2026-01-01,9999-12-31,MANUAL
S00583,NUTRICAO,T024,V0144,2025-01-01,9999-12-31,CRM
S00583,BEBIDAS,T024,V0144,2025-01-01,9999-12-31,CRM
S00584,CULINARIOS,T025,V0145,2025-01-01,9999-12-31,CRM
S00584,CHOCOLATES,T025,V0145,2025-01-01,9999-12-31,CRM
S00585,CHOCOLATES,T026,V0146,2025-01-01,9999-12-31,CRM
S00585,LACTEOS,T026,V0146,2025-01-01,9999-12-31,CRM
S00586,CHOCOLATES,T027,V0147,2025-01-01,9999-12-31,CRM
S00586,BEBIDAS,T027,V0147,2025-01-01,9999-12-31,CRM
S00587,CHOCOLATES,T028,V0148,2025-01-01,9999-12-31,CRM
S00587,CULINARIOS,T028,V0148,2025-01-01,9999-12-31,CRM
S00588,NUTRICAO,T029,V0149,2025-01-01,9999-12-31,CRM
S00588,LACTEOS,T029,V0149,2025-01-01,9999-12-31,CRM
S00589,BEBIDAS,T030,V0150,2025-01-01,9999-12-31,CRM
S00589,CULINARIOS,T030,V0150,2025-01-01,9999-12-31,CRM
S00590,NUTRICAO,T031,V0151,2025-01-01,9999-12-31,CRM
S00590,LACTEOS,T031,V0151,2025-01-01,9999-12-31,CRM
S00591,LACTEOS,T032,V0152,2025-01-01,9999-12-31,CRM
S00591,BEBIDAS,T032,V0152,2025-01-01,9999-12-31,CRM
S00592,NUTRICAO,T033,V0153,2025-01-01,9999-12-31,CRM
S00592,LACTEOS,T033,V0153,2025-01-01,9999-12-31,CRM
S00593,BEBIDAS,T034,V0154,2025-01-01,9999-12-31,CRM
S00593,LACTEOS,T034,V0154,2025-01-01,9999-12-31,CRM
S00594,LACTEOS,T035,V0155,2025-01-01,9999-12-31,CRM
S00594,CHOCOLATES,T035,V0155,2025-01-01,9999-12-31,CRM
S00595,BEBIDAS,T036,V0156,2025-01-01,9999-12-31,CRM
S00595,CULINARIOS,T036,V0156,2025-01-01,9999-12-31,CRM
S00596,BEBIDAS,T037,V0157,2025-01-01,9999-12-31,CRM
S00596,CULINARIOS,T037,V0157,2025-01-01,9999-12-31,CRM
S00597,CHOCOLATES,T038,V0158,2025-01-01,9999-12-31,CRM
S00597,LACTEOS,T038,V0158,2025-01-01,9999-12-31,CRM
S00598,LACTEOS,T039,V0159,2025-01-01,9999-12-31,CRM
S00598,NUTRICAO,T039,V0159,2025-01-01,9999-12-31,CRM
S00599,CHOCOLATES,T040,V0160,2025-01-01,9999-12-31,CRM
S00599,LACTEOS,T040,V0160,2025-01-01,9999-12-31,CRM
S00600,LACTEOS,T041,V0161,2025-01-01,9999-12-31,CRM
S00600,NUTRICAO,T041,V0161,2025-01-01,9999-12-31,CRM
S00601,NUTRICAO,T042,V0162,2025-01-01,9999-12-31,CRM
S00601,BEBIDAS,T042,V0162,2025-01-01,9999-12-31,CRM
S00602,LACTEOS,T043,V0163,2025-01-01,9999-12-31,CRM
S00602,CULINARIOS,T043,V0163,2025-01-01,9999-12-31,CRM
S00603,CHOCOLATES,T044,V0164,2025-01-01,9999-12-31,CRM
S00603,CULINARIOS,T044,V0164,2025-01-01,9999-12-31,CRM
S00604,CHOCOLATES,T045,V0165,2025-01-01,9999-12-31,CRM
S00604,BEBIDAS,T045,V0165,2025-01-01,9999-12-31,CRM
S00604,BEBIDAS,T079,V0171,2026-01-01,9999-12-31,MANUAL
S00605,NUTRICAO,T046,V0166,2025-01-01,9999-12-31,CRM
S00606,NUTRICAO,T047,V0167,2025-01-01,9999-12-31,CRM
S00607,LACTEOS,T048,V0168,2025-01-01,9999-12-31,CRM
S00608,BEBIDAS,T049,V0169,2025-01-01,9999-12-31,CRM
S00608,CHOCOLATES,T049,V0169,2025-01-01,9999-12-31,CRM
S00609,CHOCOLATES,T050,V0170,2025-01-01,9999-12-31,CRM
S00609,CULINARIOS,T050,V0170,2025-01-01,9999-12-31,CRM
S00610,CULINARIOS,T051,V0171,2025-01-01,9999-12-31,CRM
S00610,LACTEOS,T051,V0171,2025-01-01,9999-12-31,CRM
S00611,BEBIDAS,T052,V0172,2025-01-01,9999-12-31,CRM
S00611,NUTRICAO,T052,V0172,2025-01-01,9999-12-31,CRM
S00611,NUTRICAO,T026,V0068,2026-01-01,9999-12-31,MANUAL
S00612,CHOCOLATES,T053,V0173,2025-01-01,9999-12-31,CRM
S00612,NUTRICAO,T053,V0173,2025-01-01,9999-12-31,CRM
S00613,CHOCOLATES,T054,V0174,2025-01-01,9999-12-31,CRM
S00613,CULINARIOS,T054,V0174,2025-01-01,9999-12-31,CRM
S00614,CULINARIOS,T055,V0175,2025-01-01,9999-12-31,CRM
S00614,NUTRICAO,T055,V0175,2025-01-01,9999-12-31,CRM
S00615,NUTRICAO,T056,V0176,2025-01-01,9999-12-31,CRM
S00615,BEBIDAS,T056,V0176,2025-01-01,9999-12-31,CRM
S00616,LACTEOS,T057,V0177,2025-01-01,9999-12-31,CRM
S00616,CHOCOLATES,T057,V0177,2025-01-01,9999-12-31,CRM
S00617,CHOCOLATES,T058,V0178,2025-01-01,9999-12-31,CRM
S00618,CHOCOLATES,T059,V0179,2025-01-01,9999-12-31,CRM
S00618,LACTEOS,T059,V0179,2025-01-01,9999-12-31,CRM
S00619,CULINARIOS,T060,V0180,2025-01-01,9999-12-31,CRM
S00620,CHOCOLATES,T061,V0181,2025-01-01,9999-12-31,CRM
S00620,LACTEOS,T061,V0181,2025-01-01,9999-12-31,CRM
S00621,LACTEOS,T062,V0182,2025-01-01,9999-12-31,CRM
S00621,LACTEOS,T052,V0149,2026-01-01,9999-12-31,MANUAL
S00621,CULINARIOS,T062,V0182,2025-01-01,9999-12-31,CRM
S00622,NUTRICAO,T063,V0183,2025-01-01,9999-12-31,CRM
S00622,CHOCOLATES,T063,V0183,2025-01-01,9999-12-31,CRM
S00623,LACTEOS,T064,V0184,2025-01-01,9999-12-31,CRM
S00623,CULINARIOS,T064,V0184,2025-01-01,9999-12-31,CRM
S00624,CULINARIOS,T065,V0185,2025-01-01,9999-12-31,CRM
S00624,LACTEOS,T065,V0185,2025-01-01,9999-12-31,CRM
S00625,BEBIDAS,T066,V0186,2025-01-01,9999-12-31,CRM
S00625,CULINARIOS,T066,V0186,2025-01-01,9999-12-31,CRM
S00626,LACTEOS,T067,V0187,2025-01-01,9999-12-31,CRM
S00627,NUTRICAO,T068,V0188,2025-01-01,9999-12-31,CRM
S00627,CHOCOLATES,T068,V0188,2025-01-01,9999-12-31,CRM
S00628,CULINARIOS,T069,V0189,2025-01-01,9999-12-31,CRM
S00628,BEBIDAS,T069,V0189,2025-01-01,9999-12-31,CRM
S00629,LACTEOS,T070,V0190,2025-01-01,9999-12-31,CRM
S00629,CULINARIOS,T070,V0190,2025-01-01,9999-12-31,CRM
S00630,CHOCOLATES,T071,V0191,2025-01-01,9999-12-31,CRM
S00630,LACTEOS,T071,V0191,2025-01-01,9999-12-31,CRM
S00632,LACTEOS,T073,V0193,2025-01-01,9999-12-31,CRM
S00633,NUTRICAO,T074,V0194,2025-01-01,9999-12-31,CRM
S00633,BEBIDAS,T074,V0194,2025-01-01,9999-12-31,CRM
S00634,BEBIDAS,T075,V0195,2025-01-01,9999-12-31,CRM
S00634,NUTRICAO,T075,V0195,2025-01-01,9999-12-31,CRM
S00635,BEBIDAS,T076,V0196,2025-01-01,9999-12-31,CRM
S00635,NUTRICAO,T076,V0196,2025-01-01,9999-12-31,CRM
S00636,BEBIDAS,T077,V0197,2025-01-01,9999-12-31,CRM
S00636,LACTEOS,T077,V0197,2025-01-01,9999-12-31,CRM
S00637,CULINARIOS,T078,V0198,2025-01-01,9999-12-31,CRM
S00637,BEBIDAS,T078,V0198,2025-01-01,9999-12-31,CRM
S00638,BEBIDAS,T079,V0199,2025-01-01,9999-12-31,CRM
S00638,NUTRICAO,T079,V0199,2025-01-01,9999-12-31,CRM
S00639,CHOCOLATES,T080,V0200,2025-01-01,9999-12-31,CRM
S00639,LACTEOS,T080,V0200,2025-01-01,9999-12-31,CRM
S00640,CHOCOLATES,T001,V0201,2025-01-01,9999-12-31,CRM
S00640,BEBIDAS,T001,V0201,2025-01-01,9999-12-31,CRM
S00640,BEBIDAS,T079,V0190,2026-01-01,9999-12-31,MANUAL
S00641,NUTRICAO,T002,V0202,2025-01-01,9999-12-31,CRM
S00641,LACTEOS,T002,V0202,2025-01-01,9999-12-31,CRM
S00642,CHOCOLATES,T003,V0203,2025-01-01,9999-12-31,CRM
S00642,CULINARIOS,T003,V0203,2025-01-01,9999-12-31,CRM
S00643,NUTRICAO,T004,V0204,2025-01-01,9999-12-31,CRM
S00643,CHOCOLATES,T004,V0204,2025-01-01,9999-12-31,CRM
S00644,NUTRICAO,T005,V0205,2025-01-01,9999-12-31,CRM
S00644,BEBIDAS,T005,V0205,2025-01-01,9999-12-31,CRM
S00645,NUTRICAO,T006,V0206,2025-01-01,9999-12-31,CRM
S00645,CULINARIOS,T006,V0206,2025-01-01,9999-12-31,CRM
S00646,BEBIDAS,T007,V0207,2025-01-01,9999-12-31,CRM
S00647,LACTEOS,T008,V0208,2025-01-01,9999-12-31,CRM
S00647,CHOCOLATES,T008,V0208,2025-01-01,9999-12-31,CRM
S00648,CULINARIOS,T009,V0209,2025-01-01,9999-12-31,CRM
S00648,BEBIDAS,T009,V0209,2025-01-01,9999-12-31,CRM
S00649,BEBIDAS,T010,V0210,2025-01-01,9999-12-31,CRM
S00649,CHOCOLATES,T010,V0210,2025-01-01,9999-12-31,CRM
S00649,CHOCOLATES,T030,V0005,2026-01-01,9999-12-31,MANUAL
S00650,CHOCOLATES,T011,V0211,2025-01-01,9999-12-31,CRM
S00650,LACTEOS,T011,V0211,2025-01-01,9999-12-31,CRM
S00651,NUTRICAO,T012,V0212,2025-01-01,9999-12-31,CRM
S00651,CHOCOLATES,T012,V0212,2025-01-01,9999-12-31,CRM
S00652,CHOCOLATES,T013,V0213,2025-01-01,9999-12-31,CRM
S00652,NUTRICAO,T013,V0213,2025-01-01,9999-12-31,CRM
S00653,BEBIDAS,T014,V0214,2025-01-01,9999-12-31,CRM
S00653,CULINARIOS,T014,V0214,2025-01-01,9999-12-31,CRM
S00654,BEBIDAS,,V0215,2025-01-01,9999-12-31,CRM
S00654,BEBIDAS,T054,V0213,2026-01-01,9999-12-31,MANUAL
S00654,LACTEOS,,V0215,2025-01-01,9999-12-31,CRM
S00655,CULINARIOS,T016,V0216,2025-01-01,9999-12-31,CRM
S00656,CHOCOLATES,T017,V0217,2025-01-01,9999-12-31,CRM
S00656,CULINARIOS,T017,V0217,2025-01-01,9999-12-31,CRM
S00657,LACTEOS,T018,V0218,2025-01-01,9999-12-31,CRM
S00657,BEBIDAS,T018,V0218,2025-01-01,9999-12-31,CRM
S00657,BEBIDAS,T022,V0165,2026-01-01,9999-12-31,MANUAL
S00658,CULINARIOS,T019,V0219,2025-01-01,9999-12-31,CRM
S00658,CHOCOLATES,T019,V0219,2025-01-01,9999-12-31,CRM
S00659,LACTEOS,T020,V0220,2025-01-01,9999-12-31,CRM
S00660,CULINARIOS,T021,V0001,2025-01-01,9999-12-31,CRM
S00661,CULINARIOS,T022,V0002,2025-01-01,9999-12-31,CRM
S00661,NUTRICAO,T022,V0002,2025-01-01,9999-12-31,CRM
S00662,CHOCOLATES,T023,V0003,2025-01-01,9999-12-31,CRM
S00662,LACTEOS,T023,V0003,2025-01-01,9999-12-31,CRM
S00663,CHOCOLATES,T024,V0004,2025-01-01,9999-12-31,CRM
S00663,CULINARIOS,T024,V0004,2025-01-01,9999-12-31,CRM
S00664,CULINARIOS,T025,V0005,2025-01-01,9999-12-31,CRM
S00664,BEBIDAS,T025,V0005,2025-01-01,9999-12-31,CRM
S00665,CULINARIOS,T026,V0006,2025-01-01,9999-12-31,CRM
S00665,LACTEOS,T026,V0006,2025-01-01,9999-12-31,CRM
S00666,CULINARIOS,T027,V0007,2025-01-01,9999-12-31,CRM
S00666,BEBIDAS,T027,V0007,2025-01-01,9999-12-31,CRM
S00667,BEBIDAS,T028,V0008,2025-01-01,9999-12-31,CRM
S00667,CHOCOLATES,T028,V0008,2025-01-01,9999-12-31,CRM
S00667,CHOCOLATES,T010,V0108,2026-01-01,9999-12-31,MANUAL
S00668,LACTEOS,T029,V0009,2025-01-01,9999-12-31,CRM
S00668,CULINARIOS,T029,V0009,2025-01-01,9999-12-31,CRM
S00669,CULINARIOS,T030,V0010,2025-01-01,9999-12-31,CRM
S00669,CHOCOLATES,T030,V0010,2025-01-01,9999-12-31,CRM
S00670,BEBIDAS,T031,V0011,2025-01-01,9999-12-31,CRM
S00670,NUTRICAO,T031,V0011,2025-01-01,9999-12-31,CRM
S00671,CULINARIOS,T032,V0012,2025-01-01,9999-12-31,CRM
S00671,LACTEOS,T032,V0012,2025-01-01,9999-12-31,CRM
S00672,NUTRICAO,,V0013,2025-01-01,9999-12-31,CRM
S00672,LACTEOS,,V0013,2025-01-01,9999-12-31,CRM
S00673,CULINARIOS,T034,V0014,2025-01-01,9999-12-31,CRM
S00673,NUTRICAO,T034,V0014,2025-01-01,9999-12-31,CRM
S00674,CHOCOLATES,T035,V0015,2025-01-01,9999-12-31,CRM
S00674,BEBIDAS,T035,V0015,2025-01-01,9999-12-31,CRM
S00675,BEBIDAS,T036,V0016,2025-01-01,9999-12-31,CRM
S00675,CHOCOLATES,T036,V0016,2025-01-01,9999-12-31,CRM
S00676,NUTRICAO,T037,V0017,2025-01-01,9999-12-31,CRM
S00676,CHOCOLATES,T037,V0017,2025-01-01,9999-12-31,CRM
S00677,LACTEOS,T038,V0018,2025-01-01,9999-12-31,CRM
S00677,BEBIDAS,T038,V0018,2025-01-01,9999-12-31,CRM
S00678,LACTEOS,T039,V0019,2025-01-01,9999-12-31,CRM
S00679,LACTEOS,T040,V0020,2025-01-01,9999-12-31,CRM
S00679,BEBIDAS,T040,V0020,2025-01-01,9999-12-31,CRM
S00680,LACTEOS,T041,V0021,2025-01-01,9999-12-31,CRM
S00680,BEBIDAS,T041,V0021,2025-01-01,9999-12-31,CRM
S00681,LACTEOS,T042,V0022,2025-01-01,9999-12-31,CRM
S00681,CHOCOLATES,T042,V0022,2025-01-01,9999-12-31,CRM
S00682,NUTRICAO,T043,V0023,2025-01-01,9999-12-31,CRM
S00682,CHOCOLATES,T043,V0023,2025-01-01,9999-12-31,CRM
S00683,NUTRICAO,T044,V0024,2025-01-01,9999-12-31,CRM
S00683,CULINARIOS,T044,V0024,2025-01-01,9999-12-31,CRM
S00684,CHOCOLATES,T045,V0025,2025-01-01,9999-12-31,CRM
S00684,NUTRICAO,T045,V0025,2025-01-01,9999-12-31,CRM
S00685,CHOCOLATES,T046,V0026,2025-01-01,9999-12-31,CRM
S00685,BEBIDAS,T046,V0026,2025-01-01,9999-12-31,CRM
S00686,CULINARIOS,T047,V0027,2025-01-01,9999-12-31,CRM
S00686,CHOCOLATES,T047,V0027,2025-01-01,9999-12-31,CRM
S00687,BEBIDAS,T048,V0028,2025-01-01,9999-12-31,CRM
S00687,LACTEOS,T048,V0028,2025-01-01,9999-12-31,CRM
S00688,BEBIDAS,T049,V0029,2025-01-01,9999-12-31,CRM
S00688,LACTEOS,T049,V0029,2025-01-01,9999-12-31,CRM
S00689,CHOCOLATES,T050,V0030,2025-01-01,9999-12-31,CRM
S00689,LACTEOS,T050,V0030,2025-01-01,9999-12-31,CRM
S00690,NUTRICAO,T051,V0031,2025-01-01,9999-12-31,CRM
S00690,CULINARIOS,T051,V0031,2025-01-01,9999-12-31,CRM
S00691,LACTEOS,T052,V0032,2025-01-01,9999-12-31,CRM
S00691,BEBIDAS,T052,V0032,2025-01-01,9999-12-31,CRM
S00692,LACTEOS,T053,V0033,2025-01-01,9999-12-31,CRM
S00692,CULINARIOS,T053,V0033,2025-01-01,9999-12-31,CRM
S00693,NUTRICAO,T054,,2025-01-01,9999-12-31,CRM
S00694,CULINARIOS,T055,V0035,2025-01-01,9999-12-31,CRM
S00694,BEBIDAS,T055,V0035,2025-01-01,9999-12-31,CRM
S00695,CHOCOLATES,T056,V0036,2025-01-01,9999-12-31,CRM
S00695,NUTRICAO,T056,V0036,2025-01-01,9999-12-31,CRM
S00696,LACTEOS,T057,V0037,2025-01-01,9999-12-31,CRM
S00696,CHOCOLATES,T057,V0037,2025-01-01,9999-12-31,CRM
S00697,LACTEOS,T058,,2025-01-01,9999-12-31,CRM
S00697,NUTRICAO,T058,,2025-01-01,9999-12-31,CRM
S00698,CULINARIOS,T059,V0039,2025-01-01,9999-12-31,CRM
S00699,BEBIDAS,T060,V0040,2025-01-01,9999-12-31,CRM
S00699,CHOCOLATES,T060,V0040,2025-01-01,9999-12-31,CRM
S00700,LACTEOS,T061,V0041,2025-01-01,9999-12-31,CRM
S00700,CHOCOLATES,T061,V0041,2025-01-01,9999-12-31,CRM
S00701,BEBIDAS,T062,V0042,2025-01-01,9999-12-31,CRM
S00701,CULINARIOS,T062,V0042,2025-01-01,9999-12-31,CRM
S00702,CULINARIOS,T063,V0043,2025-01-01,9999-12-31,CRM
S00702,CHOCOLATES,T063,V0043,2025-01-01,9999-12-31,CRM
S00703,BEBIDAS,T064,V0044,2025-01-01,9999-12-31,CRM
S00703,NUTRICAO,T064,V0044,2025-01-01,9999-12-31,CRM
S00704,LACTEOS,T065,V0045,2025-01-01,9999-12-31,CRM
S00704,CULINARIOS,T065,V0045,2025-01-01,9999-12-31,CRM
S00705,CHOCOLATES,T066,V0046,2025-01-01,9999-12-31,CRM
S00706,CULINARIOS,T067,V0047,2025-01-01,9999-12-31,CRM
S00706,CHOCOLATES,T067,V0047,2025-01-01,9999-12-31,CRM
S00707,NUTRICAO,T068,V0048,2025-01-01,9999-12-31,CRM
S00707,LACTEOS,T068,V0048,2025-01-01,9999-12-31,CRM
S00708,CHOCOLATES,T069,V0049,2025-01-01,9999-12-31,CRM
S00708,NUTRICAO,T069,V0049,2025-01-01,9999-12-31,CRM
S00709,BEBIDAS,T070,V0050,2025-01-01,9999-12-31,CRM
S00709,CHOCOLATES,T070,V0050,2025-01-01,9999-12-31,CRM
S00710,NUTRICAO,T071,V0051,2025-01-01,9999-12-31,CRM
S00710,LACTEOS,T071,V0051,2025-01-01,9999-12-31,CRM
S00711,LACTEOS,T072,V0052,2025-01-01,9999-12-31,CRM
S00712,NUTRICAO,T073,V0053,2025-01-01,9999-12-31,CRM
S00712,BEBIDAS,T073,V0053,2025-01-01,9999-12-31,CRM
S00713,CHOCOLATES,T074,V0054,2025-01-01,9999-12-31,CRM
S00713,BEBIDAS,T074,V0054,2025-01-01,9999-12-31,CRM
S00714,BEBIDAS,T075,V0055,2025-01-01,9999-12-31,CRM
S00714,CHOCOLATES,T075,V0055,2025-01-01,9999-12-31,CRM
S00715,LACTEOS,T076,V0056,2025-01-01,9999-12-31,CRM
S00715,CULINARIOS,T076,V0056,2025-01-01,9999-12-31,CRM
S00716,NUTRICAO,T077,V0057,2025-01-01,9999-12-31,CRM
S00716,CHOCOLATES,T077,V0057,2025-01-01,9999-12-31,CRM
S00717,NUTRICAO,T078,V0058,2025-01-01,9999-12-31,CRM
S00717,BEBIDAS,T078,V0058,2025-01-01,9999-12-31,CRM
S00718,LACTEOS,T079,V0059,2025-01-01,9999-12-31,CRM
S00718,BEBIDAS,T079,V0059,2025-01-01,9999-12-31,CRM
S00719,NUTRICAO,T080,V0060,2025-01-01,9999-12-31,CRM
S00719,CULINARIOS,T080,V0060,2025-01-01,9999-12-31,CRM
S00720,BEBIDAS,T001,V0061,2025-01-01,9999-12-31,CRM
S00720,CHOCOLATES,T001,V0061,2025-01-01,9999-12-31,CRM
S00721,NUTRICAO,T002,V0062,2025-01-01,9999-12-31,CRM
S00721,CULINARIOS,T002,V0062,2025-01-01,9999-12-31,CRM
S00722,BEBIDAS,T003,V0063,2025-01-01,9999-12-31,CRM
S00722,LACTEOS,T003,V0063,2025-01-01,9999-12-31,CRM
S00723,CULINARIOS,T004,V0064,2025-01-01,9999-12-31,CRM
S00723,BEBIDAS,T004,V0064,2025-01-01,9999-12-31,CRM
S00724,CHOCOLATES,T005,V0065,2025-01-01,9999-12-31,CRM
S00724,NUTRICAO,T005,V0065,2025-01-01,9999-12-31,CRM
S00725,NUTRICAO,T006,V0066,2025-01-01,9999-12-31,CRM
S00725,BEBIDAS,T006,V0066,2025-01-01,9999-12-31,CRM
S00726,CULINARIOS,T007,V0067,2025-01-01,9999-12-31,CRM
S00727,BEBIDAS,T008,V0068,2025-01-01,9999-12-31,CRM
S00727,CHOCOLATES,T008,V0068,2025-01-01,9999-12-31,CRM
S00728,CULINARIOS,T009,V0069,2025-01-01,9999-12-31,CRM
S00728,CHOCOLATES,T009,V0069,2025-01-01,9999-12-31,CRM
S00729,CULINARIOS,T010,V0070,2025-01-01,9999-12-31,CRM
S00729,CULINARIOS,T032,V0218,2026-01-01,9999-12-31,MANUAL
S00729,CHOCOLATES,T010,V0070,2025-01-01,9999-12-31,CRM
S00730,BEBIDAS,T011,V0071,2025-01-01,9999-12-31,CRM
S00730,CULINARIOS,T011,V0071,2025-01-01,9999-12-31,CRM
S00731,CULINARIOS,T012,V0072,2025-01-01,9999-12-31,CRM
S00731,LACTEOS,T012,V0072,2025-01-01,9999-12-31,CRM
S00732,NUTRICAO,T013,V0073,2025-01-01,9999-12-31,CRM
S00732,CHOCOLATES,T013,V0073,2025-01-01,9999-12-31,CRM
S00733,BEBIDAS,T014,V0074,2025-01-01,9999-12-31,CRM
S00733,NUTRICAO,T014,V0074,2025-01-01,9999-12-31,CRM
S00733,NUTRICAO,T076,V0143,2026-01-01,9999-12-31,MANUAL
S00734,CHOCOLATES,T015,V0075,2025-01-01,9999-12-31,CRM
S00735,LACTEOS,T016,V0076,2025-01-01,9999-12-31,CRM
S00735,NUTRICAO,T016,V0076,2025-01-01,9999-12-31,CRM
S00736,NUTRICAO,T017,V0077,2025-01-01,9999-12-31,CRM
S00736,CHOCOLATES,T017,V0077,2025-01-01,9999-12-31,CRM
S00737,NUTRICAO,T018,V0078,2025-01-01,9999-12-31,CRM
S00737,CULINARIOS,T018,V0078,2025-01-01,9999-12-31,CRM
S00738,CULINARIOS,,,2025-01-01,9999-12-31,CRM
S00738,NUTRICAO,,,2025-01-01,9999-12-31,CRM
S00739,NUTRICAO,T020,V0080,2025-01-01,9999-12-31,CRM
S00739,CHOCOLATES,T020,V0080,2025-01-01,9999-12-31,CRM
S00740,NUTRICAO,T021,V0081,2025-01-01,9999-12-31,CRM
S00740,CULINARIOS,T021,V0081,2025-01-01,9999-12-31,CRM
S00741,LACTEOS,T022,V0082,2025-01-01,9999-12-31,CRM
S00741,NUTRICAO,T022,V0082,2025-01-01,9999-12-31,CRM
S00742,CHOCOLATES,T023,V0083,2025-01-01,9999-12-31,CRM
S00742,CULINARIOS,T023,V0083,2025-01-01,9999-12-31,CRM
S00742,CULINARIOS,T030,V0121,2026-01-01,9999-12-31,MANUAL
S00743,NUTRICAO,T024,V0084,2025-01-01,9999-12-31,CRM
S00743,LACTEOS,T024,V0084,2025-01-01,9999-12-31,CRM
S00744,LACTEOS,T025,V0085,2025-01-01,9999-12-31,CRM
S00744,BEBIDAS,T025,V0085,2025-01-01,9999-12-31,CRM
S00745,CHOCOLATES,T026,V0086,2025-01-01,9999-12-31,CRM
S00745,BEBIDAS,T026,V0086,2025-01-01,9999-12-31,CRM
S00746,NUTRICAO,T027,V0087,2025-01-01,9999-12-31,CRM
S00747,NUTRICAO,T028,V0088,2025-01-01,9999-12-31,CRM
S00747,CHOCOLATES,T028,V0088,2025-01-01,9999-12-31,CRM
S00748,CHOCOLATES,T029,V0089,2025-01-01,9999-12-31,CRM
S00749,CULINARIOS,T030,V0090,2025-01-01,9999-12-31,CRM
S00749,NUTRICAO,T030,V0090,2025-01-01,9999-12-31,CRM
S00750,NUTRICAO,T031,V0091,2025-01-01,9999-12-31,CRM
S00750,CULINARIOS,T031,V0091,2025-01-01,9999-12-31,CRM
S00751,CHOCOLATES,T032,V0092,2025-01-01,9999-12-31,CRM
S00751,BEBIDAS,T032,V0092,2025-01-01,9999-12-31,CRM
S00752,NUTRICAO,T033,V0093,2025-01-01,9999-12-31,CRM
S00752,CULINARIOS,T033,V0093,2025-01-01,9999-12-31,CRM
S00753,CULINARIOS,T034,V0094,2025-01-01,9999-12-31,CRM
S00753,BEBIDAS,T034,V0094,2025-01-01,9999-12-31,CRM
S00754,LACTEOS,T035,V0095,2025-01-01,9999-12-31,CRM
S00754,CULINARIOS,T035,V0095,2025-01-01,9999-12-31,CRM
S00755,CULINARIOS,T036,V0096,2025-01-01,9999-12-31,CRM
S00755,NUTRICAO,T036,V0096,2025-01-01,9999-12-31,CRM
S00756,LACTEOS,T037,V0097,2025-01-01,9999-12-31,CRM
S00756,NUTRICAO,T037,V0097,2025-01-01,9999-12-31,CRM
S00757,CHOCOLATES,T038,V0098,2025-01-01,9999-12-31,CRM
S00757,LACTEOS,T038,V0098,2025-01-01,9999-12-31,CRM
S00758,LACTEOS,T039,V0099,2025-01-01,9999-12-31,CRM
S00758,CHOCOLATES,T039,V0099,2025-01-01,9999-12-31,CRM
S00759,NUTRICAO,T040,V0100,2025-01-01,9999-12-31,CRM
S00759,CHOCOLATES,T040,V0100,2025-01-01,9999-12-31,CRM
S00760,BEBIDAS,T041,V0101,2025-01-01,9999-12-31,CRM
S00760,NUTRICAO,T041,V0101,2025-01-01,9999-12-31,CRM
S00761,NUTRICAO,,V0102,2025-01-01,9999-12-31,CRM
S00761,BEBIDAS,,V0102,2025-01-01,9999-12-31,CRM
S00762,NUTRICAO,T043,V0103,2025-01-01,9999-12-31,CRM
S00762,CULINARIOS,T043,V0103,2025-01-01,9999-12-31,CRM
S00763,BEBIDAS,T044,V0104,2025-01-01,9999-12-31,CRM
S00763,LACTEOS,T044,V0104,2025-01-01,9999-12-31,CRM
S00764,CHOCOLATES,T045,V0105,2025-01-01,9999-12-31,CRM
S00764,BEBIDAS,T045,V0105,2025-01-01,9999-12-31,CRM
S00765,CHOCOLATES,T046,V0106,2025-01-01,9999-12-31,CRM
S00765,NUTRICAO,T046,V0106,2025-01-01,9999-12-31,CRM
S00766,CHOCOLATES,T047,V0107,2025-01-01,9999-12-31,CRM
S00766,LACTEOS,T047,V0107,2025-01-01,9999-12-31,CRM
S00767,CHOCOLATES,T048,V0108,2025-01-01,9999-12-31,CRM
S00768,NUTRICAO,T049,V0109,2025-01-01,9999-12-31,CRM
S00768,CHOCOLATES,T049,V0109,2025-01-01,9999-12-31,CRM
S00769,CHOCOLATES,T050,,2025-01-01,9999-12-31,CRM
S00769,CULINARIOS,T050,,2025-01-01,9999-12-31,CRM
S00770,CULINARIOS,T051,V0111,2025-01-01,9999-12-31,CRM
S00770,NUTRICAO,T051,V0111,2025-01-01,9999-12-31,CRM
S00771,NUTRICAO,T052,V0112,2025-01-01,9999-12-31,CRM
S00771,BEBIDAS,T052,V0112,2025-01-01,9999-12-31,CRM
S00772,NUTRICAO,T053,,2025-01-01,9999-12-31,CRM
S00772,BEBIDAS,T053,,2025-01-01,9999-12-31,CRM
S00773,LACTEOS,T054,,2025-01-01,9999-12-31,CRM
S00773,BEBIDAS,T054,,2025-01-01,9999-12-31,CRM
S00774,CHOCOLATES,T055,,2025-01-01,9999-12-31,CRM
S00774,CULINARIOS,T055,,2025-01-01,9999-12-31,CRM
S00775,CULINARIOS,,V0116,2025-01-01,9999-12-31,CRM
S00775,BEBIDAS,,V0116,2025-01-01,9999-12-31,CRM
S00776,NUTRICAO,T057,V0117,2025-01-01,9999-12-31,CRM
S00776,CULINARIOS,T057,V0117,2025-01-01,9999-12-31,CRM
S00777,NUTRICAO,T058,V0118,2025-01-01,9999-12-31,CRM
S00777,CULINARIOS,T058,V0118,2025-01-01,9999-12-31,CRM
S00778,CHOCOLATES,T059,V0119,2025-01-01,9999-12-31,CRM
S00778,NUTRICAO,T059,V0119,2025-01-01,9999-12-31,CRM
S00779,CULINARIOS,,V0120,2025-01-01,9999-12-31,CRM
S00779,LACTEOS,,V0120,2025-01-01,9999-12-31,CRM
S00780,BEBIDAS,T061,V0121,2025-01-01,9999-12-31,CRM
S00780,NUTRICAO,T061,V0121,2025-01-01,9999-12-31,CRM
S00781,NUTRICAO,T062,V0122,2025-01-01,9999-12-31,CRM
S00782,NUTRICAO,T063,V0123,2025-01-01,9999-12-31,CRM
S00782,BEBIDAS,T063,V0123,2025-01-01,9999-12-31,CRM
S00783,CHOCOLATES,T064,V0124,2025-01-01,9999-12-31,CRM
S00783,LACTEOS,T064,V0124,2025-01-01,9999-12-31,CRM
S00784,BEBIDAS,T065,V0125,2025-01-01,9999-12-31,CRM
S00784,CULINARIOS,T065,V0125,2025-01-01,9999-12-31,CRM
S00785,BEBIDAS,T066,V0126,2025-01-01,9999-12-31,CRM
S00785,NUTRICAO,T066,V0126,2025-01-01,9999-12-31,CRM
S00786,LACTEOS,T067,V0127,2025-01-01,9999-12-31,CRM
S00786,CHOCOLATES,T067,V0127,2025-01-01,9999-12-31,CRM
S00787,LACTEOS,T068,V0128,2025-01-01,9999-12-31,CRM
S00787,NUTRICAO,T068,V0128,2025-01-01,9999-12-31,CRM
S00788,CHOCOLATES,T069,V0129,2025-01-01,9999-12-31,CRM
S00788,BEBIDAS,T069,V0129,2025-01-01,9999-12-31,CRM
S00789,CHOCOLATES,T070,V0130,2025-01-01,9999-12-31,CRM
S00789,LACTEOS,T070,V0130,2025-01-01,9999-12-31,CRM
S00790,BEBIDAS,T071,V0131,2025-01-01,9999-12-31,CRM
S00790,NUTRICAO,T071,V0131,2025-01-01,9999-12-31,CRM
S00791,CULINARIOS,T072,V0132,2025-01-01,9999-12-31,CRM
S00791,BEBIDAS,T072,V0132,2025-01-01,9999-12-31,CRM
S00792,BEBIDAS,T073,V0133,2025-01-01,9999-12-31,CRM
S00792,LACTEOS,T073,V0133,2025-01-01,9999-12-31,CRM
S00793,BEBIDAS,T074,V0134,2025-01-01,9999-12-31,CRM
S00793,LACTEOS,T074,V0134,2025-01-01,9999-12-31,CRM
S00794,BEBIDAS,T075,V0135,2025-01-01,9999-12-31,CRM
S00794,LACTEOS,T075,V0135,2025-01-01,9999-12-31,CRM
S00795,NUTRICAO,T076,V0136,2025-01-01,9999-12-31,CRM
S00795,LACTEOS,T076,V0136,2025-01-01,9999-12-31,CRM
S00796,BEBIDAS,T077,V0137,2025-01-01,9999-12-31,CRM
S00796,NUTRICAO,T077,V0137,2025-01-01,9999-12-31,CRM
S00797,BEBIDAS,T078,V0138,2025-01-01,9999-12-31,CRM
S00797,NUTRICAO,T078,V0138,2025-01-01,9999-12-31,CRM
S00798,BEBIDAS,T079,V0139,2025-01-01,9999-12-31,CRM
S00799,BEBIDAS,T080,V0140,2025-01-01,9999-12-31,CRM
S00799,CHOCOLATES,T080,V0140,2025-01-01,9999-12-31,CRM
S00800,NUTRICAO,T001,V0141,2025-01-01,9999-12-31,CRM
S00800,CULINARIOS,T001,V0141,2025-01-01,9999-12-31,CRM
S00801,CULINARIOS,T002,V0142,2025-01-01,9999-12-31,CRM
S00801,CHOCOLATES,T002,V0142,2025-01-01,9999-12-31,CRM
S00802,CHOCOLATES,T003,V0143,2025-01-01,9999-12-31,CRM
S00803,CULINARIOS,T004,V0144,2025-01-01,9999-12-31,CRM
S00804,BEBIDAS,T005,V0145,2025-01-01,9999-12-31,CRM
S00804,NUTRICAO,T005,V0145,2025-01-01,9999-12-31,CRM
S00805,CULINARIOS,T006,V0146,2025-01-01,9999-12-31,CRM
S00805,NUTRICAO,T006,V0146,2025-01-01,9999-12-31,CRM
S00806,CHOCOLATES,T007,V0147,2025-01-01,9999-12-31,CRM
S00806,BEBIDAS,T007,V0147,2025-01-01,9999-12-31,CRM
S00807,LACTEOS,T008,V0148,2025-01-01,9999-12-31,CRM
S00807,NUTRICAO,T008,V0148,2025-01-01,9999-12-31,CRM
S00808,BEBIDAS,T009,V0149,2025-01-01,9999-12-31,CRM
S00808,CULINARIOS,T009,V0149,2025-01-01,9999-12-31,CRM
S00809,LACTEOS,T010,V0150,2025-01-01,9999-12-31,CRM
S00809,CULINARIOS,T010,V0150,2025-01-01,9999-12-31,CRM
S00810,CHOCOLATES,T011,V0151,2025-01-01,9999-12-31,CRM
S00810,LACTEOS,T011,V0151,2025-01-01,9999-12-31,CRM
S00811,CULINARIOS,T012,V0152,2025-01-01,9999-12-31,CRM
S00811,NUTRICAO,T012,V0152,2025-01-01,9999-12-31,CRM
S00812,CHOCOLATES,T013,,2025-01-01,9999-12-31,CRM
S00812,CULINARIOS,T013,,2025-01-01,9999-12-31,CRM
S00813,LACTEOS,T014,V0154,2025-01-01,9999-12-31,CRM
S00813,NUTRICAO,T014,V0154,2025-01-01,9999-12-31,CRM
S00814,CHOCOLATES,T015,V0155,2025-01-01,9999-12-31,CRM
S00814,BEBIDAS,T015,V0155,2025-01-01,9999-12-31,CRM
S00815,CHOCOLATES,T016,V0156,2025-01-01,9999-12-31,CRM
S00815,BEBIDAS,T016,V0156,2025-01-01,9999-12-31,CRM
S00816,CULINARIOS,T017,V0157,2025-01-01,9999-12-31,CRM
S00816,NUTRICAO,T017,V0157,2025-01-01,9999-12-31,CRM
S00817,LACTEOS,T018,V0158,2025-01-01,9999-12-31,CRM
S00817,CULINARIOS,T018,V0158,2025-01-01,9999-12-31,CRM
S00818,NUTRICAO,T019,V0159,2025-01-01,9999-12-31,CRM
S00818,CHOCOLATES,T019,V0159,2025-01-01,9999-12-31,CRM
S00819,CULINARIOS,T020,V0160,2025-01-01,9999-12-31,CRM
S00819,BEBIDAS,T020,V0160,2025-01-01,9999-12-31,CRM
S00820,CHOCOLATES,T021,V0161,2025-01-01,9999-12-31,CRM
S00820,NUTRICAO,T021,V0161,2025-01-01,9999-12-31,CRM
S00821,BEBIDAS,T022,V0162,2025-01-01,9999-12-31,CRM
S00821,CULINARIOS,T022,V0162,2025-01-01,9999-12-31,CRM
S00822,LACTEOS,T023,V0163,2025-01-01,9999-12-31,CRM
S00822,BEBIDAS,T023,V0163,2025-01-01,9999-12-31,CRM
S00823,LACTEOS,T024,V0164,2025-01-01,9999-12-31,CRM
S00824,LACTEOS,T025,V0165,2025-01-01,9999-12-31,CRM
S00824,CULINARIOS,T025,V0165,2025-01-01,9999-12-31,CRM
S00825,CHOCOLATES,T026,V0166,2025-01-01,9999-12-31,CRM
S00826,NUTRICAO,T027,V0167,2025-01-01,9999-12-31,CRM
S00826,CULINARIOS,T027,V0167,2025-01-01,9999-12-31,CRM
S00827,BEBIDAS,T028,V0168,2025-01-01,9999-12-31,CRM
S00827,LACTEOS,T028,V0168,2025-01-01,9999-12-31,CRM
S00828,LACTEOS,T029,V0169,2025-01-01,9999-12-31,CRM
S00828,CULINARIOS,T029,V0169,2025-01-01,9999-12-31,CRM
S00829,NUTRICAO,T030,V0170,2025-01-01,9999-12-31,CRM
S00829,LACTEOS,T030,V0170,2025-01-01,9999-12-31,CRM
S00830,CHOCOLATES,T031,V0171,2025-01-01,9999-12-31,CRM
S00830,CHOCOLATES,T067,V0130,2026-01-01,9999-12-31,MANUAL
S00830,BEBIDAS,T031,V0171,2025-01-01,9999-12-31,CRM
S00831,BEBIDAS,T032,V0172,2025-01-01,9999-12-31,CRM
S00831,CULINARIOS,T032,V0172,2025-01-01,9999-12-31,CRM
S00832,CULINARIOS,T033,V0173,2025-01-01,9999-12-31,CRM
S00832,BEBIDAS,T033,V0173,2025-01-01,9999-12-31,CRM
S00833,BEBIDAS,T034,V0174,2025-01-01,9999-12-31,CRM
S00833,NUTRICAO,T034,V0174,2025-01-01,9999-12-31,CRM
S00834,LACTEOS,T035,V0175,2025-01-01,9999-12-31,CRM
S00834,BEBIDAS,T035,V0175,2025-01-01,9999-12-31,CRM
S00835,NUTRICAO,T036,V0176,2025-01-01,9999-12-31,CRM
S00835,CULINARIOS,T036,V0176,2025-01-01,9999-12-31,CRM
S00836,BEBIDAS,T037,V0177,2025-01-01,9999-12-31,CRM
S00836,LACTEOS,T037,V0177,2025-01-01,9999-12-31,CRM
S00837,CULINARIOS,T038,V0178,2025-01-01,9999-12-31,CRM
S00837,CULINARIOS,T034,V0078,2026-01-01,9999-12-31,MANUAL
S00837,LACTEOS,T038,V0178,2025-01-01,9999-12-31,CRM
S00838,CHOCOLATES,T039,V0179,2025-01-01,9999-12-31,CRM
S00838,BEBIDAS,T039,V0179,2025-01-01,9999-12-31,CRM
S00839,LACTEOS,T040,V0180,2025-01-01,9999-12-31,CRM
S00839,NUTRICAO,T040,V0180,2025-01-01,9999-12-31,CRM
S00840,CULINARIOS,T041,V0181,2025-01-01,9999-12-31,CRM
S00841,CHOCOLATES,T042,V0182,2025-01-01,9999-12-31,CRM
S00841,NUTRICAO,T042,V0182,2025-01-01,9999-12-31,CRM
S00842,LACTEOS,T043,V0183,2025-01-01,9999-12-31,CRM
S00842,NUTRICAO,T043,V0183,2025-01-01,9999-12-31,CRM
S00843,CHOCOLATES,T044,V0184,2025-01-01,9999-12-31,CRM
S00843,BEBIDAS,T044,V0184,2025-01-01,9999-12-31,CRM
S00844,BEBIDAS,T045,V0185,2025-01-01,9999-12-31,CRM
S00844,LACTEOS,T045,V0185,2025-01-01,9999-12-31,CRM
S00845,CHOCOLATES,T046,V0186,2025-01-01,9999-12-31,CRM
S00846,NUTRICAO,T047,V0187,2025-01-01,9999-12-31,CRM
S00846,BEBIDAS,T047,V0187,2025-01-01,9999-12-31,CRM
S00847,BEBIDAS,T048,V0188,2025-01-01,9999-12-31,CRM
S00847,LACTEOS,T048,V0188,2025-01-01,9999-12-31,CRM
S00848,CHOCOLATES,T049,V0189,2025-01-01,9999-12-31,CRM
S00848,CULINARIOS,T049,V0189,2025-01-01,9999-12-31,CRM
S00849,NUTRICAO,T050,V0190,2025-01-01,9999-12-31,CRM
S00849,BEBIDAS,T050,V0190,2025-01-01,9999-12-31,CRM
S00850,BEBIDAS,T051,V0191,2025-01-01,9999-12-31,CRM
S00851,CULINARIOS,T052,,2025-01-01,9999-12-31,CRM
S00851,NUTRICAO,T052,,2025-01-01,9999-12-31,CRM
S00851,NUTRICAO,T056,V0083,2026-01-01,9999-12-31,MANUAL
S00852,LACTEOS,T053,V0193,2025-01-01,9999-12-31,CRM
S00852,CHOCOLATES,T053,V0193,2025-01-01,9999-12-31,CRM
S00852,CHOCOLATES,T063,V0021,2026-01-01,9999-12-31,MANUAL
S00853,CULINARIOS,T054,V0194,2025-01-01,9999-12-31,CRM
S00853,BEBIDAS,T054,V0194,2025-01-01,9999-12-31,CRM
S00854,BEBIDAS,T055,V0195,2025-01-01,9999-12-31,CRM
S00854,CULINARIOS,T055,V0195,2025-01-01,9999-12-31,CRM
S00855,NUTRICAO,T056,V0196,2025-01-01,9999-12-31,CRM
S00855,CHOCOLATES,T056,V0196,2025-01-01,9999-12-31,CRM
S00856,CHOCOLATES,T057,V0197,2025-01-01,9999-12-31,CRM
S00856,NUTRICAO,T057,V0197,2025-01-01,9999-12-31,CRM
S00857,CHOCOLATES,T058,V0198,2025-01-01,9999-12-31,CRM
S00857,CULINARIOS,T058,V0198,2025-01-01,9999-12-31,CRM
S00858,CHOCOLATES,T059,V0199,2025-01-01,9999-12-31,CRM
S00859,CHOCOLATES,T060,V0200,2025-01-01,9999-12-31,CRM
S00859,CULINARIOS,T060,V0200,2025-01-01,9999-12-31,CRM
S00860,CHOCOLATES,T061,V0201,2025-01-01,9999-12-31,CRM
S00860,CULINARIOS,T061,V0201,2025-01-01,9999-12-31,CRM
S00861,CHOCOLATES,T062,V0202,2025-01-01,9999-12-31,CRM
S00861,LACTEOS,T062,V0202,2025-01-01,9999-12-31,CRM
S00862,CHOCOLATES,T063,V0203,2025-01-01,9999-12-31,CRM
S00862,LACTEOS,T063,V0203,2025-01-01,9999-12-31,CRM
S00863,CHOCOLATES,T064,V0204,2025-01-01,9999-12-31,CRM
S00864,CULINARIOS,T065,V0205,2025-01-01,9999-12-31,CRM
S00864,NUTRICAO,T065,V0205,2025-01-01,9999-12-31,CRM
S00865,LACTEOS,T066,V0206,2025-01-01,9999-12-31,CRM
S00865,CHOCOLATES,T066,V0206,2025-01-01,9999-12-31,CRM
S00866,BEBIDAS,T067,V0207,2025-01-01,9999-12-31,CRM
S00866,LACTEOS,T067,V0207,2025-01-01,9999-12-31,CRM
S00867,BEBIDAS,T068,V0208,2025-01-01,9999-12-31,CRM
S00867,CULINARIOS,T068,V0208,2025-01-01,9999-12-31,CRM
S00868,CHOCOLATES,T069,V0209,2025-01-01,9999-12-31,CRM
S00868,BEBIDAS,T069,V0209,2025-01-01,9999-12-31,CRM
S00869,LACTEOS,T070,V0210,2025-01-01,9999-12-31,CRM
S00869,CHOCOLATES,T070,V0210,2025-01-01,9999-12-31,CRM
S00870,NUTRICAO,T071,V0211,2025-01-01,9999-12-31,CRM
S00870,BEBIDAS,T071,V0211,2025-01-01,9999-12-31,CRM
S00871,NUTRICAO,T072,V0212,2025-01-01,9999-12-31,CRM
S00871,LACTEOS,T072,V0212,2025-01-01,9999-12-31,CRM
S00872,NUTRICAO,T073,V0213,2025-01-01,9999-12-31,CRM
S00873,NUTRICAO,T074,V0214,2025-01-01,9999-12-31,CRM
S00873,CHOCOLATES,T074,V0214,2025-01-01,9999-12-31,CRM
S00874,NUTRICAO,T075,V0215,2025-01-01,9999-12-31,CRM
S00874,CHOCOLATES,T075,V0215,2025-01-01,9999-12-31,CRM
S00875,BEBIDAS,T076,V0216,2025-01-01,9999-12-31,CRM
S00875,CULINARIOS,T076,V0216,2025-01-01,9999-12-31,CRM
S00876,CULINARIOS,T077,V0217,2025-01-01,9999-12-31,CRM
S00877,CHOCOLATES,T078,V0218,2025-01-01,9999-12-31,CRM
S00878,LACTEOS,T079,V0219,2025-01-01,9999-12-31,CRM
S00878,NUTRICAO,T079,V0219,2025-01-01,9999-12-31,CRM
S00879,CULINARIOS,T080,V0220,2025-01-01,9999-12-31,CRM
S00879,LACTEOS,T080,V0220,2025-01-01,9999-12-31,CRM
S00879,LACTEOS,T048,V0028,2026-01-01,9999-12-31,MANUAL
S00881,CHOCOLATES,T002,V0002,2025-01-01,9999-12-31,CRM
S00881,BEBIDAS,T002,V0002,2025-01-01,9999-12-31,CRM
S00882,NUTRICAO,T003,V0003,2025-01-01,9999-12-31,CRM
S00882,CHOCOLATES,T003,V0003,2025-01-01,9999-12-31,CRM
S00883,CHOCOLATES,T004,V0004,2025-01-01,9999-12-31,CRM
S00883,CHOCOLATES,T076,V0212,2026-01-01,9999-12-31,MANUAL
S00883,BEBIDAS,T004,V0004,2025-01-01,9999-12-31,CRM
S00883,BEBIDAS,T030,V0094,2026-01-01,9999-12-31,MANUAL
S00884,BEBIDAS,T005,V0005,2025-01-01,9999-12-31,CRM
S00884,NUTRICAO,T005,V0005,2025-01-01,9999-12-31,CRM
S00885,BEBIDAS,T006,V0006,2025-01-01,9999-12-31,CRM
S00885,CHOCOLATES,T006,V0006,2025-01-01,9999-12-31,CRM
S00886,LACTEOS,T007,V0007,2025-01-01,9999-12-31,CRM
S00886,NUTRICAO,T007,V0007,2025-01-01,9999-12-31,CRM
S00887,BEBIDAS,T008,V0008,2025-01-01,9999-12-31,CRM
S00887,NUTRICAO,T008,V0008,2025-01-01,9999-12-31,CRM
S00888,BEBIDAS,T009,V0009,2025-01-01,9999-12-31,CRM
S00889,CULINARIOS,T010,V0010,2025-01-01,9999-12-31,CRM
S00889,BEBIDAS,T010,V0010,2025-01-01,9999-12-31,CRM
S00890,LACTEOS,T011,V0011,2025-01-01,9999-12-31,CRM
S00890,BEBIDAS,T011,V0011,2025-01-01,9999-12-31,CRM
S00891,NUTRICAO,T012,V0012,2025-01-01,9999-12-31,CRM
S00891,LACTEOS,T012,V0012,2025-01-01,9999-12-31,CRM
S00892,BEBIDAS,T013,V0013,2025-01-01,9999-12-31,CRM
S00892,CULINARIOS,T013,V0013,2025-01-01,9999-12-31,CRM
S00893,BEBIDAS,T014,V0014,2025-01-01,9999-12-31,CRM
S00893,NUTRICAO,T014,V0014,2025-01-01,9999-12-31,CRM
S00894,BEBIDAS,T015,V0015,2025-01-01,9999-12-31,CRM
S00894,LACTEOS,T015,V0015,2025-01-01,9999-12-31,CRM
S00895,NUTRICAO,T016,V0016,2025-01-01,9999-12-31,CRM
S00895,CHOCOLATES,T016,V0016,2025-01-01,9999-12-31,CRM
S00896,LACTEOS,T017,V0017,2025-01-01,9999-12-31,CRM
S00896,NUTRICAO,T017,V0017,2025-01-01,9999-12-31,CRM
S00897,NUTRICAO,T018,V0018,2025-01-01,9999-12-31,CRM
S00897,LACTEOS,T018,V0018,2025-01-01,9999-12-31,CRM
S00898,BEBIDAS,T019,V0019,2025-01-01,9999-12-31,CRM
S00898,CULINARIOS,T019,V0019,2025-01-01,9999-12-31,CRM
S00899,BEBIDAS,T020,V0020,2025-01-01,9999-12-31,CRM
S00900,NUTRICAO,T021,V0021,2025-01-01,9999-12-31,CRM
S00901,LACTEOS,T022,V0022,2025-01-01,9999-12-31,CRM
S00901,CHOCOLATES,T022,V0022,2025-01-01,9999-12-31,CRM
S00902,CULINARIOS,T023,V0023,2025-01-01,9999-12-31,CRM
S00902,BEBIDAS,T023,V0023,2025-01-01,9999-12-31,CRM
S00903,CHOCOLATES,T024,V0024,2025-01-01,9999-12-31,CRM
S00903,BEBIDAS,T024,V0024,2025-01-01,9999-12-31,CRM
S00904,LACTEOS,T025,V0025,2025-01-01,9999-12-31,CRM
S00904,NUTRICAO,T025,V0025,2025-01-01,9999-12-31,CRM
S00905,CULINARIOS,T026,V0026,2025-01-01,9999-12-31,CRM
S00905,CHOCOLATES,T026,V0026,2025-01-01,9999-12-31,CRM
S00906,NUTRICAO,T027,V0027,2025-01-01,9999-12-31,CRM
S00906,CHOCOLATES,T027,V0027,2025-01-01,9999-12-31,CRM
S00907,LACTEOS,T028,V0028,2025-01-01,9999-12-31,CRM
S00907,CULINARIOS,T028,V0028,2025-01-01,9999-12-31,CRM
S00908,CHOCOLATES,T029,V0029,2025-01-01,9999-12-31,CRM
S00908,LACTEOS,T029,V0029,2025-01-01,9999-12-31,CRM
S00909,NUTRICAO,T030,V0030,2025-01-01,9999-12-31,CRM
S00910,NUTRICAO,T031,V0031,2025-01-01,9999-12-31,CRM
S00910,BEBIDAS,T031,V0031,2025-01-01,9999-12-31,CRM
S00910,BEBIDAS,T041,V0121,2026-01-01,9999-12-31,MANUAL
S00911,BEBIDAS,T032,V0032,2025-01-01,9999-12-31,CRM
S00911,CULINARIOS,T032,V0032,2025-01-01,9999-12-31,CRM
S00912,NUTRICAO,T033,V0033,2025-01-01,9999-12-31,CRM
S00912,CHOCOLATES,T033,V0033,2025-01-01,9999-12-31,CRM
S00913,NUTRICAO,T034,V0034,2025-01-01,9999-12-31,CRM
S00913,CULINARIOS,T034,V0034,2025-01-01,9999-12-31,CRM
S00914,BEBIDAS,T035,V0035,2025-01-01,9999-12-31,CRM
S00914,NUTRICAO,T035,V0035,2025-01-01,9999-12-31,CRM
S00915,CULINARIOS,T036,V0036,2025-01-01,9999-12-31,CRM
S00915,BEBIDAS,T036,V0036,2025-01-01,9999-12-31,CRM
S00916,CHOCOLATES,T037,V0037,2025-01-01,9999-12-31,CRM
S00916,LACTEOS,T037,V0037,2025-01-01,9999-12-31,CRM
S00917,NUTRICAO,T038,V0038,2025-01-01,9999-12-31,CRM
S00917,BEBIDAS,T038,V0038,2025-01-01,9999-12-31,CRM
S00918,CULINARIOS,T039,V0039,2025-01-01,9999-12-31,CRM
S00918,LACTEOS,T039,V0039,2025-01-01,9999-12-31,CRM
S00919,NUTRICAO,T040,V0040,2025-01-01,9999-12-31,CRM
S00919,LACTEOS,T040,V0040,2025-01-01,9999-12-31,CRM
S00920,BEBIDAS,T041,V0041,2025-01-01,9999-12-31,CRM
S00920,CULINARIOS,T041,V0041,2025-01-01,9999-12-31,CRM
S00921,CULINARIOS,T042,V0042,2025-01-01,9999-12-31,CRM
S00921,NUTRICAO,T042,V0042,2025-01-01,9999-12-31,CRM
S00922,CHOCOLATES,T043,V0043,2025-01-01,9999-12-31,CRM
S00922,LACTEOS,T043,V0043,2025-01-01,9999-12-31,CRM
S00923,BEBIDAS,T044,V0044,2025-01-01,9999-12-31,CRM
S00924,BEBIDAS,T045,V0045,2025-01-01,9999-12-31,CRM
S00925,LACTEOS,T046,V0046,2025-01-01,9999-12-31,CRM
S00925,CHOCOLATES,T046,V0046,2025-01-01,9999-12-31,CRM
S00926,CHOCOLATES,T047,V0047,2025-01-01,9999-12-31,CRM
S00926,NUTRICAO,T047,V0047,2025-01-01,9999-12-31,CRM
S00927,CHOCOLATES,,V0048,2025-01-01,9999-12-31,CRM
S00927,CULINARIOS,,V0048,2025-01-01,9999-12-31,CRM
S00928,LACTEOS,T049,V0049,2025-01-01,9999-12-31,CRM
S00928,CULINARIOS,T049,V0049,2025-01-01,9999-12-31,CRM
S00929,CHOCOLATES,T050,V0050,2025-01-01,9999-12-31,CRM
S00929,CULINARIOS,T050,V0050,2025-01-01,9999-12-31,CRM
S00930,LACTEOS,T051,V0051,2025-01-01,9999-12-31,CRM
S00930,BEBIDAS,T051,V0051,2025-01-01,9999-12-31,CRM
S00931,LACTEOS,T052,V0052,2025-01-01,9999-12-31,CRM
S00931,CULINARIOS,T052,V0052,2025-01-01,9999-12-31,CRM
S00932,BEBIDAS,T053,V0053,2025-01-01,9999-12-31,CRM
S00932,LACTEOS,T053,V0053,2025-01-01,9999-12-31,CRM
S00933,CHOCOLATES,T054,V0054,2025-01-01,9999-12-31,CRM
S00933,BEBIDAS,T054,V0054,2025-01-01,9999-12-31,CRM
S00934,BEBIDAS,T055,V0055,2025-01-01,9999-12-31,CRM
S00934,LACTEOS,T055,V0055,2025-01-01,9999-12-31,CRM
S00935,LACTEOS,T056,V0056,2025-01-01,9999-12-31,CRM
S00935,CULINARIOS,T056,V0056,2025-01-01,9999-12-31,CRM
S00936,CULINARIOS,T057,V0057,2025-01-01,9999-12-31,CRM
S00936,LACTEOS,T057,V0057,2025-01-01,9999-12-31,CRM
S00937,LACTEOS,T058,V0058,2025-01-01,9999-12-31,CRM
S00938,BEBIDAS,T059,V0059,2025-01-01,9999-12-31,CRM
S00938,CULINARIOS,T059,V0059,2025-01-01,9999-12-31,CRM
S00939,CULINARIOS,T060,V0060,2025-01-01,9999-12-31,CRM
S00939,BEBIDAS,T060,V0060,2025-01-01,9999-12-31,CRM
S00940,LACTEOS,T061,,2025-01-01,9999-12-31,CRM
S00940,CHOCOLATES,T061,,2025-01-01,9999-12-31,CRM
S00941,CULINARIOS,T062,V0062,2025-01-01,9999-12-31,CRM
S00941,CHOCOLATES,T062,V0062,2025-01-01,9999-12-31,CRM
S00942,BEBIDAS,T063,V0063,2025-01-01,9999-12-31,CRM
S00942,CHOCOLATES,T063,V0063,2025-01-01,9999-12-31,CRM
S00943,BEBIDAS,T064,V0064,2025-01-01,9999-12-31,CRM
S00943,CHOCOLATES,T064,V0064,2025-01-01,9999-12-31,CRM
S00944,CULINARIOS,T065,,2025-01-01,9999-12-31,CRM
S00944,LACTEOS,T065,,2025-01-01,9999-12-31,CRM
S00945,LACTEOS,T066,V0066,2025-01-01,9999-12-31,CRM
S00945,NUTRICAO,T066,V0066,2025-01-01,9999-12-31,CRM
S00946,CULINARIOS,T067,V0067,2025-01-01,9999-12-31,CRM
S00946,NUTRICAO,T067,V0067,2025-01-01,9999-12-31,CRM
S00947,LACTEOS,T068,,2025-01-01,9999-12-31,CRM
S00947,CHOCOLATES,T068,,2025-01-01,9999-12-31,CRM
S00948,NUTRICAO,T069,V0069,2025-01-01,9999-12-31,CRM
S00948,BEBIDAS,T069,V0069,2025-01-01,9999-12-31,CRM
S00949,BEBIDAS,T070,V0070,2025-01-01,9999-12-31,CRM
S00949,CHOCOLATES,T070,V0070,2025-01-01,9999-12-31,CRM
S00950,NUTRICAO,T071,V0071,2025-01-01,9999-12-31,CRM
S00950,BEBIDAS,T071,V0071,2025-01-01,9999-12-31,CRM
S00951,CHOCOLATES,T072,V0072,2025-01-01,9999-12-31,CRM
S00951,BEBIDAS,T072,V0072,2025-01-01,9999-12-31,CRM
S00952,CULINARIOS,T073,V0073,2025-01-01,9999-12-31,CRM
S00952,LACTEOS,T073,V0073,2025-01-01,9999-12-31,CRM
S00953,LACTEOS,T074,V0074,2025-01-01,9999-12-31,CRM
S00953,CULINARIOS,T074,V0074,2025-01-01,9999-12-31,CRM
S00954,CHOCOLATES,T075,V0075,2025-01-01,9999-12-31,CRM
S00954,BEBIDAS,T075,V0075,2025-01-01,9999-12-31,CRM
S00955,NUTRICAO,T076,V0076,2025-01-01,9999-12-31,CRM
S00955,CHOCOLATES,T076,V0076,2025-01-01,9999-12-31,CRM
S00956,NUTRICAO,T077,V0077,2025-01-01,9999-12-31,CRM
S00956,BEBIDAS,T077,V0077,2025-01-01,9999-12-31,CRM
S00957,LACTEOS,T078,V0078,2025-01-01,9999-12-31,CRM
S00957,NUTRICAO,T078,V0078,2025-01-01,9999-12-31,CRM
S00958,CHOCOLATES,T079,V0079,2025-01-01,9999-12-31,CRM
S00958,BEBIDAS,T079,V0079,2025-01-01,9999-12-31,CRM
S00959,CHOCOLATES,T080,V0080,2025-01-01,9999-12-31,CRM
S00959,CULINARIOS,T080,V0080,2025-01-01,9999-12-31,CRM
S00960,NUTRICAO,T001,V0081,2025-01-01,9999-12-31,CRM
S00961,CULINARIOS,T002,V0082,2025-01-01,9999-12-31,CRM
S00962,CULINARIOS,T003,V0083,2025-01-01,9999-12-31,CRM
S00962,LACTEOS,T003,V0083,2025-01-01,9999-12-31,CRM
S00963,LACTEOS,T004,V0084,2025-01-01,9999-12-31,CRM
S00963,CHOCOLATES,T004,V0084,2025-01-01,9999-12-31,CRM
S00964,NUTRICAO,T005,V0085,2025-01-01,9999-12-31,CRM
S00964,CULINARIOS,T005,V0085,2025-01-01,9999-12-31,CRM
S00965,CULINARIOS,T006,V0086,2025-01-01,9999-12-31,CRM
S00965,LACTEOS,T006,V0086,2025-01-01,9999-12-31,CRM
S00966,LACTEOS,T007,V0087,2025-01-01,9999-12-31,CRM
S00966,BEBIDAS,T007,V0087,2025-01-01,9999-12-31,CRM
S00967,CHOCOLATES,T008,V0088,2025-01-01,9999-12-31,CRM
S00967,BEBIDAS,T008,V0088,2025-01-01,9999-12-31,CRM
S00968,NUTRICAO,T009,V0089,2025-01-01,9999-12-31,CRM
S00968,CULINARIOS,T009,V0089,2025-01-01,9999-12-31,CRM
S00969,NUTRICAO,T010,V0090,2025-01-01,9999-12-31,CRM
S00969,CHOCOLATES,T010,V0090,2025-01-01,9999-12-31,CRM
S00970,CHOCOLATES,T011,V0091,2025-01-01,9999-12-31,CRM
S00970,CULINARIOS,T011,V0091,2025-01-01,9999-12-31,CRM
S00971,NUTRICAO,T012,V0092,2025-01-01,9999-12-31,CRM
S00971,LACTEOS,T012,V0092,2025-01-01,9999-12-31,CRM
S00972,BEBIDAS,T013,V0093,2025-01-01,9999-12-31,CRM
S00973,NUTRICAO,T014,V0094,2025-01-01,9999-12-31,CRM
S00973,LACTEOS,T014,V0094,2025-01-01,9999-12-31,CRM
S00974,CULINARIOS,T015,V0095,2025-01-01,9999-12-31,CRM
S00974,LACTEOS,T015,V0095,2025-01-01,9999-12-31,CRM
S00975,CHOCOLATES,T016,V0096,2025-01-01,9999-12-31,CRM
S00976,LACTEOS,T017,V0097,2025-01-01,9999-12-31,CRM
S00976,CHOCOLATES,T017,V0097,2025-01-01,9999-12-31,CRM
S00977,NUTRICAO,T018,,2025-01-01,9999-12-31,CRM
S00977,LACTEOS,T018,,2025-01-01,9999-12-31,CRM
S00978,LACTEOS,T019,V0099,2025-01-01,9999-12-31,CRM
S00978,CHOCOLATES,T019,V0099,2025-01-01,9999-12-31,CRM
S00979,NUTRICAO,T020,V0100,2025-01-01,9999-12-31,CRM
S00979,CULINARIOS,T020,V0100,2025-01-01,9999-12-31,CRM
S00980,BEBIDAS,T021,V0101,2025-01-01,9999-12-31,CRM
S00980,LACTEOS,T021,V0101,2025-01-01,9999-12-31,CRM
S00981,CHOCOLATES,T022,V0102,2025-01-01,9999-12-31,CRM
S00981,BEBIDAS,T022,V0102,2025-01-01,9999-12-31,CRM
S00982,CULINARIOS,T023,V0103,2025-01-01,9999-12-31,CRM
S00982,CHOCOLATES,T023,V0103,2025-01-01,9999-12-31,CRM
S00983,NUTRICAO,T024,V0104,2025-01-01,9999-12-31,CRM
S00983,BEBIDAS,T024,V0104,2025-01-01,9999-12-31,CRM
S00984,CULINARIOS,T025,V0105,2025-01-01,9999-12-31,CRM
S00984,CHOCOLATES,T025,V0105,2025-01-01,9999-12-31,CRM
S00985,CHOCOLATES,T026,V0106,2025-01-01,9999-12-31,CRM
S00986,CULINARIOS,T027,V0107,2025-01-01,9999-12-31,CRM
S00986,CHOCOLATES,T027,V0107,2025-01-01,9999-12-31,CRM
S00986,CHOCOLATES,T064,V0061,2026-01-01,9999-12-31,MANUAL
S00987,LACTEOS,,V0108,2025-01-01,9999-12-31,CRM
S00987,BEBIDAS,,V0108,2025-01-01,9999-12-31,CRM
S00988,CULINARIOS,T029,V0109,2025-01-01,9999-12-31,CRM
S00988,NUTRICAO,T029,V0109,2025-01-01,9999-12-31,CRM
S00989,BEBIDAS,T030,V0110,2025-01-01,9999-12-31,CRM
S00989,NUTRICAO,T030,V0110,2025-01-01,9999-12-31,CRM
S00990,NUTRICAO,T031,V0111,2025-01-01,9999-12-31,CRM
S00990,CULINARIOS,T031,V0111,2025-01-01,9999-12-31,CRM
S00991,CHOCOLATES,,,2025-01-01,9999-12-31,CRM
S00991,NUTRICAO,,,2025-01-01,9999-12-31,CRM
S00992,CULINARIOS,T033,V0113,2025-01-01,9999-12-31,CRM
S00992,NUTRICAO,T033,V0113,2025-01-01,9999-12-31,CRM
S00993,BEBIDAS,T034,V0114,2025-01-01,9999-12-31,CRM
S00993,CHOCOLATES,T034,V0114,2025-01-01,9999-12-31,CRM
S00994,NUTRICAO,T035,V0115,2025-01-01,9999-12-31,CRM
S00994,BEBIDAS,T035,V0115,2025-01-01,9999-12-31,CRM
S00995,CULINARIOS,T036,V0116,2025-01-01,9999-12-31,CRM
S00995,LACTEOS,T036,V0116,2025-01-01,9999-12-31,CRM
S00996,CULINARIOS,T037,V0117,2025-01-01,9999-12-31,CRM
S00996,LACTEOS,T037,V0117,2025-01-01,9999-12-31,CRM
S00997,LACTEOS,T038,V0118,2025-01-01,9999-12-31,CRM
S00997,CHOCOLATES,T038,V0118,2025-01-01,9999-12-31,CRM
S00998,CHOCOLATES,T039,V0119,2025-01-01,9999-12-31,CRM
S00998,CULINARIOS,T039,V0119,2025-01-01,9999-12-31,CRM
S00999,BEBIDAS,T040,V0120,2025-01-01,9999-12-31,CRM
S00999,LACTEOS,T040,V0120,2025-01-01,9999-12-31,CRM
S01000,CHOCOLATES,T041,V0121,2025-01-01,9999-12-31,CRM
S01000,LACTEOS,T041,V0121,2025-01-01,9999-12-31,CRM
S01001,BEBIDAS,T042,,2025-01-01,9999-12-31,CRM
S01001,CULINARIOS,T042,,2025-01-01,9999-12-31,CRM
S01002,LACTEOS,T043,V0123,2025-01-01,9999-12-31,CRM
S01002,NUTRICAO,T043,V0123,2025-01-01,9999-12-31,CRM
S01003,LACTEOS,T044,V0124,2025-01-01,9999-12-31,CRM
S01003,CHOCOLATES,T044,V0124,2025-01-01,9999-12-31,CRM
S01004,NUTRICAO,T045,V0125,2025-01-01,9999-12-31,CRM
S01004,CULINARIOS,T045,V0125,2025-01-01,9999-12-31,CRM
S01005,CHOCOLATES,T046,V0126,2025-01-01,9999-12-31,CRM
S01005,BEBIDAS,T046,V0126,2025-01-01,9999-12-31,CRM
S01006,LACTEOS,T047,V0127,2025-01-01,9999-12-31,CRM
S01006,LACTEOS,T011,V0041,2026-01-01,9999-12-31,MANUAL
S01007,NUTRICAO,T048,V0128,2025-01-01,9999-12-31,CRM
S01007,BEBIDAS,T048,V0128,2025-01-01,9999-12-31,CRM
S01008,CULINARIOS,T049,V0129,2025-01-01,9999-12-31,CRM
S01009,LACTEOS,T050,V0130,2025-01-01,9999-12-31,CRM
S01009,CULINARIOS,T050,V0130,2025-01-01,9999-12-31,CRM
S01010,BEBIDAS,T051,V0131,2025-01-01,9999-12-31,CRM
S01010,CHOCOLATES,T051,V0131,2025-01-01,9999-12-31,CRM
S01011,LACTEOS,T052,V0132,2025-01-01,9999-12-31,CRM
S01012,CULINARIOS,T053,V0133,2025-01-01,9999-12-31,CRM
S01012,NUTRICAO,T053,V0133,2025-01-01,9999-12-31,CRM
S01013,LACTEOS,T054,V0134,2025-01-01,9999-12-31,CRM
S01013,NUTRICAO,T054,V0134,2025-01-01,9999-12-31,CRM
S01014,CULINARIOS,T055,V0135,2025-01-01,9999-12-31,CRM
S01014,CULINARIOS,T003,V0202,2026-01-01,9999-12-31,MANUAL
S01014,BEBIDAS,T055,V0135,2025-01-01,9999-12-31,CRM
S01015,NUTRICAO,T056,V0136,2025-01-01,9999-12-31,CRM
S01015,BEBIDAS,T056,V0136,2025-01-01,9999-12-31,CRM
S01016,NUTRICAO,T057,V0137,2025-01-01,9999-12-31,CRM
S01016,CHOCOLATES,T057,V0137,2025-01-01,9999-12-31,CRM
S01017,CHOCOLATES,T058,V0138,2025-01-01,9999-12-31,CRM
S01017,LACTEOS,T058,V0138,2025-01-01,9999-12-31,CRM
S01018,LACTEOS,T059,V0139,2025-01-01,9999-12-31,CRM
S01019,CHOCOLATES,T060,,2025-01-01,9999-12-31,CRM
S01019,LACTEOS,T060,,2025-01-01,9999-12-31,CRM
S01020,CULINARIOS,T061,V0141,2025-01-01,9999-12-31,CRM
S01020,BEBIDAS,T061,V0141,2025-01-01,9999-12-31,CRM
S01021,BEBIDAS,T062,V0142,2025-01-01,9999-12-31,CRM
S01021,LACTEOS,T062,V0142,2025-01-01,9999-12-31,CRM
S01022,CULINARIOS,T063,V0143,2025-01-01,9999-12-31,CRM
S01022,BEBIDAS,T063,V0143,2025-01-01,9999-12-31,CRM
S01023,BEBIDAS,T064,V0144,2025-01-01,9999-12-31,CRM
S01024,CULINARIOS,T065,V0145,2025-01-01,9999-12-31,CRM
S01024,CHOCOLATES,T065,V0145,2025-01-01,9999-12-31,CRM
S01025,BEBIDAS,T066,V0146,2025-01-01,9999-12-31,CRM
S01025,NUTRICAO,T066,V0146,2025-01-01,9999-12-31,CRM
S01026,NUTRICAO,T067,V0147,2025-01-01,9999-12-31,CRM
S01026,CHOCOLATES,T067,V0147,2025-01-01,9999-12-31,CRM
S01026,CHOCOLATES,T016,V0091,2026-01-01,9999-12-31,MANUAL
S01027,LACTEOS,T068,V0148,2025-01-01,9999-12-31,CRM
S01027,CULINARIOS,T068,V0148,2025-01-01,9999-12-31,CRM
S01028,BEBIDAS,T069,V0149,2025-01-01,9999-12-31,CRM
S01028,CHOCOLATES,T069,V0149,2025-01-01,9999-12-31,CRM
S01028,CHOCOLATES,T056,V0105,2026-01-01,9999-12-31,MANUAL
S01029,BEBIDAS,T070,V0150,2025-01-01,9999-12-31,CRM
S01030,CHOCOLATES,T071,V0151,2025-01-01,9999-12-31,CRM
S01031,CHOCOLATES,T072,V0152,2025-01-01,9999-12-31,CRM
S01031,LACTEOS,T072,V0152,2025-01-01,9999-12-31,CRM
S01032,BEBIDAS,T073,V0153,2025-01-01,9999-12-31,CRM
S01032,CULINARIOS,T073,V0153,2025-01-01,9999-12-31,CRM
S01033,BEBIDAS,T074,V0154,2025-01-01,9999-12-31,CRM
S01033,LACTEOS,T074,V0154,2025-01-01,9999-12-31,CRM
S01034,BEBIDAS,T075,V0155,2025-01-01,9999-12-31,CRM
S01034,NUTRICAO,T075,V0155,2025-01-01,9999-12-31,CRM
S01035,LACTEOS,T076,V0156,2025-01-01,9999-12-31,CRM
S01035,BEBIDAS,T076,V0156,2025-01-01,9999-12-31,CRM
S01035,BEBIDAS,T031,V0005,2026-01-01,9999-12-31,MANUAL
S01036,CULINARIOS,T077,V0157,2025-01-01,9999-12-31,CRM
S01036,CHOCOLATES,T077,V0157,2025-01-01,9999-12-31,CRM
S01037,LACTEOS,T078,,2025-01-01,9999-12-31,CRM
S01038,BEBIDAS,T079,V0159,2025-01-01,9999-12-31,CRM
S01038,CHOCOLATES,T079,V0159,2025-01-01,9999-12-31,CRM
S01039,BEBIDAS,T080,V0160,2025-01-01,9999-12-31,CRM
S01039,CHOCOLATES,T080,V0160,2025-01-01,9999-12-31,CRM
S01040,CHOCOLATES,T001,V0161,2025-01-01,9999-12-31,CRM
S01041,BEBIDAS,T002,V0162,2025-01-01,9999-12-31,CRM
S01041,LACTEOS,T002,V0162,2025-01-01,9999-12-31,CRM
S01042,CULINARIOS,T003,V0163,2025-01-01,9999-12-31,CRM
S01042,BEBIDAS,T003,V0163,2025-01-01,9999-12-31,CRM
S01043,NUTRICAO,T004,V0164,2025-01-01,9999-12-31,CRM
S01043,BEBIDAS,T004,V0164,2025-01-01,9999-12-31,CRM
S01044,CULINARIOS,T005,V0165,2025-01-01,9999-12-31,CRM
S01044,BEBIDAS,T005,V0165,2025-01-01,9999-12-31,CRM
S01045,CHOCOLATES,T006,V0166,2025-01-01,9999-12-31,CRM
S01045,NUTRICAO,T006,V0166,2025-01-01,9999-12-31,CRM
S01046,LACTEOS,T007,V0167,2025-01-01,9999-12-31,CRM
S01046,NUTRICAO,T007,V0167,2025-01-01,9999-12-31,CRM
S01047,CULINARIOS,T008,V0168,2025-01-01,9999-12-31,CRM
S01048,LACTEOS,T009,V0169,2025-01-01,9999-12-31,CRM
S01049,LACTEOS,T010,V0170,2025-01-01,9999-12-31,CRM
S01049,CULINARIOS,T010,V0170,2025-01-01,9999-12-31,CRM
S01050,NUTRICAO,T011,V0171,2025-01-01,9999-12-31,CRM
S01051,CHOCOLATES,T012,V0172,2025-01-01,9999-12-31,CRM
S01051,BEBIDAS,T012,V0172,2025-01-01,9999-12-31,CRM
S01052,CULINARIOS,T013,V0173,2025-01-01,9999-12-31,CRM
S01052,NUTRICAO,T013,V0173,2025-01-01,9999-12-31,CRM
S01053,LACTEOS,,V0174,2025-01-01,9999-12-31,CRM
S01053,NUTRICAO,,V0174,2025-01-01,9999-12-31,CRM
S01054,LACTEOS,T015,V0175,2025-01-01,9999-12-31,CRM
S01054,CHOCOLATES,T015,V0175,2025-01-01,9999-12-31,CRM
S01055,CULINARIOS,T016,V0176,2025-01-01,9999-12-31,CRM
S01055,LACTEOS,T016,V0176,2025-01-01,9999-12-31,CRM
S01056,NUTRICAO,T017,V0177,2025-01-01,9999-12-31,CRM
S01056,BEBIDAS,T017,V0177,2025-01-01,9999-12-31,CRM
S01057,CHOCOLATES,T018,V0178,2025-01-01,9999-12-31,CRM
S01057,NUTRICAO,T018,V0178,2025-01-01,9999-12-31,CRM
S01058,CULINARIOS,T019,V0179,2025-01-01,9999-12-31,CRM
S01058,LACTEOS,T019,V0179,2025-01-01,9999-12-31,CRM
S01059,BEBIDAS,T020,V0180,2025-01-01,9999-12-31,CRM
S01059,CULINARIOS,T020,V0180,2025-01-01,9999-12-31,CRM
S01060,CULINARIOS,T021,V0181,2025-01-01,9999-12-31,CRM
S01060,BEBIDAS,T021,V0181,2025-01-01,9999-12-31,CRM
S01061,LACTEOS,T022,V0182,2025-01-01,9999-12-31,CRM
S01061,CULINARIOS,T022,V0182,2025-01-01,9999-12-31,CRM
S01062,LACTEOS,T023,V0183,2025-01-01,9999-12-31,CRM
S01062,BEBIDAS,T023,V0183,2025-01-01,9999-12-31,CRM
S01063,BEBIDAS,T024,V0184,2025-01-01,9999-12-31,CRM
S01063,NUTRICAO,T024,V0184,2025-01-01,9999-12-31,CRM
S01064,LACTEOS,T025,V0185,2025-01-01,9999-12-31,CRM
S01064,CULINARIOS,T025,V0185,2025-01-01,9999-12-31,CRM
S01065,CHOCOLATES,T026,V0186,2025-01-01,9999-12-31,CRM
S01065,BEBIDAS,T026,V0186,2025-01-01,9999-12-31,CRM
S01066,LACTEOS,T027,V0187,2025-01-01,9999-12-31,CRM
S01066,BEBIDAS,T027,V0187,2025-01-01,9999-12-31,CRM
S01067,CHOCOLATES,T028,V0188,2025-01-01,9999-12-31,CRM
S01067,BEBIDAS,T028,V0188,2025-01-01,9999-12-31,CRM
S01068,CHOCOLATES,T029,V0189,2025-01-01,9999-12-31,CRM
S01068,LACTEOS,T029,V0189,2025-01-01,9999-12-31,CRM
S01070,NUTRICAO,T031,V0191,2025-01-01,9999-12-31,CRM
S01070,CULINARIOS,T031,V0191,2025-01-01,9999-12-31,CRM
S01071,CHOCOLATES,T032,V0192,2025-01-01,9999-12-31,CRM
S01072,CHOCOLATES,T033,V0193,2025-01-01,9999-12-31,CRM
S01072,NUTRICAO,T033,V0193,2025-01-01,9999-12-31,CRM
S01073,BEBIDAS,T034,V0194,2025-01-01,9999-12-31,CRM
S01073,LACTEOS,T034,V0194,2025-01-01,9999-12-31,CRM
S01074,NUTRICAO,T035,V0195,2025-01-01,9999-12-31,CRM
S01075,CULINARIOS,T036,V0196,2025-01-01,9999-12-31,CRM
S01075,NUTRICAO,T036,V0196,2025-01-01,9999-12-31,CRM
S01076,NUTRICAO,T037,V0197,2025-01-01,9999-12-31,CRM
S01076,BEBIDAS,T037,V0197,2025-01-01,9999-12-31,CRM
S01077,BEBIDAS,T038,V0198,2025-01-01,9999-12-31,CRM
S01077,CULINARIOS,T038,V0198,2025-01-01,9999-12-31,CRM
S01078,NUTRICAO,T039,,2025-01-01,9999-12-31,CRM
S01078,CHOCOLATES,T039,,2025-01-01,9999-12-31,CRM
S01079,CULINARIOS,T040,V0200,2025-01-01,9999-12-31,CRM
S01079,LACTEOS,T040,V0200,2025-01-01,9999-12-31,CRM
S01080,CULINARIOS,T041,V0201,2025-01-01,9999-12-31,CRM
S01080,NUTRICAO,T041,V0201,2025-01-01,9999-12-31,CRM
S01081,CHOCOLATES,,V0202,2025-01-01,9999-12-31,CRM
S01081,BEBIDAS,,V0202,2025-01-01,9999-12-31,CRM
S01082,CHOCOLATES,T043,V0203,2025-01-01,9999-12-31,CRM
S01082,NUTRICAO,T043,V0203,2025-01-01,9999-12-31,CRM
S01083,LACTEOS,T044,V0204,2025-01-01,9999-12-31,CRM
S01083,BEBIDAS,T044,V0204,2025-01-01,9999-12-31,CRM
S01084,CHOCOLATES,,V0205,2025-01-01,9999-12-31,CRM
S01084,CHOCOLATES,T030,V0169,2026-01-01,9999-12-31,MANUAL
S01084,CULINARIOS,,V0205,2025-01-01,9999-12-31,CRM
S01085,CULINARIOS,T046,V0206,2025-01-01,9999-12-31,CRM
S01085,LACTEOS,T046,V0206,2025-01-01,9999-12-31,CRM
S01086,CULINARIOS,T047,V0207,2025-01-01,9999-12-31,CRM
S01086,NUTRICAO,T047,V0207,2025-01-01,9999-12-31,CRM
S01087,CULINARIOS,T048,V0208,2025-01-01,9999-12-31,CRM
S01087,LACTEOS,T048,V0208,2025-01-01,9999-12-31,CRM
S01088,CULINARIOS,T049,V0209,2025-01-01,9999-12-31,CRM
S01088,BEBIDAS,T049,V0209,2025-01-01,9999-12-31,CRM
S01089,LACTEOS,,V0210,2025-01-01,9999-12-31,CRM
S01089,CULINARIOS,,V0210,2025-01-01,9999-12-31,CRM
S01090,CULINARIOS,T051,V0211,2025-01-01,9999-12-31,CRM
S01090,CHOCOLATES,T051,V0211,2025-01-01,9999-12-31,CRM
S01091,LACTEOS,T052,,2025-01-01,9999-12-31,CRM
S01091,CULINARIOS,T052,,2025-01-01,9999-12-31,CRM
S01092,CHOCOLATES,T053,V0213,2025-01-01,9999-12-31,CRM
S01092,NUTRICAO,T053,V0213,2025-01-01,9999-12-31,CRM
S01093,CHOCOLATES,T054,V0214,2025-01-01,9999-12-31,CRM
S01093,BEBIDAS,T054,V0214,2025-01-01,9999-12-31,CRM
S01094,LACTEOS,T055,V0215,2025-01-01,9999-12-31,CRM
S01094,CULINARIOS,T055,V0215,2025-01-01,9999-12-31,CRM
S01095,LACTEOS,T056,V0216,2025-01-01,9999-12-31,CRM
S01095,CHOCOLATES,T056,V0216,2025-01-01,9999-12-31,CRM
S01096,NUTRICAO,T057,V0217,2025-01-01,9999-12-31,CRM
S01096,CULINARIOS,T057,V0217,2025-01-01,9999-12-31,CRM
S01097,CHOCOLATES,T058,V0218,2025-01-01,9999-12-31,CRM
S01097,LACTEOS,T058,V0218,2025-01-01,9999-12-31,CRM
S01098,LACTEOS,T059,V0219,2025-01-01,9999-12-31,CRM
S01098,NUTRICAO,T059,V0219,2025-01-01,9999-12-31,CRM
S01099,CHOCOLATES,T060,V0220,2025-01-01,9999-12-31,CRM
S01099,NUTRICAO,T060,V0220,2025-01-01,9999-12-31,CRM
S01100,CULINARIOS,T061,V0001,2025-01-01,9999-12-31,CRM
S01100,CHOCOLATES,T061,V0001,2025-01-01,9999-12-31,CRM
S01101,NUTRICAO,T062,V0002,2025-01-01,9999-12-31,CRM
S01101,CHOCOLATES,T062,V0002,2025-01-01,9999-12-31,CRM
S01102,NUTRICAO,,,2025-01-01,9999-12-31,CRM
S01102,CULINARIOS,,,2025-01-01,9999-12-31,CRM
S01103,CULINARIOS,T064,V0004,2025-01-01,9999-12-31,CRM
S01104,BEBIDAS,T065,V0005,2025-01-01,9999-12-31,CRM
S01104,LACTEOS,T065,V0005,2025-01-01,9999-12-31,CRM
S01105,LACTEOS,T066,V0006,2025-01-01,9999-12-31,CRM
S01105,CHOCOLATES,T066,V0006,2025-01-01,9999-12-31,CRM
S01106,BEBIDAS,T067,V0007,2025-01-01,9999-12-31,CRM
S01106,NUTRICAO,T067,V0007,2025-01-01,9999-12-31,CRM
S01107,LACTEOS,T068,V0008,2025-01-01,9999-12-31,CRM
S01107,CHOCOLATES,T068,V0008,2025-01-01,9999-12-31,CRM
S01108,NUTRICAO,T069,V0009,2025-01-01,9999-12-31,CRM
S01108,CULINARIOS,T069,V0009,2025-01-01,9999-12-31,CRM
S01109,CHOCOLATES,T070,V0010,2025-01-01,9999-12-31,CRM
S01110,CHOCOLATES,T071,V0011,2025-01-01,9999-12-31,CRM
S01110,LACTEOS,T071,V0011,2025-01-01,9999-12-31,CRM
S01111,LACTEOS,T072,V0012,2025-01-01,9999-12-31,CRM
S01111,NUTRICAO,T072,V0012,2025-01-01,9999-12-31,CRM
S01112,LACTEOS,T073,V0013,2025-01-01,9999-12-31,CRM
S01112,CHOCOLATES,T073,V0013,2025-01-01,9999-12-31,CRM
S01113,NUTRICAO,,V0014,2025-01-01,9999-12-31,CRM
S01113,BEBIDAS,,V0014,2025-01-01,9999-12-31,CRM
S01114,CULINARIOS,T075,V0015,2025-01-01,9999-12-31,CRM
S01115,LACTEOS,T076,V0016,2025-01-01,9999-12-31,CRM
S01115,NUTRICAO,T076,V0016,2025-01-01,9999-12-31,CRM
S01116,LACTEOS,T077,V0017,2025-01-01,9999-12-31,CRM
S01116,CULINARIOS,T077,V0017,2025-01-01,9999-12-31,CRM
S01117,CULINARIOS,T078,V0018,2025-01-01,9999-12-31,CRM
S01117,CULINARIOS,T014,V0143,2026-01-01,9999-12-31,MANUAL
S01117,BEBIDAS,T078,V0018,2025-01-01,9999-12-31,CRM
S01118,LACTEOS,T079,,2025-01-01,9999-12-31,CRM
S01118,CULINARIOS,T079,,2025-01-01,9999-12-31,CRM
S01119,LACTEOS,T080,V0020,2025-01-01,9999-12-31,CRM
S01119,CULINARIOS,T080,V0020,2025-01-01,9999-12-31,CRM
S01120,NUTRICAO,T001,V0021,2025-01-01,9999-12-31,CRM
S01120,BEBIDAS,T001,V0021,2025-01-01,9999-12-31,CRM
S01121,LACTEOS,T002,V0022,2025-01-01,9999-12-31,CRM
S01121,CHOCOLATES,T002,V0022,2025-01-01,9999-12-31,CRM
S01122,CHOCOLATES,T003,V0023,2025-01-01,9999-12-31,CRM
S01122,BEBIDAS,T003,V0023,2025-01-01,9999-12-31,CRM
S01123,CHOCOLATES,T004,V0024,2025-01-01,9999-12-31,CRM
S01123,LACTEOS,T004,V0024,2025-01-01,9999-12-31,CRM
S01124,LACTEOS,T005,,2025-01-01,9999-12-31,CRM
S01124,NUTRICAO,T005,,2025-01-01,9999-12-31,CRM
S01125,CULINARIOS,T006,V0026,2025-01-01,9999-12-31,CRM
S01125,BEBIDAS,T006,V0026,2025-01-01,9999-12-31,CRM
S01126,CHOCOLATES,T007,V0027,2025-01-01,9999-12-31,CRM
S01126,CULINARIOS,T007,V0027,2025-01-01,9999-12-31,CRM
S01127,CHOCOLATES,T008,V0028,2025-01-01,9999-12-31,CRM
S01127,CULINARIOS,T008,V0028,2025-01-01,9999-12-31,CRM
S01128,CULINARIOS,T009,V0029,2025-01-01,9999-12-31,CRM
S01129,NUTRICAO,T010,V0030,2025-01-01,9999-12-31,CRM
S01129,CULINARIOS,T010,V0030,2025-01-01,9999-12-31,CRM
S01130,CULINARIOS,T011,V0031,2025-01-01,9999-12-31,CRM
S01131,LACTEOS,T012,V0032,2025-01-01,9999-12-31,CRM
S01132,CHOCOLATES,T013,V0033,2025-01-01,9999-12-31,CRM
S01132,LACTEOS,T013,V0033,2025-01-01,9999-12-31,CRM
S01133,NUTRICAO,T014,V0034,2025-01-01,9999-12-31,CRM
S01133,LACTEOS,T014,V0034,2025-01-01,9999-12-31,CRM
S01134,CHOCOLATES,T015,V0035,2025-01-01,9999-12-31,CRM
S01134,CHOCOLATES,T003,V0194,2026-01-01,9999-12-31,MANUAL
S01134,BEBIDAS,T015,V0035,2025-01-01,9999-12-31,CRM
S01135,LACTEOS,T016,V0036,2025-01-01,9999-12-31,CRM
S01135,CULINARIOS,T016,V0036,2025-01-01,9999-12-31,CRM
S01136,LACTEOS,T017,V0037,2025-01-01,9999-12-31,CRM
S01136,NUTRICAO,T017,V0037,2025-01-01,9999-12-31,CRM
S01137,CULINARIOS,T018,V0038,2025-01-01,9999-12-31,CRM
S01137,NUTRICAO,T018,V0038,2025-01-01,9999-12-31,CRM
S01138,NUTRICAO,T019,V0039,2025-01-01,9999-12-31,CRM
S01138,LACTEOS,T019,V0039,2025-01-01,9999-12-31,CRM
S01139,NUTRICAO,T020,V0040,2025-01-01,9999-12-31,CRM
S01139,CULINARIOS,T020,V0040,2025-01-01,9999-12-31,CRM
S01140,CHOCOLATES,T021,V0041,2025-01-01,9999-12-31,CRM
S01140,CULINARIOS,T021,V0041,2025-01-01,9999-12-31,CRM
S01141,BEBIDAS,T022,V0042,2025-01-01,9999-12-31,CRM
S01141,NUTRICAO,T022,V0042,2025-01-01,9999-12-31,CRM
S01142,CULINARIOS,T023,V0043,2025-01-01,9999-12-31,CRM
S01142,CULINARIOS,T008,V0133,2026-01-01,9999-12-31,MANUAL
S01142,NUTRICAO,T023,V0043,2025-01-01,9999-12-31,CRM
S01143,NUTRICAO,T024,V0044,2025-01-01,9999-12-31,CRM
S01144,BEBIDAS,T025,V0045,2025-01-01,9999-12-31,CRM
S01144,CHOCOLATES,T025,V0045,2025-01-01,9999-12-31,CRM
S01145,CHOCOLATES,T026,V0046,2025-01-01,9999-12-31,CRM
S01145,LACTEOS,T026,V0046,2025-01-01,9999-12-31,CRM
S01146,LACTEOS,,V0047,2025-01-01,9999-12-31,CRM
S01146,CULINARIOS,,V0047,2025-01-01,9999-12-31,CRM
S01147,CHOCOLATES,T028,V0048,2025-01-01,9999-12-31,CRM
S01147,CULINARIOS,T028,V0048,2025-01-01,9999-12-31,CRM
S01148,LACTEOS,T029,V0049,2025-01-01,9999-12-31,CRM
S01148,CHOCOLATES,T029,V0049,2025-01-01,9999-12-31,CRM
S01149,CULINARIOS,T030,V0050,2025-01-01,9999-12-31,CRM
S01149,CHOCOLATES,T030,V0050,2025-01-01,9999-12-31,CRM
S01150,LACTEOS,,V0051,2025-01-01,9999-12-31,CRM
S01150,NUTRICAO,,V0051,2025-01-01,9999-12-31,CRM
S01151,BEBIDAS,T032,V0052,2025-01-01,9999-12-31,CRM
S01151,CHOCOLATES,T032,V0052,2025-01-01,9999-12-31,CRM
S01152,NUTRICAO,T033,V0053,2025-01-01,9999-12-31,CRM
S01152,LACTEOS,T033,V0053,2025-01-01,9999-12-31,CRM
S01152,LACTEOS,T079,V0217,2026-01-01,9999-12-31,MANUAL
S01153,CHOCOLATES,T034,V0054,2025-01-01,9999-12-31,CRM
S01154,LACTEOS,T035,V0055,2025-01-01,9999-12-31,CRM
S01154,BEBIDAS,T035,V0055,2025-01-01,9999-12-31,CRM
S01155,LACTEOS,T036,V0056,2025-01-01,9999-12-31,CRM
S01155,CHOCOLATES,T036,V0056,2025-01-01,9999-12-31,CRM
S01156,CULINARIOS,T037,V0057,2025-01-01,9999-12-31,CRM
S01156,BEBIDAS,T037,V0057,2025-01-01,9999-12-31,CRM
S01157,CULINARIOS,T038,V0058,2025-01-01,9999-12-31,CRM
S01157,CHOCOLATES,T038,V0058,2025-01-01,9999-12-31,CRM
S01158,CHOCOLATES,T039,V0059,2025-01-01,9999-12-31,CRM
S01158,BEBIDAS,T039,V0059,2025-01-01,9999-12-31,CRM
S01159,CULINARIOS,T040,V0060,2025-01-01,9999-12-31,CRM
S01159,BEBIDAS,T040,V0060,2025-01-01,9999-12-31,CRM
S01160,LACTEOS,T041,V0061,2025-01-01,9999-12-31,CRM
S01161,BEBIDAS,T042,V0062,2025-01-01,9999-12-31,CRM
S01161,LACTEOS,T042,V0062,2025-01-01,9999-12-31,CRM
S01162,CHOCOLATES,T043,V0063,2025-01-01,9999-12-31,CRM
S01162,LACTEOS,T043,V0063,2025-01-01,9999-12-31,CRM
S01163,CHOCOLATES,T044,V0064,2025-01-01,9999-12-31,CRM
S01163,BEBIDAS,T044,V0064,2025-01-01,9999-12-31,CRM
S01164,CULINARIOS,T045,V0065,2025-01-01,9999-12-31,CRM
S01165,NUTRICAO,T046,V0066,2025-01-01,9999-12-31,CRM
S01165,BEBIDAS,T046,V0066,2025-01-01,9999-12-31,CRM
S01166,NUTRICAO,T047,V0067,2025-01-01,9999-12-31,CRM
S01166,CHOCOLATES,T047,V0067,2025-01-01,9999-12-31,CRM
S01167,NUTRICAO,T048,V0068,2025-01-01,9999-12-31,CRM
S01168,BEBIDAS,T049,V0069,2025-01-01,9999-12-31,CRM
S01168,LACTEOS,T049,V0069,2025-01-01,9999-12-31,CRM
S01169,LACTEOS,T050,V0070,2025-01-01,9999-12-31,CRM
S01169,CHOCOLATES,T050,V0070,2025-01-01,9999-12-31,CRM
S01170,CHOCOLATES,T051,V0071,2025-01-01,9999-12-31,CRM
S01170,CULINARIOS,T051,V0071,2025-01-01,9999-12-31,CRM
S01171,LACTEOS,T052,V0072,2025-01-01,9999-12-31,CRM
S01171,CULINARIOS,T052,V0072,2025-01-01,9999-12-31,CRM
S01172,CHOCOLATES,T053,V0073,2025-01-01,9999-12-31,CRM
S01172,CHOCOLATES,T064,V0174,2026-01-01,9999-12-31,MANUAL
S01172,CULINARIOS,T053,V0073,2025-01-01,9999-12-31,CRM
S01173,CULINARIOS,T054,V0074,2025-01-01,9999-12-31,CRM
S01174,CULINARIOS,T055,V0075,2025-01-01,9999-12-31,CRM
S01174,LACTEOS,T055,V0075,2025-01-01,9999-12-31,CRM
S01175,BEBIDAS,,V0076,2025-01-01,9999-12-31,CRM
S01175,CULINARIOS,,V0076,2025-01-01,9999-12-31,CRM
S01176,LACTEOS,T057,V0077,2025-01-01,9999-12-31,CRM
S01176,CULINARIOS,T057,V0077,2025-01-01,9999-12-31,CRM
S01177,NUTRICAO,T058,V0078,2025-01-01,9999-12-31,CRM
S01177,CULINARIOS,T058,V0078,2025-01-01,9999-12-31,CRM
S01178,BEBIDAS,T059,V0079,2025-01-01,9999-12-31,CRM
S01179,CULINARIOS,T060,V0080,2025-01-01,9999-12-31,CRM
S01179,NUTRICAO,T060,V0080,2025-01-01,9999-12-31,CRM
S01180,CHOCOLATES,T061,V0081,2025-01-01,9999-12-31,CRM
S01180,NUTRICAO,T061,V0081,2025-01-01,9999-12-31,CRM
S01181,LACTEOS,T062,V0082,2025-01-01,9999-12-31,CRM
S01181,CHOCOLATES,T062,V0082,2025-01-01,9999-12-31,CRM
S01182,CHOCOLATES,T063,V0083,2025-01-01,9999-12-31,CRM
S01182,BEBIDAS,T063,V0083,2025-01-01,9999-12-31,CRM
S01183,LACTEOS,T064,V0084,2025-01-01,9999-12-31,CRM
S01183,CHOCOLATES,T064,V0084,2025-01-01,9999-12-31,CRM
S01184,NUTRICAO,,V0085,2025-01-01,9999-12-31,CRM
S01184,CHOCOLATES,,V0085,2025-01-01,9999-12-31,CRM
S01185,NUTRICAO,T066,V0086,2025-01-01,9999-12-31,CRM
S01185,LACTEOS,T066,V0086,2025-01-01,9999-12-31,CRM
S01186,LACTEOS,T067,V0087,2025-01-01,9999-12-31,CRM
S01186,BEBIDAS,T067,V0087,2025-01-01,9999-12-31,CRM
S01187,NUTRICAO,T068,V0088,2025-01-01,9999-12-31,CRM
S01187,CHOCOLATES,T068,V0088,2025-01-01,9999-12-31,CRM
S01188,CULINARIOS,T069,V0089,2025-01-01,9999-12-31,CRM
S01188,LACTEOS,T069,V0089,2025-01-01,9999-12-31,CRM
S01189,LACTEOS,T070,V0090,2025-01-01,9999-12-31,CRM
S01189,CHOCOLATES,T070,V0090,2025-01-01,9999-12-31,CRM
S01190,LACTEOS,T071,V0091,2025-01-01,9999-12-31,CRM
S01190,BEBIDAS,T071,V0091,2025-01-01,9999-12-31,CRM
S01191,BEBIDAS,T072,V0092,2025-01-01,9999-12-31,CRM
S01191,NUTRICAO,T072,V0092,2025-01-01,9999-12-31,CRM
S01192,CULINARIOS,T073,V0093,2025-01-01,9999-12-31,CRM
S01192,LACTEOS,T073,V0093,2025-01-01,9999-12-31,CRM
S01193,BEBIDAS,T074,V0094,2025-01-01,9999-12-31,CRM
S01193,CULINARIOS,T074,V0094,2025-01-01,9999-12-31,CRM
S01194,CHOCOLATES,T075,V0095,2025-01-01,9999-12-31,CRM
S01194,CULINARIOS,T075,V0095,2025-01-01,9999-12-31,CRM
S01195,NUTRICAO,T076,V0096,2025-01-01,9999-12-31,CRM
S01196,NUTRICAO,T077,V0097,2025-01-01,9999-12-31,CRM
S01196,BEBIDAS,T077,V0097,2025-01-01,9999-12-31,CRM
S01197,LACTEOS,,V0098,2025-01-01,9999-12-31,CRM
S01197,CULINARIOS,,V0098,2025-01-01,9999-12-31,CRM
S01198,CHOCOLATES,T079,V0099,2025-01-01,9999-12-31,CRM
S01198,BEBIDAS,T079,V0099,2025-01-01,9999-12-31,CRM
S01199,BEBIDAS,,V0100,2025-01-01,9999-12-31,CRM
S01199,CHOCOLATES,,V0100,2025-01-01,9999-12-31,CRM
S01200,CULINARIOS,T001,V0101,2025-01-01,9999-12-31,CRM
S01200,CHOCOLATES,T001,V0101,2025-01-01,9999-12-31,CRM
S01201,NUTRICAO,T002,V0102,2025-01-01,9999-12-31,CRM
S01201,CHOCOLATES,T002,V0102,2025-01-01,9999-12-31,CRM
S01202,BEBIDAS,T003,V0103,2025-01-01,9999-12-31,CRM
S01202,CHOCOLATES,T003,V0103,2025-01-01,9999-12-31,CRM
S01203,CULINARIOS,T004,V0104,2025-01-01,9999-12-31,CRM
S01203,BEBIDAS,T004,V0104,2025-01-01,9999-12-31,CRM
S01203,BEBIDAS,T079,V0043,2026-01-01,9999-12-31,MANUAL
S01204,NUTRICAO,T005,V0105,2025-01-01,9999-12-31,CRM
S01204,BEBIDAS,T005,V0105,2025-01-01,9999-12-31,CRM
S01205,CHOCOLATES,T006,V0106,2025-01-01,9999-12-31,CRM
S01205,NUTRICAO,T006,V0106,2025-01-01,9999-12-31,CRM
S01206,BEBIDAS,T007,V0107,2025-01-01,9999-12-31,CRM
S01207,CULINARIOS,T008,V0108,2025-01-01,9999-12-31,CRM
S01207,LACTEOS,T008,V0108,2025-01-01,9999-12-31,CRM
S01208,CULINARIOS,T009,V0109,2025-01-01,9999-12-31,CRM
S01208,NUTRICAO,T009,V0109,2025-01-01,9999-12-31,CRM
S01209,NUTRICAO,T010,V0110,2025-01-01,9999-12-31,CRM
S01209,BEBIDAS,T010,V0110,2025-01-01,9999-12-31,CRM
S01210,NUTRICAO,T011,V0111,2025-01-01,9999-12-31,CRM
S01211,BEBIDAS,T012,V0112,2025-01-01,9999-12-31,CRM
S01211,CHOCOLATES,T012,V0112,2025-01-01,9999-12-31,CRM
S01212,CULINARIOS,T013,V0113,2025-01-01,9999-12-31,CRM
S01212,BEBIDAS,T013,V0113,2025-01-01,9999-12-31,CRM
S01213,CHOCOLATES,T014,V0114,2025-01-01,9999-12-31,CRM
S01213,CULINARIOS,T014,V0114,2025-01-01,9999-12-31,CRM
S01214,BEBIDAS,T015,V0115,2025-01-01,9999-12-31,CRM
S01214,LACTEOS,T015,V0115,2025-01-01,9999-12-31,CRM
S01215,CHOCOLATES,T016,V0116,2025-01-01,9999-12-31,CRM
S01215,NUTRICAO,T016,V0116,2025-01-01,9999-12-31,CRM
S01216,NUTRICAO,T017,V0117,2025-01-01,9999-12-31,CRM
S01216,BEBIDAS,T017,V0117,2025-01-01,9999-12-31,CRM
S01217,LACTEOS,,V0118,2025-01-01,9999-12-31,CRM
S01217,BEBIDAS,,V0118,2025-01-01,9999-12-31,CRM
S01218,BEBIDAS,T019,V0119,2025-01-01,9999-12-31,CRM
S01219,NUTRICAO,T020,,2025-01-01,9999-12-31,CRM
S01219,CULINARIOS,T020,,2025-01-01,9999-12-31,CRM
S01220,CHOCOLATES,T021,V0121,2025-01-01,9999-12-31,CRM
S01220,BEBIDAS,T021,V0121,2025-01-01,9999-12-31,CRM
S01221,CHOCOLATES,T022,V0122,2025-01-01,9999-12-31,CRM
S01221,CULINARIOS,T022,V0122,2025-01-01,9999-12-31,CRM
S01222,LACTEOS,T023,V0123,2025-01-01,9999-12-31,CRM
S01222,CHOCOLATES,T023,V0123,2025-01-01,9999-12-31,CRM
S01223,LACTEOS,T024,V0124,2025-01-01,9999-12-31,CRM
S01223,NUTRICAO,T024,V0124,2025-01-01,9999-12-31,CRM
S01224,CULINARIOS,T025,V0125,2025-01-01,9999-12-31,CRM
S01225,CHOCOLATES,T026,V0126,2025-01-01,9999-12-31,CRM
S01225,LACTEOS,T026,V0126,2025-01-01,9999-12-31,CRM
S01226,CHOCOLATES,T027,V0127,2025-01-01,9999-12-31,CRM
S01226,NUTRICAO,T027,V0127,2025-01-01,9999-12-31,CRM
S01227,CULINARIOS,T028,V0128,2025-01-01,9999-12-31,CRM
S01227,LACTEOS,T028,V0128,2025-01-01,9999-12-31,CRM
S01228,CULINARIOS,T029,V0129,2025-01-01,9999-12-31,CRM
S01228,NUTRICAO,T029,V0129,2025-01-01,9999-12-31,CRM
S01229,BEBIDAS,T030,V0130,2025-01-01,9999-12-31,CRM
S01229,CHOCOLATES,T030,V0130,2025-01-01,9999-12-31,CRM
S01230,CHOCOLATES,T031,V0131,2025-01-01,9999-12-31,CRM
S01230,BEBIDAS,T031,V0131,2025-01-01,9999-12-31,CRM
S01231,CHOCOLATES,T032,V0132,2025-01-01,9999-12-31,CRM
S01231,LACTEOS,T032,V0132,2025-01-01,9999-12-31,CRM
S01232,LACTEOS,T033,V0133,2025-01-01,9999-12-31,CRM
S01232,NUTRICAO,T033,V0133,2025-01-01,9999-12-31,CRM
S01233,NUTRICAO,T034,V0134,2025-01-01,9999-12-31,CRM
S01234,NUTRICAO,T035,V0135,2025-01-01,9999-12-31,CRM
S01234,NUTRICAO,T005,V0160,2026-01-01,9999-12-31,MANUAL
S01234,CHOCOLATES,T035,V0135,2025-01-01,9999-12-31,CRM
S01235,CHOCOLATES,,V0136,2025-01-01,9999-12-31,CRM
S01235,BEBIDAS,,V0136,2025-01-01,9999-12-31,CRM
S01236,LACTEOS,T037,V0137,2025-01-01,9999-12-31,CRM
S01236,NUTRICAO,T037,V0137,2025-01-01,9999-12-31,CRM
S01237,NUTRICAO,T038,V0138,2025-01-01,9999-12-31,CRM
S01237,CULINARIOS,T038,V0138,2025-01-01,9999-12-31,CRM
S01238,LACTEOS,T039,V0139,2025-01-01,9999-12-31,CRM
S01238,CULINARIOS,T039,V0139,2025-01-01,9999-12-31,CRM
S01238,CULINARIOS,T033,V0050,2026-01-01,9999-12-31,MANUAL
S01239,NUTRICAO,T040,V0140,2025-01-01,9999-12-31,CRM
S01239,CHOCOLATES,T040,V0140,2025-01-01,9999-12-31,CRM
S01240,CULINARIOS,T041,V0141,2025-01-01,9999-12-31,CRM
S01240,NUTRICAO,T041,V0141,2025-01-01,9999-12-31,CRM
S01241,CULINARIOS,T042,V0142,2025-01-01,9999-12-31,CRM
S01241,BEBIDAS,T042,V0142,2025-01-01,9999-12-31,CRM
S01242,LACTEOS,T043,V0143,2025-01-01,9999-12-31,CRM
S01242,NUTRICAO,T043,V0143,2025-01-01,9999-12-31,CRM
S01243,CULINARIOS,T044,V0144,2025-01-01,9999-12-31,CRM
S01243,BEBIDAS,T044,V0144,2025-01-01,9999-12-31,CRM
S01244,BEBIDAS,T045,V0145,2025-01-01,9999-12-31,CRM
S01244,NUTRICAO,T045,V0145,2025-01-01,9999-12-31,CRM
S01245,CULINARIOS,T046,V0146,2025-01-01,9999-12-31,CRM
S01245,BEBIDAS,T046,V0146,2025-01-01,9999-12-31,CRM
S01246,BEBIDAS,T047,V0147,2025-01-01,9999-12-31,CRM
S01246,CULINARIOS,T047,V0147,2025-01-01,9999-12-31,CRM
S01247,CHOCOLATES,T048,V0148,2025-01-01,9999-12-31,CRM
S01247,LACTEOS,T048,V0148,2025-01-01,9999-12-31,CRM
S01248,CHOCOLATES,,V0149,2025-01-01,9999-12-31,CRM
S01249,CHOCOLATES,T050,V0150,2025-01-01,9999-12-31,CRM
S01249,LACTEOS,T050,V0150,2025-01-01,9999-12-31,CRM
S01250,NUTRICAO,T051,V0151,2025-01-01,9999-12-31,CRM
S01250,LACTEOS,T051,V0151,2025-01-01,9999-12-31,CRM
S01251,NUTRICAO,T052,V0152,2025-01-01,9999-12-31,CRM
S01251,BEBIDAS,T052,V0152,2025-01-01,9999-12-31,CRM
S01252,NUTRICAO,T053,V0153,2025-01-01,9999-12-31,CRM
S01253,CULINARIOS,T054,V0154,2025-01-01,9999-12-31,CRM
S01253,NUTRICAO,T054,V0154,2025-01-01,9999-12-31,CRM
S01254,LACTEOS,T055,V0155,2025-01-01,9999-12-31,CRM
S01254,CHOCOLATES,T055,V0155,2025-01-01,9999-12-31,CRM
S01254,CHOCOLATES,T069,V0040,2026-01-01,9999-12-31,MANUAL
S01255,BEBIDAS,T056,V0156,2025-01-01,9999-12-31,CRM
S01255,NUTRICAO,T056,V0156,2025-01-01,9999-12-31,CRM
S01256,NUTRICAO,T057,V0157,2025-01-01,9999-12-31,CRM
S01256,CHOCOLATES,T057,V0157,2025-01-01,9999-12-31,CRM
S01257,CULINARIOS,T058,V0158,2025-01-01,9999-12-31,CRM
S01257,NUTRICAO,T058,V0158,2025-01-01,9999-12-31,CRM
S01258,LACTEOS,T059,V0159,2025-01-01,9999-12-31,CRM
S01258,CHOCOLATES,T059,V0159,2025-01-01,9999-12-31,CRM
S01259,LACTEOS,T060,V0160,2025-01-01,9999-12-31,CRM
S01259,CHOCOLATES,T060,V0160,2025-01-01,9999-12-31,CRM
S01260,CHOCOLATES,T061,V0161,2025-01-01,9999-12-31,CRM
S01261,LACTEOS,T062,V0162,2025-01-01,9999-12-31,CRM
S01261,NUTRICAO,T062,V0162,2025-01-01,9999-12-31,CRM
S01262,BEBIDAS,T063,V0163,2025-01-01,9999-12-31,CRM
S01262,CULINARIOS,T063,V0163,2025-01-01,9999-12-31,CRM
S01263,NUTRICAO,T064,V0164,2025-01-01,9999-12-31,CRM
S01263,CULINARIOS,T064,V0164,2025-01-01,9999-12-31,CRM
S01264,NUTRICAO,T065,V0165,2025-01-01,9999-12-31,CRM
S01264,CULINARIOS,T065,V0165,2025-01-01,9999-12-31,CRM
S01265,NUTRICAO,T066,V0166,2025-01-01,9999-12-31,CRM
S01265,BEBIDAS,T066,V0166,2025-01-01,9999-12-31,CRM
S01266,BEBIDAS,T067,V0167,2025-01-01,9999-12-31,CRM
S01266,CULINARIOS,T067,V0167,2025-01-01,9999-12-31,CRM
S01267,NUTRICAO,T068,V0168,2025-01-01,9999-12-31,CRM
S01267,BEBIDAS,T068,V0168,2025-01-01,9999-12-31,CRM
S01268,CULINARIOS,T069,V0169,2025-01-01,9999-12-31,CRM
S01268,LACTEOS,T069,V0169,2025-01-01,9999-12-31,CRM
S01269,LACTEOS,T070,V0170,2025-01-01,9999-12-31,CRM
S01269,CULINARIOS,T070,V0170,2025-01-01,9999-12-31,CRM
S01270,BEBIDAS,T071,V0171,2025-01-01,9999-12-31,CRM
S01270,NUTRICAO,T071,V0171,2025-01-01,9999-12-31,CRM
S01271,CULINARIOS,T072,V0172,2025-01-01,9999-12-31,CRM
S01271,LACTEOS,T072,V0172,2025-01-01,9999-12-31,CRM
S01272,CHOCOLATES,T073,V0173,2025-01-01,9999-12-31,CRM
S01273,CHOCOLATES,T074,V0174,2025-01-01,9999-12-31,CRM
S01273,BEBIDAS,T074,V0174,2025-01-01,9999-12-31,CRM
S01274,CULINARIOS,T075,V0175,2025-01-01,9999-12-31,CRM
S01274,NUTRICAO,T075,V0175,2025-01-01,9999-12-31,CRM
S01275,NUTRICAO,T076,,2025-01-01,9999-12-31,CRM
S01275,LACTEOS,T076,,2025-01-01,9999-12-31,CRM
S01276,BEBIDAS,T077,V0177,2025-01-01,9999-12-31,CRM
S01276,CULINARIOS,T077,V0177,2025-01-01,9999-12-31,CRM
S01277,NUTRICAO,T078,V0178,2025-01-01,9999-12-31,CRM
S01277,LACTEOS,T078,V0178,2025-01-01,9999-12-31,CRM
S01278,BEBIDAS,T079,V0179,2025-01-01,9999-12-31,CRM
S01278,CULINARIOS,T079,V0179,2025-01-01,9999-12-31,CRM
S01279,CHOCOLATES,T080,V0180,2025-01-01,9999-12-31,CRM
S01280,LACTEOS,T001,V0181,2025-01-01,9999-12-31,CRM
S01280,NUTRICAO,T001,V0181,2025-01-01,9999-12-31,CRM
S01281,LACTEOS,T002,V0182,2025-01-01,9999-12-31,CRM
S01281,NUTRICAO,T002,V0182,2025-01-01,9999-12-31,CRM
S01282,LACTEOS,T003,V0183,2025-01-01,9999-12-31,CRM
S01283,LACTEOS,T004,V0184,2025-01-01,9999-12-31,CRM
S01283,NUTRICAO,T004,V0184,2025-01-01,9999-12-31,CRM
S01284,NUTRICAO,T005,V0185,2025-01-01,9999-12-31,CRM
S01284,LACTEOS,T005,V0185,2025-01-01,9999-12-31,CRM
S01285,CHOCOLATES,T006,V0186,2025-01-01,9999-12-31,CRM
S01285,BEBIDAS,T006,V0186,2025-01-01,9999-12-31,CRM
S01286,CHOCOLATES,T007,V0187,2025-01-01,9999-12-31,CRM
S01286,LACTEOS,T007,V0187,2025-01-01,9999-12-31,CRM
S01287,NUTRICAO,T008,V0188,2025-01-01,9999-12-31,CRM
S01288,CULINARIOS,T009,V0189,2025-01-01,9999-12-31,CRM
S01289,LACTEOS,T010,V0190,2025-01-01,9999-12-31,CRM
S01289,CHOCOLATES,T010,V0190,2025-01-01,9999-12-31,CRM
S01290,LACTEOS,T011,V0191,2025-01-01,9999-12-31,CRM
S01290,NUTRICAO,T011,V0191,2025-01-01,9999-12-31,CRM
S01291,NUTRICAO,T012,V0192,2025-01-01,9999-12-31,CRM
S01291,CULINARIOS,T012,V0192,2025-01-01,9999-12-31,CRM
S01291,CULINARIOS,T004,V0100,2026-01-01,9999-12-31,MANUAL
S01292,BEBIDAS,T013,V0193,2025-01-01,9999-12-31,CRM
S01292,LACTEOS,T013,V0193,2025-01-01,9999-12-31,CRM
S01293,CHOCOLATES,T014,V0194,2025-01-01,9999-12-31,CRM
S01294,NUTRICAO,T015,V0195,2025-01-01,9999-12-31,CRM
S01294,LACTEOS,T015,V0195,2025-01-01,9999-12-31,CRM
S01295,NUTRICAO,T016,V0196,2025-01-01,9999-12-31,CRM
S01295,LACTEOS,T016,V0196,2025-01-01,9999-12-31,CRM
S01296,BEBIDAS,T017,V0197,2025-01-01,9999-12-31,CRM
S01296,CHOCOLATES,T017,V0197,2025-01-01,9999-12-31,CRM
S01297,NUTRICAO,T018,V0198,2025-01-01,9999-12-31,CRM
S01298,CULINARIOS,T019,V0199,2025-01-01,9999-12-31,CRM
S01298,CHOCOLATES,T019,V0199,2025-01-01,9999-12-31,CRM
S01299,CULINARIOS,T020,V0200,2025-01-01,9999-12-31,CRM
S01300,CULINARIOS,T021,V0201,2025-01-01,9999-12-31,CRM
S01300,CHOCOLATES,T021,V0201,2025-01-01,9999-12-31,CRM
S01301,NUTRICAO,T022,V0202,2025-01-01,9999-12-31,CRM
S01301,CHOCOLATES,T022,V0202,2025-01-01,9999-12-31,CRM
S01302,NUTRICAO,T023,V0203,2025-01-01,9999-12-31,CRM
S01302,CHOCOLATES,T023,V0203,2025-01-01,9999-12-31,CRM
S01303,CHOCOLATES,T024,V0204,2025-01-01,9999-12-31,CRM
S01304,CULINARIOS,T025,V0205,2025-01-01,9999-12-31,CRM
S01304,CHOCOLATES,T025,V0205,2025-01-01,9999-12-31,CRM
S01305,CHOCOLATES,T026,V0206,2025-01-01,9999-12-31,CRM
S01305,BEBIDAS,T026,V0206,2025-01-01,9999-12-31,CRM
S01306,LACTEOS,T027,V0207,2025-01-01,9999-12-31,CRM
S01306,BEBIDAS,T027,V0207,2025-01-01,9999-12-31,CRM
S01307,LACTEOS,,V0208,2025-01-01,9999-12-31,CRM
S01307,BEBIDAS,,V0208,2025-01-01,9999-12-31,CRM
S01308,CHOCOLATES,T029,V0209,2025-01-01,9999-12-31,CRM
S01309,CULINARIOS,T030,V0210,2025-01-01,9999-12-31,CRM
S01309,LACTEOS,T030,V0210,2025-01-01,9999-12-31,CRM
S01310,BEBIDAS,T031,V0211,2025-01-01,9999-12-31,CRM
S01310,CHOCOLATES,T031,V0211,2025-01-01,9999-12-31,CRM
S01311,NUTRICAO,T032,V0212,2025-01-01,9999-12-31,CRM
S01311,CULINARIOS,T032,V0212,2025-01-01,9999-12-31,CRM
S01312,CULINARIOS,T033,,2025-01-01,9999-12-31,CRM
S01312,BEBIDAS,T033,,2025-01-01,9999-12-31,CRM
S01313,CULINARIOS,T034,V0214,2025-01-01,9999-12-31,CRM
S01313,NUTRICAO,T034,V0214,2025-01-01,9999-12-31,CRM
S01314,CULINARIOS,T035,V0215,2025-01-01,9999-12-31,CRM
S01314,NUTRICAO,T035,V0215,2025-01-01,9999-12-31,CRM
S01315,NUTRICAO,T036,V0216,2025-01-01,9999-12-31,CRM
S01315,LACTEOS,T036,V0216,2025-01-01,9999-12-31,CRM
S01316,CHOCOLATES,T037,V0217,2025-01-01,9999-12-31,CRM
S01317,LACTEOS,T038,V0218,2025-01-01,9999-12-31,CRM
S01317,CHOCOLATES,T038,V0218,2025-01-01,9999-12-31,CRM
S01318,CHOCOLATES,T039,V0219,2025-01-01,9999-12-31,CRM
S01318,LACTEOS,T039,V0219,2025-01-01,9999-12-31,CRM
S01319,NUTRICAO,T040,V0220,2025-01-01,9999-12-31,CRM
S01319,CHOCOLATES,T040,V0220,2025-01-01,9999-12-31,CRM
S01320,NUTRICAO,T041,V0001,2025-01-01,9999-12-31,CRM
S01320,CHOCOLATES,T041,V0001,2025-01-01,9999-12-31,CRM
S01320,CHOCOLATES,T020,V0162,2026-01-01,9999-12-31,MANUAL
S01321,BEBIDAS,,V0002,2025-01-01,9999-12-31,CRM
S01321,NUTRICAO,,V0002,2025-01-01,9999-12-31,CRM
S01322,CULINARIOS,T043,V0003,2025-01-01,9999-12-31,CRM
S01322,LACTEOS,T043,V0003,2025-01-01,9999-12-31,CRM
S01323,NUTRICAO,T044,V0004,2025-01-01,9999-12-31,CRM
S01323,BEBIDAS,T044,V0004,2025-01-01,9999-12-31,CRM
S01324,CHOCOLATES,T045,V0005,2025-01-01,9999-12-31,CRM
S01325,CULINARIOS,T046,V0006,2025-01-01,9999-12-31,CRM
S01325,CHOCOLATES,T046,V0006,2025-01-01,9999-12-31,CRM
S01326,CULINARIOS,T047,V0007,2025-01-01,9999-12-31,CRM
S01327,NUTRICAO,T048,V0008,2025-01-01,9999-12-31,CRM
S01327,LACTEOS,T048,V0008,2025-01-01,9999-12-31,CRM
S01328,CHOCOLATES,T049,V0009,2025-01-01,9999-12-31,CRM
S01328,LACTEOS,T049,V0009,2025-01-01,9999-12-31,CRM
S01329,BEBIDAS,T050,V0010,2025-01-01,9999-12-31,CRM
S01329,LACTEOS,T050,V0010,2025-01-01,9999-12-31,CRM
S01330,CULINARIOS,T051,V0011,2025-01-01,9999-12-31,CRM
S01330,BEBIDAS,T051,V0011,2025-01-01,9999-12-31,CRM
S01331,CHOCOLATES,T052,,2025-01-01,9999-12-31,CRM
S01331,NUTRICAO,T052,,2025-01-01,9999-12-31,CRM
S01332,NUTRICAO,T053,V0013,2025-01-01,9999-12-31,CRM
S01332,BEBIDAS,T053,V0013,2025-01-01,9999-12-31,CRM
S01333,BEBIDAS,T054,,2025-01-01,9999-12-31,CRM
S01333,LACTEOS,T054,,2025-01-01,9999-12-31,CRM
S01334,BEBIDAS,T055,V0015,2025-01-01,9999-12-31,CRM
S01334,LACTEOS,T055,V0015,2025-01-01,9999-12-31,CRM
S01335,CULINARIOS,T056,V0016,2025-01-01,9999-12-31,CRM
S01335,BEBIDAS,T056,V0016,2025-01-01,9999-12-31,CRM
S01336,BEBIDAS,T057,V0017,2025-01-01,9999-12-31,CRM
S01337,LACTEOS,T058,V0018,2025-01-01,9999-12-31,CRM
S01337,CHOCOLATES,T058,V0018,2025-01-01,9999-12-31,CRM
S01338,CHOCOLATES,T059,V0019,2025-01-01,9999-12-31,CRM
S01338,BEBIDAS,T059,V0019,2025-01-01,9999-12-31,CRM
S01339,LACTEOS,T060,V0020,2025-01-01,9999-12-31,CRM
S01339,CULINARIOS,T060,V0020,2025-01-01,9999-12-31,CRM
S01340,NUTRICAO,T061,V0021,2025-01-01,9999-12-31,CRM
S01340,CULINARIOS,T061,V0021,2025-01-01,9999-12-31,CRM
S01341,NUTRICAO,T062,V0022,2025-01-01,9999-12-31,CRM
S01341,LACTEOS,T062,V0022,2025-01-01,9999-12-31,CRM
S01342,NUTRICAO,T063,V0023,2025-01-01,9999-12-31,CRM
S01342,CULINARIOS,T063,V0023,2025-01-01,9999-12-31,CRM
S01343,CULINARIOS,T064,V0024,2025-01-01,9999-12-31,CRM
S01343,CHOCOLATES,T064,V0024,2025-01-01,9999-12-31,CRM
S01344,LACTEOS,T065,V0025,2025-01-01,9999-12-31,CRM
S01344,CHOCOLATES,T065,V0025,2025-01-01,9999-12-31,CRM
S01345,NUTRICAO,T066,V0026,2025-01-01,9999-12-31,CRM
S01345,BEBIDAS,T066,V0026,2025-01-01,9999-12-31,CRM
S01346,BEBIDAS,T067,V0027,2025-01-01,9999-12-31,CRM
S01346,CULINARIOS,T067,V0027,2025-01-01,9999-12-31,CRM
S01347,CULINARIOS,T068,V0028,2025-01-01,9999-12-31,CRM
S01347,NUTRICAO,T068,V0028,2025-01-01,9999-12-31,CRM
S01348,CULINARIOS,T069,V0029,2025-01-01,9999-12-31,CRM
S01348,CHOCOLATES,T069,V0029,2025-01-01,9999-12-31,CRM
S01349,NUTRICAO,T070,V0030,2025-01-01,9999-12-31,CRM
S01349,CULINARIOS,T070,V0030,2025-01-01,9999-12-31,CRM
S01350,CHOCOLATES,T071,V0031,2025-01-01,9999-12-31,CRM
S01350,LACTEOS,T071,V0031,2025-01-01,9999-12-31,CRM
S01351,BEBIDAS,T072,V0032,2025-01-01,9999-12-31,CRM
S01351,LACTEOS,T072,V0032,2025-01-01,9999-12-31,CRM
S01352,NUTRICAO,T073,V0033,2025-01-01,9999-12-31,CRM
S01352,CULINARIOS,T073,V0033,2025-01-01,9999-12-31,CRM
S01353,NUTRICAO,T074,V0034,2025-01-01,9999-12-31,CRM
S01353,CULINARIOS,T074,V0034,2025-01-01,9999-12-31,CRM
S01354,CHOCOLATES,T075,V0035,2025-01-01,9999-12-31,CRM
S01354,CULINARIOS,T075,V0035,2025-01-01,9999-12-31,CRM
S01355,CHOCOLATES,T076,V0036,2025-01-01,9999-12-31,CRM
S01355,CULINARIOS,T076,V0036,2025-01-01,9999-12-31,CRM
S01356,CHOCOLATES,T077,V0037,2025-01-01,9999-12-31,CRM
S01356,LACTEOS,T077,V0037,2025-01-01,9999-12-31,CRM
S01358,LACTEOS,T079,V0039,2025-01-01,9999-12-31,CRM
S01358,NUTRICAO,T079,V0039,2025-01-01,9999-12-31,CRM
S01359,NUTRICAO,T080,V0040,2025-01-01,9999-12-31,CRM
S01359,CULINARIOS,T080,V0040,2025-01-01,9999-12-31,CRM
S01360,LACTEOS,T001,V0041,2025-01-01,9999-12-31,CRM
S01361,CHOCOLATES,T002,V0042,2025-01-01,9999-12-31,CRM
S01361,CULINARIOS,T002,V0042,2025-01-01,9999-12-31,CRM
S01362,CULINARIOS,T003,V0043,2025-01-01,9999-12-31,CRM
S01362,CULINARIOS,T016,V0012,2026-01-01,9999-12-31,MANUAL
S01362,LACTEOS,T003,V0043,2025-01-01,9999-12-31,CRM
S01363,CULINARIOS,T004,V0044,2025-01-01,9999-12-31,CRM
S01363,CHOCOLATES,T004,V0044,2025-01-01,9999-12-31,CRM
S01364,CHOCOLATES,T005,V0045,2025-01-01,9999-12-31,CRM
S01364,BEBIDAS,T005,V0045,2025-01-01,9999-12-31,CRM
S01365,CHOCOLATES,T006,V0046,2025-01-01,9999-12-31,CRM
S01366,CHOCOLATES,T007,V0047,2025-01-01,9999-12-31,CRM
S01366,BEBIDAS,T007,V0047,2025-01-01,9999-12-31,CRM
S01367,CHOCOLATES,T008,V0048,2025-01-01,9999-12-31,CRM
S01367,CULINARIOS,T008,V0048,2025-01-01,9999-12-31,CRM
S01368,NUTRICAO,T009,V0049,2025-01-01,9999-12-31,CRM
S01368,CHOCOLATES,T009,V0049,2025-01-01,9999-12-31,CRM
S01369,CHOCOLATES,T010,V0050,2025-01-01,9999-12-31,CRM
S01369,BEBIDAS,T010,V0050,2025-01-01,9999-12-31,CRM
S01370,LACTEOS,,V0051,2025-01-01,9999-12-31,CRM
S01370,NUTRICAO,,V0051,2025-01-01,9999-12-31,CRM
S01371,BEBIDAS,T012,V0052,2025-01-01,9999-12-31,CRM
S01371,BEBIDAS,T044,V0060,2026-01-01,9999-12-31,MANUAL
S01371,CHOCOLATES,T012,V0052,2025-01-01,9999-12-31,CRM
S01372,CULINARIOS,T013,V0053,2025-01-01,9999-12-31,CRM
S01372,CHOCOLATES,T013,V0053,2025-01-01,9999-12-31,CRM
S01373,NUTRICAO,T014,V0054,2025-01-01,9999-12-31,CRM
S01373,LACTEOS,T014,V0054,2025-01-01,9999-12-31,CRM
S01374,CULINARIOS,T015,V0055,2025-01-01,9999-12-31,CRM
S01374,LACTEOS,T015,V0055,2025-01-01,9999-12-31,CRM
S01375,CHOCOLATES,T016,V0056,2025-01-01,9999-12-31,CRM
S01375,BEBIDAS,T016,V0056,2025-01-01,9999-12-31,CRM
S01376,LACTEOS,T017,V0057,2025-01-01,9999-12-31,CRM
S01376,CHOCOLATES,T017,V0057,2025-01-01,9999-12-31,CRM
S01377,NUTRICAO,T018,V0058,2025-01-01,9999-12-31,CRM
S01377,BEBIDAS,T018,V0058,2025-01-01,9999-12-31,CRM
S01378,CULINARIOS,T019,V0059,2025-01-01,9999-12-31,CRM
S01378,CHOCOLATES,T019,V0059,2025-01-01,9999-12-31,CRM
S01379,LACTEOS,T020,V0060,2025-01-01,9999-12-31,CRM
S01379,NUTRICAO,T020,V0060,2025-01-01,9999-12-31,CRM
S01380,LACTEOS,T021,V0061,2025-01-01,9999-12-31,CRM
S01381,CULINARIOS,T022,V0062,2025-01-01,9999-12-31,CRM
S01381,CHOCOLATES,T022,V0062,2025-01-01,9999-12-31,CRM
S01382,BEBIDAS,T023,V0063,2025-01-01,9999-12-31,CRM
S01382,CULINARIOS,T023,V0063,2025-01-01,9999-12-31,CRM
S01383,BEBIDAS,T024,V0064,2025-01-01,9999-12-31,CRM
S01383,CULINARIOS,T024,V0064,2025-01-01,9999-12-31,CRM
S01384,CHOCOLATES,T025,V0065,2025-01-01,9999-12-31,CRM
S01384,CULINARIOS,T025,V0065,2025-01-01,9999-12-31,CRM
S01385,LACTEOS,T026,V0066,2025-01-01,9999-12-31,CRM
S01385,NUTRICAO,T026,V0066,2025-01-01,9999-12-31,CRM
S01386,NUTRICAO,T027,V0067,2025-01-01,9999-12-31,CRM
S01386,NUTRICAO,T076,V0192,2026-01-01,9999-12-31,MANUAL
S01386,LACTEOS,T027,V0067,2025-01-01,9999-12-31,CRM
S01387,CHOCOLATES,T028,V0068,2025-01-01,9999-12-31,CRM
S01387,CULINARIOS,T028,V0068,2025-01-01,9999-12-31,CRM
S01388,CULINARIOS,T029,V0069,2025-01-01,9999-12-31,CRM
S01388,CHOCOLATES,T029,V0069,2025-01-01,9999-12-31,CRM
S01389,NUTRICAO,T030,V0070,2025-01-01,9999-12-31,CRM
S01389,CULINARIOS,T030,V0070,2025-01-01,9999-12-31,CRM
S01390,NUTRICAO,T031,V0071,2025-01-01,9999-12-31,CRM
S01390,BEBIDAS,T031,V0071,2025-01-01,9999-12-31,CRM
S01392,NUTRICAO,T033,V0073,2025-01-01,9999-12-31,CRM
S01392,CULINARIOS,T033,V0073,2025-01-01,9999-12-31,CRM
S01393,CHOCOLATES,T034,V0074,2025-01-01,9999-12-31,CRM
S01393,NUTRICAO,T034,V0074,2025-01-01,9999-12-31,CRM
S01394,CHOCOLATES,T035,V0075,2025-01-01,9999-12-31,CRM
S01394,NUTRICAO,T035,V0075,2025-01-01,9999-12-31,CRM
S01395,NUTRICAO,T036,V0076,2025-01-01,9999-12-31,CRM
S01395,CHOCOLATES,T036,V0076,2025-01-01,9999-12-31,CRM
S01395,CHOCOLATES,T072,V0174,2026-01-01,9999-12-31,MANUAL
S01396,CHOCOLATES,T037,V0077,2025-01-01,9999-12-31,CRM
S01396,CULINARIOS,T037,V0077,2025-01-01,9999-12-31,CRM
S01397,CULINARIOS,T038,V0078,2025-01-01,9999-12-31,CRM
S01398,CULINARIOS,T039,V0079,2025-01-01,9999-12-31,CRM
S01398,NUTRICAO,T039,V0079,2025-01-01,9999-12-31,CRM
S01398,NUTRICAO,T006,V0027,2026-01-01,9999-12-31,MANUAL
S01399,NUTRICAO,T040,V0080,2025-01-01,9999-12-31,CRM
S01399,CULINARIOS,T040,V0080,2025-01-01,9999-12-31,CRM
S01399,CULINARIOS,T075,V0055,2026-01-01,9999-12-31,MANUAL
S01400,BEBIDAS,T041,V0081,2025-01-01,9999-12-31,CRM
S01400,NUTRICAO,T041,V0081,2025-01-01,9999-12-31,CRM
S01401,CHOCOLATES,T042,V0082,2025-01-01,9999-12-31,CRM
S01401,CHOCOLATES,T047,V0039,2026-01-01,9999-12-31,MANUAL
S01401,LACTEOS,T042,V0082,2025-01-01,9999-12-31,CRM
S01402,BEBIDAS,T043,V0083,2025-01-01,9999-12-31,CRM
S01402,NUTRICAO,T043,V0083,2025-01-01,9999-12-31,CRM
S01403,LACTEOS,T044,V0084,2025-01-01,9999-12-31,CRM
S01403,CHOCOLATES,T044,V0084,2025-01-01,9999-12-31,CRM
S01404,CHOCOLATES,T045,V0085,2025-01-01,9999-12-31,CRM
S01404,LACTEOS,T045,V0085,2025-01-01,9999-12-31,CRM
S01405,LACTEOS,T046,V0086,2025-01-01,9999-12-31,CRM
S01405,NUTRICAO,T046,V0086,2025-01-01,9999-12-31,CRM
S01406,LACTEOS,T047,V0087,2025-01-01,9999-12-31,CRM
S01406,CULINARIOS,T047,V0087,2025-01-01,9999-12-31,CRM
S01407,CULINARIOS,T048,V0088,2025-01-01,9999-12-31,CRM
S01407,BEBIDAS,T048,V0088,2025-01-01,9999-12-31,CRM
S01408,CHOCOLATES,T049,V0089,2025-01-01,9999-12-31,CRM
S01408,NUTRICAO,T049,V0089,2025-01-01,9999-12-31,CRM
S01409,BEBIDAS,T050,V0090,2025-01-01,9999-12-31,CRM
S01409,CHOCOLATES,T050,V0090,2025-01-01,9999-12-31,CRM
S01410,LACTEOS,T051,V0091,2025-01-01,9999-12-31,CRM
S01410,BEBIDAS,T051,V0091,2025-01-01,9999-12-31,CRM
S01411,CHOCOLATES,,V0092,2025-01-01,9999-12-31,CRM
S01411,LACTEOS,,V0092,2025-01-01,9999-12-31,CRM
S01412,NUTRICAO,T053,V0093,2025-01-01,9999-12-31,CRM
S01412,BEBIDAS,T053,V0093,2025-01-01,9999-12-31,CRM
S01413,NUTRICAO,T054,V0094,2025-01-01,9999-12-31,CRM
S01413,CULINARIOS,T054,V0094,2025-01-01,9999-12-31,CRM
S01414,NUTRICAO,T055,V0095,2025-01-01,9999-12-31,CRM
S01414,CULINARIOS,T055,V0095,2025-01-01,9999-12-31,CRM
S01415,NUTRICAO,T056,V0096,2025-01-01,9999-12-31,CRM
S01415,CULINARIOS,T056,V0096,2025-01-01,9999-12-31,CRM
S01416,CHOCOLATES,,V0097,2025-01-01,9999-12-31,CRM
S01417,CULINARIOS,T058,V0098,2025-01-01,9999-12-31,CRM
S01418,BEBIDAS,T059,V0099,2025-01-01,9999-12-31,CRM
S01418,NUTRICAO,T059,V0099,2025-01-01,9999-12-31,CRM
S01419,CHOCOLATES,T060,V0100,2025-01-01,9999-12-31,CRM
S01419,NUTRICAO,T060,V0100,2025-01-01,9999-12-31,CRM
S01420,BEBIDAS,T061,V0101,2025-01-01,9999-12-31,CRM
S01420,CULINARIOS,T061,V0101,2025-01-01,9999-12-31,CRM
S01421,LACTEOS,T062,V0102,2025-01-01,9999-12-31,CRM
S01421,CHOCOLATES,T062,V0102,2025-01-01,9999-12-31,CRM
S01422,BEBIDAS,T063,V0103,2025-01-01,9999-12-31,CRM
S01422,CHOCOLATES,T063,V0103,2025-01-01,9999-12-31,CRM
S01423,CHOCOLATES,T064,V0104,2025-01-01,9999-12-31,CRM
S01424,LACTEOS,T065,V0105,2025-01-01,9999-12-31,CRM
S01424,BEBIDAS,T065,V0105,2025-01-01,9999-12-31,CRM
S01425,CULINARIOS,T066,V0106,2025-01-01,9999-12-31,CRM
S01425,BEBIDAS,T066,V0106,2025-01-01,9999-12-31,CRM
S01426,CULINARIOS,T067,V0107,2025-01-01,9999-12-31,CRM
S01427,CULINARIOS,T068,V0108,2025-01-01,9999-12-31,CRM
S01427,CULINARIOS,T060,V0105,2026-01-01,9999-12-31,MANUAL
S01428,NUTRICAO,T069,V0109,2025-01-01,9999-12-31,CRM
S01428,LACTEOS,T069,V0109,2025-01-01,9999-12-31,CRM
S01429,NUTRICAO,T070,V0110,2025-01-01,9999-12-31,CRM
S01429,CULINARIOS,T070,V0110,2025-01-01,9999-12-31,CRM
S01430,NUTRICAO,T071,V0111,2025-01-01,9999-12-31,CRM
S01430,LACTEOS,T071,V0111,2025-01-01,9999-12-31,CRM
S01431,NUTRICAO,T072,V0112,2025-01-01,9999-12-31,CRM
S01431,LACTEOS,T072,V0112,2025-01-01,9999-12-31,CRM
S01432,CULINARIOS,T073,V0113,2025-01-01,9999-12-31,CRM
S01432,CHOCOLATES,T073,V0113,2025-01-01,9999-12-31,CRM
S01433,BEBIDAS,T074,V0114,2025-01-01,9999-12-31,CRM
S01433,CHOCOLATES,T074,V0114,2025-01-01,9999-12-31,CRM
S01434,NUTRICAO,T075,V0115,2025-01-01,9999-12-31,CRM
S01435,CHOCOLATES,T076,V0116,2025-01-01,9999-12-31,CRM
S01435,NUTRICAO,T076,V0116,2025-01-01,9999-12-31,CRM
S01436,NUTRICAO,T077,V0117,2025-01-01,9999-12-31,CRM
S01436,CULINARIOS,T077,V0117,2025-01-01,9999-12-31,CRM
S01437,NUTRICAO,T078,V0118,2025-01-01,9999-12-31,CRM
S01437,CHOCOLATES,T078,V0118,2025-01-01,9999-12-31,CRM
S01438,BEBIDAS,T079,V0119,2025-01-01,9999-12-31,CRM
S01438,LACTEOS,T079,V0119,2025-01-01,9999-12-31,CRM
S01439,NUTRICAO,T080,V0120,2025-01-01,9999-12-31,CRM
S01439,LACTEOS,T080,V0120,2025-01-01,9999-12-31,CRM
S01440,NUTRICAO,T001,V0121,2025-01-01,9999-12-31,CRM
S01441,LACTEOS,T002,V0122,2025-01-01,9999-12-31,CRM
S01441,BEBIDAS,T002,V0122,2025-01-01,9999-12-31,CRM
S01442,CHOCOLATES,T003,V0123,2025-01-01,9999-12-31,CRM
S01442,CULINARIOS,T003,V0123,2025-01-01,9999-12-31,CRM
S01443,CHOCOLATES,T004,V0124,2025-01-01,9999-12-31,CRM
S01443,CULINARIOS,T004,V0124,2025-01-01,9999-12-31,CRM
S01444,LACTEOS,T005,V0125,2025-01-01,9999-12-31,CRM
S01444,CULINARIOS,T005,V0125,2025-01-01,9999-12-31,CRM
S01445,CULINARIOS,T006,V0126,2025-01-01,9999-12-31,CRM
S01445,LACTEOS,T006,V0126,2025-01-01,9999-12-31,CRM
S01446,CULINARIOS,T007,V0127,2025-01-01,9999-12-31,CRM
S01447,LACTEOS,T008,V0128,2025-01-01,9999-12-31,CRM
S01447,CULINARIOS,T008,V0128,2025-01-01,9999-12-31,CRM
S01448,NUTRICAO,T009,V0129,2025-01-01,9999-12-31,CRM
S01448,CHOCOLATES,T009,V0129,2025-01-01,9999-12-31,CRM
S01449,CHOCOLATES,T010,V0130,2025-01-01,9999-12-31,CRM
S01449,CULINARIOS,T010,V0130,2025-01-01,9999-12-31,CRM
S01450,CHOCOLATES,T011,V0131,2025-01-01,9999-12-31,CRM
S01450,LACTEOS,T011,V0131,2025-01-01,9999-12-31,CRM
S01451,CHOCOLATES,T012,V0132,2025-01-01,9999-12-31,CRM
S01451,CULINARIOS,T012,V0132,2025-01-01,9999-12-31,CRM
S01452,NUTRICAO,T013,V0133,2025-01-01,9999-12-31,CRM
S01452,BEBIDAS,T013,V0133,2025-01-01,9999-12-31,CRM
S01453,BEBIDAS,T014,V0134,2025-01-01,9999-12-31,CRM
S01454,BEBIDAS,T015,V0135,2025-01-01,9999-12-31,CRM
S01454,CULINARIOS,T015,V0135,2025-01-01,9999-12-31,CRM
S01455,CHOCOLATES,T016,V0136,2025-01-01,9999-12-31,CRM
S01456,NUTRICAO,T017,,2025-01-01,9999-12-31,CRM
S01456,CULINARIOS,T017,,2025-01-01,9999-12-31,CRM
S01457,BEBIDAS,T018,V0138,2025-01-01,9999-12-31,CRM
S01457,LACTEOS,T018,V0138,2025-01-01,9999-12-31,CRM
S01458,NUTRICAO,T019,V0139,2025-01-01,9999-12-31,CRM
S01458,CHOCOLATES,T019,V0139,2025-01-01,9999-12-31,CRM
S01458,CHOCOLATES,T077,V0013,2026-01-01,9999-12-31,MANUAL
S01459,BEBIDAS,T020,V0140,2025-01-01,9999-12-31,CRM
S01459,CHOCOLATES,T020,V0140,2025-01-01,9999-12-31,CRM
S01460,LACTEOS,T021,V0141,2025-01-01,9999-12-31,CRM
S01460,BEBIDAS,T021,V0141,2025-01-01,9999-12-31,CRM
S01461,BEBIDAS,T022,V0142,2025-01-01,9999-12-31,CRM
S01462,NUTRICAO,T023,V0143,2025-01-01,9999-12-31,CRM
S01462,LACTEOS,T023,V0143,2025-01-01,9999-12-31,CRM
S01463,BEBIDAS,T024,V0144,2025-01-01,9999-12-31,CRM
S01463,LACTEOS,T024,V0144,2025-01-01,9999-12-31,CRM
S01464,BEBIDAS,T025,V0145,2025-01-01,9999-12-31,CRM
S01464,LACTEOS,T025,V0145,2025-01-01,9999-12-31,CRM
S01465,NUTRICAO,T026,V0146,2025-01-01,9999-12-31,CRM
S01465,BEBIDAS,T026,V0146,2025-01-01,9999-12-31,CRM
S01466,LACTEOS,T027,V0147,2025-01-01,9999-12-31,CRM
S01467,LACTEOS,T028,V0148,2025-01-01,9999-12-31,CRM
S01467,BEBIDAS,T028,V0148,2025-01-01,9999-12-31,CRM
S01468,NUTRICAO,T029,V0149,2025-01-01,9999-12-31,CRM
S01469,BEBIDAS,T030,V0150,2025-01-01,9999-12-31,CRM
S01470,BEBIDAS,T031,,2025-01-01,9999-12-31,CRM
S01471,CHOCOLATES,T032,V0152,2025-01-01,9999-12-31,CRM
S01472,CULINARIOS,T033,V0153,2025-01-01,9999-12-31,CRM
S01472,CHOCOLATES,T033,V0153,2025-01-01,9999-12-31,CRM
S01473,NUTRICAO,T034,V0154,2025-01-01,9999-12-31,CRM
S01473,CULINARIOS,T034,V0154,2025-01-01,9999-12-31,CRM
S01474,NUTRICAO,T035,V0155,2025-01-01,9999-12-31,CRM
S01474,BEBIDAS,T035,V0155,2025-01-01,9999-12-31,CRM
S01475,CHOCOLATES,T036,V0156,2025-01-01,9999-12-31,CRM
S01475,LACTEOS,T036,V0156,2025-01-01,9999-12-31,CRM
S01476,NUTRICAO,T037,V0157,2025-01-01,9999-12-31,CRM
S01476,LACTEOS,T037,V0157,2025-01-01,9999-12-31,CRM
S01477,CHOCOLATES,T038,V0158,2025-01-01,9999-12-31,CRM
S01477,CULINARIOS,T038,V0158,2025-01-01,9999-12-31,CRM
S01478,NUTRICAO,T039,V0159,2025-01-01,9999-12-31,CRM
S01478,CHOCOLATES,T039,V0159,2025-01-01,9999-12-31,CRM
S01479,LACTEOS,T040,V0160,2025-01-01,9999-12-31,CRM
S01479,NUTRICAO,T040,V0160,2025-01-01,9999-12-31,CRM
S01480,BEBIDAS,T041,V0161,2025-01-01,9999-12-31,CRM
S01480,NUTRICAO,T041,V0161,2025-01-01,9999-12-31,CRM
S01481,BEBIDAS,T042,V0162,2025-01-01,9999-12-31,CRM
S01481,NUTRICAO,T042,V0162,2025-01-01,9999-12-31,CRM
S01482,NUTRICAO,T043,V0163,2025-01-01,9999-12-31,CRM
S01482,BEBIDAS,T043,V0163,2025-01-01,9999-12-31,CRM
S01483,NUTRICAO,T044,V0164,2025-01-01,9999-12-31,CRM
S01483,CHOCOLATES,T044,V0164,2025-01-01,9999-12-31,CRM
S01484,CULINARIOS,T045,V0165,2025-01-01,9999-12-31,CRM
S01484,LACTEOS,T045,V0165,2025-01-01,9999-12-31,CRM
S01485,CHOCOLATES,T046,V0166,2025-01-01,9999-12-31,CRM
S01485,CULINARIOS,T046,V0166,2025-01-01,9999-12-31,CRM
S01486,BEBIDAS,T047,,2025-01-01,9999-12-31,CRM
S01486,LACTEOS,T047,,2025-01-01,9999-12-31,CRM
S01487,CHOCOLATES,T048,V0168,2025-01-01,9999-12-31,CRM
S01487,BEBIDAS,T048,V0168,2025-01-01,9999-12-31,CRM
S01488,CULINARIOS,T049,V0169,2025-01-01,9999-12-31,CRM
S01488,NUTRICAO,T049,V0169,2025-01-01,9999-12-31,CRM
S01489,LACTEOS,T050,V0170,2025-01-01,9999-12-31,CRM
S01489,NUTRICAO,T050,V0170,2025-01-01,9999-12-31,CRM
S01490,CHOCOLATES,T051,V0171,2025-01-01,9999-12-31,CRM
S01490,NUTRICAO,T051,V0171,2025-01-01,9999-12-31,CRM
S01491,LACTEOS,T052,V0172,2025-01-01,9999-12-31,CRM
S01491,CHOCOLATES,T052,V0172,2025-01-01,9999-12-31,CRM
S01492,LACTEOS,T053,V0173,2025-01-01,9999-12-31,CRM
S01492,NUTRICAO,T053,V0173,2025-01-01,9999-12-31,CRM
S01493,LACTEOS,T054,V0174,2025-01-01,9999-12-31,CRM
S01493,CHOCOLATES,T054,V0174,2025-01-01,9999-12-31,CRM
S01494,NUTRICAO,,V0175,2025-01-01,9999-12-31,CRM
S01494,BEBIDAS,,V0175,2025-01-01,9999-12-31,CRM
S01495,NUTRICAO,T056,,2025-01-01,9999-12-31,CRM
S01495,LACTEOS,T056,,2025-01-01,9999-12-31,CRM
S01496,CULINARIOS,,V0177,2025-01-01,9999-12-31,CRM
S01496,LACTEOS,,V0177,2025-01-01,9999-12-31,CRM
S01497,CULINARIOS,T058,V0178,2025-01-01,9999-12-31,CRM
S01497,NUTRICAO,T058,V0178,2025-01-01,9999-12-31,CRM
S01498,BEBIDAS,T059,V0179,2025-01-01,9999-12-31,CRM
S01498,CHOCOLATES,T059,V0179,2025-01-01,9999-12-31,CRM
S01499,CULINARIOS,T060,V0180,2025-01-01,9999-12-31,CRM
S01500,NUTRICAO,T061,V0181,2025-01-01,9999-12-31,CRM
S01501,CULINARIOS,T062,V0182,2025-01-01,9999-12-31,CRM
S01501,BEBIDAS,T062,V0182,2025-01-01,9999-12-31,CRM
S01502,NUTRICAO,T063,V0183,2025-01-01,9999-12-31,CRM
S01502,CULINARIOS,T063,V0183,2025-01-01,9999-12-31,CRM
S01503,NUTRICAO,T064,V0184,2025-01-01,9999-12-31,CRM
S01503,LACTEOS,T064,V0184,2025-01-01,9999-12-31,CRM
S01504,NUTRICAO,T065,V0185,2025-01-01,9999-12-31,CRM
S01504,CHOCOLATES,T065,V0185,2025-01-01,9999-12-31,CRM
S01505,LACTEOS,T066,,2025-01-01,9999-12-31,CRM
S01505,CULINARIOS,T066,,2025-01-01,9999-12-31,CRM
S01506,BEBIDAS,T067,V0187,2025-01-01,9999-12-31,CRM
S01506,NUTRICAO,T067,V0187,2025-01-01,9999-12-31,CRM
S01507,BEBIDAS,T068,V0188,2025-01-01,9999-12-31,CRM
S01507,NUTRICAO,T068,V0188,2025-01-01,9999-12-31,CRM
S01508,BEBIDAS,T069,V0189,2025-01-01,9999-12-31,CRM
S01508,NUTRICAO,T069,V0189,2025-01-01,9999-12-31,CRM
S01509,NUTRICAO,T070,V0190,2025-01-01,9999-12-31,CRM
S01509,BEBIDAS,T070,V0190,2025-01-01,9999-12-31,CRM
S01510,LACTEOS,T071,V0191,2025-01-01,9999-12-31,CRM
S01510,CHOCOLATES,T071,V0191,2025-01-01,9999-12-31,CRM
S01511,NUTRICAO,T072,V0192,2025-01-01,9999-12-31,CRM
S01512,NUTRICAO,T073,V0193,2025-01-01,9999-12-31,CRM
S01512,BEBIDAS,T073,V0193,2025-01-01,9999-12-31,CRM
S01513,NUTRICAO,T074,V0194,2025-01-01,9999-12-31,CRM
S01513,CHOCOLATES,T074,V0194,2025-01-01,9999-12-31,CRM
S01514,BEBIDAS,T075,V0195,2025-01-01,9999-12-31,CRM
S01514,CHOCOLATES,T075,V0195,2025-01-01,9999-12-31,CRM
S01515,CHOCOLATES,T076,V0196,2025-01-01,9999-12-31,CRM
S01515,CULINARIOS,T076,V0196,2025-01-01,9999-12-31,CRM
S01516,NUTRICAO,,V0197,2025-01-01,9999-12-31,CRM
S01516,CULINARIOS,,V0197,2025-01-01,9999-12-31,CRM
S01517,LACTEOS,T078,V0198,2025-01-01,9999-12-31,CRM
S01517,CHOCOLATES,T078,V0198,2025-01-01,9999-12-31,CRM
S01518,CULINARIOS,T079,V0199,2025-01-01,9999-12-31,CRM
S01518,CHOCOLATES,T079,V0199,2025-01-01,9999-12-31,CRM
S01519,CULINARIOS,T080,V0200,2025-01-01,9999-12-31,CRM
S01519,LACTEOS,T080,V0200,2025-01-01,9999-12-31,CRM
S01520,BEBIDAS,T001,,2025-01-01,9999-12-31,CRM
S01520,BEBIDAS,T068,V0085,2026-01-01,9999-12-31,MANUAL
S01520,LACTEOS,T001,,2025-01-01,9999-12-31,CRM
S01521,CHOCOLATES,T002,V0202,2025-01-01,9999-12-31,CRM
S01521,CULINARIOS,T002,V0202,2025-01-01,9999-12-31,CRM
S01522,CULINARIOS,T003,V0203,2025-01-01,9999-12-31,CRM
S01522,LACTEOS,T003,V0203,2025-01-01,9999-12-31,CRM
S01523,NUTRICAO,,V0204,2025-01-01,9999-12-31,CRM
S01523,LACTEOS,,V0204,2025-01-01,9999-12-31,CRM
S01524,LACTEOS,T005,V0205,2025-01-01,9999-12-31,CRM
S01524,CHOCOLATES,T005,V0205,2025-01-01,9999-12-31,CRM
S01525,CULINARIOS,T006,V0206,2025-01-01,9999-12-31,CRM
S01525,LACTEOS,T006,V0206,2025-01-01,9999-12-31,CRM
S01526,NUTRICAO,T007,V0207,2025-01-01,9999-12-31,CRM
S01526,CHOCOLATES,T007,V0207,2025-01-01,9999-12-31,CRM
S01527,CULINARIOS,T008,V0208,2025-01-01,9999-12-31,CRM
S01527,CHOCOLATES,T008,V0208,2025-01-01,9999-12-31,CRM
S01528,LACTEOS,T009,V0209,2025-01-01,9999-12-31,CRM
S01528,CULINARIOS,T009,V0209,2025-01-01,9999-12-31,CRM
S01529,BEBIDAS,T010,V0210,2025-01-01,9999-12-31,CRM
S01529,LACTEOS,T010,V0210,2025-01-01,9999-12-31,CRM
S01530,CHOCOLATES,T011,V0211,2025-01-01,9999-12-31,CRM
S01530,CULINARIOS,T011,V0211,2025-01-01,9999-12-31,CRM
S01531,CHOCOLATES,T012,V0212,2025-01-01,9999-12-31,CRM
S01531,CULINARIOS,T012,V0212,2025-01-01,9999-12-31,CRM
S01532,LACTEOS,T013,V0213,2025-01-01,9999-12-31,CRM
S01532,CULINARIOS,T013,V0213,2025-01-01,9999-12-31,CRM
S01533,NUTRICAO,T014,V0214,2025-01-01,9999-12-31,CRM
S01533,CHOCOLATES,T014,V0214,2025-01-01,9999-12-31,CRM
S01534,LACTEOS,T015,V0215,2025-01-01,9999-12-31,CRM
S01535,BEBIDAS,T016,V0216,2025-01-01,9999-12-31,CRM
S01535,CHOCOLATES,T016,V0216,2025-01-01,9999-12-31,CRM
S01536,CULINARIOS,T017,V0217,2025-01-01,9999-12-31,CRM
S01536,NUTRICAO,T017,V0217,2025-01-01,9999-12-31,CRM
S01537,LACTEOS,T018,V0218,2025-01-01,9999-12-31,CRM
S01537,LACTEOS,T078,V0124,2026-01-01,9999-12-31,MANUAL
S01537,NUTRICAO,T018,V0218,2025-01-01,9999-12-31,CRM
S01538,CHOCOLATES,,V0219,2025-01-01,9999-12-31,CRM
S01538,CULINARIOS,,V0219,2025-01-01,9999-12-31,CRM
S01539,LACTEOS,T020,V0220,2025-01-01,9999-12-31,CRM
S01540,NUTRICAO,T021,V0001,2025-01-01,9999-12-31,CRM
S01540,CHOCOLATES,T021,V0001,2025-01-01,9999-12-31,CRM
S01541,LACTEOS,T022,V0002,2025-01-01,9999-12-31,CRM
S01542,CHOCOLATES,T023,V0003,2025-01-01,9999-12-31,CRM
S01542,BEBIDAS,T023,V0003,2025-01-01,9999-12-31,CRM
S01543,NUTRICAO,T024,V0004,2025-01-01,9999-12-31,CRM
S01543,BEBIDAS,T024,V0004,2025-01-01,9999-12-31,CRM
S01544,NUTRICAO,T025,V0005,2025-01-01,9999-12-31,CRM
S01544,LACTEOS,T025,V0005,2025-01-01,9999-12-31,CRM
S01545,CHOCOLATES,T026,V0006,2025-01-01,9999-12-31,CRM
S01545,NUTRICAO,T026,V0006,2025-01-01,9999-12-31,CRM
S01546,BEBIDAS,T027,V0007,2025-01-01,9999-12-31,CRM
S01546,LACTEOS,T027,V0007,2025-01-01,9999-12-31,CRM
S01547,LACTEOS,T028,V0008,2025-01-01,9999-12-31,CRM
S01547,CULINARIOS,T028,V0008,2025-01-01,9999-12-31,CRM
S01548,LACTEOS,T029,V0009,2025-01-01,9999-12-31,CRM
S01548,LACTEOS,T001,V0212,2026-01-01,9999-12-31,MANUAL
S01548,CULINARIOS,T029,V0009,2025-01-01,9999-12-31,CRM
S01549,CULINARIOS,T030,V0010,2025-01-01,9999-12-31,CRM
S01549,LACTEOS,T030,V0010,2025-01-01,9999-12-31,CRM
S01550,CHOCOLATES,T031,V0011,2025-01-01,9999-12-31,CRM
S01550,LACTEOS,T031,V0011,2025-01-01,9999-12-31,CRM
S01551,NUTRICAO,T032,V0012,2025-01-01,9999-12-31,CRM
S01551,CULINARIOS,T032,V0012,2025-01-01,9999-12-31,CRM
S01552,BEBIDAS,T033,V0013,2025-01-01,9999-12-31,CRM
S01552,CULINARIOS,T033,V0013,2025-01-01,9999-12-31,CRM
S01553,LACTEOS,T034,V0014,2025-01-01,9999-12-31,CRM
S01553,CHOCOLATES,T034,V0014,2025-01-01,9999-12-31,CRM
S01554,NUTRICAO,T035,V0015,2025-01-01,9999-12-31,CRM
S01554,BEBIDAS,T035,V0015,2025-01-01,9999-12-31,CRM
S01555,CHOCOLATES,T036,V0016,2025-01-01,9999-12-31,CRM
S01556,LACTEOS,T037,V0017,2025-01-01,9999-12-31,CRM
S01557,LACTEOS,T038,V0018,2025-01-01,9999-12-31,CRM
S01557,CHOCOLATES,T038,V0018,2025-01-01,9999-12-31,CRM
S01558,NUTRICAO,T039,V0019,2025-01-01,9999-12-31,CRM
S01558,NUTRICAO,T028,V0120,2026-01-01,9999-12-31,MANUAL
S01558,CULINARIOS,T039,V0019,2025-01-01,9999-12-31,CRM
S01559,LACTEOS,T040,V0020,2025-01-01,9999-12-31,CRM
S01560,NUTRICAO,T041,V0021,2025-01-01,9999-12-31,CRM
S01560,CHOCOLATES,T041,V0021,2025-01-01,9999-12-31,CRM
S01561,BEBIDAS,T042,V0022,2025-01-01,9999-12-31,CRM
S01561,NUTRICAO,T042,V0022,2025-01-01,9999-12-31,CRM
S01562,CULINARIOS,T043,V0023,2025-01-01,9999-12-31,CRM
S01562,LACTEOS,T043,V0023,2025-01-01,9999-12-31,CRM
S01563,LACTEOS,T044,V0024,2025-01-01,9999-12-31,CRM
S01563,BEBIDAS,T044,V0024,2025-01-01,9999-12-31,CRM
S01564,LACTEOS,T045,V0025,2025-01-01,9999-12-31,CRM
S01564,LACTEOS,T048,V0173,2026-01-01,9999-12-31,MANUAL
S01565,CHOCOLATES,T046,V0026,2025-01-01,9999-12-31,CRM
S01565,LACTEOS,T046,V0026,2025-01-01,9999-12-31,CRM
S01566,CULINARIOS,T047,V0027,2025-01-01,9999-12-31,CRM
S01566,BEBIDAS,T047,V0027,2025-01-01,9999-12-31,CRM
S01567,CHOCOLATES,T048,V0028,2025-01-01,9999-12-31,CRM
S01567,BEBIDAS,T048,V0028,2025-01-01,9999-12-31,CRM
S01568,NUTRICAO,T049,V0029,2025-01-01,9999-12-31,CRM
S01568,LACTEOS,T049,V0029,2025-01-01,9999-12-31,CRM
S01569,BEBIDAS,T050,V0030,2025-01-01,9999-12-31,CRM
S01569,CULINARIOS,T050,V0030,2025-01-01,9999-12-31,CRM
S01570,CHOCOLATES,T051,V0031,2025-01-01,9999-12-31,CRM
S01570,NUTRICAO,T051,V0031,2025-01-01,9999-12-31,CRM
S01571,LACTEOS,T052,V0032,2025-01-01,9999-12-31,CRM
S01572,CULINARIOS,T053,V0033,2025-01-01,9999-12-31,CRM
S01572,NUTRICAO,T053,V0033,2025-01-01,9999-12-31,CRM
S01573,BEBIDAS,T054,V0034,2025-01-01,9999-12-31,CRM
S01573,LACTEOS,T054,V0034,2025-01-01,9999-12-31,CRM
S01574,LACTEOS,T055,V0035,2025-01-01,9999-12-31,CRM
S01574,BEBIDAS,T055,V0035,2025-01-01,9999-12-31,CRM
S01575,LACTEOS,T056,V0036,2025-01-01,9999-12-31,CRM
S01575,NUTRICAO,T056,V0036,2025-01-01,9999-12-31,CRM
S01576,CHOCOLATES,T057,V0037,2025-01-01,9999-12-31,CRM
S01576,NUTRICAO,T057,V0037,2025-01-01,9999-12-31,CRM
S01577,LACTEOS,T058,V0038,2025-01-01,9999-12-31,CRM
S01577,CHOCOLATES,T058,V0038,2025-01-01,9999-12-31,CRM
S01578,CULINARIOS,T059,V0039,2025-01-01,9999-12-31,CRM
S01578,LACTEOS,T059,V0039,2025-01-01,9999-12-31,CRM
S01579,CULINARIOS,T060,V0040,2025-01-01,9999-12-31,CRM
S01579,NUTRICAO,T060,V0040,2025-01-01,9999-12-31,CRM
S01580,LACTEOS,T061,V0041,2025-01-01,9999-12-31,CRM
S01580,NUTRICAO,T061,V0041,2025-01-01,9999-12-31,CRM
S01581,CULINARIOS,T062,V0042,2025-01-01,9999-12-31,CRM
S01581,BEBIDAS,T062,V0042,2025-01-01,9999-12-31,CRM
S01582,CULINARIOS,T063,V0043,2025-01-01,9999-12-31,CRM
S01582,CHOCOLATES,T063,V0043,2025-01-01,9999-12-31,CRM
S01583,NUTRICAO,T064,V0044,2025-01-01,9999-12-31,CRM
S01584,BEBIDAS,T065,V0045,2025-01-01,9999-12-31,CRM
S01584,CULINARIOS,T065,V0045,2025-01-01,9999-12-31,CRM
S01585,BEBIDAS,T066,V0046,2025-01-01,9999-12-31,CRM
S01585,NUTRICAO,T066,V0046,2025-01-01,9999-12-31,CRM
S01586,CHOCOLATES,T067,V0047,2025-01-01,9999-12-31,CRM
S01586,BEBIDAS,T067,V0047,2025-01-01,9999-12-31,CRM
S01587,CHOCOLATES,T068,V0048,2025-01-01,9999-12-31,CRM
S01587,CULINARIOS,T068,V0048,2025-01-01,9999-12-31,CRM
S01588,NUTRICAO,T069,V0049,2025-01-01,9999-12-31,CRM
S01589,NUTRICAO,T070,V0050,2025-01-01,9999-12-31,CRM
S01590,NUTRICAO,T071,V0051,2025-01-01,9999-12-31,CRM
S01591,NUTRICAO,T072,V0052,2025-01-01,9999-12-31,CRM
S01592,BEBIDAS,T073,V0053,2025-01-01,9999-12-31,CRM
S01593,LACTEOS,T074,V0054,2025-01-01,9999-12-31,CRM
S01593,BEBIDAS,T074,V0054,2025-01-01,9999-12-31,CRM
S01594,NUTRICAO,T075,V0055,2025-01-01,9999-12-31,CRM
S01594,BEBIDAS,T075,V0055,2025-01-01,9999-12-31,CRM
S01595,BEBIDAS,T076,V0056,2025-01-01,9999-12-31,CRM
S01595,NUTRICAO,T076,V0056,2025-01-01,9999-12-31,CRM
S01596,NUTRICAO,T077,V0057,2025-01-01,9999-12-31,CRM
S01596,CULINARIOS,T077,V0057,2025-01-01,9999-12-31,CRM
S01597,CULINARIOS,T078,V0058,2025-01-01,9999-12-31,CRM
S01598,CULINARIOS,,V0059,2025-01-01,9999-12-31,CRM
S01598,CHOCOLATES,,V0059,2025-01-01,9999-12-31,CRM
S01599,BEBIDAS,T080,V0060,2025-01-01,9999-12-31,CRM
S01599,CHOCOLATES,T080,V0060,2025-01-01,9999-12-31,CRM
S01600,NUTRICAO,T001,V0061,2025-01-01,9999-12-31,CRM
S01600,LACTEOS,T001,V0061,2025-01-01,9999-12-31,CRM
S01601,BEBIDAS,T002,V0062,2025-01-01,9999-12-31,CRM
S01601,CHOCOLATES,T002,V0062,2025-01-01,9999-12-31,CRM
S01602,CULINARIOS,T003,V0063,2025-01-01,9999-12-31,CRM
S01602,BEBIDAS,T003,V0063,2025-01-01,9999-12-31,CRM
S01603,LACTEOS,T004,V0064,2025-01-01,9999-12-31,CRM
S01603,NUTRICAO,T004,V0064,2025-01-01,9999-12-31,CRM
S01604,LACTEOS,T005,V0065,2025-01-01,9999-12-31,CRM
S01604,CHOCOLATES,T005,V0065,2025-01-01,9999-12-31,CRM
S01605,LACTEOS,T006,V0066,2025-01-01,9999-12-31,CRM
S01605,CULINARIOS,T006,V0066,2025-01-01,9999-12-31,CRM
S01606,CULINARIOS,T007,V0067,2025-01-01,9999-12-31,CRM
S01606,NUTRICAO,T007,V0067,2025-01-01,9999-12-31,CRM
S01607,CULINARIOS,T008,V0068,2025-01-01,9999-12-31,CRM
S01608,LACTEOS,T009,V0069,2025-01-01,9999-12-31,CRM
S01608,LACTEOS,T005,V0078,2026-01-01,9999-12-31,MANUAL
S01608,BEBIDAS,T009,V0069,2025-01-01,9999-12-31,CRM
S01609,CULINARIOS,T010,V0070,2025-01-01,9999-12-31,CRM
S01609,NUTRICAO,T010,V0070,2025-01-01,9999-12-31,CRM
S01610,NUTRICAO,T011,V0071,2025-01-01,9999-12-31,CRM
S01610,BEBIDAS,T011,V0071,2025-01-01,9999-12-31,CRM
S01611,LACTEOS,T012,V0072,2025-01-01,9999-12-31,CRM
S01611,NUTRICAO,T012,V0072,2025-01-01,9999-12-31,CRM
S01612,CHOCOLATES,T013,V0073,2025-01-01,9999-12-31,CRM
S01612,CULINARIOS,T013,V0073,2025-01-01,9999-12-31,CRM
S01613,LACTEOS,T014,V0074,2025-01-01,9999-12-31,CRM
S01613,NUTRICAO,T014,V0074,2025-01-01,9999-12-31,CRM
S01614,CHOCOLATES,T015,V0075,2025-01-01,9999-12-31,CRM
S01614,LACTEOS,T015,V0075,2025-01-01,9999-12-31,CRM
S01615,NUTRICAO,T016,V0076,2025-01-01,9999-12-31,CRM
S01616,CULINARIOS,T017,V0077,2025-01-01,9999-12-31,CRM
S01616,CHOCOLATES,T017,V0077,2025-01-01,9999-12-31,CRM
S01617,BEBIDAS,T018,V0078,2025-01-01,9999-12-31,CRM
S01618,BEBIDAS,T019,V0079,2025-01-01,9999-12-31,CRM
S01618,CHOCOLATES,T019,V0079,2025-01-01,9999-12-31,CRM
S01619,CULINARIOS,T020,V0080,2025-01-01,9999-12-31,CRM
S01620,CULINARIOS,T021,V0081,2025-01-01,9999-12-31,CRM
S01620,NUTRICAO,T021,V0081,2025-01-01,9999-12-31,CRM
S01621,LACTEOS,T022,V0082,2025-01-01,9999-12-31,CRM
S01621,NUTRICAO,T022,V0082,2025-01-01,9999-12-31,CRM
S01622,CHOCOLATES,T023,V0083,2025-01-01,9999-12-31,CRM
S01623,CHOCOLATES,T024,V0084,2025-01-01,9999-12-31,CRM
S01623,CULINARIOS,T024,V0084,2025-01-01,9999-12-31,CRM
S01624,NUTRICAO,T025,V0085,2025-01-01,9999-12-31,CRM
S01624,CHOCOLATES,T025,V0085,2025-01-01,9999-12-31,CRM
S01625,LACTEOS,T026,V0086,2025-01-01,9999-12-31,CRM
S01625,CULINARIOS,T026,V0086,2025-01-01,9999-12-31,CRM
S01626,NUTRICAO,T027,V0087,2025-01-01,9999-12-31,CRM
S01626,LACTEOS,T027,V0087,2025-01-01,9999-12-31,CRM
S01627,NUTRICAO,T028,V0088,2025-01-01,9999-12-31,CRM
S01627,CULINARIOS,T028,V0088,2025-01-01,9999-12-31,CRM
S01628,NUTRICAO,T029,V0089,2025-01-01,9999-12-31,CRM
S01628,LACTEOS,T029,V0089,2025-01-01,9999-12-31,CRM
S01629,LACTEOS,T030,V0090,2025-01-01,9999-12-31,CRM
S01629,BEBIDAS,T030,V0090,2025-01-01,9999-12-31,CRM
S01630,LACTEOS,T031,V0091,2025-01-01,9999-12-31,CRM
S01630,BEBIDAS,T031,V0091,2025-01-01,9999-12-31,CRM
S01631,LACTEOS,T032,V0092,2025-01-01,9999-12-31,CRM
S01631,BEBIDAS,T032,V0092,2025-01-01,9999-12-31,CRM
S01632,CULINARIOS,T033,V0093,2025-01-01,9999-12-31,CRM
S01632,BEBIDAS,T033,V0093,2025-01-01,9999-12-31,CRM
S01633,CULINARIOS,T034,V0094,2025-01-01,9999-12-31,CRM
S01633,CHOCOLATES,T034,V0094,2025-01-01,9999-12-31,CRM
S01634,CHOCOLATES,T035,V0095,2025-01-01,9999-12-31,CRM
S01634,NUTRICAO,T035,V0095,2025-01-01,9999-12-31,CRM
S01635,CULINARIOS,T036,V0096,2025-01-01,9999-12-31,CRM
S01635,BEBIDAS,T036,V0096,2025-01-01,9999-12-31,CRM
S01636,LACTEOS,,V0097,2025-01-01,9999-12-31,CRM
S01636,BEBIDAS,,V0097,2025-01-01,9999-12-31,CRM
S01637,CULINARIOS,T038,V0098,2025-01-01,9999-12-31,CRM
S01637,NUTRICAO,T038,V0098,2025-01-01,9999-12-31,CRM
S01638,CULINARIOS,T039,V0099,2025-01-01,9999-12-31,CRM
S01638,BEBIDAS,T039,V0099,2025-01-01,9999-12-31,CRM
S01639,LACTEOS,T040,V0100,2025-01-01,9999-12-31,CRM
S01639,BEBIDAS,T040,V0100,2025-01-01,9999-12-31,CRM
S01640,LACTEOS,T041,V0101,2025-01-01,9999-12-31,CRM
S01641,NUTRICAO,T042,V0102,2025-01-01,9999-12-31,CRM
S01642,BEBIDAS,T043,V0103,2025-01-01,9999-12-31,CRM
S01642,CULINARIOS,T043,V0103,2025-01-01,9999-12-31,CRM
S01643,CHOCOLATES,T044,V0104,2025-01-01,9999-12-31,CRM
S01643,NUTRICAO,T044,V0104,2025-01-01,9999-12-31,CRM
S01644,CHOCOLATES,T045,V0105,2025-01-01,9999-12-31,CRM
S01644,LACTEOS,T045,V0105,2025-01-01,9999-12-31,CRM
S01645,LACTEOS,T046,V0106,2025-01-01,9999-12-31,CRM
S01646,BEBIDAS,T047,V0107,2025-01-01,9999-12-31,CRM
S01646,NUTRICAO,T047,V0107,2025-01-01,9999-12-31,CRM
S01647,BEBIDAS,T048,V0108,2025-01-01,9999-12-31,CRM
S01647,LACTEOS,T048,V0108,2025-01-01,9999-12-31,CRM
S01648,CULINARIOS,,V0109,2025-01-01,9999-12-31,CRM
S01648,LACTEOS,,V0109,2025-01-01,9999-12-31,CRM
S01649,BEBIDAS,T050,V0110,2025-01-01,9999-12-31,CRM
S01649,NUTRICAO,T050,V0110,2025-01-01,9999-12-31,CRM
S01650,CULINARIOS,T051,V0111,2025-01-01,9999-12-31,CRM
S01650,CHOCOLATES,T051,V0111,2025-01-01,9999-12-31,CRM
S01651,CHOCOLATES,T052,V0112,2025-01-01,9999-12-31,CRM
S01651,LACTEOS,T052,V0112,2025-01-01,9999-12-31,CRM
S01652,CHOCOLATES,T053,V0113,2025-01-01,9999-12-31,CRM
S01653,CULINARIOS,T054,V0114,2025-01-01,9999-12-31,CRM
S01653,NUTRICAO,T054,V0114,2025-01-01,9999-12-31,CRM
S01654,NUTRICAO,T055,V0115,2025-01-01,9999-12-31,CRM
S01654,LACTEOS,T055,V0115,2025-01-01,9999-12-31,CRM
S01655,NUTRICAO,T056,V0116,2025-01-01,9999-12-31,CRM
S01655,CULINARIOS,T056,V0116,2025-01-01,9999-12-31,CRM
S01656,BEBIDAS,T057,V0117,2025-01-01,9999-12-31,CRM
S01656,CHOCOLATES,T057,V0117,2025-01-01,9999-12-31,CRM
S01657,CHOCOLATES,T058,V0118,2025-01-01,9999-12-31,CRM
S01658,CULINARIOS,T059,V0119,2025-01-01,9999-12-31,CRM
S01658,LACTEOS,T059,V0119,2025-01-01,9999-12-31,CRM
S01659,LACTEOS,T060,V0120,2025-01-01,9999-12-31,CRM
S01659,NUTRICAO,T060,V0120,2025-01-01,9999-12-31,CRM
S01660,LACTEOS,T061,V0121,2025-01-01,9999-12-31,CRM
S01660,NUTRICAO,T061,V0121,2025-01-01,9999-12-31,CRM
S01661,CULINARIOS,T062,V0122,2025-01-01,9999-12-31,CRM
S01661,LACTEOS,T062,V0122,2025-01-01,9999-12-31,CRM
S01662,BEBIDAS,T063,V0123,2025-01-01,9999-12-31,CRM
S01662,CULINARIOS,T063,V0123,2025-01-01,9999-12-31,CRM
S01663,LACTEOS,T064,V0124,2025-01-01,9999-12-31,CRM
S01663,NUTRICAO,T064,V0124,2025-01-01,9999-12-31,CRM
S01664,CHOCOLATES,T065,V0125,2025-01-01,9999-12-31,CRM
S01665,NUTRICAO,T066,V0126,2025-01-01,9999-12-31,CRM
S01666,NUTRICAO,T067,V0127,2025-01-01,9999-12-31,CRM
S01666,LACTEOS,T067,V0127,2025-01-01,9999-12-31,CRM
S01667,CHOCOLATES,,V0128,2025-01-01,9999-12-31,CRM
S01667,CULINARIOS,,V0128,2025-01-01,9999-12-31,CRM
S01668,CULINARIOS,T069,V0129,2025-01-01,9999-12-31,CRM
S01668,LACTEOS,T069,V0129,2025-01-01,9999-12-31,CRM
S01669,LACTEOS,T070,V0130,2025-01-01,9999-12-31,CRM
S01669,CULINARIOS,T070,V0130,2025-01-01,9999-12-31,CRM
S01670,CULINARIOS,,V0131,2025-01-01,9999-12-31,CRM
S01671,CULINARIOS,T072,V0132,2025-01-01,9999-12-31,CRM
S01671,CHOCOLATES,T072,V0132,2025-01-01,9999-12-31,CRM
S01672,LACTEOS,T073,V0133,2025-01-01,9999-12-31,CRM
S01673,NUTRICAO,T074,V0134,2025-01-01,9999-12-31,CRM
S01673,CHOCOLATES,T074,V0134,2025-01-01,9999-12-31,CRM
S01674,BEBIDAS,T075,V0135,2025-01-01,9999-12-31,CRM
S01674,LACTEOS,T075,V0135,2025-01-01,9999-12-31,CRM
S01675,NUTRICAO,T076,V0136,2025-01-01,9999-12-31,CRM
S01675,LACTEOS,T076,V0136,2025-01-01,9999-12-31,CRM
S01676,NUTRICAO,T077,V0137,2025-01-01,9999-12-31,CRM
S01676,BEBIDAS,T077,V0137,2025-01-01,9999-12-31,CRM
S01677,NUTRICAO,T078,V0138,2025-01-01,9999-12-31,CRM
S01677,LACTEOS,T078,V0138,2025-01-01,9999-12-31,CRM
S01678,LACTEOS,T079,V0139,2025-01-01,9999-12-31,CRM
S01678,BEBIDAS,T079,V0139,2025-01-01,9999-12-31,CRM
S01679,NUTRICAO,T080,V0140,2025-01-01,9999-12-31,CRM
S01679,CHOCOLATES,T080,V0140,2025-01-01,9999-12-31,CRM
S01680,BEBIDAS,T001,V0141,2025-01-01,9999-12-31,CRM
S01680,CHOCOLATES,T001,V0141,2025-01-01,9999-12-31,CRM
S01681,CHOCOLATES,T002,V0142,2025-01-01,9999-12-31,CRM
S01681,BEBIDAS,T002,V0142,2025-01-01,9999-12-31,CRM
S01682,CHOCOLATES,T003,V0143,2025-01-01,9999-12-31,CRM
S01682,LACTEOS,T003,V0143,2025-01-01,9999-12-31,CRM
S01683,NUTRICAO,T004,V0144,2025-01-01,9999-12-31,CRM
S01683,BEBIDAS,T004,V0144,2025-01-01,9999-12-31,CRM
S01684,CULINARIOS,T005,V0145,2025-01-01,9999-12-31,CRM
S01684,CHOCOLATES,T005,V0145,2025-01-01,9999-12-31,CRM
S01685,CULINARIOS,T006,V0146,2025-01-01,9999-12-31,CRM
S01685,LACTEOS,T006,V0146,2025-01-01,9999-12-31,CRM
S01686,NUTRICAO,T007,V0147,2025-01-01,9999-12-31,CRM
S01686,CHOCOLATES,T007,V0147,2025-01-01,9999-12-31,CRM
S01687,BEBIDAS,T008,V0148,2025-01-01,9999-12-31,CRM
S01687,NUTRICAO,T008,V0148,2025-01-01,9999-12-31,CRM
S01688,CULINARIOS,T009,V0149,2025-01-01,9999-12-31,CRM
S01688,BEBIDAS,T009,V0149,2025-01-01,9999-12-31,CRM
S01689,CHOCOLATES,T010,V0150,2025-01-01,9999-12-31,CRM
S01689,BEBIDAS,T010,V0150,2025-01-01,9999-12-31,CRM
S01690,CULINARIOS,T011,,2025-01-01,9999-12-31,CRM
S01690,NUTRICAO,T011,,2025-01-01,9999-12-31,CRM
S01691,NUTRICAO,T012,V0152,2025-01-01,9999-12-31,CRM
S01691,CULINARIOS,T012,V0152,2025-01-01,9999-12-31,CRM
S01692,NUTRICAO,T013,V0153,2025-01-01,9999-12-31,CRM
S01692,BEBIDAS,T013,V0153,2025-01-01,9999-12-31,CRM
S01693,CULINARIOS,T014,V0154,2025-01-01,9999-12-31,CRM
S01693,LACTEOS,T014,V0154,2025-01-01,9999-12-31,CRM
S01694,NUTRICAO,T015,V0155,2025-01-01,9999-12-31,CRM
S01695,LACTEOS,T016,V0156,2025-01-01,9999-12-31,CRM
S01695,CHOCOLATES,T016,V0156,2025-01-01,9999-12-31,CRM
S01696,BEBIDAS,T017,V0157,2025-01-01,9999-12-31,CRM
S01696,CHOCOLATES,T017,V0157,2025-01-01,9999-12-31,CRM
S01697,CHOCOLATES,T018,V0158,2025-01-01,9999-12-31,CRM
S01697,CULINARIOS,T018,V0158,2025-01-01,9999-12-31,CRM
S01698,NUTRICAO,T019,V0159,2025-01-01,9999-12-31,CRM
S01698,LACTEOS,T019,V0159,2025-01-01,9999-12-31,CRM
S01699,CULINARIOS,T020,V0160,2025-01-01,9999-12-31,CRM
S01699,CULINARIOS,T011,V0213,2026-01-01,9999-12-31,MANUAL
S01699,BEBIDAS,T020,V0160,2025-01-01,9999-12-31,CRM
S01700,CHOCOLATES,T021,V0161,2025-01-01,9999-12-31,CRM
S01700,LACTEOS,T021,V0161,2025-01-01,9999-12-31,CRM
S01701,CULINARIOS,T022,V0162,2025-01-01,9999-12-31,CRM
S01701,CHOCOLATES,T022,V0162,2025-01-01,9999-12-31,CRM
S01702,CHOCOLATES,T023,V0163,2025-01-01,9999-12-31,CRM
S01702,NUTRICAO,T023,V0163,2025-01-01,9999-12-31,CRM
S01703,CULINARIOS,,V0164,2025-01-01,9999-12-31,CRM
S01703,NUTRICAO,,V0164,2025-01-01,9999-12-31,CRM
S01704,CHOCOLATES,T025,V0165,2025-01-01,9999-12-31,CRM
S01704,LACTEOS,T025,V0165,2025-01-01,9999-12-31,CRM
S01705,NUTRICAO,T026,V0166,2025-01-01,9999-12-31,CRM
S01705,LACTEOS,T026,V0166,2025-01-01,9999-12-31,CRM
S01706,CULINARIOS,T027,V0167,2025-01-01,9999-12-31,CRM
S01706,BEBIDAS,T027,V0167,2025-01-01,9999-12-31,CRM
S01707,LACTEOS,T028,V0168,2025-01-01,9999-12-31,CRM
S01707,NUTRICAO,T028,V0168,2025-01-01,9999-12-31,CRM
S01708,LACTEOS,T029,V0169,2025-01-01,9999-12-31,CRM
S01708,CHOCOLATES,T029,V0169,2025-01-01,9999-12-31,CRM
S01709,LACTEOS,T030,V0170,2025-01-01,9999-12-31,CRM
S01709,NUTRICAO,T030,V0170,2025-01-01,9999-12-31,CRM
S01710,LACTEOS,T031,V0171,2025-01-01,9999-12-31,CRM
S01710,NUTRICAO,T031,V0171,2025-01-01,9999-12-31,CRM
S01711,BEBIDAS,T032,V0172,2025-01-01,9999-12-31,CRM
S01711,NUTRICAO,T032,V0172,2025-01-01,9999-12-31,CRM
S01712,CULINARIOS,T033,V0173,2025-01-01,9999-12-31,CRM
S01712,LACTEOS,T033,V0173,2025-01-01,9999-12-31,CRM
S01713,NUTRICAO,T034,V0174,2025-01-01,9999-12-31,CRM
S01713,LACTEOS,T034,V0174,2025-01-01,9999-12-31,CRM
S01714,CULINARIOS,T035,V0175,2025-01-01,9999-12-31,CRM
S01714,BEBIDAS,T035,V0175,2025-01-01,9999-12-31,CRM
S01715,BEBIDAS,T036,V0176,2025-01-01,9999-12-31,CRM
S01715,CHOCOLATES,T036,V0176,2025-01-01,9999-12-31,CRM
S01716,BEBIDAS,T037,V0177,2025-01-01,9999-12-31,CRM
S01716,CHOCOLATES,T037,V0177,2025-01-01,9999-12-31,CRM
S01717,CHOCOLATES,T038,V0178,2025-01-01,9999-12-31,CRM
S01718,CULINARIOS,T039,V0179,2025-01-01,9999-12-31,CRM
S01718,BEBIDAS,T039,V0179,2025-01-01,9999-12-31,CRM
S01719,NUTRICAO,T040,V0180,2025-01-01,9999-12-31,CRM
S01719,LACTEOS,T040,V0180,2025-01-01,9999-12-31,CRM
S01720,BEBIDAS,T041,V0181,2025-01-01,9999-12-31,CRM
S01720,LACTEOS,T041,V0181,2025-01-01,9999-12-31,CRM
S01721,CULINARIOS,T042,V0182,2025-01-01,9999-12-31,CRM
S01721,BEBIDAS,T042,V0182,2025-01-01,9999-12-31,CRM
S01722,NUTRICAO,T043,V0183,2025-01-01,9999-12-31,CRM
S01722,LACTEOS,T043,V0183,2025-01-01,9999-12-31,CRM
S01723,CHOCOLATES,T044,V0184,2025-01-01,9999-12-31,CRM
S01723,CULINARIOS,T044,V0184,2025-01-01,9999-12-31,CRM
S01724,NUTRICAO,T045,V0185,2025-01-01,9999-12-31,CRM
S01724,NUTRICAO,T018,V0030,2026-01-01,9999-12-31,MANUAL
S01725,LACTEOS,T046,V0186,2025-01-01,9999-12-31,CRM
S01725,CULINARIOS,T046,V0186,2025-01-01,9999-12-31,CRM
S01726,CULINARIOS,T047,V0187,2025-01-01,9999-12-31,CRM
S01726,NUTRICAO,T047,V0187,2025-01-01,9999-12-31,CRM
S01727,NUTRICAO,T048,V0188,2025-01-01,9999-12-31,CRM
S01727,CULINARIOS,T048,V0188,2025-01-01,9999-12-31,CRM
S01728,LACTEOS,,V0189,2025-01-01,9999-12-31,CRM
S01728,NUTRICAO,,V0189,2025-01-01,9999-12-31,CRM
S01729,CHOCOLATES,T050,V0190,2025-01-01,9999-12-31,CRM
S01729,NUTRICAO,T050,V0190,2025-01-01,9999-12-31,CRM
S01730,NUTRICAO,T051,V0191,2025-01-01,9999-12-31,CRM
S01730,CULINARIOS,T051,V0191,2025-01-01,9999-12-31,CRM
S01730,CULINARIOS,T009,V0008,2026-01-01,9999-12-31,MANUAL
S01731,BEBIDAS,T052,V0192,2025-01-01,9999-12-31,CRM
S01731,NUTRICAO,T052,V0192,2025-01-01,9999-12-31,CRM
S01732,CULINARIOS,T053,V0193,2025-01-01,9999-12-31,CRM
S01732,CHOCOLATES,T053,V0193,2025-01-01,9999-12-31,CRM
S01733,BEBIDAS,T054,V0194,2025-01-01,9999-12-31,CRM
S01734,CULINARIOS,T055,V0195,2025-01-01,9999-12-31,CRM
S01734,CHOCOLATES,T055,V0195,2025-01-01,9999-12-31,CRM
S01735,BEBIDAS,T056,V0196,2025-01-01,9999-12-31,CRM
S01735,CHOCOLATES,T056,V0196,2025-01-01,9999-12-31,CRM
S01736,BEBIDAS,T057,V0197,2025-01-01,9999-12-31,CRM
S01736,CULINARIOS,T057,V0197,2025-01-01,9999-12-31,CRM
S01737,CULINARIOS,T058,V0198,2025-01-01,9999-12-31,CRM
S01737,LACTEOS,T058,V0198,2025-01-01,9999-12-31,CRM
S01737,LACTEOS,T048,V0117,2026-01-01,9999-12-31,MANUAL
S01738,LACTEOS,T059,V0199,2025-01-01,9999-12-31,CRM
S01738,NUTRICAO,T059,V0199,2025-01-01,9999-12-31,CRM
S01739,CHOCOLATES,T060,V0200,2025-01-01,9999-12-31,CRM
S01739,NUTRICAO,T060,V0200,2025-01-01,9999-12-31,CRM
S01740,LACTEOS,,V0201,2025-01-01,9999-12-31,CRM
S01740,CULINARIOS,,V0201,2025-01-01,9999-12-31,CRM
S01741,CHOCOLATES,T062,V0202,2025-01-01,9999-12-31,CRM
S01741,NUTRICAO,T062,V0202,2025-01-01,9999-12-31,CRM
S01742,BEBIDAS,T063,V0203,2025-01-01,9999-12-31,CRM
S01742,NUTRICAO,T063,V0203,2025-01-01,9999-12-31,CRM
S01743,BEBIDAS,T064,V0204,2025-01-01,9999-12-31,CRM
S01743,BEBIDAS,T056,V0043,2026-01-01,9999-12-31,MANUAL
S01743,LACTEOS,T064,V0204,2025-01-01,9999-12-31,CRM
S01744,CHOCOLATES,T065,V0205,2025-01-01,9999-12-31,CRM
S01744,BEBIDAS,T065,V0205,2025-01-01,9999-12-31,CRM
S01745,LACTEOS,T066,V0206,2025-01-01,9999-12-31,CRM
S01745,BEBIDAS,T066,V0206,2025-01-01,9999-12-31,CRM
S01746,BEBIDAS,T067,V0207,2025-01-01,9999-12-31,CRM
S01746,LACTEOS,T067,V0207,2025-01-01,9999-12-31,CRM
S01747,CHOCOLATES,T068,V0208,2025-01-01,9999-12-31,CRM
S01747,CULINARIOS,T068,V0208,2025-01-01,9999-12-31,CRM
S01748,LACTEOS,T069,V0209,2025-01-01,9999-12-31,CRM
S01748,CULINARIOS,T069,V0209,2025-01-01,9999-12-31,CRM
S01749,CULINARIOS,T070,V0210,2025-01-01,9999-12-31,CRM
S01749,LACTEOS,T070,V0210,2025-01-01,9999-12-31,CRM
S01750,LACTEOS,T071,V0211,2025-01-01,9999-12-31,CRM
S01750,NUTRICAO,T071,V0211,2025-01-01,9999-12-31,CRM
S01751,CULINARIOS,T072,V0212,2025-01-01,9999-12-31,CRM
S01751,LACTEOS,T072,V0212,2025-01-01,9999-12-31,CRM
S01752,CHOCOLATES,T073,V0213,2025-01-01,9999-12-31,CRM
S01753,LACTEOS,T074,V0214,2025-01-01,9999-12-31,CRM
S01753,CHOCOLATES,T074,V0214,2025-01-01,9999-12-31,CRM
S01754,NUTRICAO,T075,V0215,2025-01-01,9999-12-31,CRM
S01754,CHOCOLATES,T075,V0215,2025-01-01,9999-12-31,CRM
S01754,CHOCOLATES,T026,V0032,2026-01-01,9999-12-31,MANUAL
S01755,NUTRICAO,T076,V0216,2025-01-01,9999-12-31,CRM
S01755,BEBIDAS,T076,V0216,2025-01-01,9999-12-31,CRM
S01756,CULINARIOS,T077,V0217,2025-01-01,9999-12-31,CRM
S01756,LACTEOS,T077,V0217,2025-01-01,9999-12-31,CRM
S01757,CHOCOLATES,T078,V0218,2025-01-01,9999-12-31,CRM
S01757,CULINARIOS,T078,V0218,2025-01-01,9999-12-31,CRM
S01758,CULINARIOS,T079,V0219,2025-01-01,9999-12-31,CRM
S01758,CHOCOLATES,T079,V0219,2025-01-01,9999-12-31,CRM
S01759,NUTRICAO,T080,V0220,2025-01-01,9999-12-31,CRM
S01760,NUTRICAO,T001,V0001,2025-01-01,9999-12-31,CRM
S01761,CHOCOLATES,T002,V0002,2025-01-01,9999-12-31,CRM
S01761,LACTEOS,T002,V0002,2025-01-01,9999-12-31,CRM
S01762,BEBIDAS,T003,V0003,2025-01-01,9999-12-31,CRM
S01762,NUTRICAO,T003,V0003,2025-01-01,9999-12-31,CRM
S01763,NUTRICAO,T004,V0004,2025-01-01,9999-12-31,CRM
S01763,CHOCOLATES,T004,V0004,2025-01-01,9999-12-31,CRM
S01764,CHOCOLATES,T005,V0005,2025-01-01,9999-12-31,CRM
S01764,NUTRICAO,T005,V0005,2025-01-01,9999-12-31,CRM
S01765,LACTEOS,T006,V0006,2025-01-01,9999-12-31,CRM
S01765,BEBIDAS,T006,V0006,2025-01-01,9999-12-31,CRM
S01766,NUTRICAO,T007,,2025-01-01,9999-12-31,CRM
S01766,BEBIDAS,T007,,2025-01-01,9999-12-31,CRM
S01767,CHOCOLATES,T008,V0008,2025-01-01,9999-12-31,CRM
S01767,BEBIDAS,T008,V0008,2025-01-01,9999-12-31,CRM
S01768,CULINARIOS,T009,V0009,2025-01-01,9999-12-31,CRM
S01769,LACTEOS,T010,V0010,2025-01-01,9999-12-31,CRM
S01769,BEBIDAS,T010,V0010,2025-01-01,9999-12-31,CRM
S01770,CULINARIOS,T011,V0011,2025-01-01,9999-12-31,CRM
S01770,CHOCOLATES,T011,V0011,2025-01-01,9999-12-31,CRM
S01770,CHOCOLATES,T025,V0144,2026-01-01,9999-12-31,MANUAL
S01771,BEBIDAS,T012,V0012,2025-01-01,9999-12-31,CRM
S01771,CULINARIOS,T012,V0012,2025-01-01,9999-12-31,CRM
S01772,LACTEOS,T013,V0013,2025-01-01,9999-12-31,CRM
S01772,CHOCOLATES,T013,V0013,2025-01-01,9999-12-31,CRM
S01773,NUTRICAO,T014,V0014,2025-01-01,9999-12-31,CRM
S01773,CHOCOLATES,T014,V0014,2025-01-01,9999-12-31,CRM
S01774,NUTRICAO,T015,V0015,2025-01-01,9999-12-31,CRM
S01774,LACTEOS,T015,V0015,2025-01-01,9999-12-31,CRM
S01775,NUTRICAO,T016,V0016,2025-01-01,9999-12-31,CRM
S01776,BEBIDAS,T017,V0017,2025-01-01,9999-12-31,CRM
S01776,CHOCOLATES,T017,V0017,2025-01-01,9999-12-31,CRM
S01777,CHOCOLATES,T018,V0018,2025-01-01,9999-12-31,CRM
S01777,BEBIDAS,T018,V0018,2025-01-01,9999-12-31,CRM
S01778,CULINARIOS,T019,V0019,2025-01-01,9999-12-31,CRM
S01778,LACTEOS,T019,V0019,2025-01-01,9999-12-31,CRM
S01778,LACTEOS,T015,V0160,2026-01-01,9999-12-31,MANUAL
S01779,NUTRICAO,T020,V0020,2025-01-01,9999-12-31,CRM
S01780,NUTRICAO,T021,V0021,2025-01-01,9999-12-31,CRM
S01780,CULINARIOS,T021,V0021,2025-01-01,9999-12-31,CRM
S01781,NUTRICAO,T022,V0022,2025-01-01,9999-12-31,CRM
S01781,LACTEOS,T022,V0022,2025-01-01,9999-12-31,CRM
S01782,LACTEOS,T023,V0023,2025-01-01,9999-12-31,CRM
S01782,CULINARIOS,T023,V0023,2025-01-01,9999-12-31,CRM
S01783,CULINARIOS,T024,V0024,2025-01-01,9999-12-31,CRM
S01783,NUTRICAO,T024,V0024,2025-01-01,9999-12-31,CRM
S01784,LACTEOS,T025,V0025,2025-01-01,9999-12-31,CRM
S01784,CHOCOLATES,T025,V0025,2025-01-01,9999-12-31,CRM
S01785,NUTRICAO,T026,V0026,2025-01-01,9999-12-31,CRM
S01785,CHOCOLATES,T026,V0026,2025-01-01,9999-12-31,CRM
S01786,LACTEOS,T027,V0027,2025-01-01,9999-12-31,CRM
S01786,BEBIDAS,T027,V0027,2025-01-01,9999-12-31,CRM
S01787,LACTEOS,T028,V0028,2025-01-01,9999-12-31,CRM
S01787,NUTRICAO,T028,V0028,2025-01-01,9999-12-31,CRM
S01788,CULINARIOS,T029,V0029,2025-01-01,9999-12-31,CRM
S01788,CHOCOLATES,T029,V0029,2025-01-01,9999-12-31,CRM
S01789,BEBIDAS,T030,V0030,2025-01-01,9999-12-31,CRM
S01789,CHOCOLATES,T030,V0030,2025-01-01,9999-12-31,CRM
S01790,CHOCOLATES,T031,V0031,2025-01-01,9999-12-31,CRM
S01790,BEBIDAS,T031,V0031,2025-01-01,9999-12-31,CRM
S01790,BEBIDAS,T066,V0205,2026-01-01,9999-12-31,MANUAL
S01791,BEBIDAS,T032,V0032,2025-01-01,9999-12-31,CRM
S01791,CULINARIOS,T032,V0032,2025-01-01,9999-12-31,CRM
S01792,NUTRICAO,T033,V0033,2025-01-01,9999-12-31,CRM
S01792,BEBIDAS,T033,V0033,2025-01-01,9999-12-31,CRM
S01793,NUTRICAO,T034,V0034,2025-01-01,9999-12-31,CRM
S01793,LACTEOS,T034,V0034,2025-01-01,9999-12-31,CRM
S01794,BEBIDAS,T035,V0035,2025-01-01,9999-12-31,CRM
S01794,LACTEOS,T035,V0035,2025-01-01,9999-12-31,CRM
S01795,CHOCOLATES,T036,V0036,2025-01-01,9999-12-31,CRM
S01795,BEBIDAS,T036,V0036,2025-01-01,9999-12-31,CRM
S01796,NUTRICAO,T037,V0037,2025-01-01,9999-12-31,CRM
S01796,CHOCOLATES,T037,V0037,2025-01-01,9999-12-31,CRM
S01797,BEBIDAS,T038,V0038,2025-01-01,9999-12-31,CRM
S01797,CHOCOLATES,T038,V0038,2025-01-01,9999-12-31,CRM
S01798,CHOCOLATES,T039,V0039,2025-01-01,9999-12-31,CRM
S01798,BEBIDAS,T039,V0039,2025-01-01,9999-12-31,CRM
S01799,CHOCOLATES,T040,V0040,2025-01-01,9999-12-31,CRM
S01799,CULINARIOS,T040,V0040,2025-01-01,9999-12-31,CRM
S01800,CHOCOLATES,T041,V0041,2025-01-01,9999-12-31,CRM
S01800,CULINARIOS,T041,V0041,2025-01-01,9999-12-31,CRM
S01801,CULINARIOS,T042,V0042,2025-01-01,9999-12-31,CRM
S01802,BEBIDAS,,V0043,2025-01-01,9999-12-31,CRM
S01802,LACTEOS,,V0043,2025-01-01,9999-12-31,CRM
S01803,BEBIDAS,T044,V0044,2025-01-01,9999-12-31,CRM
S01803,CHOCOLATES,T044,V0044,2025-01-01,9999-12-31,CRM
S01804,CULINARIOS,T045,V0045,2025-01-01,9999-12-31,CRM
S01804,BEBIDAS,T045,V0045,2025-01-01,9999-12-31,CRM
S01805,CULINARIOS,T046,V0046,2025-01-01,9999-12-31,CRM
S01805,LACTEOS,T046,V0046,2025-01-01,9999-12-31,CRM
S01806,NUTRICAO,T047,V0047,2025-01-01,9999-12-31,CRM
S01806,LACTEOS,T047,V0047,2025-01-01,9999-12-31,CRM
S01807,CHOCOLATES,T048,V0048,2025-01-01,9999-12-31,CRM
S01807,NUTRICAO,T048,V0048,2025-01-01,9999-12-31,CRM
S01808,CHOCOLATES,T049,V0049,2025-01-01,9999-12-31,CRM
S01808,LACTEOS,T049,V0049,2025-01-01,9999-12-31,CRM
S01809,CULINARIOS,T050,V0050,2025-01-01,9999-12-31,CRM
S01809,NUTRICAO,T050,V0050,2025-01-01,9999-12-31,CRM
S01810,NUTRICAO,T051,V0051,2025-01-01,9999-12-31,CRM
S01810,BEBIDAS,T051,V0051,2025-01-01,9999-12-31,CRM
S01811,CULINARIOS,T052,V0052,2025-01-01,9999-12-31,CRM
S01812,LACTEOS,T053,V0053,2025-01-01,9999-12-31,CRM
S01812,CULINARIOS,T053,V0053,2025-01-01,9999-12-31,CRM
S01813,BEBIDAS,T054,V0054,2025-01-01,9999-12-31,CRM
S01813,CULINARIOS,T054,V0054,2025-01-01,9999-12-31,CRM
S01814,NUTRICAO,T055,V0055,2025-01-01,9999-12-31,CRM
S01814,CULINARIOS,T055,V0055,2025-01-01,9999-12-31,CRM
S01815,LACTEOS,T056,V0056,2025-01-01,9999-12-31,CRM
S01815,NUTRICAO,T056,V0056,2025-01-01,9999-12-31,CRM
S01816,CHOCOLATES,T057,V0057,2025-01-01,9999-12-31,CRM
S01816,CHOCOLATES,T049,V0187,2026-01-01,9999-12-31,MANUAL
S01816,BEBIDAS,T057,V0057,2025-01-01,9999-12-31,CRM
S01817,CHOCOLATES,T058,V0058,2025-01-01,9999-12-31,CRM
S01817,CULINARIOS,T058,V0058,2025-01-01,9999-12-31,CRM
S01818,NUTRICAO,T059,V0059,2025-01-01,9999-12-31,CRM
S01818,CHOCOLATES,T059,V0059,2025-01-01,9999-12-31,CRM
S01819,CHOCOLATES,T060,,2025-01-01,9999-12-31,CRM
S01819,NUTRICAO,T060,,2025-01-01,9999-12-31,CRM
S01820,BEBIDAS,T061,V0061,2025-01-01,9999-12-31,CRM
S01820,NUTRICAO,T061,V0061,2025-01-01,9999-12-31,CRM
S01821,NUTRICAO,T062,V0062,2025-01-01,9999-12-31,CRM
S01821,CHOCOLATES,T062,V0062,2025-01-01,9999-12-31,CRM
S01822,BEBIDAS,T063,V0063,2025-01-01,9999-12-31,CRM
S01822,CHOCOLATES,T063,V0063,2025-01-01,9999-12-31,CRM
S01823,CHOCOLATES,T064,V0064,2025-01-01,9999-12-31,CRM
S01823,NUTRICAO,T064,V0064,2025-01-01,9999-12-31,CRM
S01824,CHOCOLATES,T065,V0065,2025-01-01,9999-12-31,CRM
S01824,CULINARIOS,T065,V0065,2025-01-01,9999-12-31,CRM
S01825,BEBIDAS,T066,V0066,2025-01-01,9999-12-31,CRM
S01825,CULINARIOS,T066,V0066,2025-01-01,9999-12-31,CRM
S01826,NUTRICAO,T067,V0067,2025-01-01,9999-12-31,CRM
S01826,CHOCOLATES,T067,V0067,2025-01-01,9999-12-31,CRM
S01827,CULINARIOS,T068,V0068,2025-01-01,9999-12-31,CRM
S01827,NUTRICAO,T068,V0068,2025-01-01,9999-12-31,CRM
S01828,LACTEOS,T069,V0069,2025-01-01,9999-12-31,CRM
S01828,NUTRICAO,T069,V0069,2025-01-01,9999-12-31,CRM
S01829,CHOCOLATES,T070,V0070,2025-01-01,9999-12-31,CRM
S01829,CULINARIOS,T070,V0070,2025-01-01,9999-12-31,CRM
S01830,NUTRICAO,T071,V0071,2025-01-01,9999-12-31,CRM
S01830,BEBIDAS,T071,V0071,2025-01-01,9999-12-31,CRM
S01831,NUTRICAO,T072,V0072,2025-01-01,9999-12-31,CRM
S01831,CULINARIOS,T072,V0072,2025-01-01,9999-12-31,CRM
S01832,NUTRICAO,T073,V0073,2025-01-01,9999-12-31,CRM
S01832,CULINARIOS,T073,V0073,2025-01-01,9999-12-31,CRM
S01833,CHOCOLATES,T074,V0074,2025-01-01,9999-12-31,CRM
S01833,NUTRICAO,T074,V0074,2025-01-01,9999-12-31,CRM
S01834,LACTEOS,,V0075,2025-01-01,9999-12-31,CRM
S01834,CHOCOLATES,,V0075,2025-01-01,9999-12-31,CRM
S01835,LACTEOS,T076,V0076,2025-01-01,9999-12-31,CRM
S01835,BEBIDAS,T076,V0076,2025-01-01,9999-12-31,CRM
S01836,LACTEOS,T077,V0077,2025-01-01,9999-12-31,CRM
S01836,CHOCOLATES,T077,V0077,2025-01-01,9999-12-31,CRM
S01837,LACTEOS,T078,V0078,2025-01-01,9999-12-31,CRM
S01837,CHOCOLATES,T078,V0078,2025-01-01,9999-12-31,CRM
S01837,CHOCOLATES,T026,V0166,2026-01-01,9999-12-31,MANUAL
S01838,NUTRICAO,T079,V0079,2025-01-01,9999-12-31,CRM
S01838,LACTEOS,T079,V0079,2025-01-01,9999-12-31,CRM
S01839,CULINARIOS,T080,V0080,2025-01-01,9999-12-31,CRM
S01839,BEBIDAS,T080,V0080,2025-01-01,9999-12-31,CRM
S01840,BEBIDAS,T001,V0081,2025-01-01,9999-12-31,CRM
S01840,LACTEOS,T001,V0081,2025-01-01,9999-12-31,CRM
S01841,LACTEOS,T002,V0082,2025-01-01,9999-12-31,CRM
S01842,LACTEOS,T003,V0083,2025-01-01,9999-12-31,CRM
S01842,BEBIDAS,T003,V0083,2025-01-01,9999-12-31,CRM
S01843,BEBIDAS,T004,V0084,2025-01-01,9999-12-31,CRM
S01843,NUTRICAO,T004,V0084,2025-01-01,9999-12-31,CRM
S01844,CULINARIOS,T005,V0085,2025-01-01,9999-12-31,CRM
S01844,BEBIDAS,T005,V0085,2025-01-01,9999-12-31,CRM
S01845,CULINARIOS,T006,V0086,2025-01-01,9999-12-31,CRM
S01846,LACTEOS,T007,V0087,2025-01-01,9999-12-31,CRM
S01846,CHOCOLATES,T007,V0087,2025-01-01,9999-12-31,CRM
S01847,CHOCOLATES,T008,,2025-01-01,9999-12-31,CRM
S01847,CULINARIOS,T008,,2025-01-01,9999-12-31,CRM
S01848,NUTRICAO,T009,V0089,2025-01-01,9999-12-31,CRM
S01848,LACTEOS,T009,V0089,2025-01-01,9999-12-31,CRM
S01849,CHOCOLATES,T010,V0090,2025-01-01,9999-12-31,CRM
S01849,NUTRICAO,T010,V0090,2025-01-01,9999-12-31,CRM
S01850,CHOCOLATES,T011,V0091,2025-01-01,9999-12-31,CRM
S01850,NUTRICAO,T011,V0091,2025-01-01,9999-12-31,CRM
S01851,NUTRICAO,T012,V0092,2025-01-01,9999-12-31,CRM
S01851,BEBIDAS,T012,V0092,2025-01-01,9999-12-31,CRM
S01851,BEBIDAS,T066,V0212,2026-01-01,9999-12-31,MANUAL
S01852,CULINARIOS,T013,V0093,2025-01-01,9999-12-31,CRM
S01852,NUTRICAO,T013,V0093,2025-01-01,9999-12-31,CRM
S01853,BEBIDAS,T014,V0094,2025-01-01,9999-12-31,CRM
S01853,LACTEOS,T014,V0094,2025-01-01,9999-12-31,CRM
S01854,BEBIDAS,T015,V0095,2025-01-01,9999-12-31,CRM
S01854,CULINARIOS,T015,V0095,2025-01-01,9999-12-31,CRM
S01855,BEBIDAS,,V0096,2025-01-01,9999-12-31,CRM
S01855,LACTEOS,,V0096,2025-01-01,9999-12-31,CRM
S01856,CHOCOLATES,T017,V0097,2025-01-01,9999-12-31,CRM
S01856,CULINARIOS,T017,V0097,2025-01-01,9999-12-31,CRM
S01857,NUTRICAO,T018,V0098,2025-01-01,9999-12-31,CRM
S01857,CULINARIOS,T018,V0098,2025-01-01,9999-12-31,CRM
S01858,CHOCOLATES,T019,V0099,2025-01-01,9999-12-31,CRM
S01858,NUTRICAO,T019,V0099,2025-01-01,9999-12-31,CRM
S01859,CULINARIOS,T020,V0100,2025-01-01,9999-12-31,CRM
S01859,CHOCOLATES,T020,V0100,2025-01-01,9999-12-31,CRM
S01860,CULINARIOS,T021,V0101,2025-01-01,9999-12-31,CRM
S01861,CULINARIOS,T022,V0102,2025-01-01,9999-12-31,CRM
S01862,BEBIDAS,T023,V0103,2025-01-01,9999-12-31,CRM
S01862,LACTEOS,T023,V0103,2025-01-01,9999-12-31,CRM
S01863,BEBIDAS,T024,V0104,2025-01-01,9999-12-31,CRM
S01863,CHOCOLATES,T024,V0104,2025-01-01,9999-12-31,CRM
S01864,NUTRICAO,T025,V0105,2025-01-01,9999-12-31,CRM
S01865,CHOCOLATES,T026,V0106,2025-01-01,9999-12-31,CRM
S01865,CULINARIOS,T026,V0106,2025-01-01,9999-12-31,CRM
S01866,CULINARIOS,T027,V0107,2025-01-01,9999-12-31,CRM
S01866,BEBIDAS,T027,V0107,2025-01-01,9999-12-31,CRM
S01867,BEBIDAS,T028,V0108,2025-01-01,9999-12-31,CRM
S01867,NUTRICAO,T028,V0108,2025-01-01,9999-12-31,CRM
S01868,LACTEOS,T029,V0109,2025-01-01,9999-12-31,CRM
S01868,CHOCOLATES,T029,V0109,2025-01-01,9999-12-31,CRM
S01869,CULINARIOS,T030,V0110,2025-01-01,9999-12-31,CRM
S01869,NUTRICAO,T030,V0110,2025-01-01,9999-12-31,CRM
S01870,CHOCOLATES,T031,V0111,2025-01-01,9999-12-31,CRM
S01870,NUTRICAO,T031,V0111,2025-01-01,9999-12-31,CRM
S01871,LACTEOS,T032,V0112,2025-01-01,9999-12-31,CRM
S01871,CHOCOLATES,T032,V0112,2025-01-01,9999-12-31,CRM
S01872,LACTEOS,T033,V0113,2025-01-01,9999-12-31,CRM
S01872,CULINARIOS,T033,V0113,2025-01-01,9999-12-31,CRM
S01873,NUTRICAO,T034,V0114,2025-01-01,9999-12-31,CRM
S01873,CULINARIOS,T034,V0114,2025-01-01,9999-12-31,CRM
S01874,LACTEOS,T035,V0115,2025-01-01,9999-12-31,CRM
S01874,CULINARIOS,T035,V0115,2025-01-01,9999-12-31,CRM
S01875,LACTEOS,T036,V0116,2025-01-01,9999-12-31,CRM
S01875,CHOCOLATES,T036,V0116,2025-01-01,9999-12-31,CRM
S01876,CULINARIOS,T037,V0117,2025-01-01,9999-12-31,CRM
S01876,BEBIDAS,T037,V0117,2025-01-01,9999-12-31,CRM
S01877,CHOCOLATES,T038,,2025-01-01,9999-12-31,CRM
S01877,CULINARIOS,T038,,2025-01-01,9999-12-31,CRM
S01878,NUTRICAO,T039,V0119,2025-01-01,9999-12-31,CRM
S01878,LACTEOS,T039,V0119,2025-01-01,9999-12-31,CRM
S01879,BEBIDAS,T040,V0120,2025-01-01,9999-12-31,CRM
S01879,CHOCOLATES,T040,V0120,2025-01-01,9999-12-31,CRM
S01880,BEBIDAS,T041,V0121,2025-01-01,9999-12-31,CRM
S01880,NUTRICAO,T041,V0121,2025-01-01,9999-12-31,CRM
S01881,CHOCOLATES,T042,V0122,2025-01-01,9999-12-31,CRM
S01881,CHOCOLATES,T064,V0068,2026-01-01,9999-12-31,MANUAL
S01881,CULINARIOS,T042,V0122,2025-01-01,9999-12-31,CRM
S01882,LACTEOS,T043,V0123,2025-01-01,9999-12-31,CRM
S01882,CULINARIOS,T043,V0123,2025-01-01,9999-12-31,CRM
S01883,NUTRICAO,T044,V0124,2025-01-01,9999-12-31,CRM
S01883,BEBIDAS,T044,V0124,2025-01-01,9999-12-31,CRM
S01884,BEBIDAS,T045,V0125,2025-01-01,9999-12-31,CRM
S01884,CHOCOLATES,T045,V0125,2025-01-01,9999-12-31,CRM
S01885,CHOCOLATES,T046,V0126,2025-01-01,9999-12-31,CRM
S01885,CHOCOLATES,T004,V0138,2026-01-01,9999-12-31,MANUAL
S01885,LACTEOS,T046,V0126,2025-01-01,9999-12-31,CRM
S01886,NUTRICAO,T047,V0127,2025-01-01,9999-12-31,CRM
S01886,NUTRICAO,T043,V0145,2026-01-01,9999-12-31,MANUAL
S01886,CULINARIOS,T047,V0127,2025-01-01,9999-12-31,CRM
S01887,CHOCOLATES,T048,V0128,2025-01-01,9999-12-31,CRM
S01887,CULINARIOS,T048,V0128,2025-01-01,9999-12-31,CRM
S01888,LACTEOS,T049,V0129,2025-01-01,9999-12-31,CRM
S01888,BEBIDAS,T049,V0129,2025-01-01,9999-12-31,CRM
S01889,NUTRICAO,T050,V0130,2025-01-01,9999-12-31,CRM
S01889,CULINARIOS,T050,V0130,2025-01-01,9999-12-31,CRM
S01890,NUTRICAO,T051,V0131,2025-01-01,9999-12-31,CRM
S01890,CULINARIOS,T051,V0131,2025-01-01,9999-12-31,CRM
S01891,CHOCOLATES,T052,V0132,2025-01-01,9999-12-31,CRM
S01891,NUTRICAO,T052,V0132,2025-01-01,9999-12-31,CRM
S01892,BEBIDAS,T053,V0133,2025-01-01,9999-12-31,CRM
S01892,CULINARIOS,T053,V0133,2025-01-01,9999-12-31,CRM
S01893,CHOCOLATES,T054,V0134,2025-01-01,9999-12-31,CRM
S01893,NUTRICAO,T054,V0134,2025-01-01,9999-12-31,CRM
S01894,CHOCOLATES,T055,V0135,2025-01-01,9999-12-31,CRM
S01894,NUTRICAO,T055,V0135,2025-01-01,9999-12-31,CRM
S01895,CHOCOLATES,T056,V0136,2025-01-01,9999-12-31,CRM
S01896,LACTEOS,T057,V0137,2025-01-01,9999-12-31,CRM
S01896,CHOCOLATES,T057,V0137,2025-01-01,9999-12-31,CRM
S01897,NUTRICAO,T058,V0138,2025-01-01,9999-12-31,CRM
S01897,CHOCOLATES,T058,V0138,2025-01-01,9999-12-31,CRM
S01898,LACTEOS,T059,V0139,2025-01-01,9999-12-31,CRM
S01898,LACTEOS,T023,V0140,2026-01-01,9999-12-31,MANUAL
S01899,LACTEOS,T060,V0140,2025-01-01,9999-12-31,CRM
S01899,CULINARIOS,T060,V0140,2025-01-01,9999-12-31,CRM
S01900,BEBIDAS,T061,V0141,2025-01-01,9999-12-31,CRM
S01901,CHOCOLATES,T062,V0142,2025-01-01,9999-12-31,CRM
S01901,CULINARIOS,T062,V0142,2025-01-01,9999-12-31,CRM
S01902,NUTRICAO,T063,,2025-01-01,9999-12-31,CRM
S01902,BEBIDAS,T063,,2025-01-01,9999-12-31,CRM
S01903,LACTEOS,T064,V0144,2025-01-01,9999-12-31,CRM
S01903,NUTRICAO,T064,V0144,2025-01-01,9999-12-31,CRM
S01904,NUTRICAO,T065,V0145,2025-01-01,9999-12-31,CRM
S01905,CHOCOLATES,T066,V0146,2025-01-01,9999-12-31,CRM
S01905,BEBIDAS,T066,V0146,2025-01-01,9999-12-31,CRM
S01906,NUTRICAO,,V0147,2025-01-01,9999-12-31,CRM
S01906,BEBIDAS,,V0147,2025-01-01,9999-12-31,CRM
S01907,CULINARIOS,T068,V0148,2025-01-01,9999-12-31,CRM
S01907,CHOCOLATES,T068,V0148,2025-01-01,9999-12-31,CRM
S01908,CULINARIOS,T069,V0149,2025-01-01,9999-12-31,CRM
S01908,NUTRICAO,T069,V0149,2025-01-01,9999-12-31,CRM
S01909,CHOCOLATES,T070,V0150,2025-01-01,9999-12-31,CRM
S01909,NUTRICAO,T070,V0150,2025-01-01,9999-12-31,CRM
S01910,CULINARIOS,T071,V0151,2025-01-01,9999-12-31,CRM
S01910,CHOCOLATES,T071,V0151,2025-01-01,9999-12-31,CRM
S01911,LACTEOS,T072,V0152,2025-01-01,9999-12-31,CRM
S01911,BEBIDAS,T072,V0152,2025-01-01,9999-12-31,CRM
S01912,LACTEOS,T073,V0153,2025-01-01,9999-12-31,CRM
S01912,NUTRICAO,T073,V0153,2025-01-01,9999-12-31,CRM
S01913,CULINARIOS,T074,V0154,2025-01-01,9999-12-31,CRM
S01913,NUTRICAO,T074,V0154,2025-01-01,9999-12-31,CRM
S01914,LACTEOS,T075,V0155,2025-01-01,9999-12-31,CRM
S01914,CHOCOLATES,T075,V0155,2025-01-01,9999-12-31,CRM
S01915,NUTRICAO,T076,V0156,2025-01-01,9999-12-31,CRM
S01915,LACTEOS,T076,V0156,2025-01-01,9999-12-31,CRM
S01916,BEBIDAS,T077,V0157,2025-01-01,9999-12-31,CRM
S01917,BEBIDAS,T078,V0158,2025-01-01,9999-12-31,CRM
S01917,CHOCOLATES,T078,V0158,2025-01-01,9999-12-31,CRM
S01918,BEBIDAS,T079,V0159,2025-01-01,9999-12-31,CRM
S01918,CULINARIOS,T079,V0159,2025-01-01,9999-12-31,CRM
S01919,CULINARIOS,T080,V0160,2025-01-01,9999-12-31,CRM
S01919,NUTRICAO,T080,V0160,2025-01-01,9999-12-31,CRM
S01920,LACTEOS,T001,,2025-01-01,9999-12-31,CRM
S01920,CHOCOLATES,T001,,2025-01-01,9999-12-31,CRM
S01921,CHOCOLATES,T002,V0162,2025-01-01,9999-12-31,CRM
S01921,BEBIDAS,T002,V0162,2025-01-01,9999-12-31,CRM
S01922,LACTEOS,T003,V0163,2025-01-01,9999-12-31,CRM
S01922,BEBIDAS,T003,V0163,2025-01-01,9999-12-31,CRM
S01923,CHOCOLATES,T004,V0164,2025-01-01,9999-12-31,CRM
S01923,NUTRICAO,T004,V0164,2025-01-01,9999-12-31,CRM
S01924,CHOCOLATES,T005,V0165,2025-01-01,9999-12-31,CRM
S01924,BEBIDAS,T005,V0165,2025-01-01,9999-12-31,CRM
S01925,CHOCOLATES,T006,V0166,2025-01-01,9999-12-31,CRM
S01925,BEBIDAS,T006,V0166,2025-01-01,9999-12-31,CRM
S01926,LACTEOS,T007,V0167,2025-01-01,9999-12-31,CRM
S01926,BEBIDAS,T007,V0167,2025-01-01,9999-12-31,CRM
S01927,CHOCOLATES,T008,V0168,2025-01-01,9999-12-31,CRM
S01927,CHOCOLATES,T005,V0058,2026-01-01,9999-12-31,MANUAL
S01928,CHOCOLATES,T009,V0169,2025-01-01,9999-12-31,CRM
S01928,LACTEOS,T009,V0169,2025-01-01,9999-12-31,CRM
S01929,BEBIDAS,T010,V0170,2025-01-01,9999-12-31,CRM
S01929,NUTRICAO,T010,V0170,2025-01-01,9999-12-31,CRM
S01930,LACTEOS,T011,V0171,2025-01-01,9999-12-31,CRM
S01930,CULINARIOS,T011,V0171,2025-01-01,9999-12-31,CRM
S01931,CULINARIOS,T012,V0172,2025-01-01,9999-12-31,CRM
S01931,CHOCOLATES,T012,V0172,2025-01-01,9999-12-31,CRM
S01931,CHOCOLATES,T037,V0102,2026-01-01,9999-12-31,MANUAL
S01932,CHOCOLATES,T013,V0173,2025-01-01,9999-12-31,CRM
S01932,LACTEOS,T013,V0173,2025-01-01,9999-12-31,CRM
S01933,NUTRICAO,T014,V0174,2025-01-01,9999-12-31,CRM
S01933,BEBIDAS,T014,V0174,2025-01-01,9999-12-31,CRM
S01934,LACTEOS,T015,V0175,2025-01-01,9999-12-31,CRM
S01934,BEBIDAS,T015,V0175,2025-01-01,9999-12-31,CRM
S01935,CHOCOLATES,T016,V0176,2025-01-01,9999-12-31,CRM
S01936,LACTEOS,T017,V0177,2025-01-01,9999-12-31,CRM
S01936,CULINARIOS,T017,V0177,2025-01-01,9999-12-31,CRM
S01937,NUTRICAO,T018,V0178,2025-01-01,9999-12-31,CRM
S01937,LACTEOS,T018,V0178,2025-01-01,9999-12-31,CRM
S01938,NUTRICAO,T019,V0179,2025-01-01,9999-12-31,CRM
S01939,CHOCOLATES,T020,V0180,2025-01-01,9999-12-31,CRM
S01939,NUTRICAO,T020,V0180,2025-01-01,9999-12-31,CRM
S01940,CULINARIOS,T021,V0181,2025-01-01,9999-12-31,CRM
S01940,NUTRICAO,T021,V0181,2025-01-01,9999-12-31,CRM
S01941,LACTEOS,T022,V0182,2025-01-01,9999-12-31,CRM
S01943,CHOCOLATES,T024,V0184,2025-01-01,9999-12-31,CRM
S01943,CULINARIOS,T024,V0184,2025-01-01,9999-12-31,CRM
S01944,CULINARIOS,T025,V0185,2025-01-01,9999-12-31,CRM
S01944,NUTRICAO,T025,V0185,2025-01-01,9999-12-31,CRM
S01945,BEBIDAS,T026,V0186,2025-01-01,9999-12-31,CRM
S01945,LACTEOS,T026,V0186,2025-01-01,9999-12-31,CRM
S01946,CULINARIOS,T027,V0187,2025-01-01,9999-12-31,CRM
S01946,BEBIDAS,T027,V0187,2025-01-01,9999-12-31,CRM
S01947,CULINARIOS,T028,V0188,2025-01-01,9999-12-31,CRM
S01947,BEBIDAS,T028,V0188,2025-01-01,9999-12-31,CRM
S01947,BEBIDAS,T002,V0109,2026-01-01,9999-12-31,MANUAL
S01948,CULINARIOS,T029,V0189,2025-01-01,9999-12-31,CRM
S01949,CULINARIOS,T030,V0190,2025-01-01,9999-12-31,CRM
S01949,CHOCOLATES,T030,V0190,2025-01-01,9999-12-31,CRM
S01950,NUTRICAO,T031,V0191,2025-01-01,9999-12-31,CRM
S01950,BEBIDAS,T031,V0191,2025-01-01,9999-12-31,CRM
S01951,CULINARIOS,T032,V0192,2025-01-01,9999-12-31,CRM
S01951,CHOCOLATES,T032,V0192,2025-01-01,9999-12-31,CRM
S01952,LACTEOS,T033,V0193,2025-01-01,9999-12-31,CRM
S01952,CHOCOLATES,T033,V0193,2025-01-01,9999-12-31,CRM
S01953,BEBIDAS,T034,V0194,2025-01-01,9999-12-31,CRM
S01953,CULINARIOS,T034,V0194,2025-01-01,9999-12-31,CRM
S01954,CULINARIOS,T035,V0195,2025-01-01,9999-12-31,CRM
S01954,CHOCOLATES,T035,V0195,2025-01-01,9999-12-31,CRM
S01955,CHOCOLATES,T036,V0196,2025-01-01,9999-12-31,CRM
S01955,BEBIDAS,T036,V0196,2025-01-01,9999-12-31,CRM
S01956,CULINARIOS,T037,V0197,2025-01-01,9999-12-31,CRM
S01956,CHOCOLATES,T037,V0197,2025-01-01,9999-12-31,CRM
S01957,CULINARIOS,T038,V0198,2025-01-01,9999-12-31,CRM
S01957,LACTEOS,T038,V0198,2025-01-01,9999-12-31,CRM
S01958,LACTEOS,T039,V0199,2025-01-01,9999-12-31,CRM
S01958,BEBIDAS,T039,V0199,2025-01-01,9999-12-31,CRM
S01959,NUTRICAO,T040,V0200,2025-01-01,9999-12-31,CRM
S01960,CHOCOLATES,T041,V0201,2025-01-01,9999-12-31,CRM
S01961,LACTEOS,T042,V0202,2025-01-01,9999-12-31,CRM
S01961,BEBIDAS,T042,V0202,2025-01-01,9999-12-31,CRM
S01962,CULINARIOS,,V0203,2025-01-01,9999-12-31,CRM
S01963,CULINARIOS,T044,V0204,2025-01-01,9999-12-31,CRM
S01963,BEBIDAS,T044,V0204,2025-01-01,9999-12-31,CRM
S01964,LACTEOS,T045,V0205,2025-01-01,9999-12-31,CRM
S01964,CHOCOLATES,T045,V0205,2025-01-01,9999-12-31,CRM
S01965,CHOCOLATES,T046,V0206,2025-01-01,9999-12-31,CRM
S01965,CULINARIOS,T046,V0206,2025-01-01,9999-12-31,CRM
S01966,NUTRICAO,T047,V0207,2025-01-01,9999-12-31,CRM
S01966,LACTEOS,T047,V0207,2025-01-01,9999-12-31,CRM
S01967,BEBIDAS,T048,V0208,2025-01-01,9999-12-31,CRM
S01967,CULINARIOS,T048,V0208,2025-01-01,9999-12-31,CRM
S01968,LACTEOS,,V0209,2025-01-01,9999-12-31,CRM
S01968,CULINARIOS,,V0209,2025-01-01,9999-12-31,CRM
S01969,NUTRICAO,T050,V0210,2025-01-01,9999-12-31,CRM
S01969,CHOCOLATES,T050,V0210,2025-01-01,9999-12-31,CRM
S01970,CHOCOLATES,T051,V0211,2025-01-01,9999-12-31,CRM
S01970,LACTEOS,T051,V0211,2025-01-01,9999-12-31,CRM
S01971,CULINARIOS,T052,V0212,2025-01-01,9999-12-31,CRM
S01971,BEBIDAS,T052,V0212,2025-01-01,9999-12-31,CRM
S01972,BEBIDAS,T053,V0213,2025-01-01,9999-12-31,CRM
S01972,LACTEOS,T053,V0213,2025-01-01,9999-12-31,CRM
S01972,LACTEOS,T048,V0218,2026-01-01,9999-12-31,MANUAL
S01973,CHOCOLATES,T054,V0214,2025-01-01,9999-12-31,CRM
S01973,NUTRICAO,T054,V0214,2025-01-01,9999-12-31,CRM
S01974,BEBIDAS,T055,V0215,2025-01-01,9999-12-31,CRM
S01975,CHOCOLATES,T056,V0216,2025-01-01,9999-12-31,CRM
S01975,CULINARIOS,T056,V0216,2025-01-01,9999-12-31,CRM
S01976,CHOCOLATES,T057,V0217,2025-01-01,9999-12-31,CRM
S01976,NUTRICAO,T057,V0217,2025-01-01,9999-12-31,CRM
S01977,CULINARIOS,T058,V0218,2025-01-01,9999-12-31,CRM
S01977,LACTEOS,T058,V0218,2025-01-01,9999-12-31,CRM
S01978,CULINARIOS,T059,,2025-01-01,9999-12-31,CRM
S01979,NUTRICAO,T060,V0220,2025-01-01,9999-12-31,CRM
S01979,CHOCOLATES,T060,V0220,2025-01-01,9999-12-31,CRM
S01980,NUTRICAO,T061,V0001,2025-01-01,9999-12-31,CRM
S01980,CULINARIOS,T061,V0001,2025-01-01,9999-12-31,CRM
S01981,CHOCOLATES,T062,V0002,2025-01-01,9999-12-31,CRM
S01982,NUTRICAO,T063,V0003,2025-01-01,9999-12-31,CRM
S01982,CHOCOLATES,T063,V0003,2025-01-01,9999-12-31,CRM
S01983,NUTRICAO,T064,V0004,2025-01-01,9999-12-31,CRM
S01983,LACTEOS,T064,V0004,2025-01-01,9999-12-31,CRM
S01984,LACTEOS,T065,V0005,2025-01-01,9999-12-31,CRM
S01984,CHOCOLATES,T065,V0005,2025-01-01,9999-12-31,CRM
S01985,CHOCOLATES,T066,V0006,2025-01-01,9999-12-31,CRM
S01986,LACTEOS,T067,V0007,2025-01-01,9999-12-31,CRM
S01987,BEBIDAS,T068,V0008,2025-01-01,9999-12-31,CRM
S01987,CHOCOLATES,T068,V0008,2025-01-01,9999-12-31,CRM
S01988,BEBIDAS,T069,V0009,2025-01-01,9999-12-31,CRM
S01988,LACTEOS,T069,V0009,2025-01-01,9999-12-31,CRM
S01989,BEBIDAS,T070,V0010,2025-01-01,9999-12-31,CRM
S01989,CULINARIOS,T070,V0010,2025-01-01,9999-12-31,CRM
S01990,NUTRICAO,T071,V0011,2025-01-01,9999-12-31,CRM
S01990,LACTEOS,T071,V0011,2025-01-01,9999-12-31,CRM
S01991,LACTEOS,T072,V0012,2025-01-01,9999-12-31,CRM
S01991,NUTRICAO,T072,V0012,2025-01-01,9999-12-31,CRM
S01992,BEBIDAS,T073,V0013,2025-01-01,9999-12-31,CRM
S01992,LACTEOS,T073,V0013,2025-01-01,9999-12-31,CRM
S01993,BEBIDAS,T074,V0014,2025-01-01,9999-12-31,CRM
S01993,NUTRICAO,T074,V0014,2025-01-01,9999-12-31,CRM
S01994,CHOCOLATES,T075,V0015,2025-01-01,9999-12-31,CRM
S01994,CULINARIOS,T075,V0015,2025-01-01,9999-12-31,CRM
S01995,BEBIDAS,T076,V0016,2025-01-01,9999-12-31,CRM
S01995,CHOCOLATES,T076,V0016,2025-01-01,9999-12-31,CRM
S01996,CULINARIOS,T077,V0017,2025-01-01,9999-12-31,CRM
S01996,LACTEOS,T077,V0017,2025-01-01,9999-12-31,CRM
S01997,LACTEOS,T078,V0018,2025-01-01,9999-12-31,CRM
S01997,CHOCOLATES,T078,V0018,2025-01-01,9999-12-31,CRM
S01998,CULINARIOS,T079,V0019,2025-01-01,9999-12-31,CRM
S01998,NUTRICAO,T079,V0019,2025-01-01,9999-12-31,CRM
S01999,CULINARIOS,T080,V0020,2025-01-01,9999-12-31,CRM
S02000,CHOCOLATES,T001,V0021,2025-01-01,9999-12-31,CRM
S02001,LACTEOS,T002,V0022,2025-01-01,9999-12-31,CRM
S02002,NUTRICAO,T003,V0023,2025-01-01,9999-12-31,CRM
S02002,BEBIDAS,T003,V0023,2025-01-01,9999-12-31,CRM
S02003,NUTRICAO,T004,V0024,2025-01-01,9999-12-31,CRM
S02003,BEBIDAS,T004,V0024,2025-01-01,9999-12-31,CRM
S02004,LACTEOS,T005,V0025,2025-01-01,9999-12-31,CRM
S02004,CULINARIOS,T005,V0025,2025-01-01,9999-12-31,CRM
S02005,CHOCOLATES,T006,V0026,2025-01-01,9999-12-31,CRM
S02005,BEBIDAS,T006,V0026,2025-01-01,9999-12-31,CRM
S02006,BEBIDAS,T007,V0027,2025-01-01,9999-12-31,CRM
S02006,CULINARIOS,T007,V0027,2025-01-01,9999-12-31,CRM
S02007,CULINARIOS,T008,V0028,2025-01-01,9999-12-31,CRM
S02007,LACTEOS,T008,V0028,2025-01-01,9999-12-31,CRM
S02008,LACTEOS,T009,V0029,2025-01-01,9999-12-31,CRM
S02008,CHOCOLATES,T009,V0029,2025-01-01,9999-12-31,CRM
S02009,LACTEOS,T010,V0030,2025-01-01,9999-12-31,CRM
S02009,CULINARIOS,T010,V0030,2025-01-01,9999-12-31,CRM
S02010,CHOCOLATES,T011,V0031,2025-01-01,9999-12-31,CRM
S02010,CULINARIOS,T011,V0031,2025-01-01,9999-12-31,CRM
S02011,LACTEOS,T012,V0032,2025-01-01,9999-12-31,CRM
S02011,CHOCOLATES,T012,V0032,2025-01-01,9999-12-31,CRM
S02012,CHOCOLATES,T013,V0033,2025-01-01,9999-12-31,CRM
S02012,BEBIDAS,T013,V0033,2025-01-01,9999-12-31,CRM
S02013,CHOCOLATES,,V0034,2025-01-01,9999-12-31,CRM
S02013,LACTEOS,,V0034,2025-01-01,9999-12-31,CRM
S02014,LACTEOS,T015,,2025-01-01,9999-12-31,CRM
S02014,BEBIDAS,T015,,2025-01-01,9999-12-31,CRM
S02015,CHOCOLATES,T016,V0036,2025-01-01,9999-12-31,CRM
S02015,NUTRICAO,T016,V0036,2025-01-01,9999-12-31,CRM
S02016,CHOCOLATES,T017,V0037,2025-01-01,9999-12-31,CRM
S02016,LACTEOS,T017,V0037,2025-01-01,9999-12-31,CRM
S02017,CHOCOLATES,T018,V0038,2025-01-01,9999-12-31,CRM
S02017,LACTEOS,T018,V0038,2025-01-01,9999-12-31,CRM
S02018,CHOCOLATES,T019,V0039,2025-01-01,9999-12-31,CRM
S02018,CULINARIOS,T019,V0039,2025-01-01,9999-12-31,CRM
S02019,BEBIDAS,T020,V0040,2025-01-01,9999-12-31,CRM
S02019,NUTRICAO,T020,V0040,2025-01-01,9999-12-31,CRM
S02020,BEBIDAS,T021,V0041,2025-01-01,9999-12-31,CRM
S02021,LACTEOS,T022,V0042,2025-01-01,9999-12-31,CRM
S02021,NUTRICAO,T022,V0042,2025-01-01,9999-12-31,CRM
S02022,BEBIDAS,T023,V0043,2025-01-01,9999-12-31,CRM
S02022,LACTEOS,T023,V0043,2025-01-01,9999-12-31,CRM
S02023,LACTEOS,,V0044,2025-01-01,9999-12-31,CRM
S02023,BEBIDAS,,V0044,2025-01-01,9999-12-31,CRM
S02024,BEBIDAS,T025,V0045,2025-01-01,9999-12-31,CRM
S02024,NUTRICAO,T025,V0045,2025-01-01,9999-12-31,CRM
S02025,LACTEOS,T026,V0046,2025-01-01,9999-12-31,CRM
S02026,BEBIDAS,T027,V0047,2025-01-01,9999-12-31,CRM
S02026,CULINARIOS,T027,V0047,2025-01-01,9999-12-31,CRM
S02027,CULINARIOS,T028,,2025-01-01,9999-12-31,CRM
S02027,BEBIDAS,T028,,2025-01-01,9999-12-31,CRM
S02028,CULINARIOS,T029,V0049,2025-01-01,9999-12-31,CRM
S02028,CHOCOLATES,T029,V0049,2025-01-01,9999-12-31,CRM
S02029,CULINARIOS,T030,V0050,2025-01-01,9999-12-31,CRM
S02029,CHOCOLATES,T030,V0050,2025-01-01,9999-12-31,CRM
S02030,CHOCOLATES,T031,V0051,2025-01-01,9999-12-31,CRM
S02030,NUTRICAO,T031,V0051,2025-01-01,9999-12-31,CRM
S02031,NUTRICAO,T032,V0052,2025-01-01,9999-12-31,CRM
S02031,LACTEOS,T032,V0052,2025-01-01,9999-12-31,CRM
S02032,NUTRICAO,T033,V0053,2025-01-01,9999-12-31,CRM
S02033,CHOCOLATES,T034,V0054,2025-01-01,9999-12-31,CRM
S02033,LACTEOS,T034,V0054,2025-01-01,9999-12-31,CRM
S02034,LACTEOS,T035,V0055,2025-01-01,9999-12-31,CRM
S02034,CHOCOLATES,T035,V0055,2025-01-01,9999-12-31,CRM
S02035,CHOCOLATES,T036,V0056,2025-01-01,9999-12-31,CRM
S02035,CULINARIOS,T036,V0056,2025-01-01,9999-12-31,CRM
S02036,LACTEOS,T037,V0057,2025-01-01,9999-12-31,CRM
S02037,CULINARIOS,T038,V0058,2025-01-01,9999-12-31,CRM
S02037,NUTRICAO,T038,V0058,2025-01-01,9999-12-31,CRM
S02038,CULINARIOS,T039,V0059,2025-01-01,9999-12-31,CRM
S02038,LACTEOS,T039,V0059,2025-01-01,9999-12-31,CRM
S02038,LACTEOS,T062,V0101,2026-01-01,9999-12-31,MANUAL
S02039,CULINARIOS,T040,V0060,2025-01-01,9999-12-31,CRM
S02039,CHOCOLATES,T040,V0060,2025-01-01,9999-12-31,CRM
S02040,CHOCOLATES,T041,V0061,2025-01-01,9999-12-31,CRM
S02040,LACTEOS,T041,V0061,2025-01-01,9999-12-31,CRM
S02041,NUTRICAO,T042,V0062,2025-01-01,9999-12-31,CRM
S02041,NUTRICAO,T018,V0115,2026-01-01,9999-12-31,MANUAL
S02041,BEBIDAS,T042,V0062,2025-01-01,9999-12-31,CRM
S02042,NUTRICAO,T043,V0063,2025-01-01,9999-12-31,CRM
S02042,CULINARIOS,T043,V0063,2025-01-01,9999-12-31,CRM
S02043,NUTRICAO,T044,V0064,2025-01-01,9999-12-31,CRM
S02043,LACTEOS,T044,V0064,2025-01-01,9999-12-31,CRM
S02044,CHOCOLATES,T045,V0065,2025-01-01,9999-12-31,CRM
S02044,LACTEOS,T045,V0065,2025-01-01,9999-12-31,CRM
S02045,CHOCOLATES,T046,V0066,2025-01-01,9999-12-31,CRM
S02045,BEBIDAS,T046,V0066,2025-01-01,9999-12-31,CRM
S02046,CULINARIOS,T047,V0067,2025-01-01,9999-12-31,CRM
S02046,CHOCOLATES,T047,V0067,2025-01-01,9999-12-31,CRM
S02047,CHOCOLATES,T048,V0068,2025-01-01,9999-12-31,CRM
S02047,BEBIDAS,T048,V0068,2025-01-01,9999-12-31,CRM
S02048,BEBIDAS,T049,V0069,2025-01-01,9999-12-31,CRM
S02048,CULINARIOS,T049,V0069,2025-01-01,9999-12-31,CRM
S02049,BEBIDAS,T050,V0070,2025-01-01,9999-12-31,CRM
S02049,NUTRICAO,T050,V0070,2025-01-01,9999-12-31,CRM
S02050,CHOCOLATES,T051,V0071,2025-01-01,9999-12-31,CRM
S02050,CULINARIOS,T051,V0071,2025-01-01,9999-12-31,CRM
S02051,BEBIDAS,T052,V0072,2025-01-01,9999-12-31,CRM
S02052,BEBIDAS,T053,,2025-01-01,9999-12-31,CRM
S02052,NUTRICAO,T053,,2025-01-01,9999-12-31,CRM
S02053,CHOCOLATES,T054,V0074,2025-01-01,9999-12-31,CRM
S02053,LACTEOS,T054,V0074,2025-01-01,9999-12-31,CRM
S02054,NUTRICAO,T055,V0075,2025-01-01,9999-12-31,CRM
S02054,LACTEOS,T055,V0075,2025-01-01,9999-12-31,CRM
S02055,CHOCOLATES,T056,V0076,2025-01-01,9999-12-31,CRM
S02055,BEBIDAS,T056,V0076,2025-01-01,9999-12-31,CRM
S02056,BEBIDAS,T057,V0077,2025-01-01,9999-12-31,CRM
S02056,CULINARIOS,T057,V0077,2025-01-01,9999-12-31,CRM
S02057,CHOCOLATES,T058,V0078,2025-01-01,9999-12-31,CRM
S02057,CHOCOLATES,T019,V0137,2026-01-01,9999-12-31,MANUAL
S02057,BEBIDAS,T058,V0078,2025-01-01,9999-12-31,CRM
S02058,BEBIDAS,T059,V0079,2025-01-01,9999-12-31,CRM
S02059,LACTEOS,T060,V0080,2025-01-01,9999-12-31,CRM
S02059,BEBIDAS,T060,V0080,2025-01-01,9999-12-31,CRM
S02060,NUTRICAO,T061,V0081,2025-01-01,9999-12-31,CRM
S02060,LACTEOS,T061,V0081,2025-01-01,9999-12-31,CRM
S02061,LACTEOS,T062,V0082,2025-01-01,9999-12-31,CRM
S02061,NUTRICAO,T062,V0082,2025-01-01,9999-12-31,CRM
S02062,CULINARIOS,T063,,2025-01-01,9999-12-31,CRM
S02062,BEBIDAS,T063,,2025-01-01,9999-12-31,CRM
S02063,BEBIDAS,T064,V0084,2025-01-01,9999-12-31,CRM
S02063,NUTRICAO,T064,V0084,2025-01-01,9999-12-31,CRM
S02064,BEBIDAS,T065,V0085,2025-01-01,9999-12-31,CRM
S02064,CHOCOLATES,T065,V0085,2025-01-01,9999-12-31,CRM
S02065,LACTEOS,T066,V0086,2025-01-01,9999-12-31,CRM
S02065,BEBIDAS,T066,V0086,2025-01-01,9999-12-31,CRM
S02066,BEBIDAS,T067,V0087,2025-01-01,9999-12-31,CRM
S02066,NUTRICAO,T067,V0087,2025-01-01,9999-12-31,CRM
S02067,CHOCOLATES,T068,V0088,2025-01-01,9999-12-31,CRM
S02067,CULINARIOS,T068,V0088,2025-01-01,9999-12-31,CRM
S02068,BEBIDAS,T069,V0089,2025-01-01,9999-12-31,CRM
S02068,NUTRICAO,T069,V0089,2025-01-01,9999-12-31,CRM
S02069,CULINARIOS,T070,V0090,2025-01-01,9999-12-31,CRM
S02069,LACTEOS,T070,V0090,2025-01-01,9999-12-31,CRM
S02070,LACTEOS,T071,V0091,2025-01-01,9999-12-31,CRM
S02070,CHOCOLATES,T071,V0091,2025-01-01,9999-12-31,CRM
S02071,NUTRICAO,T072,V0092,2025-01-01,9999-12-31,CRM
S02071,CHOCOLATES,T072,V0092,2025-01-01,9999-12-31,CRM
S02072,NUTRICAO,T073,V0093,2025-01-01,9999-12-31,CRM
S02072,CULINARIOS,T073,V0093,2025-01-01,9999-12-31,CRM
S02073,CULINARIOS,T074,V0094,2025-01-01,9999-12-31,CRM
S02073,CULINARIOS,T021,V0022,2026-01-01,9999-12-31,MANUAL
S02074,BEBIDAS,,V0095,2025-01-01,9999-12-31,CRM
S02074,CHOCOLATES,,V0095,2025-01-01,9999-12-31,CRM
S02075,CHOCOLATES,T076,V0096,2025-01-01,9999-12-31,CRM
S02076,NUTRICAO,T077,V0097,2025-01-01,9999-12-31,CRM
S02076,CHOCOLATES,T077,V0097,2025-01-01,9999-12-31,CRM
S02077,BEBIDAS,T078,V0098,2025-01-01,9999-12-31,CRM
S02077,LACTEOS,T078,V0098,2025-01-01,9999-12-31,CRM
S02078,CHOCOLATES,T079,V0099,2025-01-01,9999-12-31,CRM
S02078,BEBIDAS,T079,V0099,2025-01-01,9999-12-31,CRM
S02079,CULINARIOS,T080,V0100,2025-01-01,9999-12-31,CRM
S02079,LACTEOS,T080,V0100,2025-01-01,9999-12-31,CRM
S02080,LACTEOS,T001,V0101,2025-01-01,9999-12-31,CRM
S02080,LACTEOS,T058,V0076,2026-01-01,9999-12-31,MANUAL
S02080,CULINARIOS,T001,V0101,2025-01-01,9999-12-31,CRM
S02081,LACTEOS,T002,V0102,2025-01-01,9999-12-31,CRM
S02081,BEBIDAS,T002,V0102,2025-01-01,9999-12-31,CRM
S02082,LACTEOS,T003,V0103,2025-01-01,9999-12-31,CRM
S02082,BEBIDAS,T003,V0103,2025-01-01,9999-12-31,CRM
S02083,NUTRICAO,T004,V0104,2025-01-01,9999-12-31,CRM
S02083,BEBIDAS,T004,V0104,2025-01-01,9999-12-31,CRM
S02084,BEBIDAS,T005,V0105,2025-01-01,9999-12-31,CRM
S02085,LACTEOS,T006,V0106,2025-01-01,9999-12-31,CRM
S02085,NUTRICAO,T006,V0106,2025-01-01,9999-12-31,CRM
S02086,LACTEOS,T007,V0107,2025-01-01,9999-12-31,CRM
S02086,NUTRICAO,T007,V0107,2025-01-01,9999-12-31,CRM
S02087,NUTRICAO,T008,V0108,2025-01-01,9999-12-31,CRM
S02087,CHOCOLATES,T008,V0108,2025-01-01,9999-12-31,CRM
S02088,BEBIDAS,T009,V0109,2025-01-01,9999-12-31,CRM
S02088,LACTEOS,T009,V0109,2025-01-01,9999-12-31,CRM
S02089,NUTRICAO,T010,V0110,2025-01-01,9999-12-31,CRM
S02090,LACTEOS,T011,V0111,2025-01-01,9999-12-31,CRM
S02090,CHOCOLATES,T011,V0111,2025-01-01,9999-12-31,CRM
S02091,NUTRICAO,T012,V0112,2025-01-01,9999-12-31,CRM
S02091,BEBIDAS,T012,V0112,2025-01-01,9999-12-31,CRM
S02092,NUTRICAO,T013,V0113,2025-01-01,9999-12-31,CRM
S02092,BEBIDAS,T013,V0113,2025-01-01,9999-12-31,CRM
S02093,CULINARIOS,T014,V0114,2025-01-01,9999-12-31,CRM
S02093,NUTRICAO,T014,V0114,2025-01-01,9999-12-31,CRM
S02094,CHOCOLATES,T015,V0115,2025-01-01,9999-12-31,CRM
S02094,NUTRICAO,T015,V0115,2025-01-01,9999-12-31,CRM
S02095,BEBIDAS,T016,V0116,2025-01-01,9999-12-31,CRM
S02095,LACTEOS,T016,V0116,2025-01-01,9999-12-31,CRM
S02096,NUTRICAO,T017,V0117,2025-01-01,9999-12-31,CRM
S02096,CHOCOLATES,T017,V0117,2025-01-01,9999-12-31,CRM
S02097,CHOCOLATES,T018,V0118,2025-01-01,9999-12-31,CRM
S02097,LACTEOS,T018,V0118,2025-01-01,9999-12-31,CRM
S02098,CULINARIOS,T019,V0119,2025-01-01,9999-12-31,CRM
S02098,BEBIDAS,T019,V0119,2025-01-01,9999-12-31,CRM
S02099,BEBIDAS,T020,V0120,2025-01-01,9999-12-31,CRM
S02099,CHOCOLATES,T020,V0120,2025-01-01,9999-12-31,CRM
S02100,LACTEOS,T021,V0121,2025-01-01,9999-12-31,CRM
S02101,CULINARIOS,T022,V0122,2025-01-01,9999-12-31,CRM
S02101,BEBIDAS,T022,V0122,2025-01-01,9999-12-31,CRM
S02102,NUTRICAO,T023,V0123,2025-01-01,9999-12-31,CRM
S02102,LACTEOS,T023,V0123,2025-01-01,9999-12-31,CRM
S02103,NUTRICAO,T024,V0124,2025-01-01,9999-12-31,CRM
S02104,NUTRICAO,T025,V0125,2025-01-01,9999-12-31,CRM
S02104,CULINARIOS,T025,V0125,2025-01-01,9999-12-31,CRM
S02105,LACTEOS,T026,V0126,2025-01-01,9999-12-31,CRM
S02105,NUTRICAO,T026,V0126,2025-01-01,9999-12-31,CRM
S02106,BEBIDAS,T027,V0127,2025-01-01,9999-12-31,CRM
S02106,LACTEOS,T027,V0127,2025-01-01,9999-12-31,CRM
S02107,CHOCOLATES,T028,V0128,2025-01-01,9999-12-31,CRM
S02107,BEBIDAS,T028,V0128,2025-01-01,9999-12-31,CRM
S02108,NUTRICAO,,V0129,2025-01-01,9999-12-31,CRM
S02108,CHOCOLATES,,V0129,2025-01-01,9999-12-31,CRM
S02108,CHOCOLATES,T003,V0167,2026-01-01,9999-12-31,MANUAL
S02109,CHOCOLATES,T030,V0130,2025-01-01,9999-12-31,CRM
S02109,NUTRICAO,T030,V0130,2025-01-01,9999-12-31,CRM
S02110,CHOCOLATES,T031,V0131,2025-01-01,9999-12-31,CRM
S02110,BEBIDAS,T031,V0131,2025-01-01,9999-12-31,CRM
S02111,LACTEOS,T032,V0132,2025-01-01,9999-12-31,CRM
S02111,NUTRICAO,T032,V0132,2025-01-01,9999-12-31,CRM
S02112,CHOCOLATES,T033,V0133,2025-01-01,9999-12-31,CRM
S02112,BEBIDAS,T033,V0133,2025-01-01,9999-12-31,CRM
S02113,BEBIDAS,T034,V0134,2025-01-01,9999-12-31,CRM
S02113,CULINARIOS,T034,V0134,2025-01-01,9999-12-31,CRM
S02114,LACTEOS,T035,V0135,2025-01-01,9999-12-31,CRM
S02114,BEBIDAS,T035,V0135,2025-01-01,9999-12-31,CRM
S02115,LACTEOS,T036,V0136,2025-01-01,9999-12-31,CRM
S02115,NUTRICAO,T036,V0136,2025-01-01,9999-12-31,CRM
S02116,BEBIDAS,T037,V0137,2025-01-01,9999-12-31,CRM
S02117,BEBIDAS,T038,V0138,2025-01-01,9999-12-31,CRM
S02118,LACTEOS,T039,V0139,2025-01-01,9999-12-31,CRM
S02118,NUTRICAO,T039,V0139,2025-01-01,9999-12-31,CRM
S02119,NUTRICAO,T040,V0140,2025-01-01,9999-12-31,CRM
S02120,BEBIDAS,T041,V0141,2025-01-01,9999-12-31,CRM
S02120,BEBIDAS,T057,V0098,2026-01-01,9999-12-31,MANUAL
S02120,CULINARIOS,T041,V0141,2025-01-01,9999-12-31,CRM
S02121,CHOCOLATES,T042,V0142,2025-01-01,9999-12-31,CRM
S02121,BEBIDAS,T042,V0142,2025-01-01,9999-12-31,CRM
S02122,CHOCOLATES,T043,V0143,2025-01-01,9999-12-31,CRM
S02122,CULINARIOS,T043,V0143,2025-01-01,9999-12-31,CRM
S02123,NUTRICAO,T044,V0144,2025-01-01,9999-12-31,CRM
S02123,BEBIDAS,T044,V0144,2025-01-01,9999-12-31,CRM
S02123,BEBIDAS,T071,V0095,2026-01-01,9999-12-31,MANUAL
S02124,NUTRICAO,T045,V0145,2025-01-01,9999-12-31,CRM
S02124,CHOCOLATES,T045,V0145,2025-01-01,9999-12-31,CRM
S02125,CHOCOLATES,T046,V0146,2025-01-01,9999-12-31,CRM
S02125,CULINARIOS,T046,V0146,2025-01-01,9999-12-31,CRM
S02126,BEBIDAS,T047,V0147,2025-01-01,9999-12-31,CRM
S02126,CULINARIOS,T047,V0147,2025-01-01,9999-12-31,CRM
S02127,BEBIDAS,T048,V0148,2025-01-01,9999-12-31,CRM
S02127,CHOCOLATES,T048,V0148,2025-01-01,9999-12-31,CRM
S02128,CHOCOLATES,T049,V0149,2025-01-01,9999-12-31,CRM
S02128,BEBIDAS,T049,V0149,2025-01-01,9999-12-31,CRM
S02129,CHOCOLATES,T050,V0150,2025-01-01,9999-12-31,CRM
S02129,BEBIDAS,T050,V0150,2025-01-01,9999-12-31,CRM
S02130,LACTEOS,T051,V0151,2025-01-01,9999-12-31,CRM
S02131,NUTRICAO,T052,V0152,2025-01-01,9999-12-31,CRM
S02132,CHOCOLATES,T053,V0153,2025-01-01,9999-12-31,CRM
S02133,LACTEOS,T054,V0154,2025-01-01,9999-12-31,CRM
S02133,BEBIDAS,T054,V0154,2025-01-01,9999-12-31,CRM
S02134,CHOCOLATES,T055,V0155,2025-01-01,9999-12-31,CRM
S02134,LACTEOS,T055,V0155,2025-01-01,9999-12-31,CRM
S02135,NUTRICAO,T056,V0156,2025-01-01,9999-12-31,CRM
S02135,CULINARIOS,T056,V0156,2025-01-01,9999-12-31,CRM
S02136,BEBIDAS,T057,V0157,2025-01-01,9999-12-31,CRM
S02136,NUTRICAO,T057,V0157,2025-01-01,9999-12-31,CRM
S02137,CULINARIOS,T058,V0158,2025-01-01,9999-12-31,CRM
S02137,LACTEOS,T058,V0158,2025-01-01,9999-12-31,CRM
S02138,LACTEOS,T059,V0159,2025-01-01,9999-12-31,CRM
S02139,NUTRICAO,T060,V0160,2025-01-01,9999-12-31,CRM
S02139,CHOCOLATES,T060,V0160,2025-01-01,9999-12-31,CRM
S02140,CHOCOLATES,T061,V0161,2025-01-01,9999-12-31,CRM
S02140,BEBIDAS,T061,V0161,2025-01-01,9999-12-31,CRM
S02141,CULINARIOS,T062,V0162,2025-01-01,9999-12-31,CRM
S02141,BEBIDAS,T062,V0162,2025-01-01,9999-12-31,CRM
S02142,NUTRICAO,T063,V0163,2025-01-01,9999-12-31,CRM
S02142,CHOCOLATES,T063,V0163,2025-01-01,9999-12-31,CRM
S02143,CULINARIOS,T064,,2025-01-01,9999-12-31,CRM
S02143,BEBIDAS,T064,,2025-01-01,9999-12-31,CRM
S02144,CULINARIOS,T065,V0165,2025-01-01,9999-12-31,CRM
S02144,NUTRICAO,T065,V0165,2025-01-01,9999-12-31,CRM
S02145,NUTRICAO,T066,V0166,2025-01-01,9999-12-31,CRM
S02145,CULINARIOS,T066,V0166,2025-01-01,9999-12-31,CRM
S02146,LACTEOS,T067,V0167,2025-01-01,9999-12-31,CRM
S02146,BEBIDAS,T067,V0167,2025-01-01,9999-12-31,CRM
S02147,BEBIDAS,T068,V0168,2025-01-01,9999-12-31,CRM
S02147,CULINARIOS,T068,V0168,2025-01-01,9999-12-31,CRM
S02148,BEBIDAS,T069,V0169,2025-01-01,9999-12-31,CRM
S02148,CHOCOLATES,T069,V0169,2025-01-01,9999-12-31,CRM
S02149,BEBIDAS,T070,V0170,2025-01-01,9999-12-31,CRM
S02149,NUTRICAO,T070,V0170,2025-01-01,9999-12-31,CRM
S02150,LACTEOS,T071,V0171,2025-01-01,9999-12-31,CRM
S02151,BEBIDAS,T072,V0172,2025-01-01,9999-12-31,CRM
S02151,CHOCOLATES,T072,V0172,2025-01-01,9999-12-31,CRM
S02152,CULINARIOS,T073,V0173,2025-01-01,9999-12-31,CRM
S02152,CULINARIOS,T075,V0150,2026-01-01,9999-12-31,MANUAL
S02153,BEBIDAS,T074,V0174,2025-01-01,9999-12-31,CRM
S02154,CULINARIOS,T075,V0175,2025-01-01,9999-12-31,CRM
S02154,CHOCOLATES,T075,V0175,2025-01-01,9999-12-31,CRM
S02155,BEBIDAS,T076,V0176,2025-01-01,9999-12-31,CRM
S02155,CHOCOLATES,T076,V0176,2025-01-01,9999-12-31,CRM
S02156,CULINARIOS,T077,V0177,2025-01-01,9999-12-31,CRM
S02156,BEBIDAS,T077,V0177,2025-01-01,9999-12-31,CRM
S02157,BEBIDAS,T078,V0178,2025-01-01,9999-12-31,CRM
S02158,LACTEOS,T079,V0179,2025-01-01,9999-12-31,CRM
S02158,NUTRICAO,T079,V0179,2025-01-01,9999-12-31,CRM
S02159,LACTEOS,,V0180,2025-01-01,9999-12-31,CRM
S02159,NUTRICAO,,V0180,2025-01-01,9999-12-31,CRM
S02160,BEBIDAS,T001,V0181,2025-01-01,9999-12-31,CRM
S02160,CULINARIOS,T001,V0181,2025-01-01,9999-12-31,CRM
S02161,NUTRICAO,T002,V0182,2025-01-01,9999-12-31,CRM
S02161,LACTEOS,T002,V0182,2025-01-01,9999-12-31,CRM
S02162,CULINARIOS,T003,V0183,2025-01-01,9999-12-31,CRM
S02162,CHOCOLATES,T003,V0183,2025-01-01,9999-12-31,CRM
S02163,CHOCOLATES,T004,V0184,2025-01-01,9999-12-31,CRM
S02163,LACTEOS,T004,V0184,2025-01-01,9999-12-31,CRM
S02164,BEBIDAS,T005,V0185,2025-01-01,9999-12-31,CRM
S02164,NUTRICAO,T005,V0185,2025-01-01,9999-12-31,CRM
S02165,BEBIDAS,T006,V0186,2025-01-01,9999-12-31,CRM
S02165,NUTRICAO,T006,V0186,2025-01-01,9999-12-31,CRM
S02166,BEBIDAS,T007,V0187,2025-01-01,9999-12-31,CRM
S02166,NUTRICAO,T007,V0187,2025-01-01,9999-12-31,CRM
S02167,CHOCOLATES,T008,V0188,2025-01-01,9999-12-31,CRM
S02168,LACTEOS,T009,V0189,2025-01-01,9999-12-31,CRM
S02168,BEBIDAS,T009,V0189,2025-01-01,9999-12-31,CRM
S02169,CULINARIOS,T010,V0190,2025-01-01,9999-12-31,CRM
S02169,NUTRICAO,T010,V0190,2025-01-01,9999-12-31,CRM
S02170,BEBIDAS,T011,V0191,2025-01-01,9999-12-31,CRM
S02170,LACTEOS,T011,V0191,2025-01-01,9999-12-31,CRM
S02171,LACTEOS,T012,V0192,2025-01-01,9999-12-31,CRM
S02171,NUTRICAO,T012,V0192,2025-01-01,9999-12-31,CRM
S02172,NUTRICAO,T013,V0193,2025-01-01,9999-12-31,CRM
S02172,BEBIDAS,T013,V0193,2025-01-01,9999-12-31,CRM
S02173,LACTEOS,T014,V0194,2025-01-01,9999-12-31,CRM
S02173,CHOCOLATES,T014,V0194,2025-01-01,9999-12-31,CRM
S02174,LACTEOS,T015,V0195,2025-01-01,9999-12-31,CRM
S02174,NUTRICAO,T015,V0195,2025-01-01,9999-12-31,CRM
S02175,BEBIDAS,T016,V0196,2025-01-01,9999-12-31,CRM
S02175,NUTRICAO,T016,V0196,2025-01-01,9999-12-31,CRM
S02176,CULINARIOS,T017,V0197,2025-01-01,9999-12-31,CRM
S02176,LACTEOS,T017,V0197,2025-01-01,9999-12-31,CRM
S02177,BEBIDAS,,V0198,2025-01-01,9999-12-31,CRM
S02177,NUTRICAO,,V0198,2025-01-01,9999-12-31,CRM
S02178,NUTRICAO,T019,V0199,2025-01-01,9999-12-31,CRM
S02178,CHOCOLATES,T019,V0199,2025-01-01,9999-12-31,CRM
S02179,BEBIDAS,T020,V0200,2025-01-01,9999-12-31,CRM
S02179,LACTEOS,T020,V0200,2025-01-01,9999-12-31,CRM
S02180,CULINARIOS,T021,V0201,2025-01-01,9999-12-31,CRM
S02180,CHOCOLATES,T021,V0201,2025-01-01,9999-12-31,CRM
S02181,BEBIDAS,T022,V0202,2025-01-01,9999-12-31,CRM
S02181,CHOCOLATES,T022,V0202,2025-01-01,9999-12-31,CRM
S02182,LACTEOS,T023,V0203,2025-01-01,9999-12-31,CRM
S02182,CHOCOLATES,T023,V0203,2025-01-01,9999-12-31,CRM
S02183,LACTEOS,T024,V0204,2025-01-01,9999-12-31,CRM
S02183,CULINARIOS,T024,V0204,2025-01-01,9999-12-31,CRM
S02184,BEBIDAS,T025,V0205,2025-01-01,9999-12-31,CRM
S02184,CHOCOLATES,T025,V0205,2025-01-01,9999-12-31,CRM
S02185,LACTEOS,T026,V0206,2025-01-01,9999-12-31,CRM
S02185,NUTRICAO,T026,V0206,2025-01-01,9999-12-31,CRM
S02186,CHOCOLATES,T027,V0207,2025-01-01,9999-12-31,CRM
S02186,NUTRICAO,T027,V0207,2025-01-01,9999-12-31,CRM
S02187,LACTEOS,T028,V0208,2025-01-01,9999-12-31,CRM
S02187,BEBIDAS,T028,V0208,2025-01-01,9999-12-31,CRM
S02188,CHOCOLATES,T029,V0209,2025-01-01,9999-12-31,CRM
S02188,CULINARIOS,T029,V0209,2025-01-01,9999-12-31,CRM
S02189,LACTEOS,T030,V0210,2025-01-01,9999-12-31,CRM
S02189,NUTRICAO,T030,V0210,2025-01-01,9999-12-31,CRM
S02190,BEBIDAS,T031,V0211,2025-01-01,9999-12-31,CRM
S02190,CHOCOLATES,T031,V0211,2025-01-01,9999-12-31,CRM
S02191,NUTRICAO,T032,V0212,2025-01-01,9999-12-31,CRM
S02191,CHOCOLATES,T032,V0212,2025-01-01,9999-12-31,CRM
S02192,BEBIDAS,T033,V0213,2025-01-01,9999-12-31,CRM
S02192,CHOCOLATES,T033,V0213,2025-01-01,9999-12-31,CRM
S02193,CULINARIOS,T034,V0214,2025-01-01,9999-12-31,CRM
S02193,BEBIDAS,T034,V0214,2025-01-01,9999-12-31,CRM
S02194,LACTEOS,T035,V0215,2025-01-01,9999-12-31,CRM
S02194,BEBIDAS,T035,V0215,2025-01-01,9999-12-31,CRM
S02195,CHOCOLATES,T036,V0216,2025-01-01,9999-12-31,CRM
S02195,CHOCOLATES,T076,V0051,2026-01-01,9999-12-31,MANUAL
S02195,CULINARIOS,T036,V0216,2025-01-01,9999-12-31,CRM
S02196,CHOCOLATES,T037,V0217,2025-01-01,9999-12-31,CRM
S02196,BEBIDAS,T037,V0217,2025-01-01,9999-12-31,CRM
S02197,NUTRICAO,T038,V0218,2025-01-01,9999-12-31,CRM
S02198,CHOCOLATES,T039,V0219,2025-01-01,9999-12-31,CRM
S02198,CULINARIOS,T039,V0219,2025-01-01,9999-12-31,CRM
S02199,LACTEOS,T040,V0220,2025-01-01,9999-12-31,CRM
S02199,CHOCOLATES,T040,V0220,2025-01-01,9999-12-31,CRM
S02200,NUTRICAO,T041,V0001,2025-01-01,9999-12-31,CRM
S02200,CHOCOLATES,T041,V0001,2025-01-01,9999-12-31,CRM
S02201,LACTEOS,T042,V0002,2025-01-01,9999-12-31,CRM
S02201,BEBIDAS,T042,V0002,2025-01-01,9999-12-31,CRM
S02202,CULINARIOS,T043,V0003,2025-01-01,9999-12-31,CRM
S02202,LACTEOS,T043,V0003,2025-01-01,9999-12-31,CRM
S02203,BEBIDAS,T044,V0004,2025-01-01,9999-12-31,CRM
S02203,NUTRICAO,T044,V0004,2025-01-01,9999-12-31,CRM
S02204,BEBIDAS,T045,V0005,2025-01-01,9999-12-31,CRM
S02204,CHOCOLATES,T045,V0005,2025-01-01,9999-12-31,CRM
S02205,BEBIDAS,T046,V0006,2025-01-01,9999-12-31,CRM
S02205,CHOCOLATES,T046,V0006,2025-01-01,9999-12-31,CRM
S02206,CHOCOLATES,T047,V0007,2025-01-01,9999-12-31,CRM
S02206,LACTEOS,T047,V0007,2025-01-01,9999-12-31,CRM
S02207,NUTRICAO,T048,V0008,2025-01-01,9999-12-31,CRM
S02208,NUTRICAO,T049,V0009,2025-01-01,9999-12-31,CRM
S02209,NUTRICAO,T050,V0010,2025-01-01,9999-12-31,CRM
S02209,CULINARIOS,T050,V0010,2025-01-01,9999-12-31,CRM
S02210,NUTRICAO,T051,V0011,2025-01-01,9999-12-31,CRM
S02210,LACTEOS,T051,V0011,2025-01-01,9999-12-31,CRM
S02211,BEBIDAS,T052,V0012,2025-01-01,9999-12-31,CRM
S02211,CULINARIOS,T052,V0012,2025-01-01,9999-12-31,CRM
S02212,CHOCOLATES,T053,V0013,2025-01-01,9999-12-31,CRM
S02212,LACTEOS,T053,V0013,2025-01-01,9999-12-31,CRM
S02213,LACTEOS,T054,V0014,2025-01-01,9999-12-31,CRM
S02213,NUTRICAO,T054,V0014,2025-01-01,9999-12-31,CRM
S02214,NUTRICAO,T055,V0015,2025-01-01,9999-12-31,CRM
S02215,LACTEOS,T056,V0016,2025-01-01,9999-12-31,CRM
S02215,NUTRICAO,T056,V0016,2025-01-01,9999-12-31,CRM
S02216,CULINARIOS,T057,V0017,2025-01-01,9999-12-31,CRM
S02217,LACTEOS,T058,V0018,2025-01-01,9999-12-31,CRM
S02217,BEBIDAS,T058,V0018,2025-01-01,9999-12-31,CRM
S02218,NUTRICAO,T059,V0019,2025-01-01,9999-12-31,CRM
S02218,CULINARIOS,T059,V0019,2025-01-01,9999-12-31,CRM
S02219,CHOCOLATES,T060,V0020,2025-01-01,9999-12-31,CRM
S02219,BEBIDAS,T060,V0020,2025-01-01,9999-12-31,CRM
S02220,NUTRICAO,T061,V0021,2025-01-01,9999-12-31,CRM
S02221,CULINARIOS,T062,V0022,2025-01-01,9999-12-31,CRM
S02221,CULINARIOS,T066,V0106,2026-01-01,9999-12-31,MANUAL
S02221,CHOCOLATES,T062,V0022,2025-01-01,9999-12-31,CRM
S02222,CHOCOLATES,T063,V0023,2025-01-01,9999-12-31,CRM
S02222,BEBIDAS,T063,V0023,2025-01-01,9999-12-31,CRM
S02223,CULINARIOS,T064,V0024,2025-01-01,9999-12-31,CRM
S02224,LACTEOS,T065,V0025,2025-01-01,9999-12-31,CRM
S02225,BEBIDAS,T066,V0026,2025-01-01,9999-12-31,CRM
S02225,CULINARIOS,T066,V0026,2025-01-01,9999-12-31,CRM
S02226,CHOCOLATES,T067,V0027,2025-01-01,9999-12-31,CRM
S02226,LACTEOS,T067,V0027,2025-01-01,9999-12-31,CRM
S02227,CULINARIOS,T068,V0028,2025-01-01,9999-12-31,CRM
S02227,LACTEOS,T068,V0028,2025-01-01,9999-12-31,CRM
S02228,LACTEOS,T069,V0029,2025-01-01,9999-12-31,CRM
S02228,CHOCOLATES,T069,V0029,2025-01-01,9999-12-31,CRM
S02229,CHOCOLATES,T070,V0030,2025-01-01,9999-12-31,CRM
S02229,CULINARIOS,T070,V0030,2025-01-01,9999-12-31,CRM
S02230,CULINARIOS,T071,V0031,2025-01-01,9999-12-31,CRM
S02230,LACTEOS,T071,V0031,2025-01-01,9999-12-31,CRM
S02231,CULINARIOS,T072,V0032,2025-01-01,9999-12-31,CRM
S02231,NUTRICAO,T072,V0032,2025-01-01,9999-12-31,CRM
S02232,LACTEOS,T073,V0033,2025-01-01,9999-12-31,CRM
S02232,CHOCOLATES,T073,V0033,2025-01-01,9999-12-31,CRM
S02233,NUTRICAO,T074,,2025-01-01,9999-12-31,CRM
S02233,CULINARIOS,T074,,2025-01-01,9999-12-31,CRM
S02234,CULINARIOS,T075,V0035,2025-01-01,9999-12-31,CRM
S02234,BEBIDAS,T075,V0035,2025-01-01,9999-12-31,CRM
S02235,CULINARIOS,T076,V0036,2025-01-01,9999-12-31,CRM
S02236,CHOCOLATES,T077,V0037,2025-01-01,9999-12-31,CRM
S02236,NUTRICAO,T077,V0037,2025-01-01,9999-12-31,CRM
S02237,BEBIDAS,T078,V0038,2025-01-01,9999-12-31,CRM
S02237,LACTEOS,T078,V0038,2025-01-01,9999-12-31,CRM
S02238,LACTEOS,T079,V0039,2025-01-01,9999-12-31,CRM
S02238,NUTRICAO,T079,V0039,2025-01-01,9999-12-31,CRM
S02239,NUTRICAO,T080,V0040,2025-01-01,9999-12-31,CRM
S02239,BEBIDAS,T080,V0040,2025-01-01,9999-12-31,CRM
S02240,CHOCOLATES,T001,V0041,2025-01-01,9999-12-31,CRM
S02240,NUTRICAO,T001,V0041,2025-01-01,9999-12-31,CRM
S02241,LACTEOS,T002,V0042,2025-01-01,9999-12-31,CRM
S02241,CULINARIOS,T002,V0042,2025-01-01,9999-12-31,CRM
S02242,BEBIDAS,T003,V0043,2025-01-01,9999-12-31,CRM
S02242,CHOCOLATES,T003,V0043,2025-01-01,9999-12-31,CRM
S02243,LACTEOS,T004,V0044,2025-01-01,9999-12-31,CRM
S02243,CULINARIOS,T004,V0044,2025-01-01,9999-12-31,CRM
S02244,CHOCOLATES,T005,V0045,2025-01-01,9999-12-31,CRM
S02245,LACTEOS,T006,V0046,2025-01-01,9999-12-31,CRM
S02245,NUTRICAO,T006,V0046,2025-01-01,9999-12-31,CRM
S02246,NUTRICAO,T007,V0047,2025-01-01,9999-12-31,CRM
S02246,CHOCOLATES,T007,V0047,2025-01-01,9999-12-31,CRM
S02247,CHOCOLATES,T008,V0048,2025-01-01,9999-12-31,CRM
S02247,NUTRICAO,T008,V0048,2025-01-01,9999-12-31,CRM
S02248,NUTRICAO,T009,V0049,2025-01-01,9999-12-31,CRM
S02248,BEBIDAS,T009,V0049,2025-01-01,9999-12-31,CRM
S02249,BEBIDAS,T010,V0050,2025-01-01,9999-12-31,CRM
S02249,LACTEOS,T010,V0050,2025-01-01,9999-12-31,CRM
S02250,NUTRICAO,T011,V0051,2025-01-01,9999-12-31,CRM
S02250,LACTEOS,T011,V0051,2025-01-01,9999-12-31,CRM
S02251,CHOCOLATES,,V0052,2025-01-01,9999-12-31,CRM
S02251,BEBIDAS,,V0052,2025-01-01,9999-12-31,CRM
S02252,BEBIDAS,T013,V0053,2025-01-01,9999-12-31,CRM
S02252,NUTRICAO,T013,V0053,2025-01-01,9999-12-31,CRM
S02253,NUTRICAO,,V0054,2025-01-01,9999-12-31,CRM
S02253,LACTEOS,,V0054,2025-01-01,9999-12-31,CRM
S02254,LACTEOS,T015,V0055,2025-01-01,9999-12-31,CRM
S02255,CHOCOLATES,T016,V0056,2025-01-01,9999-12-31,CRM
S02255,CULINARIOS,T016,V0056,2025-01-01,9999-12-31,CRM
S02256,CHOCOLATES,T017,V0057,2025-01-01,9999-12-31,CRM
S02256,CULINARIOS,T017,V0057,2025-01-01,9999-12-31,CRM
S02257,NUTRICAO,T018,V0058,2025-01-01,9999-12-31,CRM
S02257,BEBIDAS,T018,V0058,2025-01-01,9999-12-31,CRM
S02258,NUTRICAO,T019,V0059,2025-01-01,9999-12-31,CRM
S02258,LACTEOS,T019,V0059,2025-01-01,9999-12-31,CRM
S02259,LACTEOS,T020,,2025-01-01,9999-12-31,CRM
S02259,BEBIDAS,T020,,2025-01-01,9999-12-31,CRM
S02260,BEBIDAS,T021,V0061,2025-01-01,9999-12-31,CRM
S02260,NUTRICAO,T021,V0061,2025-01-01,9999-12-31,CRM
S02261,CHOCOLATES,T022,V0062,2025-01-01,9999-12-31,CRM
S02262,BEBIDAS,T023,V0063,2025-01-01,9999-12-31,CRM
S02262,CHOCOLATES,T023,V0063,2025-01-01,9999-12-31,CRM
S02263,BEBIDAS,T024,V0064,2025-01-01,9999-12-31,CRM
S02263,NUTRICAO,T024,V0064,2025-01-01,9999-12-31,CRM
S02264,CULINARIOS,T025,V0065,2025-01-01,9999-12-31,CRM
S02264,CHOCOLATES,T025,V0065,2025-01-01,9999-12-31,CRM
S02265,CHOCOLATES,T026,V0066,2025-01-01,9999-12-31,CRM
S02265,CULINARIOS,T026,V0066,2025-01-01,9999-12-31,CRM
S02266,BEBIDAS,T027,V0067,2025-01-01,9999-12-31,CRM
S02266,LACTEOS,T027,V0067,2025-01-01,9999-12-31,CRM
S02267,NUTRICAO,T028,V0068,2025-01-01,9999-12-31,CRM
S02267,LACTEOS,T028,V0068,2025-01-01,9999-12-31,CRM
S02268,CHOCOLATES,T029,V0069,2025-01-01,9999-12-31,CRM
S02268,CULINARIOS,T029,V0069,2025-01-01,9999-12-31,CRM
S02269,BEBIDAS,T030,,2025-01-01,9999-12-31,CRM
S02269,CULINARIOS,T030,,2025-01-01,9999-12-31,CRM
S02270,NUTRICAO,T031,V0071,2025-01-01,9999-12-31,CRM
S02270,BEBIDAS,T031,V0071,2025-01-01,9999-12-31,CRM
S02271,CULINARIOS,T032,V0072,2025-01-01,9999-12-31,CRM
S02271,BEBIDAS,T032,V0072,2025-01-01,9999-12-31,CRM
S02272,LACTEOS,T033,V0073,2025-01-01,9999-12-31,CRM
S02272,NUTRICAO,T033,V0073,2025-01-01,9999-12-31,CRM
S02273,BEBIDAS,T034,V0074,2025-01-01,9999-12-31,CRM
S02273,CHOCOLATES,T034,V0074,2025-01-01,9999-12-31,CRM
S02274,BEBIDAS,T035,V0075,2025-01-01,9999-12-31,CRM
S02274,CULINARIOS,T035,V0075,2025-01-01,9999-12-31,CRM
S02275,LACTEOS,T036,V0076,2025-01-01,9999-12-31,CRM
S02275,CHOCOLATES,T036,V0076,2025-01-01,9999-12-31,CRM
S02276,BEBIDAS,T037,V0077,2025-01-01,9999-12-31,CRM
S02276,CHOCOLATES,T037,V0077,2025-01-01,9999-12-31,CRM
S02277,BEBIDAS,T038,V0078,2025-01-01,9999-12-31,CRM
S02278,BEBIDAS,T039,V0079,2025-01-01,9999-12-31,CRM
S02278,LACTEOS,T039,V0079,2025-01-01,9999-12-31,CRM
S02279,CULINARIOS,T040,V0080,2025-01-01,9999-12-31,CRM
S02279,LACTEOS,T040,V0080,2025-01-01,9999-12-31,CRM
S02280,CHOCOLATES,,V0081,2025-01-01,9999-12-31,CRM
S02280,BEBIDAS,,V0081,2025-01-01,9999-12-31,CRM
S02281,LACTEOS,T042,V0082,2025-01-01,9999-12-31,CRM
S02281,CULINARIOS,T042,V0082,2025-01-01,9999-12-31,CRM
S02282,CULINARIOS,T043,V0083,2025-01-01,9999-12-31,CRM
S02282,LACTEOS,T043,V0083,2025-01-01,9999-12-31,CRM
S02283,LACTEOS,T044,V0084,2025-01-01,9999-12-31,CRM
S02283,CHOCOLATES,T044,V0084,2025-01-01,9999-12-31,CRM
S02284,CHOCOLATES,T045,V0085,2025-01-01,9999-12-31,CRM
S02284,BEBIDAS,T045,V0085,2025-01-01,9999-12-31,CRM
S02285,LACTEOS,T046,V0086,2025-01-01,9999-12-31,CRM
S02285,NUTRICAO,T046,V0086,2025-01-01,9999-12-31,CRM
S02286,LACTEOS,T047,V0087,2025-01-01,9999-12-31,CRM
S02286,CHOCOLATES,T047,V0087,2025-01-01,9999-12-31,CRM
S02287,NUTRICAO,T048,V0088,2025-01-01,9999-12-31,CRM
S02287,LACTEOS,T048,V0088,2025-01-01,9999-12-31,CRM
S02288,LACTEOS,T049,V0089,2025-01-01,9999-12-31,CRM
S02288,NUTRICAO,T049,V0089,2025-01-01,9999-12-31,CRM
S02289,LACTEOS,T050,V0090,2025-01-01,9999-12-31,CRM
S02290,NUTRICAO,T051,V0091,2025-01-01,9999-12-31,CRM
S02291,NUTRICAO,T052,V0092,2025-01-01,9999-12-31,CRM
S02291,CHOCOLATES,T052,V0092,2025-01-01,9999-12-31,CRM
S02292,NUTRICAO,,V0093,2025-01-01,9999-12-31,CRM
S02292,CHOCOLATES,,V0093,2025-01-01,9999-12-31,CRM
S02293,NUTRICAO,T054,V0094,2025-01-01,9999-12-31,CRM
S02293,CULINARIOS,T054,V0094,2025-01-01,9999-12-31,CRM
S02294,LACTEOS,T055,V0095,2025-01-01,9999-12-31,CRM
S02294,BEBIDAS,T055,V0095,2025-01-01,9999-12-31,CRM
S02295,CULINARIOS,T056,V0096,2025-01-01,9999-12-31,CRM
S02295,LACTEOS,T056,V0096,2025-01-01,9999-12-31,CRM
S02296,BEBIDAS,T057,V0097,2025-01-01,9999-12-31,CRM
S02297,CHOCOLATES,T058,V0098,2025-01-01,9999-12-31,CRM
S02297,CULINARIOS,T058,V0098,2025-01-01,9999-12-31,CRM
S02298,CULINARIOS,T059,V0099,2025-01-01,9999-12-31,CRM
S02298,BEBIDAS,T059,V0099,2025-01-01,9999-12-31,CRM
S02299,CULINARIOS,T060,V0100,2025-01-01,9999-12-31,CRM
S02299,CHOCOLATES,T060,V0100,2025-01-01,9999-12-31,CRM
S02300,BEBIDAS,T061,V0101,2025-01-01,9999-12-31,CRM
S02300,NUTRICAO,T061,V0101,2025-01-01,9999-12-31,CRM
S02301,LACTEOS,T062,V0102,2025-01-01,9999-12-31,CRM
S02301,CHOCOLATES,T062,V0102,2025-01-01,9999-12-31,CRM
S02302,CULINARIOS,T063,V0103,2025-01-01,9999-12-31,CRM
S02302,BEBIDAS,T063,V0103,2025-01-01,9999-12-31,CRM
S02303,CULINARIOS,T064,V0104,2025-01-01,9999-12-31,CRM
S02303,LACTEOS,T064,V0104,2025-01-01,9999-12-31,CRM
S02304,CULINARIOS,T065,V0105,2025-01-01,9999-12-31,CRM
S02304,CHOCOLATES,T065,V0105,2025-01-01,9999-12-31,CRM
S02305,LACTEOS,T066,V0106,2025-01-01,9999-12-31,CRM
S02305,NUTRICAO,T066,V0106,2025-01-01,9999-12-31,CRM
S02306,CULINARIOS,T067,V0107,2025-01-01,9999-12-31,CRM
S02306,LACTEOS,T067,V0107,2025-01-01,9999-12-31,CRM
S02307,LACTEOS,T068,V0108,2025-01-01,9999-12-31,CRM
S02307,CHOCOLATES,T068,V0108,2025-01-01,9999-12-31,CRM
S02308,CULINARIOS,T069,V0109,2025-01-01,9999-12-31,CRM
S02308,NUTRICAO,T069,V0109,2025-01-01,9999-12-31,CRM
S02310,NUTRICAO,T071,V0111,2025-01-01,9999-12-31,CRM
S02310,CHOCOLATES,T071,V0111,2025-01-01,9999-12-31,CRM
S02311,LACTEOS,T072,V0112,2025-01-01,9999-12-31,CRM
S02311,CHOCOLATES,T072,V0112,2025-01-01,9999-12-31,CRM
S02312,CULINARIOS,T073,V0113,2025-01-01,9999-12-31,CRM
S02312,CULINARIOS,T037,V0103,2026-01-01,9999-12-31,MANUAL
S02312,NUTRICAO,T073,V0113,2025-01-01,9999-12-31,CRM
S02313,NUTRICAO,T074,V0114,2025-01-01,9999-12-31,CRM
S02313,CHOCOLATES,T074,V0114,2025-01-01,9999-12-31,CRM
S02314,CHOCOLATES,T075,V0115,2025-01-01,9999-12-31,CRM
S02314,LACTEOS,T075,V0115,2025-01-01,9999-12-31,CRM
S02315,CHOCOLATES,T076,V0116,2025-01-01,9999-12-31,CRM
S02315,CULINARIOS,T076,V0116,2025-01-01,9999-12-31,CRM
S02316,CHOCOLATES,T077,V0117,2025-01-01,9999-12-31,CRM
S02316,NUTRICAO,T077,V0117,2025-01-01,9999-12-31,CRM
S02317,BEBIDAS,T078,V0118,2025-01-01,9999-12-31,CRM
S02317,NUTRICAO,T078,V0118,2025-01-01,9999-12-31,CRM
S02318,BEBIDAS,T079,V0119,2025-01-01,9999-12-31,CRM
S02318,NUTRICAO,T079,V0119,2025-01-01,9999-12-31,CRM
S02319,CULINARIOS,T080,V0120,2025-01-01,9999-12-31,CRM
S02319,LACTEOS,T080,V0120,2025-01-01,9999-12-31,CRM
S02320,CHOCOLATES,T001,V0121,2025-01-01,9999-12-31,CRM
S02320,LACTEOS,T001,V0121,2025-01-01,9999-12-31,CRM
S02321,NUTRICAO,T002,V0122,2025-01-01,9999-12-31,CRM
S02321,BEBIDAS,T002,V0122,2025-01-01,9999-12-31,CRM
S02322,CHOCOLATES,T003,V0123,2025-01-01,9999-12-31,CRM
S02322,LACTEOS,T003,V0123,2025-01-01,9999-12-31,CRM
S02323,BEBIDAS,T004,V0124,2025-01-01,9999-12-31,CRM
S02324,NUTRICAO,T005,V0125,2025-01-01,9999-12-31,CRM
S02324,CULINARIOS,T005,V0125,2025-01-01,9999-12-31,CRM
S02325,CHOCOLATES,T006,V0126,2025-01-01,9999-12-31,CRM
S02325,LACTEOS,T006,V0126,2025-01-01,9999-12-31,CRM
S02326,CHOCOLATES,T007,V0127,2025-01-01,9999-12-31,CRM
S02326,NUTRICAO,T007,V0127,2025-01-01,9999-12-31,CRM
S02327,CHOCOLATES,T008,V0128,2025-01-01,9999-12-31,CRM
S02327,BEBIDAS,T008,V0128,2025-01-01,9999-12-31,CRM
S02328,CHOCOLATES,T009,V0129,2025-01-01,9999-12-31,CRM
S02328,CULINARIOS,T009,V0129,2025-01-01,9999-12-31,CRM
S02329,BEBIDAS,T010,V0130,2025-01-01,9999-12-31,CRM
S02330,LACTEOS,T011,V0131,2025-01-01,9999-12-31,CRM
S02331,NUTRICAO,T012,V0132,2025-01-01,9999-12-31,CRM
S02331,BEBIDAS,T012,V0132,2025-01-01,9999-12-31,CRM
S02332,LACTEOS,T013,V0133,2025-01-01,9999-12-31,CRM
S02332,CHOCOLATES,T013,V0133,2025-01-01,9999-12-31,CRM
S02333,LACTEOS,T014,V0134,2025-01-01,9999-12-31,CRM
S02333,NUTRICAO,T014,V0134,2025-01-01,9999-12-31,CRM
S02334,LACTEOS,T015,V0135,2025-01-01,9999-12-31,CRM
S02334,LACTEOS,T058,V0122,2026-01-01,9999-12-31,MANUAL
S02335,CULINARIOS,T016,V0136,2025-01-01,9999-12-31,CRM
S02335,CHOCOLATES,T016,V0136,2025-01-01,9999-12-31,CRM
S02336,NUTRICAO,T017,V0137,2025-01-01,9999-12-31,CRM
S02336,LACTEOS,T017,V0137,2025-01-01,9999-12-31,CRM
S02337,NUTRICAO,T018,V0138,2025-01-01,9999-12-31,CRM
S02337,BEBIDAS,T018,V0138,2025-01-01,9999-12-31,CRM
S02338,CULINARIOS,T019,V0139,2025-01-01,9999-12-31,CRM
S02338,CHOCOLATES,T019,V0139,2025-01-01,9999-12-31,CRM
S02339,BEBIDAS,T020,V0140,2025-01-01,9999-12-31,CRM
S02340,LACTEOS,T021,V0141,2025-01-01,9999-12-31,CRM
S02340,NUTRICAO,T021,V0141,2025-01-01,9999-12-31,CRM
S02341,CULINARIOS,T022,V0142,2025-01-01,9999-12-31,CRM
S02341,BEBIDAS,T022,V0142,2025-01-01,9999-12-31,CRM
S02342,BEBIDAS,T023,V0143,2025-01-01,9999-12-31,CRM
S02342,LACTEOS,T023,V0143,2025-01-01,9999-12-31,CRM
S02343,CHOCOLATES,T024,V0144,2025-01-01,9999-12-31,CRM
S02343,NUTRICAO,T024,V0144,2025-01-01,9999-12-31,CRM
S02344,BEBIDAS,T025,V0145,2025-01-01,9999-12-31,CRM
S02344,LACTEOS,T025,V0145,2025-01-01,9999-12-31,CRM
S02345,BEBIDAS,T026,V0146,2025-01-01,9999-12-31,CRM
S02345,LACTEOS,T026,V0146,2025-01-01,9999-12-31,CRM
S02346,CHOCOLATES,T027,V0147,2025-01-01,9999-12-31,CRM
S02346,CULINARIOS,T027,V0147,2025-01-01,9999-12-31,CRM
S02347,CHOCOLATES,T028,V0148,2025-01-01,9999-12-31,CRM
S02347,BEBIDAS,T028,V0148,2025-01-01,9999-12-31,CRM
S02348,CULINARIOS,T029,V0149,2025-01-01,9999-12-31,CRM
S02348,CHOCOLATES,T029,V0149,2025-01-01,9999-12-31,CRM
S02349,LACTEOS,T030,V0150,2025-01-01,9999-12-31,CRM
S02349,BEBIDAS,T030,V0150,2025-01-01,9999-12-31,CRM
S02350,CULINARIOS,T031,,2025-01-01,9999-12-31,CRM
S02350,CHOCOLATES,T031,,2025-01-01,9999-12-31,CRM
S02351,NUTRICAO,T032,V0152,2025-01-01,9999-12-31,CRM
S02351,LACTEOS,T032,V0152,2025-01-01,9999-12-31,CRM
S02352,LACTEOS,T033,V0153,2025-01-01,9999-12-31,CRM
S02352,BEBIDAS,T033,V0153,2025-01-01,9999-12-31,CRM
S02353,BEBIDAS,T034,V0154,2025-01-01,9999-12-31,CRM
S02353,LACTEOS,T034,V0154,2025-01-01,9999-12-31,CRM
S02354,CULINARIOS,T035,V0155,2025-01-01,9999-12-31,CRM
S02355,BEBIDAS,T036,V0156,2025-01-01,9999-12-31,CRM
S02356,CULINARIOS,T037,V0157,2025-01-01,9999-12-31,CRM
S02356,LACTEOS,T037,V0157,2025-01-01,9999-12-31,CRM
S02357,LACTEOS,T038,V0158,2025-01-01,9999-12-31,CRM
S02357,CULINARIOS,T038,V0158,2025-01-01,9999-12-31,CRM
S02358,NUTRICAO,T039,V0159,2025-01-01,9999-12-31,CRM
S02358,BEBIDAS,T039,V0159,2025-01-01,9999-12-31,CRM
S02359,CULINARIOS,T040,V0160,2025-01-01,9999-12-31,CRM
S02359,CHOCOLATES,T040,V0160,2025-01-01,9999-12-31,CRM
S02360,BEBIDAS,T041,V0161,2025-01-01,9999-12-31,CRM
S02360,CHOCOLATES,T041,V0161,2025-01-01,9999-12-31,CRM
S02361,CHOCOLATES,T042,V0162,2025-01-01,9999-12-31,CRM
S02361,LACTEOS,T042,V0162,2025-01-01,9999-12-31,CRM
S02362,NUTRICAO,T043,V0163,2025-01-01,9999-12-31,CRM
S02362,CULINARIOS,T043,V0163,2025-01-01,9999-12-31,CRM
S02363,NUTRICAO,T044,V0164,2025-01-01,9999-12-31,CRM
S02363,CULINARIOS,T044,V0164,2025-01-01,9999-12-31,CRM
S02364,NUTRICAO,T045,V0165,2025-01-01,9999-12-31,CRM
S02364,CULINARIOS,T045,V0165,2025-01-01,9999-12-31,CRM
S02365,CULINARIOS,T046,V0166,2025-01-01,9999-12-31,CRM
S02366,NUTRICAO,T047,V0167,2025-01-01,9999-12-31,CRM
S02366,CULINARIOS,T047,V0167,2025-01-01,9999-12-31,CRM
S02367,CULINARIOS,T048,V0168,2025-01-01,9999-12-31,CRM
S02367,NUTRICAO,T048,V0168,2025-01-01,9999-12-31,CRM
S02368,BEBIDAS,,V0169,2025-01-01,9999-12-31,CRM
S02368,CHOCOLATES,,V0169,2025-01-01,9999-12-31,CRM
S02369,CHOCOLATES,T050,V0170,2025-01-01,9999-12-31,CRM
S02369,NUTRICAO,T050,V0170,2025-01-01,9999-12-31,CRM
S02371,LACTEOS,T052,V0172,2025-01-01,9999-12-31,CRM
S02371,CULINARIOS,T052,V0172,2025-01-01,9999-12-31,CRM
S02372,NUTRICAO,T053,V0173,2025-01-01,9999-12-31,CRM
S02372,LACTEOS,T053,V0173,2025-01-01,9999-12-31,CRM
S02373,BEBIDAS,T054,V0174,2025-01-01,9999-12-31,CRM
S02373,LACTEOS,T054,V0174,2025-01-01,9999-12-31,CRM
S02374,CULINARIOS,,V0175,2025-01-01,9999-12-31,CRM
S02374,BEBIDAS,,V0175,2025-01-01,9999-12-31,CRM
S02375,CHOCOLATES,T056,V0176,2025-01-01,9999-12-31,CRM
S02375,LACTEOS,T056,V0176,2025-01-01,9999-12-31,CRM
S02376,CULINARIOS,T057,V0177,2025-01-01,9999-12-31,CRM
S02376,CHOCOLATES,T057,V0177,2025-01-01,9999-12-31,CRM
S02377,CHOCOLATES,T058,V0178,2025-01-01,9999-12-31,CRM
S02378,LACTEOS,T059,V0179,2025-01-01,9999-12-31,CRM
S02379,NUTRICAO,T060,V0180,2025-01-01,9999-12-31,CRM
S02379,CHOCOLATES,T060,V0180,2025-01-01,9999-12-31,CRM
S02381,LACTEOS,,V0182,2025-01-01,9999-12-31,CRM
S02382,BEBIDAS,T063,V0183,2025-01-01,9999-12-31,CRM
S02382,NUTRICAO,T063,V0183,2025-01-01,9999-12-31,CRM
S02383,BEBIDAS,T064,V0184,2025-01-01,9999-12-31,CRM
S02383,LACTEOS,T064,V0184,2025-01-01,9999-12-31,CRM
S02384,CHOCOLATES,,V0185,2025-01-01,9999-12-31,CRM
S02384,CULINARIOS,,V0185,2025-01-01,9999-12-31,CRM
S02385,CHOCOLATES,T066,V0186,2025-01-01,9999-12-31,CRM
S02385,CULINARIOS,T066,V0186,2025-01-01,9999-12-31,CRM
S02386,BEBIDAS,T067,V0187,2025-01-01,9999-12-31,CRM
S02386,CHOCOLATES,T067,V0187,2025-01-01,9999-12-31,CRM
S02387,BEBIDAS,T068,V0188,2025-01-01,9999-12-31,CRM
S02387,CHOCOLATES,T068,V0188,2025-01-01,9999-12-31,CRM
S02388,BEBIDAS,T069,V0189,2025-01-01,9999-12-31,CRM
S02388,LACTEOS,T069,V0189,2025-01-01,9999-12-31,CRM
S02389,LACTEOS,T070,V0190,2025-01-01,9999-12-31,CRM
S02389,CULINARIOS,T070,V0190,2025-01-01,9999-12-31,CRM
S02390,CHOCOLATES,T071,V0191,2025-01-01,9999-12-31,CRM
S02390,LACTEOS,T071,V0191,2025-01-01,9999-12-31,CRM
S02391,CHOCOLATES,T072,V0192,2025-01-01,9999-12-31,CRM
S02392,CULINARIOS,T073,V0193,2025-01-01,9999-12-31,CRM
S02392,BEBIDAS,T073,V0193,2025-01-01,9999-12-31,CRM
S02393,CULINARIOS,T074,V0194,2025-01-01,9999-12-31,CRM
S02393,CHOCOLATES,T074,V0194,2025-01-01,9999-12-31,CRM
S02394,BEBIDAS,,V0195,2025-01-01,9999-12-31,CRM
S02395,LACTEOS,T076,V0196,2025-01-01,9999-12-31,CRM
S02395,NUTRICAO,T076,V0196,2025-01-01,9999-12-31,CRM
S02396,LACTEOS,T077,V0197,2025-01-01,9999-12-31,CRM
S02396,NUTRICAO,T077,V0197,2025-01-01,9999-12-31,CRM
S02397,CHOCOLATES,T078,V0198,2025-01-01,9999-12-31,CRM
S02397,LACTEOS,T078,V0198,2025-01-01,9999-12-31,CRM
S02398,CHOCOLATES,T079,V0199,2025-01-01,9999-12-31,CRM
S02398,CULINARIOS,T079,V0199,2025-01-01,9999-12-31,CRM
S02399,BEBIDAS,,V0200,2025-01-01,9999-12-31,CRM
S02399,CHOCOLATES,,V0200,2025-01-01,9999-12-31,CRM
S02400,BEBIDAS,T001,V0201,2025-01-01,9999-12-31,CRM
S02400,CHOCOLATES,T001,V0201,2025-01-01,9999-12-31,CRM
S02401,LACTEOS,T002,V0202,2025-01-01,9999-12-31,CRM
S02402,BEBIDAS,T003,V0203,2025-01-01,9999-12-31,CRM
S02402,LACTEOS,T003,V0203,2025-01-01,9999-12-31,CRM
S02403,CHOCOLATES,T004,V0204,2025-01-01,9999-12-31,CRM
S02403,LACTEOS,T004,V0204,2025-01-01,9999-12-31,CRM
S02404,CULINARIOS,T005,V0205,2025-01-01,9999-12-31,CRM
S02404,LACTEOS,T005,V0205,2025-01-01,9999-12-31,CRM
S02405,CULINARIOS,T006,V0206,2025-01-01,9999-12-31,CRM
S02405,NUTRICAO,T006,V0206,2025-01-01,9999-12-31,CRM
S02406,LACTEOS,T007,V0207,2025-01-01,9999-12-31,CRM
S02406,NUTRICAO,T007,V0207,2025-01-01,9999-12-31,CRM
S02407,LACTEOS,T008,V0208,2025-01-01,9999-12-31,CRM
S02407,BEBIDAS,T008,V0208,2025-01-01,9999-12-31,CRM
S02408,LACTEOS,T009,V0209,2025-01-01,9999-12-31,CRM
S02408,NUTRICAO,T009,V0209,2025-01-01,9999-12-31,CRM
S02409,BEBIDAS,T010,V0210,2025-01-01,9999-12-31,CRM
S02409,LACTEOS,T010,V0210,2025-01-01,9999-12-31,CRM
S02410,NUTRICAO,T011,V0211,2025-01-01,9999-12-31,CRM
S02410,CULINARIOS,T011,V0211,2025-01-01,9999-12-31,CRM
S02411,CHOCOLATES,T012,V0212,2025-01-01,9999-12-31,CRM
S02411,CULINARIOS,T012,V0212,2025-01-01,9999-12-31,CRM
S02412,NUTRICAO,T013,V0213,2025-01-01,9999-12-31,CRM
S02412,BEBIDAS,T013,V0213,2025-01-01,9999-12-31,CRM
S02413,NUTRICAO,T014,,2025-01-01,9999-12-31,CRM
S02413,CHOCOLATES,T014,,2025-01-01,9999-12-31,CRM
S02414,CULINARIOS,T015,V0215,2025-01-01,9999-12-31,CRM
S02414,BEBIDAS,T015,V0215,2025-01-01,9999-12-31,CRM
S02415,CULINARIOS,T016,V0216,2025-01-01,9999-12-31,CRM
S02415,CHOCOLATES,T016,V0216,2025-01-01,9999-12-31,CRM
S02416,NUTRICAO,T017,V0217,2025-01-01,9999-12-31,CRM
S02416,BEBIDAS,T017,V0217,2025-01-01,9999-12-31,CRM
S02417,BEBIDAS,T018,V0218,2025-01-01,9999-12-31,CRM
S02417,LACTEOS,T018,V0218,2025-01-01,9999-12-31,CRM
S02418,LACTEOS,T019,V0219,2025-01-01,9999-12-31,CRM
S02418,BEBIDAS,T019,V0219,2025-01-01,9999-12-31,CRM
S02419,NUTRICAO,T020,V0220,2025-01-01,9999-12-31,CRM
S02419,LACTEOS,T020,V0220,2025-01-01,9999-12-31,CRM
S02420,LACTEOS,T021,V0001,2025-01-01,9999-12-31,CRM
S02420,CULINARIOS,T021,V0001,2025-01-01,9999-12-31,CRM
S02421,LACTEOS,T022,V0002,2025-01-01,9999-12-31,CRM
S02421,CULINARIOS,T022,V0002,2025-01-01,9999-12-31,CRM
S02422,NUTRICAO,T023,V0003,2025-01-01,9999-12-31,CRM
S02422,CHOCOLATES,T023,V0003,2025-01-01,9999-12-31,CRM
S02423,CHOCOLATES,T024,V0004,2025-01-01,9999-12-31,CRM
S02423,CHOCOLATES,T006,V0116,2026-01-01,9999-12-31,MANUAL
S02424,CHOCOLATES,T025,V0005,2025-01-01,9999-12-31,CRM
S02424,NUTRICAO,T025,V0005,2025-01-01,9999-12-31,CRM
S02425,CHOCOLATES,T026,V0006,2025-01-01,9999-12-31,CRM
S02425,CULINARIOS,T026,V0006,2025-01-01,9999-12-31,CRM
S02426,NUTRICAO,T027,V0007,2025-01-01,9999-12-31,CRM
S02426,CULINARIOS,T027,V0007,2025-01-01,9999-12-31,CRM
S02427,BEBIDAS,T028,V0008,2025-01-01,9999-12-31,CRM
S02427,NUTRICAO,T028,V0008,2025-01-01,9999-12-31,CRM
S02428,BEBIDAS,T029,V0009,2025-01-01,9999-12-31,CRM
S02428,LACTEOS,T029,V0009,2025-01-01,9999-12-31,CRM
S02429,CULINARIOS,T030,V0010,2025-01-01,9999-12-31,CRM
S02429,BEBIDAS,T030,V0010,2025-01-01,9999-12-31,CRM
S02430,CHOCOLATES,T031,V0011,2025-01-01,9999-12-31,CRM
S02430,LACTEOS,T031,V0011,2025-01-01,9999-12-31,CRM
S02431,LACTEOS,T032,V0012,2025-01-01,9999-12-31,CRM
S02431,NUTRICAO,T032,V0012,2025-01-01,9999-12-31,CRM
S02432,BEBIDAS,T033,V0013,2025-01-01,9999-12-31,CRM
S02432,NUTRICAO,T033,V0013,2025-01-01,9999-12-31,CRM
S02433,CULINARIOS,T034,V0014,2025-01-01,9999-12-31,CRM
S02433,CHOCOLATES,T034,V0014,2025-01-01,9999-12-31,CRM
S02434,NUTRICAO,T035,V0015,2025-01-01,9999-12-31,CRM
S02434,LACTEOS,T035,V0015,2025-01-01,9999-12-31,CRM
S02435,CULINARIOS,,V0016,2025-01-01,9999-12-31,CRM
S02435,BEBIDAS,,V0016,2025-01-01,9999-12-31,CRM
S02436,LACTEOS,T037,V0017,2025-01-01,9999-12-31,CRM
S02436,NUTRICAO,T037,V0017,2025-01-01,9999-12-31,CRM
S02437,NUTRICAO,T038,V0018,2025-01-01,9999-12-31,CRM
S02437,LACTEOS,T038,V0018,2025-01-01,9999-12-31,CRM
S02438,NUTRICAO,T039,,2025-01-01,9999-12-31,CRM
S02438,LACTEOS,T039,,2025-01-01,9999-12-31,CRM
S02439,CULINARIOS,T040,V0020,2025-01-01,9999-12-31,CRM
S02439,BEBIDAS,T040,V0020,2025-01-01,9999-12-31,CRM
S02440,CHOCOLATES,T041,V0021,2025-01-01,9999-12-31,CRM
S02440,LACTEOS,T041,V0021,2025-01-01,9999-12-31,CRM
S02441,NUTRICAO,T042,V0022,2025-01-01,9999-12-31,CRM
S02441,LACTEOS,T042,V0022,2025-01-01,9999-12-31,CRM
S02442,CHOCOLATES,T043,V0023,2025-01-01,9999-12-31,CRM
S02442,BEBIDAS,T043,V0023,2025-01-01,9999-12-31,CRM
S02443,NUTRICAO,T044,V0024,2025-01-01,9999-12-31,CRM
S02443,LACTEOS,T044,V0024,2025-01-01,9999-12-31,CRM
S02444,CHOCOLATES,T045,V0025,2025-01-01,9999-12-31,CRM
S02444,BEBIDAS,T045,V0025,2025-01-01,9999-12-31,CRM
S02445,CHOCOLATES,T046,V0026,2025-01-01,9999-12-31,CRM
S02445,LACTEOS,T046,V0026,2025-01-01,9999-12-31,CRM
S02446,NUTRICAO,T047,V0027,2025-01-01,9999-12-31,CRM
S02446,LACTEOS,T047,V0027,2025-01-01,9999-12-31,CRM
S02447,CHOCOLATES,T048,V0028,2025-01-01,9999-12-31,CRM
S02447,CULINARIOS,T048,V0028,2025-01-01,9999-12-31,CRM
S02448,LACTEOS,T049,,2025-01-01,9999-12-31,CRM
S02449,LACTEOS,T050,V0030,2025-01-01,9999-12-31,CRM
S02449,BEBIDAS,T050,V0030,2025-01-01,9999-12-31,CRM
S02450,NUTRICAO,T051,V0031,2025-01-01,9999-12-31,CRM
S02450,CHOCOLATES,T051,V0031,2025-01-01,9999-12-31,CRM
S02450,CHOCOLATES,T019,V0016,2026-01-01,9999-12-31,MANUAL
S02451,LACTEOS,T052,V0032,2025-01-01,9999-12-31,CRM
S02451,BEBIDAS,T052,V0032,2025-01-01,9999-12-31,CRM
S02452,NUTRICAO,T053,V0033,2025-01-01,9999-12-31,CRM
S02452,CHOCOLATES,T053,V0033,2025-01-01,9999-12-31,CRM
S02453,LACTEOS,T054,V0034,2025-01-01,9999-12-31,CRM
S02453,BEBIDAS,T054,V0034,2025-01-01,9999-12-31,CRM
S02454,CHOCOLATES,T055,V0035,2025-01-01,9999-12-31,CRM
S02454,NUTRICAO,T055,V0035,2025-01-01,9999-12-31,CRM
S02455,LACTEOS,T056,V0036,2025-01-01,9999-12-31,CRM
S02455,CULINARIOS,T056,V0036,2025-01-01,9999-12-31,CRM
S02456,LACTEOS,T057,V0037,2025-01-01,9999-12-31,CRM
S02457,LACTEOS,T058,V0038,2025-01-01,9999-12-31,CRM
S02457,CULINARIOS,T058,V0038,2025-01-01,9999-12-31,CRM
S02458,LACTEOS,T059,V0039,2025-01-01,9999-12-31,CRM
S02458,CHOCOLATES,T059,V0039,2025-01-01,9999-12-31,CRM
S02459,CHOCOLATES,T060,V0040,2025-01-01,9999-12-31,CRM
S02459,LACTEOS,T060,V0040,2025-01-01,9999-12-31,CRM
S02460,LACTEOS,T061,V0041,2025-01-01,9999-12-31,CRM
S02460,CULINARIOS,T061,V0041,2025-01-01,9999-12-31,CRM
S02461,NUTRICAO,T062,V0042,2025-01-01,9999-12-31,CRM
S02461,LACTEOS,T062,V0042,2025-01-01,9999-12-31,CRM
S02462,CHOCOLATES,T063,V0043,2025-01-01,9999-12-31,CRM
S02462,BEBIDAS,T063,V0043,2025-01-01,9999-12-31,CRM
S02463,LACTEOS,T064,V0044,2025-01-01,9999-12-31,CRM
S02463,BEBIDAS,T064,V0044,2025-01-01,9999-12-31,CRM
S02464,CULINARIOS,T065,V0045,2025-01-01,9999-12-31,CRM
S02465,BEBIDAS,T066,V0046,2025-01-01,9999-12-31,CRM
S02465,CHOCOLATES,T066,V0046,2025-01-01,9999-12-31,CRM
S02466,LACTEOS,T067,V0047,2025-01-01,9999-12-31,CRM
S02466,NUTRICAO,T067,V0047,2025-01-01,9999-12-31,CRM
S02467,NUTRICAO,T068,V0048,2025-01-01,9999-12-31,CRM
S02467,CULINARIOS,T068,V0048,2025-01-01,9999-12-31,CRM
S02468,NUTRICAO,T069,V0049,2025-01-01,9999-12-31,CRM
S02469,CHOCOLATES,T070,V0050,2025-01-01,9999-12-31,CRM
S02469,LACTEOS,T070,V0050,2025-01-01,9999-12-31,CRM
S02470,LACTEOS,T071,V0051,2025-01-01,9999-12-31,CRM
S02470,LACTEOS,T033,V0192,2026-01-01,9999-12-31,MANUAL
S02470,BEBIDAS,T071,V0051,2025-01-01,9999-12-31,CRM
S02471,NUTRICAO,T072,V0052,2025-01-01,9999-12-31,CRM
S02471,LACTEOS,T072,V0052,2025-01-01,9999-12-31,CRM
S02472,CULINARIOS,T073,V0053,2025-01-01,9999-12-31,CRM
S02472,NUTRICAO,T073,V0053,2025-01-01,9999-12-31,CRM
S02473,CHOCOLATES,T074,V0054,2025-01-01,9999-12-31,CRM
S02473,NUTRICAO,T074,V0054,2025-01-01,9999-12-31,CRM
S02474,CULINARIOS,T075,V0055,2025-01-01,9999-12-31,CRM
S02475,LACTEOS,T076,V0056,2025-01-01,9999-12-31,CRM
S02475,CULINARIOS,T076,V0056,2025-01-01,9999-12-31,CRM
S02476,LACTEOS,,V0057,2025-01-01,9999-12-31,CRM
S02476,CULINARIOS,,V0057,2025-01-01,9999-12-31,CRM
S02477,CHOCOLATES,T078,V0058,2025-01-01,9999-12-31,CRM
S02477,CULINARIOS,T078,V0058,2025-01-01,9999-12-31,CRM
S02478,CHOCOLATES,T079,V0059,2025-01-01,9999-12-31,CRM
S02478,NUTRICAO,T079,V0059,2025-01-01,9999-12-31,CRM
S02479,NUTRICAO,T080,V0060,2025-01-01,9999-12-31,CRM
S02479,LACTEOS,T080,V0060,2025-01-01,9999-12-31,CRM
S02480,LACTEOS,,V0061,2025-01-01,9999-12-31,CRM
S02480,LACTEOS,T046,V0101,2026-01-01,9999-12-31,MANUAL
S02481,BEBIDAS,T002,V0062,2025-01-01,9999-12-31,CRM
S02481,CHOCOLATES,T002,V0062,2025-01-01,9999-12-31,CRM
S02483,BEBIDAS,T004,V0064,2025-01-01,9999-12-31,CRM
S02483,CULINARIOS,T004,V0064,2025-01-01,9999-12-31,CRM
S02484,NUTRICAO,T005,V0065,2025-01-01,9999-12-31,CRM
S02484,BEBIDAS,T005,V0065,2025-01-01,9999-12-31,CRM
S02485,CHOCOLATES,T006,V0066,2025-01-01,9999-12-31,CRM
S02485,BEBIDAS,T006,V0066,2025-01-01,9999-12-31,CRM
S02486,CULINARIOS,T007,V0067,2025-01-01,9999-12-31,CRM
S02486,CHOCOLATES,T007,V0067,2025-01-01,9999-12-31,CRM
S02487,NUTRICAO,T008,V0068,2025-01-01,9999-12-31,CRM
S02487,CULINARIOS,T008,V0068,2025-01-01,9999-12-31,CRM
S02488,BEBIDAS,T009,V0069,2025-01-01,9999-12-31,CRM
S02489,CHOCOLATES,T010,V0070,2025-01-01,9999-12-31,CRM
S02489,BEBIDAS,T010,V0070,2025-01-01,9999-12-31,CRM
S02490,NUTRICAO,T011,V0071,2025-01-01,9999-12-31,CRM
S02490,LACTEOS,T011,V0071,2025-01-01,9999-12-31,CRM
S02491,NUTRICAO,T012,V0072,2025-01-01,9999-12-31,CRM
S02491,CULINARIOS,T012,V0072,2025-01-01,9999-12-31,CRM
S02492,NUTRICAO,T013,V0073,2025-01-01,9999-12-31,CRM
S02492,LACTEOS,T013,V0073,2025-01-01,9999-12-31,CRM
S02493,CULINARIOS,T014,V0074,2025-01-01,9999-12-31,CRM
S02493,LACTEOS,T014,V0074,2025-01-01,9999-12-31,CRM
S02494,CULINARIOS,T015,V0075,2025-01-01,9999-12-31,CRM
S02494,CHOCOLATES,T015,V0075,2025-01-01,9999-12-31,CRM
S02495,CULINARIOS,T016,V0076,2025-01-01,9999-12-31,CRM
S02496,BEBIDAS,T017,V0077,2025-01-01,9999-12-31,CRM
S02497,CULINARIOS,T018,V0078,2025-01-01,9999-12-31,CRM
S02497,BEBIDAS,T018,V0078,2025-01-01,9999-12-31,CRM
S02498,LACTEOS,T019,V0079,2025-01-01,9999-12-31,CRM
S02498,CHOCOLATES,T019,V0079,2025-01-01,9999-12-31,CRM
S02499,NUTRICAO,T020,V0080,2025-01-01,9999-12-31,CRM
S02499,BEBIDAS,T020,V0080,2025-01-01,9999-12-31,CRM
S02500,CHOCOLATES,T021,V0081,2025-01-01,9999-12-31,CRM
S02500,BEBIDAS,T021,V0081,2025-01-01,9999-12-31,CRM
