product_id,ean,product_description,brand,manufacturer,category,subcategory,package_size,package_unit,is_own_product,valid_from,valid_to,source_system
P00001,7891000000001,NESQUIK CEREAIS 500G,NESQUIK,NESTLE,NUTRICAO,CEREAIS,500,G,Y,2024-07-23,9999-12-31,MASTER
P00002,7891000000002,NINHO CAFE 250ML,NINHO,NESTLE,BEBIDAS,CAFE,250,ML,Y,2024-09-24,9999-12-31,MASTER
P00003,7891000000003,NESCAFE CAFE 100G,NESCAFE,NESTLE,BEBIDAS,CAFE,100,G,Y,2025-01-01,9999-12-31,MASTER
P00004,7891000000004,NESQUIK CEREAIS 500G,NESQUIK,NESTLE,NUTRICAO,CEREAIS,500,G,Y,2025-01-12,9999-12-31,MASTER
P00005,7891000000005,KITKAT TEMPEROS 250ML,KITKAT,NESTLE,CULINARIOS,TEMPEROS,250,ML,Y,2024-12-27,9999-12-31,MASTER
P00006,7891000000006,GAROTO TEMPEROS 200G,GAROTO,NESTLE,CULINARIOS,TEMPEROS,200,G,Y,2025-03-28,9999-12-31,MASTER
P00007,7891000000007,nescafe leite em po 500g  ,NESCAFE,NESTLE,LACTEOS,LEITE EM PO,500,G,Y,2024-07-26,9999-12-31,MASTER
P00008,7891000000008,NESQUIK TABLETES 1KG,NESQUIK,NESTLE,CHOCOLATES,TABLETES,1,KG,Y,2024-05-20,9999-12-31,MASTER
P00009,7891000000009,NESQUIK LEITE EM PO 100G,NESQUIK,NESTLE,LACTEOS,LEITE EM PO,100,G,Y,2025-01-29,9999-12-31,MASTER
P00010,7891000000010,NINHO LEITE EM PO 500G,NINHO,NESTLE,LACTEOS,LEITE EM PO,500,G,Y,2024-06-08,9999-12-31,MASTER
P00011,7891000000011,MAGGI CEREAIS 1L,MAGGI,NESTLE,NUTRICAO,CEREAIS,1,L,Y,2025-01-31,9999-12-31,MASTER
P00012,7891000000012,KITKAT LEITE EM PO 100G,KITKAT,NESTLE,LACTEOS,LEITE EM PO,100,G,Y,2025-01-21,9999-12-31,MASTER
P00013,7891000000013,MOCA LEITE EM PO 250ML,MOCA,NESTLE,LACTEOS,LEITE EM PO,250,ML,Y,2024-08-30,9999-12-31,MASTER
P00014,7891000000014,MAGGI LEITE EM PO 1KG,MAGGI,NESTLE,LACTEOS,LEITE EM PO,1,KG,Y,2025-02-06,9999-12-31,MASTER
P00015,7891000000015,maggi tabletes 500g  ,MAGGI,NESTLE,CHOCOLATES,TABLETES,500,G,Y,2024-05-05,9999-12-31,MASTER
P00016,7891000000016,NESQUIK CAFE 250ML,NESQUIK,NESTLE,BEBIDAS,CAFE,250,ML,Y,2024-01-11,9999-12-31,MASTER
P00017,7891000000017,MOCA CAFE 1KG,MOCA,NESTLE,BEBIDAS,CAFE,1,KG,Y,2024-02-04,9999-12-31,MASTER
P00018,7891000000018,NESCAFE TEMPEROS 100G,NESCAFE,NESTLE,CULINARIOS,TEMPEROS,100,G,Y,2025-04-08,9999-12-31,MASTER
P00019,7891000000019,MOCA LEITE EM PO 250ML,MOCA,NESTLE,LACTEOS,LEITE EM PO,250,ML,Y,2025-01-21,9999-12-31,MASTER
P00020,7891000000020,KITKAT CEREAIS 100G,KITKAT,NESTLE,NUTRICAO,CEREAIS,100,G,Y,2024-04-01,9999-12-31,MASTER
P00021,7891000000021,MOCA CAFE 250ML,MOCA,NESTLE,BEBIDAS,CAFE,250,ML,Y,2024-06-04,9999-12-31,MASTER
P00022,7891000000022,NESQUIK CEREAIS 500G,NESQUIK,NESTLE,NUTRICAO,CEREAIS,500,G,Y,2024-05-16,9999-12-31,MASTER
P00023,7891000000023,MOCA TABLETES 200G,MOCA,NESTLE,CHOCOLATES,TABLETES,200,G,Y,2024-01-10,9999-12-31,MASTER
P00024,7891000000024,NESCAFE TABLETES 250ML,NESCAFE,NESTLE,CHOCOLATES,TABLETES,250,ML,Y,2024-07-03,9999-12-31,MASTER
P00025,7891000000025,NESCAFE TABLETES 200G,NESCAFE,NESTLE,CHOCOLATE,TABLETES,200,G,Y,2025-04-18,9999-12-31,MASTER
P00026,7891000000026,NESQUIK CAFE 200G,NESQUIK,NESTLE,BEBIDAS,CAFE,200,G,Y,2025-01-06,9999-12-31,MASTER
P00027,7891000000027,KITKAT LEITE EM PO 200G,KITKAT,NESTLE,LACTEOS,LEITE EM PO,200,G,Y,2024-05-08,9999-12-31,MASTER
P00028,7891000000028,NESQUIK TABLETES 1L,NESQUIK,NESTLE,CHOCOLATES,TABLETES,1,L,Y,2024-12-03,9999-12-31,MASTER
P00029,7891000000029,GAROTO CEREAIS 1L,GAROTO,NESTLE,NUTRICAO,CEREAIS,1,L,Y,2025-04-05,9999-12-31,MASTER
P00030,7891000000030,NESQUIK CEREAIS 250ML,NESQUIK,NESTLE,NUTRICAO,CEREAIS,250,ML,Y,2024-12-10,9999-12-31,MASTER
P00031,7891000000031,MAGGI CAFE 250ML,MAGGI,NESTLE,BEBIDAS,CAFE,250,ML,Y,2024-02-26,9999-12-31,MASTER
P00032,7891000000032,MOCA TEMPEROS 200G,MOCA,NESTLE,CULINARIOS,TEMPEROS,200,G,Y,2025-03-11,9999-12-31,MASTER
P00033,7891000000033,NESQUIK TABLETES 500G,NESQUIK,NESTLE,CHOCOLATES,TABLETES,500,G,Y,2024-11-01,9999-12-31,MASTER
P00034,7891000000034,ninho leite em po 250ml  ,NINHO,NESTLE,LACTEOS,LEITE EM PO,250,ML,Y,2024-10-22,9999-12-31,MASTER
P00035,7891000000035,GAROTO CEREAIS 1KG,GAROTO,NESTLE,NUTRICAO,CEREAIS,1,KG,Y,2024-11-18,9999-12-31,MASTER
P00036,7891000000036,KITKAT CEREAIS 100G,KITKAT,NESTLE,NUTRICAO,CEREAIS,100,G,Y,2024-12-19,9999-12-31,MASTER
P00037,7891000000037,KITKAT TABLETES 200G,KITKAT,NESTLE,CHOCOLATES,TABLETES,200,G,Y,2025-01-31,9999-12-31,MASTER
P00038,7891000000038,NESCAFE CEREAIS 500G,NESCAFE,NESTLE,NUTRICAO,CEREAIS,500,G,Y,2024-05-05,9999-12-31,MASTER
P00039,7891000000039,KITKAT TEMPEROS 500G,KITKAT,NESTLE,CULINARIOS,TEMPEROS,500,G,Y,2024-09-05,9999-12-31,MASTER
P00040,7891000000040,NESQUIK TABLETES 100G,NESQUIK,NESTLE,CHOCOLATES,TABLETES,100,G,Y,2024-05-02,9999-12-31,MASTER
P00041,7891000000041,maggi tabletes 1l  ,MAGGI,NESTLE,CHOCOLATES,TABLETES,1,L,Y,2024-03-06,9999-12-31,MASTER
P00042,891000000042,GAROTO CAFE 500G,GAROTO,NESTLE,BEBIDAS,CAFE,500,G,Y,2025-01-25,9999-12-31,MASTER
P00043,7891000000043,NINHO TABLETES 1KG,NINHO,NESTLE,CHOCOLATES,TABLETES,1,KG,Y,2025-04-27,9999-12-31,MASTER
P00044,7891000000044,NESQUIK CAFE 1KG,NESQUIK,NESTLE,BEBIDAS,CAFE,1,KG,Y,2025-05-15,9999-12-31,MASTER
P00045,7891000000045,KITKAT TABLETES 250ML,KITKAT,NESTLE,CHOCOLATES,TABLETES,250,ML,Y,2024-08-23,9999-12-31,MASTER
P00046,7891000000046,NESCAFE CEREAIS 100G,NESCAFE,NESTLE,NUTRICAO,CEREAIS,100,G,Y,2024-01-21,9999-12-31,MASTER
P00047,7891000000047,MAGGI TEMPEROS 100G,MAGGI,NESTLE,CULINARIOS,TEMPEROS,100,G,Y,2024-10-12,9999-12-31,MASTER
P00048,7891000000048,NESQUIK TEMPEROS 1L,NESQUIK,NESTLE,CULINARIOS,TEMPEROS,1,L,Y,2024-01-06,9999-12-31,MASTER
P00049,7891000000049,KITKAT CAFE 100G,KITKAT,NESTLE,BEBIDAS,CAFE,100,G,Y,2025-05-03,9999-12-31,MASTER
P00050,7891000000050,NESQUIK TEMPEROS 1KG,NESQUIK,NESTLE,CULINARIOS,TEMPEROS,1,KG,Y,2024-05-23,9999-12-31,MASTER
P00051,7891000000051,NESQUIK CAFE 1KG,NESQUIK,NESTLE,BEBIDAS,CAFE,1,KG,Y,2024-11-27,9999-12-31,MASTER
P00052,7891000000052,GAROTO LEITE EM PO 1L,GAROTO,NESTLE,LACTEOS,LEITE EM PO,1,L,Y,2024-09-27,9999-12-31,MASTER
P00053,7891000000053,KITKAT TEMPEROS 1KG,KITKAT,NESTLE,CULINARIOS,TEMPEROS,1,KG,Y,2024-09-30,9999-12-31,MASTER
P00054,7891000000054,KITKAT CEREAIS 200G,KITKAT,NESTLE,NUTRICAO,CEREAIS,200,G,Y,2024-11-05,9999-12-31,MASTER
P00055,7891000000055,MOCA TEMPEROS 1KG,MOCA,NESTLE,CULINARIOS,TEMPEROS,1,KG,Y,2025-01-05,9999-12-31,MASTER
P00056,7891000000056,MAGGI TABLETES 100G,MAGGI,NESTLE,CHOCOLATES,TABLETES,100,G,Y,2024-02-12,9999-12-31,MASTER
P00057,7891000000057,NINHO CAFE 250ML,NINHO,NESTLE,BEBIDAS,CAFE,250,ML,Y,2025-03-02,9999-12-31,MASTER
P00058,7891000000058,NESQUIK CAFE 200G,NESQUIK,NESTLE,BEBIDAS,CAFE,200,G,Y,2024-11-02,9999-12-31,MASTER
P00059,7891000000059,KITKAT TABLETES 1KG,KITKAT,NESTLE,CHOCOLATES,TABLETES,1,KG,Y,2025-04-21,9999-12-31,MASTER
P00060,7891000000060,GAROTO TEMPEROS 100G,GAROTO,NESTLE,CULINARIOS,TEMPEROS,100,G,Y,2024-05-19,9999-12-31,MASTER
P00061,7891000000061,NESQUIK TABLETES 250ML,NESQUIK,NESTLE,CHOCOLATES,TABLETES,250,ML,Y,2024-04-08,9999-12-31,MASTER
P00062,7891000000062,NINHO TABLETES 1L,NINHO,NESTLE,CHOCOLATES,TABLETES,1,L,Y,2025-05-03,9999-12-31,MASTER
P00063,7891000000063,NINHO CAFE 250ML,NINHO,NESTLE,BEBIDAS,CAFE,250,ML,Y,2024-09-03,9999-12-31,MASTER
P00064,891000000064,KITKAT CEREAIS 100G,KITKAT,NESTLE,NUTRICAO,CEREAIS,100,G,Y,2024-11-26,9999-12-31,MASTER
P00065,7891000000065,MAGGI TEMPEROS 200G,MAGGI,NESTLE,CULINARIOS,TEMPEROS,200,G,Y,2024-10-13,9999-12-31,MASTER
P00066,7891000000066,NESQUIK LEITE EM PO 200G,NESQUIK,NESTLE,LACTEOS,LEITE EM PO,200,G,Y,2024-09-11,9999-12-31,MASTER
P00067,7891000000067,MAGGI TEMPEROS 100G,MAGGI,NESTLE,CULINARIOS,TEMPEROS,100,G,Y,2024-09-14,9999-12-31,MASTER
P00068,891000000068,MOCA TABLETES 100G,MOCA,NESTLE,CHOCOLATES,TABLETES,100,G,Y,2024-04-13,9999-12-31,MASTER
P00069,7891000000069,MOCA CEREAIS 1KG,MOCA,NESTLE,NUTRICAO,CEREAIS,1,KG,Y,2024-01-20,9999-12-31,MASTER
P00070,7891000000070,GAROTO LEITE EM PO 100G,GAROTO,NESTLE,LACTEOS,LEITE EM PO,100,G,Y,2024-01-14,9999-12-31,MASTER
P00071,7891000000071,GAROTO TEMPEROS 100G,GAROTO,NESTLE,CULINARIOS,TEMPEROS,100,G,Y,2024-08-13,9999-12-31,MASTER
P00072,7891000000072,NESCAFE LEITE EM PO 500G,NESCAFE,NESTLE,LACTEOS,LEITE EM PO,500,G,Y,2024-10-01,9999-12-31,MASTER
P00073,7891000000073,KITKAT TEMPEROS 200G,KITKAT,NESTLE,CULINARIOS,TEMPEROS,200,G,Y,2024-07-27,9999-12-31,MASTER
P00074,7891000000074,MOCA LEITE EM PO 1L,MOCA,NESTLE,LACTEOS,LEITE EM PO,1,L,Y,2025-01-13,9999-12-31,MASTER
P00075,7891000000075,NESCAFE CEREAIS 250ML,NESCAFE,NESTLE,NUTRICAO,CEREAIS,250,ML,Y,2025-01-08,9999-12-31,MASTER
P00076,7891000000076,NESCAFE LEITE EM PO 500G,NESCAFE,NESTLE,LACTEOS,LEITE EM PO,500,G,Y,2024-04-02,9999-12-31,MASTER
P00077,7891000000077,NESCAFE TABLETES 500G,NESCAFE,NESTLE,CHOCOLATES,TABLETES,500,G,Y,2024-09-20,9999-12-31,MASTER
P00078,7891000000078,kitkat temperos 100g  ,KITKAT,NESTLE,CULINARIOS,TEMPEROS,100,G,Y,2024-02-02,9999-12-31,MASTER
P00079,7891000000079,MAGGI CAFE 1L,MAGGI,NESTLE,BEBIDAS,CAFE,1,L,Y,2025-01-02,9999-12-31,MASTER
P00080,7891000000080,NINHO CEREAIS 100G,NINHO,NESTLE,NUTRICAO,CEREAIS,100,G,Y,2024-06-13,9999-12-31,MASTER
P00081,7891000000081,MOCA TEMPEROS 500G,MOCA,NESTLE,CULINARIOS,TEMPEROS,500,G,Y,2024-02-11,9999-12-31,MASTER
P00082,7891000000082,KITKAT CAFE 500G,KITKAT,NESTLE,BEBIDAS,CAFE,500,G,Y,2025-03-31,9999-12-31,MASTER
P00083,7891000000083,NESQUIK TABLETES 1KG,NESQUIK,NESTLE,CHOCOLATES,TABLETES,1,KG,Y,2025-05-12,9999-12-31,MASTER
P00084,7891000000084,GAROTO LEITE EM PO 500G,GAROTO,NESTLE,LACTEOS,LEITE EM PO,500,G,Y,2024-07-07,9999-12-31,MASTER
P00085,7891000000085,NESQUIK CAFE 1L,NESQUIK,NESTLE,BEBIDAS,CAFE,1,L,Y,2024-03-10,9999-12-31,MASTER
P00086,7891000000086,NINHO LEITE EM PO 100G,NINHO,NESTLE,LACTEOS,LEITE EM PO,100,G,Y,2024-09-24,9999-12-31,MASTER
P00087,7891000000087,NINHO TABLETES 1L,NINHO,NESTLE,CHOCOLATES,TABLETES,1,L,Y,2024-07-11,9999-12-31,MASTER
P00088,7891000000088,KITKAT CEREAIS 500G,KITKAT,NESTLE,NUTRICAO,CEREAIS,500,G,Y,2024-08-25,9999-12-31,MASTER
P00089,7891000000089,KITKAT TEMPEROS 1L,KITKAT,NESTLE,CULINARIOS,TEMPEROS,1,L,Y,2024-09-02,9999-12-31,MASTER
P00090,7891000000090,GAROTO CEREAIS 1KG,GAROTO,NESTLE,NUTRICAO,CEREAIS,1,KG,Y,2024-03-29,9999-12-31,MASTER
P00091,7891000000091,KITKAT LEITE EM PO 1KG,KITKAT,NESTLE,LACTEOS,LEITE EM PO,1,KG,Y,2024-11-28,9999-12-31,MASTER
P00092,7891000000092,GAROTO CAFE 500G,GAROTO,NESTLE,BEBIDAS,CAFE,500,G,Y,2025-02-06,9999-12-31,MASTER
P00093,7891000000093,GAROTO CEREAIS 250ML,GAROTO,NESTLE,NUTRICAO,CEREAIS,250,ML,Y,2024-08-16,9999-12-31,MASTER
P00094,7891000000094,KITKAT CAFE 100G,KITKAT,NESTLE,BEBIDAS,CAFE,100,G,Y,2024-08-27,9999-12-31,MASTER
P00095,7891000000095,NINHO TEMPEROS 1L,NINHO,NESTLE,CULINARIOS,TEMPEROS,1,L,Y,2024-07-20,9999-12-31,MASTER
P00096,7891000000096,MOCA CEREAIS 1L,MOCA,NESTLE,NUTRICAO,CEREAIS,1,L,Y,2024-03-14,9999-12-31,MASTER
P00097,7891000000097,NINHO CEREAIS 200G,NINHO,NESTLE,NUTRICAO,CEREAIS,200,G,Y,2025-03-14,9999-12-31,MASTER
P00098,7891000000098,GAROTO CAFE 200G,GAROTO,NESTLE,BEBIDAS,CAFE,200,G,Y,2024-02-09,9999-12-31,MASTER
P00099,EAN-00000099,MAGGI TABLETES 200G,MAGGI,NESTLE,CHOCOLATES,TABLETES,200,G,Y,2024-03-15,9999-12-31,MASTER
P00100,7891000000100,KITKAT TABLETES 1L,KITKAT,NESTLE,CHOCOLATES,TABLETES,1,L,Y,2024-05-17,9999-12-31,MASTER
P00101,7891000000101,GAROTO CAFE 250ML,GAROTO,NESTLE,BEBIDAS,CAFE,250,ML,Y,2024-02-26,9999-12-31,MASTER
P00102,7891000000102,NESCAFE TEMPEROS 1KG,NESCAFE,NESTLE,CULINARIOS,TEMPEROS,1,KG,Y,2025-04-18,9999-12-31,MASTER
P00103,7891000000103,NESCAFE LEITE EM PO 100G,NESCAFE,NESTLE,LACTEOS,LEITE EM PO,100,G,Y,2024-03-01,9999-12-31,MASTER
P00104,7891000000104,NINHO TABLETES 500G,NINHO,NESTLE,CHOCOLATES,TABLETES,500,G,Y,2024-12-02,9999-12-31,MASTER
P00105,7891000000105,NESCAFE TABLETES 100G,NESCAFE,NESTLE,CHOCOLATES,TABLETES,100,G,Y,2025-04-15,9999-12-31,MASTER
P00106,7891000000106,NESQUIK CEREAIS 100G,NESQUIK,NESTLE,NUTRICAO,CEREAIS,100,G,Y,2024-04-15,9999-12-31,MASTER
P00107,7891000000107,NINHO CEREAIS 250ML,NINHO,NESTLE,NUTRICAO,CEREAIS,250,ML,Y,2025-03-08,9999-12-31,MASTER
P00108,7891000000108,NESCAFE TEMPEROS 1L,NESCAFE,NESTLE,CULINARIOS,TEMPEROS,1,L,Y,2024-01-11,9999-12-31,MASTER
P00109,7891000000109,NINHO TEMPEROS 100G,NINHO,NESTLE,CULINARIOS,TEMPEROS,100,G,Y,2024-07-01,9999-12-31,MASTER
P00110,7891000000110,NINHO TEMPEROS 1KG,NINHO,NESTLE,CULINARIOS,TEMPEROS,1,KG,Y,2024-10-14,9999-12-31,MASTER
P00111,7891000000111,MAGGI CAFE 1KG,MAGGI,NESTLE,BEBIDAS,CAFE,1,KG,Y,2024-09-14,9999-12-31,MASTER
P00112,7891000000112,MAGGI TEMPEROS 200G,MAGGI,NESTLE,CULINARIOS,TEMPEROS,200,G,Y,2024-04-14,9999-12-31,MASTER
P00113,7891000000113,NINHO TABLETES 1KG,NINHO,NESTLE,CHOCOLATES,TABLETES,1,KG,Y,2025-02-16,9999-12-31,MASTER
P00114,7891000000114,MOCA TABLETES 200G,MOCA,NESTLE,CHOCOLATES,TABLETES,200,G,Y,2024-05-27,9999-12-31,MASTER
P00115,7891000000115,NESQUIK TEMPEROS 200G,NESQUIK,NESTLE,CULINARIOS,TEMPEROS,200,G,Y,2024-07-18,9999-12-31,MASTER
P00116,7891000000116,GAROTO CAFE 200G,GAROTO,NESTLE,BEBIDAS,CAFE,200,G,Y,2025-03-04,9999-12-31,MASTER
P00117,7891000000117,ninho cafe 1kg  ,NINHO,NESTLE,BEBIDAS,CAFE,1,KG,Y,2025-05-03,9999-12-31,MASTER
P00118,7891000000118,GAROTO CEREAIS 500G,GAROTO,NESTLE,NUTRICAO,CEREAIS,500,G,Y,2024-04-10,9999-12-31,MASTER
P00119,7891000000119,NINHO CAFE 250ML,NINHO,NESTLE,BEBIDAS,CAFE,250,ML,Y,2024-12-14,9999-12-31,MASTER
P00120,7891000000120,GAROTO CEREAIS 200G,GAROTO,NESTLE,NUTRICAO,CEREAIS,200,G,Y,2024-01-01,9999-12-31,MASTER
P00121,7891000000121,MOCA CEREAIS 500G,MOCA,NESTLE,NUTRICAO,CEREAIS,500,G,Y,2025-02-03,9999-12-31,MASTER
P00122,7891000000122,NINHO TEMPEROS 1KG,NINHO,NESTLE,CULINARIOS,TEMPEROS,1,KG,Y,2024-05-18,9999-12-31,MASTER
P00123,7891000000123,MAGGI TABLETES 200G,MAGGI,NESTLE,CHOCOLATES,TABLETES,200,G,Y,2024-11-07,9999-12-31,MASTER
P00124,7891000000124,MOCA LEITE EM PO 1L,MOCA,NESTLE,LACTEOS,LEITE EM PO,1,L,Y,2024-06-12,9999-12-31,MASTER
P00125,7891000000125,MOCA CEREAIS 200G,MOCA,NESTLE,NUTRICAO,CEREAIS,200,G,Y,2025-04-01,9999-12-31,MASTER
P00126,7891000000126,NINHO CEREAIS 200G,NINHO,NESTLE,NUTRICAO,CEREAIS,200,G,Y,2025-01-29,9999-12-31,MASTER
P00127,7891000000127,KITKAT CEREAIS 200G,KITKAT,NESTLE,NUTRICAO,CEREAIS,200,G,Y,2024-01-13,9999-12-31,MASTER
P00128,7891000000128,NESCAFE LEITE EM PO 100G,NESCAFE,NESTLE,LACTEOS,LEITE EM PO,100,G,Y,2024-11-24,9999-12-31,MASTER
P00129,7891000000129,GAROTO TEMPEROS 200G,GAROTO,NESTLE,CULINARIOS,TEMPEROS,200,G,Y,2025-03-19,9999-12-31,MASTER
P00130,7891000000130,GAROTO LEITE EM PO 500G,GAROTO,NESTLE,LACTEOS,LEITE EM PO,500,G,Y,2025-04-22,9999-12-31,MASTER
P00131,7891000000131,GAROTO CAFE 500G,GAROTO,NESTLE,BEBIDAS,CAFE,500,G,Y,2024-10-01,9999-12-31,MASTER
P00132,7891000000132,NESQUIK LEITE EM PO 1L,NESQUIK,NESTLE,LACTEOS,LEITE EM PO,1,L,Y,2025-02-28,9999-12-31,MASTER
P00133,7891000000133,NINHO TABLETES 250ML,NINHO,NESTLE,CHOCOLATES,TABLETES,250,ML,Y,2025-03-18,9999-12-31,MASTER
P00134,7891000000134,GAROTO TABLETES 200G,GAROTO,NESTLE,CHOCOLATES,TABLETES,200,G,Y,2024-11-13,9999-12-31,MASTER
P00135,7891000000135,NINHO CEREAIS 200G,NINHO,NESTLE,NUTRICAO,CEREAIS,200,G,Y,2024-06-13,9999-12-31,MASTER
P00136,7891000000136,NESQUIK TABLETES 100G,NESQUIK,NESTLE,CHOCOLATES,TABLETES,100,G,Y,2024-07-29,9999-12-31,MASTER
P00137,7891000000137,NINHO CEREAIS 1KG,NINHO,NESTLE,NUTRICAO,CEREAIS,1,KG,Y,2025-03-16,9999-12-31,MASTER
P00138,7891000000138,GAROTO CEREAIS 200G,GAROTO,NESTLE,NUTRICAO,CEREAIS,200,G,Y,2025-03-24,9999-12-31,MASTER
P00139,7891000000139,MOCA CEREAIS 1L,MOCA,NESTLE,NUTRICAO,CEREAIS,1,L,Y,2025-01-08,9999-12-31,MASTER
P00140,7891000000140,MAGGI TEMPEROS 100G,MAGGI,NESTLE,CULINARIOS,TEMPEROS,100,G,Y,2025-01-28,9999-12-31,MASTER
P00141,7891000000141,NESQUIK CAFE 500G,NESQUIK,NESTLE,BEBIDAS,CAFE,500,G,Y,2024-11-25,9999-12-31,MASTER
P00142,7891000000142,KITKAT TABLETES 1KG,KITKAT,NESTLE,CHOCOLATES,TABLETES,1,KG,Y,2025-01-23,9999-12-31,MASTER
P00143,7891000000143,MOCA TEMPEROS 100G,MOCA,NESTLE,CULINARIOS,TEMPEROS,100,G,Y,2024-07-07,9999-12-31,MASTER
P00144,7891000000144,NESCAFE TABLETES 1L,NESCAFE,NESTLE,CHOCOLATES,TABLETES,1,L,Y,2024-08-02,9999-12-31,MASTER
P00145,7891000000145,GAROTO LEITE EM PO 500G,GAROTO,NESTLE,LACTEOS,LEITE EM PO,500,G,Y,2024-01-28,9999-12-31,MASTER
P00146,7891000000146,NESCAFE TEMPEROS 500G,NESCAFE,NESTLE,CULINARIOS,TEMPEROS,500,G,Y,2025-02-10,9999-12-31,MASTER
P00147,7891000000147,NINHO CEREAIS 1KG,NINHO,NESTLE,NUTRICAO,CEREAIS,1,KG,Y,2025-04-24,9999-12-31,MASTER
P00148,7891000000148,MAGGI TABLETES 500G,MAGGI,NESTLE,CHOCOLATES,TABLETES,500,G,Y,2025-02-11,9999-12-31,MASTER
P00149,7891000000149,NESQUIK CAFE 1L,NESQUIK,NESTLE,BEBIDAS,CAFE,1,L,Y,2024-03-18,9999-12-31,MASTER
P00150,7891000000150,KITKAT TEMPEROS 250ML,KITKAT,NESTLE,CULINARIOS,TEMPEROS,250,ML,Y,2024-10-15,9999-12-31,MASTER
P00151,7891000000151,NESQUIK LEITE EM PO 200G,NESQUIK,NESTLE,LACTEOS,LEITE EM PO,200,G,Y,2025-03-20,9999-12-31,MASTER
P00152,7891000000152,GAROTO TABLETES 200G,GAROTO,NESTLE,CHOCOLATES,TABLETES,200,G,Y,2025-01-17,9999-12-31,MASTER
P00153,7891000000153,NESQUIK TEMPEROS 250ML,NESQUIK,NESTLE,CULINARIOS,TEMPEROS,250,ML,Y,2024-09-11,9999-12-31,MASTER
P00154,7891000000154,KITKAT CEREAIS 200G,KITKAT,NESTLE,NUTRICAO,CEREAIS,200,G,Y,2024-11-08,9999-12-31,MASTER
P00155,7891000000155,MOCA CAFE 1L,MOCA,NESTLE,BEBIDAS,CAFE,1,L,Y,2025-02-08,9999-12-31,MASTER
P00156,7891000000156,MOCA LEITE EM PO 200G,MOCA,NESTLE,LACTEOS,LEITE EM PO,200,G,Y,2024-10-16,9999-12-31,MASTER
P00157,7891000000157,MOCA TEMPEROS 1KG,MOCA,NESTLE,CULINARIOS,TEMPEROS,1,KG,Y,2024-02-18,9999-12-31,MASTER
P00158,7891000000158,NINHO LEITE EM PO 1KG,NINHO,NESTLE,LACTEOS,LEITE EM PO,1,KG,Y,2025-04-20,9999-12-31,MASTER
P00159,7891000000159,KITKAT CAFE 100G,KITKAT,NESTLE,BEBIDAS,CAFE,100,G,Y,2024-05-06,9999-12-31,MASTER
P00160,7891000000160,NESCAFE TEMPEROS 250ML,NESCAFE,NESTLE,CULINARIOS,TEMPEROS,250,ML,Y,2024-04-01,9999-12-31,MASTER
P00161,7891000000161,NINHO TEMPEROS 200G,NINHO,NESTLE,CULINARIOS,TEMPEROS,200,G,Y,2024-06-04,9999-12-31,MASTER
P00162,7891000000162,MOCA TEMPEROS 1L,MOCA,NESTLE,CULINARIOS,TEMPEROS,1,L,Y,2024-06-08,9999-12-31,MASTER
P00163,7891000000163,MOCA TEMPEROS 500G,MOCA,NESTLE,CULINARIOS,TEMPEROS,500,G,Y,2024-04-15,9999-12-31,MASTER
P00164,7891000000164,NESQUIK CAFE 200G,NESQUIK,NESTLE,BEBIDAS,CAFE,200,G,Y,2024-02-16,9999-12-31,MASTER
P00165,7891000000165,NESCAFE LEITE EM PO 1KG,NESCAFE,NESTLE,LACTEOS,LEITE EM PO,1,KG,Y,2024-03-10,9999-12-31,MASTER
P00166,7891000000166,GAROTO LEITE EM PO 200G,GAROTO,NESTLE,LACTEOS,LEITE EM PO,200,G,Y,2024-04-24,9999-12-31,MASTER
P00167,7891000000167,MOCA TABLETES 250ML,MOCA,NESTLE,CHOCOLATES,TABLETES,250,ML,Y,2025-03-02,9999-12-31,MASTER
P00168,7891000000168,MOCA CAFE 1KG,MOCA,NESTLE,BEBIDAS,CAFE,1,KG,Y,2024-11-01,9999-12-31,MASTER
P00169,7891000000169,MAGGI TEMPEROS 200G,MAGGI,NESTLE,CULINARIOS,TEMPEROS,200,G,Y,2024-06-01,9999-12-31,MASTER
P00170,7891000000170,NESQUIK LEITE EM PO 500G,NESQUIK,NESTLE,LACTEOS,LEITE EM PO,500,G,Y,2024-04-07,9999-12-31,MASTER
P00171,7891000000171,KITKAT LEITE EM PO 200G,KITKAT,NESTLE,LACTEOS,LEITE EM PO,200,G,Y,2025-01-07,9999-12-31,MASTER
P00172,7891000000172,KITKAT TEMPEROS 100G,KITKAT,NESTLE,CULINARIOS,TEMPEROS,100,G,Y,2025-04-24,9999-12-31,MASTER
P00173,7891000000173,MAGGI TEMPEROS 250ML,MAGGI,NESTLE,CULINARIOS,TEMPEROS,250,ML,Y,2024-09-07,9999-12-31,MASTER
P00174,7891000000174,MOCA CAFE 1KG,MOCA,NESTLE,BEBIDAS,CAFE,1,KG,Y,2024-02-07,9999-12-31,MASTER
P00175,7891000000175,KITKAT CAFE 500G,KITKAT,NESTLE,BEBIDAS,CAFE,500,G,Y,2024-02-23,9999-12-31,MASTER
P00176,7891000000176,KITKAT TEMPEROS 250ML,KITKAT,NESTLE,CULINARIOS,TEMPEROS,250,ML,Y,2024-11-09,9999-12-31,MASTER
P00177,7891000000177,GAROTO CAFE 200G,GAROTO,NESTLE,BEBIDAS,CAFE,200,G,Y,2024-01-13,9999-12-31,MASTER
P00178,7891000000178,NINHO LEITE EM PO 250ML,NINHO,NESTLE,LACTEOS,LEITE EM PO,250,ML,Y,2024-06-11,9999-12-31,MASTER
P00179,7891000000179,KITKAT CEREAIS 500G,KITKAT,NESTLE,NUTRICAO,CEREAIS,500,G,Y,2024-11-21,9999-12-31,MASTER
P00180,7891000000180,NESQUIK LEITE EM PO 100G,NESQUIK,NESTLE,LACTEOS,LEITE EM PO,100,G,Y,2024-07-08,9999-12-31,MASTER
P00181,7891000000181,GAROTO TABLETES 100G,GAROTO,NESTLE,CHOCOLATES,TABLETES,100,G,Y,2025-05-12,9999-12-31,MASTER
P00182,7891000000182,KITKAT CAFE 200G,KITKAT,NESTLE,BEBIDAS,CAFE,200,G,Y,2024-01-13,9999-12-31,MASTER
P00183,7891000000183,KITKAT LEITE EM PO 200G,KITKAT,NESTLE,LACTEOS,LEITE EM PO,200,G,Y,2025-02-08,9999-12-31,MASTER
P00184,7891000000184,NESQUIK TEMPEROS 200G,NESQUIK,NESTLE,CULINARIOS,TEMPEROS,200,G,Y,2024-08-09,9999-12-31,MASTER
P00185,7891000000185,KITKAT CAFE 250ML,KITKAT,NESTLE,BEBIDAS,CAFE,250,ML,Y,2024-01-04,9999-12-31,MASTER
P00186,7891000000186,MOCA CAFE 100G,MOCA,NESTLE,BEBIDAS,CAFE,100,G,Y,2025-01-07,9999-12-31,MASTER
P00187,7891000000187,NINHO TEMPEROS 1KG,NINHO,NESTLE,CULINARIOS,TEMPEROS,1,KG,Y,2024-11-18,9999-12-31,MASTER
P00188,7891000000188,kitkat temperos 1l  ,KITKAT,NESTLE,CULINARIOS,TEMPEROS,1,L,Y,2025-03-10,9999-12-31,MASTER
P00189,7891000000189,GAROTO LEITE EM PO 500G,GAROTO,NESTLE,LACTEOS,LEITE EM PO,500,G,Y,2024-11-26,9999-12-31,MASTER
P00190,7891000000190,MAGGI LEITE EM PO 250ML,MAGGI,NESTLE,LACTEOS,LEITE EM PO,250,ML,Y,2024-01-28,9999-12-31,MASTER
P00191,7891000000191,NINHO TABLETES 200G,NINHO,NESTLE,CHOCOLATES,TABLETES,200,G,Y,2025-03-20,9999-12-31,MASTER
P00192,7891000000192,NINHO LEITE EM PO 250ML,NINHO,NESTLE,LACTEOS,LEITE EM PO,250,ML,Y,2024-01-29,9999-12-31,MASTER
P00193,7891000000193,NESCAFE CEREAIS 100G,NESCAFE,NESTLE,NUTRICAO,CEREAIS,100,G,Y,2024-03-07,9999-12-31,MASTER
P00194,7891000000194,GAROTO TEMPEROS 200G,GAROTO,NESTLE,CULINARIOS,TEMPEROS,200,G,Y,2024-05-13,9999-12-31,MASTER
P00195,7891000000195,NESCAFE LEITE EM PO 200G,NESCAFE,NESTLE,LACTEOS,LEITE EM PO,200,G,Y,2024-01-07,9999-12-31,MASTER
P00196,7891000000196,MOCA CAFE 250ML,MOCA,NESTLE,BEBIDAS,CAFE,250,ML,Y,2024-01-05,9999-12-31,MASTER
P00197,7891000000197,garoto leite em po 250ml  ,GAROTO,NESTLE,LACTEOS,LEITE EM PO,250,ML,Y,2024-04-25,9999-12-31,MASTER
P00198,7891000000198,NINHO LEITE EM PO 200G,NINHO,NESTLE,LACTEOS,LEITE EM PO,200,G,Y,2025-02-24,9999-12-31,MASTER
P00199,7891000000199,KITKAT CEREAIS 200G,KITKAT,NESTLE,NUTRICAO,CEREAIS,200,G,Y,2024-10-21,9999-12-31,MASTER
P00200,7891000000200,GAROTO CEREAIS 250ML,GAROTO,NESTLE,NUTRICAO,CEREAIS,250,ML,Y,2024-03-26,9999-12-31,MASTER
P00201,7891000000201,MOCA TEMPEROS 1KG,MOCA,NESTLE,CULINARIOS,TEMPEROS,1,KG,Y,2024-09-20,9999-12-31,MASTER
P00202,7891000000202,NESCAFE TABLETES 100G,NESCAFE,NESTLE,CHOCOLATES,TABLETES,100,G,Y,2025-03-04,9999-12-31,MASTER
P00203,7891000000203,NESCAFE CEREAIS 100G,NESCAFE,NESTLE,NUTRICAO,CEREAIS,100,G,Y,2025-01-07,9999-12-31,MASTER
P00204,7891000000204,NESQUIK CEREAIS 200G,NESQUIK,NESTLE,NUTRICAO,CEREAIS,200,G,Y,2024-11-24,9999-12-31,MASTER
P00205,7891000000205,KITKAT LEITE EM PO 1KG,KITKAT,NESTLE,LACTEOS,LEITE EM PO,1,KG,Y,2024-05-25,9999-12-31,MASTER
P00206,891000000206,NESCAFE CEREAIS 100G,NESCAFE,NESTLE,NUTRICAO,CEREAIS,100,G,Y,2025-03-16,9999-12-31,MASTER
P00207,7891000000207,NESQUIK TEMPEROS 1L,NESQUIK,NESTLE,CULINARIOS,TEMPEROS,1,L,Y,2024-11-07,9999-12-31,MASTER
P00208,7891000000208,MAGGI TEMPEROS 1L,MAGGI,NESTLE,CULINARIOS,TEMPEROS,1,L,Y,2024-01-08,9999-12-31,MASTER
P00209,7891000000209,KITKAT TABLETES 250ML,KITKAT,NESTLE,CHOCOLATES,TABLETES,250,ML,Y,2024-09-02,9999-12-31,MASTER
P00210,7891000000210,garoto temperos 1kg  ,GAROTO,NESTLE,CULINARIOS,TEMPEROS,1,KG,Y,2024-08-25,9999-12-31,MASTER
P00211,7891000000211,MOCA LEITE EM PO 100G,MOCA,NESTLE,LACTEOS,LEITE EM PO,100,G,Y,2025-02-18,9999-12-31,MASTER
P00212,7891000000212,ninho temperos 1kg  ,NINHO,NESTLE,CULINARIOS,TEMPEROS,1,KG,Y,2024-03-28,9999-12-31,MASTER
P00213,7891000000213,NINHO CAFE 100G,NINHO,NESTLE,BEBIDAS,CAFE,100,G,Y,2024-04-06,9999-12-31,MASTER
P00214,7891000000214,NINHO TEMPEROS 200G,NINHO,NESTLE,CULINARIOS,TEMPEROS,200,G,Y,2024-06-30,9999-12-31,MASTER
P00215,7891000000215,NESQUIK LEITE EM PO 250ML,NESQUIK,NESTLE,LACTEOS,LEITE EM PO,250,ML,Y,2024-04-27,9999-12-31,MASTER
P00216,7891000000216,NINHO CAFE 100G,NINHO,NESTLE,BEBIDAS,CAFE,100,G,Y,2024-06-22,9999-12-31,MASTER
P00217,7891000000217,NESCAFE LEITE EM PO 500G,NESCAFE,NESTLE,LACTEOS,LEITE EM PO,500,G,Y,2024-12-18,9999-12-31,MASTER
P00218,7891000000218,NINHO CAFE 1L,NINHO,NESTLE,BEBIDAS,CAFE,1,L,Y,2024-07-08,9999-12-31,MASTER
P00219,7891000000219,NESCAFE CAFE 1KG,NESCAFE,NESTLE,BEBIDAS,CAFE,1,KG,Y,2025-01-06,9999-12-31,MASTER
P00220,7891000000220,GAROTO TEMPEROS 250ML,GAROTO,NESTLE,CULINARIOS,TEMPEROS,250,ML,Y,2024-08-20,9999-12-31,MASTER
P00221,7891000000221,NINHO LEITE EM PO 250ML,NINHO,NESTLE,LACTEOS,LEITE EM PO,250,ML,Y,2024-06-20,9999-12-31,MASTER
P00222,7891000000222,KITKAT TEMPEROS 1KG,KITKAT,NESTLE,CULINARIOS,TEMPEROS,1,KG,Y,2024-06-29,9999-12-31,MASTER
P00223,7891000000223,NINHO CAFE 500G,NINHO,NESTLE,BEBIDAS,CAFE,500,G,Y,2024-07-17,9999-12-31,MASTER
P00224,7891000000224,GAROTO CAFE 250ML,GAROTO,NESTLE,BEBIDAS,CAFE,250,ML,Y,2024-04-20,9999-12-31,MASTER
P00225,7891000000225,NESCAFE TEMPEROS 200G,NESCAFE,NESTLE,CULINARIOS,TEMPEROS,200,G,Y,2024-03-21,9999-12-31,MASTER
P00226,7891000000226,NESCAFE CEREAIS 1L,NESCAFE,NESTLE,NUTRICAO,CEREAIS,1,L,Y,2024-10-16,9999-12-31,MASTER
P00227,7891000000227,NESCAFE TABLETES 1KG,NESCAFE,NESTLE,CHOCOLATES,TABLETES,1,KG,Y,2024-10-10,9999-12-31,MASTER
P00228,7891000000228,ninho tabletes 1l  ,NINHO,NESTLE,CHOCOLATES,TABLETES,1,L,Y,2024-07-03,9999-12-31,MASTER
P00229,7891000000229,MOCA CEREAIS 1KG,MOCA,NESTLE,NUTRICAO,CEREAIS,1,KG,Y,2024-08-08,9999-12-31,MASTER
P00230,7891000000230,MAGGI TABLETES 1KG,MAGGI,NESTLE,CHOCOLATES,TABLETES,1,KG,Y,2024-11-09,9999-12-31,MASTER
P00231,7891000000231,GAROTO TEMPEROS 1KG,GAROTO,NESTLE,CULINARIOS,TEMPEROS,1,KG,Y,2024-11-01,9999-12-31,MASTER
P00232,7891000000232,NESQUIK CAFE 1L,NESQUIK,NESTLE,BEBIDAS,CAFE,1,L,Y,2024-06-27,9999-12-31,MASTER
P00233,7891000000233,GAROTO CAFE 500G,GAROTO,NESTLE,BEBIDAS,CAFE,500,G,Y,2024-03-31,9999-12-31,MASTER
P00234,7891000000234,NINHO CAFE 1L,NINHO,NESTLE,BEBIDAS,CAFE,1,L,Y,2024-04-07,9999-12-31,MASTER
P00235,7891000000235,GAROTO LEITE EM PO 200G,GAROTO,NESTLE,LACTEOS,LEITE EM PO,200,G,Y,2025-01-11,9999-12-31,MASTER
P00236,7891000000236,NINHO TEMPEROS 1L,NINHO,NESTLE,CULINARIOS,TEMPEROS,1,L,Y,2025-05-01,9999-12-31,MASTER
P00237,7891000000237,NESQUIK CEREAIS 250ML,NESQUIK,NESTLE,NUTRICAO,CEREAIS,250,ML,Y,2024-12-16,9999-12-31,MASTER
P00238,7891000000238,nescafe cereais 1kg  ,NESCAFE,NESTLE,NUTRICAO,CEREAIS,1,KG,Y,2025-02-11,9999-12-31,MASTER
P00239,7891000000239,NESQUIK CEREAIS 500G,NESQUIK,NESTLE,NUTRICAO,CEREAIS,500,G,Y,2024-05-20,9999-12-31,MASTER
P00240,7891000000240,NESCAFE CAFE 200G,NESCAFE,NESTLE,BEBIDAS,CAFE,200,G,Y,2024-11-02,9999-12-31,MASTER
P00241,7891000000241,KITKAT CEREAIS 200G,KITKAT,NESTLE,NUTRICAO,CEREAIS,200,G,Y,2024-02-05,9999-12-31,MASTER
P00242,7891000000242,KITKAT TABLETES 500G,KITKAT,NESTLE,CHOCOLATES,TABLETES,500,G,Y,2024-03-13,9999-12-31,MASTER
P00243,7891000000243,MOCA CAFE 250ML,MOCA,NESTLE,BEBIDAS,CAFE,250,ML,Y,2024-12-01,9999-12-31,MASTER
P00244,7891000000244,MAGGI CAFE 250ML,MAGGI,NESTLE,BEBIDAS,CAFE,250,ML,Y,2024-04-29,9999-12-31,MASTER
P00245,7891000000245,GAROTO LEITE EM PO 1KG,GAROTO,NESTLE,LACTEOS,LEITE EM PO,1,KG,Y,2024-03-21,9999-12-31,MASTER
P00246,7891000000246,NESCAFE LEITE EM PO 1KG,NESCAFE,NESTLE,LACTEOS,LEITE EM PO,1,KG,Y,2024-02-23,9999-12-31,MASTER
P00247,7891000000247,NINHO TABLETES 1KG,NINHO,NESTLE,CHOCOLATES,TABLETES,1,KG,Y,2025-03-17,9999-12-31,MASTER
P00248,7891000000248,NINHO TABLETES 200G,NINHO,NESTLE,CHOCOLATES,TABLETES,200,G,Y,2024-12-18,9999-12-31,MASTER
P00249,7891000000249,NINHO TEMPEROS 250ML,NINHO,NESTLE,CULINARIOS,TEMPEROS,250,ML,Y,2024-06-18,9999-12-31,MASTER
P00250,7891000000250,MOCA TABLETES 1L,MOCA,NESTLE,CHOCOLATES,TABLETES,1,L,Y,2025-01-29,9999-12-31,MASTER
P00251,7891000000251,NESCAFE LEITE EM PO 1L,NESCAFE,NESTLE,LACTEOS,LEITE EM PO,1,L,Y,2025-04-29,9999-12-31,MASTER
P00252,7891000000252,MOCA TEMPEROS 100G,MOCA,NESTLE,CULINARIOS,TEMPEROS,100,G,Y,2024-04-17,9999-12-31,MASTER
P00253,7891000000253,GAROTO CAFE 250ML,GAROTO,NESTLE,BEBIDAS,CAFE,250,ML,Y,2024-05-13,9999-12-31,MASTER
P00254,7891000000254,GAROTO CEREAIS 200G,GAROTO,NESTLE,NUTRICAO,CEREAIS,200,G,Y,2025-02-26,9999-12-31,MASTER
P00255,7891000000255,ninho temperos 100g  ,NINHO,NESTLE,CULINARIOS,TEMPEROS,100,G,Y,2024-06-25,9999-12-31,MASTER
P00256,7891000000256,NESCAFE CAFE 100G,NESCAFE,NESTLE,BEBIDAS,CAFE,100,G,Y,2024-11-26,9999-12-31,MASTER
P00257,7891000000257,KITKAT CEREAIS 1KG,KITKAT,NESTLE,NUTRICAO,CEREAIS,1,KG,Y,2024-11-23,9999-12-31,MASTER
P00258,7891000000258,NESCAFE LEITE EM PO 500G,NESCAFE,NESTLE,LACTEOS,LEITE EM PO,500,G,Y,2024-10-22,9999-12-31,MASTER
P00259,7891000000259,MOCA CEREAIS 1L,MOCA,NESTLE,NUTRICAO,CEREAIS,1,L,Y,2025-03-16,9999-12-31,MASTER
P00260,7891000000260,MAGGI LEITE EM PO 1L,MAGGI,NESTLE,LACTEOS,LEITE EM PO,1,L,Y,2025-04-07,9999-12-31,MASTER
P00261,7891000000261,moca leite em po 500g  ,MOCA,NESTLE,LACTEOS,LEITE EM PO,500,G,Y,2024-01-06,9999-12-31,MASTER
P00262,7891000000262,NINHO TEMPEROS 200G,NINHO,NESTLE,CULINARIOS,TEMPEROS,200,G,Y,2024-07-29,9999-12-31,MASTER
P00263,7891000000263,NINHO CEREAIS 250ML,NINHO,NESTLE,NUTRICAO,CEREAIS,250,ML,Y,2024-09-07,9999-12-31,MASTER
P00264,7891000000264,NINHO CAFE 100G,NINHO,NESTLE,BEBIDAS,CAFE,100,G,Y,2025-02-04,9999-12-31,MASTER
P00265,7891000000265,MAGGI TABLETES 500G,MAGGI,NESTLE,CHOCOLATES,TABLETES,500,G,Y,2025-05-03,9999-12-31,MASTER
P00266,7891000000266,MAGGI CEREAIS 1L,MAGGI,NESTLE,NUTRICAO,CEREAIS,1,L,Y,2024-04-13,9999-12-31,MASTER
P00267,7891000000267,NESCAFE CAFE 1L,NESCAFE,NESTLE,BEBIDAS,CAFE,1,L,Y,2024-02-10,9999-12-31,MASTER
P00268,7891000000268,GAROTO TABLETES 500G,GAROTO,NESTLE,CHOCOLATES,TABLETES,500,G,Y,2025-05-06,9999-12-31,MASTER
P00269,7891000000269,MAGGI LEITE EM PO 1L,MAGGI,NESTLE,LACTEOS,LEITE EM PO,1,L,Y,2024-03-24,9999-12-31,MASTER
P00270,7891000000270,NINHO TABLETES 200G,NINHO,NESTLE,CHOCOLATES,TABLETES,200,G,Y,2024-09-13,9999-12-31,MASTER
P00271,7891000000271,KITKAT TABLETES 200G,KITKAT,NESTLE,CHOCOLATES,TABLETES,200,G,Y,2024-11-23,9999-12-31,MASTER
P00272,7891000000272,MAGGI LEITE EM PO 100G,MAGGI,NESTLE,LACTEOS,LEITE EM PO,100,G,Y,2024-10-05,9999-12-31,MASTER
P00273,7891000000273,KITKAT LEITE EM PO 1L,KITKAT,NESTLE,LACTEOS,LEITE EM PO,1,L,Y,2025-04-01,9999-12-31,MASTER
P00274,7891000000274,GAROTO TEMPEROS 1KG,GAROTO,NESTLE,CULINARIOS,TEMPEROS,1,KG,Y,2024-05-12,9999-12-31,MASTER
P00275,7891000000275,NESQUIK CAFE 200G,NESQUIK,NESTLE,BEBIDAS,CAFE,200,G,Y,2024-09-04,9999-12-31,MASTER
P00276,7891000000276,KITKAT CEREAIS 100G,KITKAT,NESTLE,NUTRICAO,CEREAIS,100,G,Y,2025-05-10,9999-12-31,MASTER
P00277,7891000000277,NESQUIK CEREAIS 250ML,NESQUIK,NESTLE,NUTRICAO,CEREAIS,250,ML,Y,2024-09-18,9999-12-31,MASTER
P00278,7891000000278,MAGGI CEREAIS 1L,MAGGI,NESTLE,NUTRICAO,CEREAIS,1,L,Y,2024-12-15,9999-12-31,MASTER
P00279,7891000000279,GAROTO LEITE EM PO 200G,GAROTO,NESTLE,LACTEOS,LEITE EM PO,200,G,Y,2024-05-13,9999-12-31,MASTER
P00280,7891000000280,MAGGI TABLETES 500G,MAGGI,NESTLE,CHOCOLATES,TABLETES,500,G,Y,2024-02-26,9999-12-31,MASTER
P00281,7891000000281,NESQUIK TABLETES 1KG,NESQUIK,NESTLE,CHOCOLATES,TABLETES,1,KG,Y,2025-02-22,9999-12-31,MASTER
P00282,7891000000282,MOCA TABLETES 1L,MOCA,NESTLE,CHOCOLATES,TABLETES,1,L,Y,2025-02-19,9999-12-31,MASTER
P00283,7891000000283,NINHO LEITE EM PO 200G,NINHO,NESTLE,LACTEO,LEITE EM PO,200,G,Y,2024-05-31,9999-12-31,MASTER
P00284,891000000284,NINHO CAFE 200G,NINHO,NESTLE,BEBIDAS,CAFE,200,G,Y,2025-05-06,9999-12-31,MASTER
P00285,7891000000285,NESCAFE TABLETES 1KG,NESCAFE,NESTLE,CHOCOLATES,TABLETES,1,KG,Y,2024-01-02,9999-12-31,MASTER
P00286,891000000286,MAGGI CAFE 1L,MAGGI,NESTLE,BEBIDAS,CAFE,1,L,Y,2025-04-19,9999-12-31,MASTER
P00287,7891000000287,MOCA LEITE EM PO 200G,MOCA,NESTLE,LACTEOS,LEITE EM PO,200,G,Y,2024-01-08,9999-12-31,MASTER
P00288,7891000000288,MOCA LEITE EM PO 200G,MOCA,NESTLE,LACTEOS,LEITE EM PO,200,G,Y,2024-06-24,9999-12-31,MASTER
P00289,7891000000289,MOCA LEITE EM PO 250ML,MOCA,NESTLE,LACTEOS,LEITE EM PO,250,ML,Y,2024-06-09,9999-12-31,MASTER
P00290,7891000000290,NINHO TABLETES 250ML,NINHO,NESTLE,CHOCOLATES,TABLETES,250,ML,Y,2025-01-26,9999-12-31,MASTER
P00291,7891000000291,NESCAFE CEREAIS 1KG,NESCAFE,NESTLE,NUTRICAO,CEREAIS,1,KG,Y,2024-01-17,9999-12-31,MASTER
P00292,7891000000292,NESCAFE CEREAIS 200G,NESCAFE,NESTLE,NUTRICAO,CEREAIS,200,G,Y,2025-02-27,9999-12-31,MASTER
P00293,7891000000293,MAGGI CAFE 200G,MAGGI,NESTLE,BEBIDAS,CAFE,200,G,Y,2024-06-15,9999-12-31,MASTER
P00294,7891000000294,KITKAT TABLETES 1KG,KITKAT,NESTLE,CHOCOLATES,TABLETES,1,KG,Y,2025-02-24,9999-12-31,MASTER
P00295,7891000000295,NESCAFE CEREAIS 100G,NESCAFE,NESTLE,NUTRICAO,CEREAIS,100,G,Y,2025-05-04,9999-12-31,MASTER
P00296,7891000000296,NESQUIK CAFE 100G,NESQUIK,NESTLE,BEBIDAS,CAFE,100,G,Y,2024-02-04,9999-12-31,MASTER
P00297,7891000000297,MAGGI TEMPEROS 200G,MAGGI,NESTLE,CULINARIOS,TEMPEROS,200,G,Y,2024-04-22,9999-12-31,MASTER
P00298,7891000000298,NESCAFE TABLETES 1L,NESCAFE,NESTLE,CHOCOLATES,TABLETES,1,L,Y,2024-01-08,9999-12-31,MASTER
P00299,7891000000299,NINHO CEREAIS 200G,NINHO,NESTLE,NUTRICAO,CEREAIS,200,G,Y,2024-12-02,9999-12-31,MASTER
P00300,7891000000300,NESQUIK LEITE EM PO 200G,NESQUIK,NESTLE,LACTEOS,LEITE EM PO,200,G,Y,2024-02-18,9999-12-31,MASTER
P00301,7891000000301,NINHO TEMPEROS 100G,NINHO,NESTLE,CULINARIOS,TEMPEROS,100,G,Y,2024-08-15,9999-12-31,MASTER
P00302,7891000000302,MAGGI TEMPEROS 200G,MAGGI,NESTLE,CULINARIOS,TEMPEROS,200,G,Y,2024-11-06,9999-12-31,MASTER
P00303,7891000000303,GAROTO TEMPEROS 250ML,GAROTO,NESTLE,CULINARIOS,TEMPEROS,250,ML,Y,2024-09-22,9999-12-31,MASTER
P00304,7891000000304,MOCA LEITE EM PO 250ML,MOCA,NESTLE,LACTEOS,LEITE EM PO,250,ML,Y,2024-01-29,9999-12-31,MASTER
P00305,7891000000305,KITKAT CEREAIS 1KG,KITKAT,NESTLE,NUTRICAO,CEREAIS,1,KG,Y,2024-09-22,9999-12-31,MASTER
P00306,7891000000306,GAROTO CEREAIS 100G,GAROTO,NESTLE,NUTRICAO,CEREAIS,100,G,Y,2024-10-22,9999-12-31,MASTER
P00307,7891000000307,NINHO LEITE EM PO 1KG,NINHO,NESTLE,LACTEOS,LEITE EM PO,1,KG,Y,2025-04-18,9999-12-31,MASTER
P00308,7891000000308,MOCA TABLETES 100G,MOCA,NESTLE,CHOCOLATES,TABLETES,100,G,Y,2025-03-20,9999-12-31,MASTER
P00309,7891000000309,NINHO LEITE EM PO 100G,NINHO,NESTLE,LACTEOS,LEITE EM PO,100,G,Y,2024-10-16,9999-12-31,MASTER
P00310,7891000000310,KITKAT CAFE 100G,KITKAT,NESTLE,BEBIDAS,CAFE,100,G,Y,2024-10-26,9999-12-31,MASTER
P00311,7891000000311,MAGGI TABLETES 1L,MAGGI,NESTLE,CHOCOLATES,TABLETES,1,L,Y,2024-03-08,9999-12-31,MASTER
P00312,7891000000312,NESQUIK TABLETES 1KG,NESQUIK,NESTLE,CHOCOLATES,TABLETES,1,KG,Y,2024-10-06,9999-12-31,MASTER
P00313,7891000000313,MOCA LEITE EM PO 1KG,MOCA,NESTLE,LACTEOS,LEITE EM PO,1,KG,Y,2024-05-22,9999-12-31,MASTER
P00314,7891000000314,NINHO CEREAIS 100G,NINHO,NESTLE,NUTRICAO,CEREAIS,100,G,Y,2024-02-24,9999-12-31,MASTER
P00315,7891000000315,NESCAFE LEITE EM PO 1L,NESCAFE,NESTLE,LACTEOS,LEITE EM PO,1,L,Y,2024-07-15,9999-12-31,MASTER
P00316,7891000000316,NESQUIK TABLETES 100G,NESQUIK,NESTLE,CHOCOLATES,TABLETES,100,G,Y,2024-08-28,9999-12-31,MASTER
P00317,7891000000317,NESCAFE TEMPEROS 500G,NESCAFE,NESTLE,CULINARIOS,TEMPEROS,500,G,Y,2024-11-06,9999-12-31,MASTER
P00318,7891000000318,NESQUIK TEMPEROS 500G,NESQUIK,NESTLE,CULINARIOS,TEMPEROS,500,G,Y,2024-01-21,9999-12-31,MASTER
P00319,7891000000319,NESCAFE TEMPEROS 1L,NESCAFE,NESTLE,CULINARIOS,TEMPEROS,1,L,Y,2024-02-25,9999-12-31,MASTER
P00320,7891000000320,GAROTO CAFE 200G,GAROTO,NESTLE,BEBIDAS,CAFE,200,G,Y,2024-02-28,9999-12-31,MASTER
P00321,7891000000321,MOCA TEMPEROS 100G,MOCA,NESTLE,CULINARIOS,TEMPEROS,100,G,Y,2025-05-02,9999-12-31,MASTER
P00322,7891000000322,MAGGI CEREAIS 100G,MAGGI,NESTLE,NUTRICAO,CEREAIS,100,G,Y,2024-10-18,9999-12-31,MASTER
P00323,7891000000323,ninho cereais 1l  ,NINHO,NESTLE,NUTRICAO,CEREAIS,1,L,Y,2024-08-24,9999-12-31,MASTER
P00324,7891000000324,KITKAT TABLETES 200G,KITKAT,NESTLE,CHOCOLATES,TABLETES,200,G,Y,2024-07-20,9999-12-31,MASTER
P00325,7891000000325,NINHO TABLETES 500G,NINHO,NESTLE,CHOCOLATES,TABLETES,500,G,Y,2025-03-07,9999-12-31,MASTER
P00326,7891000000326,MOCA CEREAIS 200G,MOCA,NESTLE,NUTRICAO,CEREAIS,200,G,Y,2024-04-07,9999-12-31,MASTER
P00327,7891000000327,NESCAFE LEITE EM PO 500G,NESCAFE,NESTLE,LACTEOS,LEITE EM PO,500,G,Y,2024-03-13,9999-12-31,MASTER
P00328,7891000000328,NESQUIK CAFE 250ML,NESQUIK,NESTLE,BEBIDAS,CAFE,250,ML,Y,2025-04-21,9999-12-31,MASTER
P00329,7891000000329,NESQUIK LEITE EM PO 500G,NESQUIK,NESTLE,LACTEOS,LEITE EM PO,500,G,Y,2025-02-11,9999-12-31,MASTER
P00330,7891000000330,KITKAT CEREAIS 250ML,KITKAT,NESTLE,NUTRICAO,CEREAIS,250,ML,Y,2025-04-03,9999-12-31,MASTER
P00331,7891000000331,MOCA CAFE 500G,MOCA,NESTLE,BEBIDAS,CAFE,500,G,Y,2024-12-25,9999-12-31,MASTER
P00332,7891000000332,MOCA LEITE EM PO 500G,MOCA,NESTLE,LACTEOS,LEITE EM PO,500,G,Y,2025-02-18,9999-12-31,MASTER
P00333,7891000000333,moca cafe 100g  ,MOCA,NESTLE,BEBIDAS,CAFE,100,G,Y,2024-09-15,9999-12-31,MASTER
P00334,7891000000334,MAGGI TEMPEROS 100G,MAGGI,NESTLE,CHOCOLATE,TEMPEROS,100,G,Y,2024-04-07,9999-12-31,MASTER
P00335,7891000000335,MOCA LEITE EM PO 500G,MOCA,NESTLE,LACTEOS,LEITE EM PO,500,G,Y,2024-01-01,9999-12-31,MASTER
P00336,7891000000336,GAROTO CAFE 250ML,GAROTO,NESTLE,BEBIDAS,CAFE,250,ML,Y,2024-08-06,9999-12-31,MASTER
P00337,7891000000337,MOCA CEREAIS 100G,MOCA,NESTLE,NUTRICAO,CEREAIS,100,G,Y,2025-05-15,9999-12-31,MASTER
P00338,7891000000338,NINHO TEMPEROS 1L,NINHO,NESTLE,CULINARIOS,TEMPEROS,1,L,Y,2024-08-06,9999-12-31,MASTER
P00339,7891000000339,nescafe temperos 1kg  ,NESCAFE,NESTLE,CULINARIOS,TEMPEROS,1,KG,Y,2024-11-25,9999-12-31,MASTER
P00340,7891000000340,NESCAFE LEITE EM PO 250ML,NESCAFE,NESTLE,LACTEOS,LEITE EM PO,250,ML,Y,2024-02-03,9999-12-31,MASTER
P00341,7891000000341,MOCA LEITE EM PO 200G,MOCA,NESTLE,LACTEOS,LEITE EM PO,200,G,Y,2025-01-29,9999-12-31,MASTER
P00342,7891000000342,NINHO CEREAIS 1L,NINHO,NESTLE,NUTRICAO,CEREAIS,1,L,Y,2024-06-15,9999-12-31,MASTER
P00343,7891000000343,NESQUIK CAFE 1L,NESQUIK,NESTLE,BEBIDAS,CAFE,1,L,Y,2024-04-02,9999-12-31,MASTER
P00344,7891000000344,MOCA TEMPEROS 200G,MOCA,NESTLE,CULINARIOS,TEMPEROS,200,G,Y,2024-02-13,9999-12-31,MASTER
P00345,7891000000345,KITKAT CAFE 100G,KITKAT,NESTLE,BEBIDAS,CAFE,100,G,Y,2024-03-30,9999-12-31,MASTER
P00346,7891000000346,MAGGI CEREAIS 200G,MAGGI,NESTLE,NUTRICAO,CEREAIS,200,G,Y,2024-04-13,9999-12-31,MASTER
P00347,7891000000347,MOCA CEREAIS 250ML,MOCA,NESTLE,NUTRICAO,CEREAIS,250,ML,Y,2024-09-13,9999-12-31,MASTER
P00348,7891000000348,MOCA TABLETES 1KG,MOCA,NESTLE,CHOCOLATES,TABLETES,1,KG,Y,2024-08-03,9999-12-31,MASTER
P00349,7891000000349,GAROTO CAFE 500G,GAROTO,NESTLE,BEBIDAS,CAFE,500,G,Y,2024-07-30,9999-12-31,MASTER
P00350,7891000000350,MAGGI CEREAIS 1KG,MAGGI,NESTLE,NUTRICAO,CEREAIS,1,KG,Y,2024-01-12,9999-12-31,MASTER
P00351,7891000000351,NINHO LEITE EM PO 200G,NINHO,NESTLE,LACTEOS,LEITE EM PO,200,G,Y,2025-01-22,9999-12-31,MASTER
P00352,7891000000352,kitkat tabletes 1l  ,KITKAT,NESTLE,CHOCOLATES,TABLETES,1,L,Y,2024-11-23,9999-12-31,MASTER
P00353,7891000000353,MOCA CAFE 200G,MOCA,NESTLE,BEBIDAS,CAFE,200,G,Y,2025-01-25,9999-12-31,MASTER
P00354,7891000000354,GAROTO LEITE EM PO 250ML,GAROTO,NESTLE,CHOCOLATE,LEITE EM PO,250,ML,Y,2024-08-26,9999-12-31,MASTER
P00355,7891000000355,maggi cafe 1l  ,MAGGI,NESTLE,BEBIDAS,CAFE,1,L,Y,2025-03-23,9999-12-31,MASTER
P00356,7891000000356,NINHO TEMPEROS 250ML,NINHO,NESTLE,CULINARIOS,TEMPEROS,250,ML,Y,2024-06-03,9999-12-31,MASTER
P00357,7891000000357,NESCAFE TABLETES 500G,NESCAFE,NESTLE,CHOCOLATES,TABLETES,500,G,Y,2024-02-02,9999-12-31,MASTER
P00358,7891000000358,GAROTO TEMPEROS 250ML,GAROTO,NESTLE,CULINARIOS,TEMPEROS,250,ML,Y,2024-06-24,9999-12-31,MASTER
P00359,7891000000359,NESQUIK CEREAIS 100G,NESQUIK,NESTLE,,CEREAIS,100,G,Y,2024-07-03,9999-12-31,MASTER
P00360,7891000000360,NESCAFE TABLETES 1L,NESCAFE,NESTLE,CHOCOLATES,TABLETES,1,L,Y,2024-04-10,9999-12-31,MASTER
P00361,7891000000361,NESCAFE TABLETES 1L,NESCAFE,NESTLE,CHOCOLATES,TABLETES,1,L,Y,2025-01-16,9999-12-31,MASTER
P00362,7891000000362,MOCA CEREAIS 500G,MOCA,NESTLE,NUTRICAO,CEREAIS,500,G,Y,2024-10-22,9999-12-31,MASTER
P00363,7891000000363,MAGGI LEITE EM PO 100G,MAGGI,NESTLE,LACTEOS,LEITE EM PO,100,G,Y,2024-07-21,9999-12-31,MASTER
P00364,7891000000364,NESCAFE TABLETES 250ML,NESCAFE,NESTLE,CHOCOLATES,TABLETES,250,ML,Y,2024-05-24,9999-12-31,MASTER
P00365,7891000000365,MOCA CEREAIS 250ML,MOCA,NESTLE,NUTRICAO,CEREAIS,250,ML,Y,2025-04-11,9999-12-31,MASTER
P00366,7891000000366,ninho cafe 1kg  ,NINHO,NESTLE,BEBIDAS,CAFE,1,KG,Y,2024-03-01,9999-12-31,MASTER
P00367,7891000000367,MAGGI CAFE 250ML,MAGGI,NESTLE,BEBIDAS,CAFE,250,ML,Y,2024-11-14,9999-12-31,MASTER
P00368,7891000000368,KITKAT TEMPEROS 1L,KITKAT,NESTLE,CULINARIOS,TEMPEROS,1,L,Y,2025-05-12,9999-12-31,MASTER
P00369,7891000000369,NESQUIK LEITE EM PO 250ML,NESQUIK,NESTLE,LACTEOS,LEITE EM PO,250,ML,Y,2025-04-13,9999-12-31,MASTER
P00370,7891000000370,KITKAT TABLETES 500G,KITKAT,NESTLE,CHOCOLATES,TABLETES,500,G,Y,2024-08-03,9999-12-31,MASTER
P00371,7891000000371,ninho tabletes 1kg  ,NINHO,NESTLE,CHOCOLATES,TABLETES,1,KG,Y,2025-03-31,9999-12-31,MASTER
P00372,7891000000372,NINHO TEMPEROS 1KG,NINHO,NESTLE,CULINARIOS,TEMPEROS,1,KG,Y,2024-04-10,9999-12-31,MASTER
P00373,7891000000373,nesquik cereais 100g  ,NESQUIK,NESTLE,NUTRICAO,CEREAIS,100,G,Y,2024-01-09,9999-12-31,MASTER
P00374,7891000000374,MOCA CAFE 500G,MOCA,NESTLE,BEBIDAS,CAFE,500,G,Y,2024-12-25,9999-12-31,MASTER
P00375,7891000000375,KITKAT LEITE EM PO 500G,KITKAT,NESTLE,LACTEOS,LEITE EM PO,500,G,Y,2025-05-12,9999-12-31,MASTER
P00376,7891000000376,MOCA LEITE EM PO 200G,MOCA,NESTLE,LACTEOS,LEITE EM PO,200,G,Y,2025-01-23,9999-12-31,MASTER
P00377,7891000000377,NINHO TABLETES 1L,NINHO,NESTLE,CHOCOLATES,TABLETES,1,L,Y,2024-05-15,9999-12-31,MASTER
P00378,7891000000378,NESQUIK CAFE 1KG,NESQUIK,NESTLE,BEBIDAS,CAFE,1,KG,Y,2024-06-22,9999-12-31,MASTER
P00379,7891000000379,NESQUIK CEREAIS 200G,NESQUIK,NESTLE,NUTRICAO,CEREAIS,200,G,Y,2025-01-22,9999-12-31,MASTER
P00380,7891000000380,NESQUIK TABLETES 200G,NESQUIK,NESTLE,CHOCOLATES,TABLETES,200,G,Y,2025-01-06,9999-12-31,MASTER
P00381,7891000000381,MAGGI CAFE 250ML,MAGGI,NESTLE,BEBIDAS,CAFE,250,ML,Y,2025-02-02,9999-12-31,MASTER
P00382,7891000000382,NESQUIK LEITE EM PO 250ML,NESQUIK,NESTLE,LACTEOS,LEITE EM PO,250,ML,Y,2025-04-09,9999-12-31,MASTER
P00383,7891000000383,NESQUIK TEMPEROS 250ML,NESQUIK,NESTLE,CULINARIOS,TEMPEROS,250,ML,Y,2024-10-20,9999-12-31,MASTER
P00384,7891000000384,MAGGI TEMPEROS 1KG,MAGGI,NESTLE,CULINARIOS,TEMPEROS,1,KG,Y,2024-10-01,9999-12-31,MASTER
P00385,7891000000385,NESQUIK TABLETES 200G,NESQUIK,NESTLE,CHOCOLATES,TABLETES,200,G,Y,2024-07-21,9999-12-31,MASTER
P00386,7891000000386,NINHO TEMPEROS 1L,NINHO,NESTLE,CULINARIOS,TEMPEROS,1,L,Y,2024-09-30,9999-12-31,MASTER
P00387,7891000000387,GAROTO TABLETES 500G,GAROTO,NESTLE,CHOCOLATES,TABLETES,500,G,Y,2025-04-20,9999-12-31,MASTER
P00388,7891000000388,MAGGI CAFE 1L,MAGGI,NESTLE,BEBIDAS,CAFE,1,L,Y,2024-06-09,9999-12-31,MASTER
P00389,7891000000389,NINHO CEREAIS 200G,NINHO,NESTLE,NUTRICAO,CEREAIS,200,G,Y,2025-02-24,9999-12-31,MASTER
P00390,7891000000390,KITKAT LEITE EM PO 500G,KITKAT,NESTLE,LACTEOS,LEITE EM PO,500,G,Y,2024-07-27,9999-12-31,MASTER
P00391,7891000000391,NESCAFE TABLETES 250ML,NESCAFE,NESTLE,CHOCOLATES,TABLETES,250,ML,Y,2024-11-03,9999-12-31,MASTER
P00392,7891000000392,nesquik tabletes 500g  ,NESQUIK,NESTLE,CHOCOLATES,TABLETES,500,G,Y,2024-10-27,9999-12-31,MASTER
P00393,7891000000393,GAROTO CAFE 1KG,GAROTO,NESTLE,BEBIDAS,CAFE,1,KG,Y,2025-01-23,9999-12-31,MASTER
P00394,7891000000394,NINHO TABLETES 250ML,NINHO,NESTLE,CHOCOLATES,TABLETES,250,ML,Y,2024-09-21,9999-12-31,MASTER
P00395,7891000000395,MAGGI LEITE EM PO 200G,MAGGI,NESTLE,LACTEOS,LEITE EM PO,200,G,Y,2025-03-30,9999-12-31,MASTER
P00396,7891000000396,MAGGI TEMPEROS 250ML,MAGGI,NESTLE,CULINARIOS,TEMPEROS,250,ML,Y,2025-03-23,9999-12-31,MASTER
P00397,7891000000397,NESQUIK CEREAIS 1KG,NESQUIK,NESTLE,NUTRICAO,CEREAIS,1,KG,Y,2025-04-02,9999-12-31,MASTER
P00398,7891000000398,NINHO LEITE EM PO 200G,NINHO,NESTLE,LACTEOS,LEITE EM PO,200,G,Y,2025-03-11,9999-12-31,MASTER
P00399,7891000000399,MOCA CEREAIS 1L,MOCA,NESTLE,NUTRICAO,CEREAIS,1,L,Y,2024-01-14,9999-12-31,MASTER
P00400,7891000000400,NINHO LEITE EM PO 250ML,NINHO,NESTLE,LACTEOS,LEITE EM PO,250,ML,Y,2025-01-01,9999-12-31,MASTER
P00401,7891000000401,moca temperos 100g  ,MOCA,NESTLE,CULINARIOS,TEMPEROS,100,G,Y,2025-01-25,9999-12-31,MASTER
P00402,7891000000402,NESQUIK LEITE EM PO 500G,NESQUIK,NESTLE,LACTEOS,LEITE EM PO,500,G,Y,2024-03-10,9999-12-31,MASTER
P00403,7891000000403,MAGGI TABLETES 500G,MAGGI,NESTLE,CHOCOLATES,TABLETES,500,G,Y,2024-11-03,9999-12-31,MASTER
P00404,7891000000404,NINHO TEMPEROS 200G,NINHO,NESTLE,CULINARIOS,TEMPEROS,200,G,Y,2024-09-13,9999-12-31,MASTER
P00405,7891000000405,NESQUIK LEITE EM PO 200G,NESQUIK,NESTLE,LACTEOS,LEITE EM PO,200,G,Y,2024-11-14,9999-12-31,MASTER
P00406,7891000000406,NESCAFE TABLETES 1KG,NESCAFE,NESTLE,CHOCOLATES,TABLETES,1,KG,Y,2025-01-02,9999-12-31,MASTER
P00407,7891000000407,NESCAFE CAFE 1L,NESCAFE,NESTLE,BEBIDAS,CAFE,1,L,Y,2024-07-26,9999-12-31,MASTER
P00408,7891000000408,NESQUIK CEREAIS 500G,NESQUIK,NESTLE,NUTRICAO,CEREAIS,500,G,Y,2024-05-14,9999-12-31,MASTER
P00409,7891000000409,NINHO CAFE 1L,NINHO,NESTLE,BEBIDAS,CAFE,1,L,Y,2024-02-11,9999-12-31,MASTER
P00410,7891000000410,NINHO CEREAIS 200G,NINHO,NESTLE,NUTRICAO,CEREAIS,200,G,Y,2024-06-26,9999-12-31,MASTER
P00411,7891000000411,KITKAT TABLETES 500G,KITKAT,NESTLE,CHOCOLATES,TABLETES,500,G,Y,2024-08-06,9999-12-31,MASTER
P00412,7891000000412,NESQUIK TEMPEROS 1KG,NESQUIK,NESTLE,CULINARIOS,TEMPEROS,1,KG,Y,2024-09-23,9999-12-31,MASTER
P00413,7891000000413,NESQUIK CEREAIS 200G,NESQUIK,NESTLE,NUTRICAO,CEREAIS,200,G,Y,2024-11-28,9999-12-31,MASTER
P00414,7891000000414,moca cereais 1l  ,MOCA,NESTLE,NUTRICAO,CEREAIS,1,L,Y,2024-09-01,9999-12-31,MASTER
P00415,7891000000415,MOCA TABLETES 200G,MOCA,NESTLE,CHOCOLATES,TABLETES,200,G,Y,2024-01-24,9999-12-31,MASTER
P00416,7891000000416,NESCAFE CAFE 1KG,NESCAFE,NESTLE,BEBIDAS,CAFE,1,KG,Y,2024-02-01,9999-12-31,MASTER
P00417,7891000000417,KITKAT LEITE EM PO 1L,KITKAT,NESTLE,LACTEOS,LEITE EM PO,1,L,Y,2024-06-24,9999-12-31,MASTER
P00418,7891000000418,MAGGI LEITE EM PO 100G,MAGGI,NESTLE,LACTEOS,LEITE EM PO,100,G,Y,2024-09-05,9999-12-31,MASTER
P00419,7891000000419,KITKAT TEMPEROS 200G,KITKAT,NESTLE,CULINARIOS,TEMPEROS,200,G,Y,2024-04-30,9999-12-31,MASTER
P00420,7891000000420,MOCA LEITE EM PO 100G,MOCA,NESTLE,LACTEOS,LEITE EM PO,100,G,Y,2024-07-01,9999-12-31,MASTER
P00421,7891000000421,ALPHA TABLETES 250ML,ALPHA,FAB_ALPHA,CHOCOLATES,TABLETES,250,ML,N,2024-12-16,9999-12-31,MASTER
P00422,7891000000422,NOVA CAFE 100G,NOVA,FAB_NOVA,BEBIDAS,CAFE,100,G,N,2024-07-12,9999-12-31,MASTER
P00423,7891000000423,NOVA TEMPEROS 1L,NOVA,FAB_NOVA,CULINARIOS,TEMPEROS,1,L,N,2025-03-10,9999-12-31,MASTER
P00424,7891000000424,BETA LEITE EM PO 200G,BETA,FAB_BETA,LACTEOS,LEITE EM PO,200,G,N,2024-08-16,9999-12-31,MASTER
P00425,7891000000425,SOLAR CAFE 100G,SOLAR,FAB_SOLAR,BEBIDAS,CAFE,100,G,N,2025-03-01,9999-12-31,MASTER
P00426,7891000000426,PRIME TEMPEROS 200G,PRIME,FAB_PRIME,CULINARIOS,TEMPEROS,200,G,N,2025-02-03,9999-12-31,MASTER
P00427,7891000000427,VIVA LEITE EM PO 250ML,VIVA,FAB_VIVA,LACTEOS,LEITE EM PO,250,ML,N,2025-04-26,9999-12-31,MASTER
P00428,7891000000428,PRIME CAFE 100G,PRIME,FAB_PRIME,BEBIDAS,CAFE,100,G,N,2024-01-11,9999-12-31,MASTER
P00429,7891000000429,SOLAR TEMPEROS 200G,SOLAR,FAB_SOLAR,CULINARIOS,TEMPEROS,200,G,N,2024-09-20,9999-12-31,MASTER
P00430,7891000000430,DELTA CAFE 200G,DELTA,FAB_DELTA,BEBIDAS,CAFE,200,G,N,2024-06-23,9999-12-31,MASTER
P00431,7891000000431,DELTA CEREAIS 250ML,DELTA,FAB_DELTA,NUTRICAO,CEREAIS,250,ML,N,2025-01-28,9999-12-31,MASTER
P00432,7891000000432,VIVA TABLETES 250ML,VIVA,FAB_VIVA,CHOCOLATES,TABLETES,250,ML,N,2024-03-24,9999-12-31,MASTER
P00433,7891000000433,NOVA TABLETES 100G,NOVA,FAB_NOVA,CHOCOLATES,TABLETES,100,G,N,2024-04-11,9999-12-31,MASTER
P00434,7891000000434,ALPHA LEITE EM PO 200G,ALPHA,FAB_ALPHA,LACTEOS,LEITE EM PO,200,G,N,2024-09-17,9999-12-31,MASTER
P00435,7891000000435,BETA CEREAIS 100G,BETA,FAB_BETA,NUTRICAO,CEREAIS,100,G,N,2024-10-27,9999-12-31,MASTER
P00436,7891000000436,DELTA CEREAIS 500G,DELTA,FAB_DELTA,NUTRICAO,CEREAIS,500,G,N,2025-01-23,9999-12-31,MASTER
P00437,7891000000437,DELTA TABLETES 1KG,DELTA,FAB_DELTA,CHOCOLATES,TABLETES,1,KG,N,2024-08-27,9999-12-31,MASTER
P00438,7891000000438,VIVA LEITE EM PO 100G,VIVA,FAB_VIVA,LACTEOS,LEITE EM PO,100,G,N,2024-12-22,9999-12-31,MASTER
P00439,7891000000439,ALPHA TEMPEROS 100G,ALPHA,FAB_ALPHA,CULINARIOS,TEMPEROS,100,G,N,2024-02-06,9999-12-31,MASTER
P00440,7891000000440,NOVA CEREAIS 200G,NOVA,FAB_NOVA,NUTRICAO,CEREAIS,200,G,N,2024-03-03,9999-12-31,MASTER
P00441,7891000000441,NOVA CAFE 200G,NOVA,FAB_NOVA,BEBIDAS,CAFE,200,G,N,2024-02-22,9999-12-31,MASTER
P00442,7891000000442,VIVA TABLETES 100G,VIVA,FAB_VIVA,CHOCOLATES,TABLETES,100,G,N,2025-05-07,9999-12-31,MASTER
P00443,7891000000443,DELTA CEREAIS 200G,DELTA,FAB_DELTA,NUTRICAO,CEREAIS,200,G,N,2024-04-15,9999-12-31,MASTER
P00444,7891000000444,SOLAR CAFE 500G,SOLAR,FAB_SOLAR,BEBIDAS,CAFE,500,G,N,2025-03-10,9999-12-31,MASTER
P00445,7891000000445,NOVA TABLETES 250ML,NOVA,FAB_NOVA,CHOCOLATES,TABLETES,250,ML,N,2025-05-10,9999-12-31,MASTER
P00446,7891000000446,SOLAR LEITE EM PO 250ML,SOLAR,FAB_SOLAR,LACTEOS,LEITE EM PO,250,ML,N,2024-03-04,9999-12-31,MASTER
P00447,7891000000447,BETA LEITE EM PO 1KG,BETA,FAB_BETA,LACTEOS,LEITE EM PO,1,KG,N,2024-02-08,9999-12-31,MASTER
P00448,7891000000448,DELTA TABLETES 500G,DELTA,FAB_DELTA,CHOCOLATES,TABLETES,500,G,N,2025-02-23,9999-12-31,MASTER
P00449,7891000000449,DELTA TEMPEROS 1L,DELTA,FAB_DELTA,CULINARIOS,TEMPEROS,1,L,N,2024-03-23,9999-12-31,MASTER
P00450,7891000000450,VIVA TEMPEROS 100G,VIVA,FAB_VIVA,CULINARIOS,TEMPEROS,100,G,N,2025-01-22,9999-12-31,MASTER
P00451,7891000000451,beta leite em po 500g  ,BETA,FAB_BETA,LACTEOS,LEITE EM PO,500,G,N,2025-04-09,9999-12-31,MASTER
P00452,7891000000452,PRIME CAFE 200G,PRIME,FAB_PRIME,BEBIDAS,CAFE,200,G,N,2024-08-28,9999-12-31,MASTER
P00453,7891000000453,ALPHA CEREAIS 500G,ALPHA,FAB_ALPHA,BEBIDAS,CEREAIS,500,G,N,2024-11-23,9999-12-31,MASTER
P00454,7891000000454,PRIME LEITE EM PO 500G,PRIME,FAB_PRIME,LACTEOS,LEITE EM PO,500,G,N,2025-02-11,9999-12-31,MASTER
P00455,7891000000455,NOVA CEREAIS 200G,NOVA,FAB_NOVA,NUTRICAO,CEREAIS,200,G,N,2024-09-21,9999-12-31,MASTER
P00456,7891000000456,ALPHA CAFE 500G,ALPHA,FAB_ALPHA,BEBIDAS,CAFE,500,G,N,2025-03-03,9999-12-31,MASTER
P00457,7891000000457,NOVA LEITE EM PO 250ML,NOVA,FAB_NOVA,LACTEOS,LEITE EM PO,250,ML,N,2024-05-28,9999-12-31,MASTER
P00458,7891000000458,BETA TABLETES 200G,BETA,FAB_BETA,CHOCOLATES,TABLETES,200,G,N,2024-04-20,9999-12-31,MASTER
P00459,7891000000459,SOLAR CEREAIS 500G,SOLAR,FAB_SOLAR,NUTRICAO,CEREAIS,500,G,N,2024-07-16,9999-12-31,MASTER
P00460,7891000000460,VIVA CEREAIS 1L,VIVA,FAB_VIVA,NUTRICAO,CEREAIS,1,L,N,2024-07-21,9999-12-31,MASTER
P00461,7891000000461,ALPHA LEITE EM PO 500G,ALPHA,FAB_ALPHA,LACTEOS,LEITE EM PO,500,G,N,2025-05-13,9999-12-31,MASTER
P00462,7891000000462,VIVA CEREAIS 1KG,VIVA,FAB_VIVA,NUTRICAO,CEREAIS,1,KG,N,2025-03-15,9999-12-31,MASTER
P00463,EAN-00000463,NOVA TEMPEROS 1KG,NOVA,FAB_NOVA,CULINARIOS,TEMPEROS,1,KG,N,2024-09-02,9999-12-31,MASTER
P00464,7891000000464,ALPHA TABLETES 100G,ALPHA,FAB_ALPHA,CHOCOLATES,TABLETES,100,G,N,2024-10-07,9999-12-31,MASTER
P00465,7891000000465,PRIME LEITE EM PO 500G,PRIME,FAB_PRIME,LACTEOS,LEITE EM PO,500,G,N,2025-03-09,9999-12-31,MASTER
P00466,7891000000466,BETA CAFE 500G,BETA,FAB_BETA,BEBIDAS,CAFE,500,G,N,2024-12-23,9999-12-31,MASTER
P00467,7891000000467,PRIME LEITE EM PO 250ML,PRIME,FAB_PRIME,LACTEOS,LEITE EM PO,250,ML,N,2024-02-26,9999-12-31,MASTER
P00468,7891000000468,prime temperos 200g  ,PRIME,FAB_PRIME,CULINARIOS,TEMPEROS,200,G,N,2024-06-18,9999-12-31,MASTER
P00469,7891000000469,DELTA CAFE 500G,DELTA,FAB_DELTA,BEBIDAS,CAFE,500,G,N,2024-10-21,9999-12-31,MASTER
P00470,7891000000470,ALPHA TEMPEROS 250ML,ALPHA,FAB_ALPHA,CULINARIOS,TEMPEROS,250,ML,N,2025-01-24,9999-12-31,MASTER
P00471,7891000000471,VIVA TEMPEROS 1L,VIVA,FAB_VIVA,CULINARIOS,TEMPEROS,1,L,N,2024-11-28,9999-12-31,MASTER
P00472,7891000000472,PRIME LEITE EM PO 1KG,PRIME,FAB_PRIME,LACTEOS,LEITE EM PO,1,KG,N,2024-06-26,9999-12-31,MASTER
P00473,7891000000473,ALPHA CAFE 250ML,ALPHA,FAB_ALPHA,BEBIDAS,CAFE,250,ML,N,2024-10-23,9999-12-31,MASTER
P00474,891000000474,delta tabletes 1l  ,DELTA,FAB_DELTA,CHOCOLATES,TABLETES,1,L,N,2024-09-26,9999-12-31,MASTER
P00475,7891000000475,NOVA CEREAIS 500G,NOVA,FAB_NOVA,NUTRICAO,CEREAIS,500,G,N,2024-11-04,9999-12-31,MASTER
P00476,7891000000476,DELTA LEITE EM PO 500G,DELTA,FAB_DELTA,LACTEOS,LEITE EM PO,500,G,N,2024-09-16,9999-12-31,MASTER
P00477,7891000000477,ALPHA CAFE 1KG,ALPHA,FAB_ALPHA,BEBIDAS,CAFE,1,KG,N,2024-10-01,9999-12-31,MASTER
P00478,7891000000478,VIVA LEITE EM PO 1L,VIVA,FAB_VIVA,LACTEOS,LEITE EM PO,1,L,N,2024-03-10,9999-12-31,MASTER
P00479,7891000000479,ALPHA TEMPEROS 250ML,ALPHA,FAB_ALPHA,CULINARIOS,TEMPEROS,250,ML,N,2024-11-21,9999-12-31,MASTER
P00480,7891000000480,VIVA CAFE 200G,VIVA,FAB_VIVA,BEBIDAS,CAFE,200,G,N,2024-03-02,9999-12-31,MASTER
P00481,7891000000481,DELTA CAFE 1KG,DELTA,FAB_DELTA,BEBIDAS,CAFE,1,KG,N,2024-07-16,9999-12-31,MASTER
P00482,7891000000482,BETA TEMPEROS 200G,BETA,FAB_BETA,CULINARIOS,TEMPEROS,200,G,N,2025-01-03,9999-12-31,MASTER
P00483,7891000000483,SOLAR LEITE EM PO 100G,SOLAR,FAB_SOLAR,LACTEOS,LEITE EM PO,100,G,N,2025-02-27,9999-12-31,MASTER
P00484,7891000000484,PRIME TEMPEROS 100G,PRIME,FAB_PRIME,CULINARIOS,TEMPEROS,100,G,N,2025-01-21,9999-12-31,MASTER
P00485,7891000000485,VIVA LEITE EM PO 200G,VIVA,FAB_VIVA,LACTEOS,LEITE EM PO,200,G,N,2025-03-06,9999-12-31,MASTER
P00486,7891000000486,NOVA LEITE EM PO 100G,NOVA,FAB_NOVA,LACTEOS,LEITE EM PO,100,G,N,2024-12-02,9999-12-31,MASTER
P00487,7891000000487,DELTA CAFE 500G,DELTA,FAB_DELTA,BEBIDAS,CAFE,500,G,N,2025-01-07,9999-12-31,MASTER
P00488,7891000000488,SOLAR TEMPEROS 500G,SOLAR,FAB_SOLAR,CULINARIOS,TEMPEROS,500,G,N,2025-01-13,9999-12-31,MASTER
P00489,7891000000489,NOVA LEITE EM PO 1KG,NOVA,FAB_NOVA,LACTEOS,LEITE EM PO,1,KG,N,2024-08-28,9999-12-31,MASTER
P00490,7891000000490,ALPHA CAFE 1KG,ALPHA,FAB_ALPHA,BEBIDAS,CAFE,1,KG,N,2025-04-05,9999-12-31,MASTER
P00491,7891000000491,DELTA TEMPEROS 200G,DELTA,FAB_DELTA,CULINARIOS,TEMPEROS,200,G,N,2024-01-04,9999-12-31,MASTER
P00492,7891000000492,BETA CEREAIS 250ML,BETA,FAB_BETA,NUTRICAO,CEREAIS,250,ML,N,2025-01-10,9999-12-31,MASTER
P00493,891000000493,SOLAR LEITE EM PO 100G,SOLAR,FAB_SOLAR,LACTEOS,LEITE EM PO,100,G,N,2024-11-13,9999-12-31,MASTER
P00494,7891000000494,NOVA TABLETES 200G,NOVA,FAB_NOVA,CHOCOLATES,TABLETES,200,G,N,2024-10-22,9999-12-31,MASTER
P00495,7891000000495,PRIME LEITE EM PO 1L,PRIME,FAB_PRIME,LACTEOS,LEITE EM PO,1,L,N,2025-03-06,9999-12-31,MASTER
P00496,7891000000496,SOLAR TABLETES 100G,SOLAR,FAB_SOLAR,CHOCOLATES,TABLETES,100,G,N,2025-02-02,9999-12-31,MASTER
P00497,7891000000497,NOVA TEMPEROS 100G,NOVA,FAB_NOVA,CULINARIOS,TEMPEROS,100,G,N,2024-10-02,9999-12-31,MASTER
P00498,7891000000498,solar cafe 200g  ,SOLAR,FAB_SOLAR,BEBIDAS,CAFE,200,G,N,2025-01-19,9999-12-31,MASTER
P00499,7891000000499,PRIME LEITE EM PO 1KG,PRIME,FAB_PRIME,LACTEOS,LEITE EM PO,1,KG,N,2024-08-10,9999-12-31,MASTER
P00500,7891000000500,SOLAR LEITE EM PO 1KG,SOLAR,FAB_SOLAR,LACTEOS,LEITE EM PO,1,KG,N,2024-01-18,9999-12-31,MASTER
P00501,7891000000501,ALPHA CEREAIS 100G,ALPHA,FAB_ALPHA,NUTRICAO,CEREAIS,100,G,N,2025-01-05,9999-12-31,MASTER
P00502,7891000000502,PRIME LEITE EM PO 500G,PRIME,FAB_PRIME,LACTEOS,LEITE EM PO,500,G,N,2025-04-18,9999-12-31,MASTER
P00503,7891000000503,NOVA LEITE EM PO 250ML,NOVA,FAB_NOVA,LACTEOS,LEITE EM PO,250,ML,N,2024-07-10,9999-12-31,MASTER
P00504,7891000000504,VIVA TEMPEROS 200G,VIVA,FAB_VIVA,CULINARIOS,TEMPEROS,200,G,N,2024-03-11,9999-12-31,MASTER
P00505,7891000000505,NOVA CAFE 250ML,NOVA,FAB_NOVA,BEBIDAS,CAFE,250,ML,N,2024-01-15,9999-12-31,MASTER
P00506,7891000000506,VIVA CAFE 1KG,VIVA,FAB_VIVA,BEBIDAS,CAFE,1,KG,N,2024-10-29,9999-12-31,MASTER
P00507,7891000000507,PRIME TEMPEROS 200G,PRIME,FAB_PRIME,CULINARIOS,TEMPEROS,200,G,N,2025-01-31,9999-12-31,MASTER
P00508,7891000000508,PRIME CAFE 100G,PRIME,FAB_PRIME,BEBIDAS,CAFE,100,G,N,2025-03-05,9999-12-31,MASTER
P00509,7891000000509,BETA CAFE 500G,BETA,FAB_BETA,BEBIDAS,CAFE,500,G,N,2024-06-19,9999-12-31,MASTER
P00510,7891000000510,VIVA LEITE EM PO 1L,VIVA,FAB_VIVA,LACTEOS,LEITE EM PO,1,L,N,2024-02-27,9999-12-31,MASTER
P00511,7891000000511,BETA TEMPEROS 200G,BETA,FAB_BETA,CULINARIOS,TEMPEROS,200,G,N,2024-02-01,9999-12-31,MASTER
P00512,7891000000512,NOVA CAFE 250ML,NOVA,FAB_NOVA,BEBIDAS,CAFE,250,ML,N,2024-07-23,9999-12-31,MASTER
P00513,891000000513,ALPHA TABLETES 1KG,ALPHA,FAB_ALPHA,CHOCOLATES,TABLETES,1,KG,N,2024-11-07,9999-12-31,MASTER
P00514,7891000000514,BETA CEREAIS 1KG,BETA,FAB_BETA,NUTRICAO,CEREAIS,1,KG,N,2024-02-08,9999-12-31,MASTER
P00515,7891000000515,NOVA TEMPEROS 1KG,NOVA,FAB_NOVA,CULINARIOS,TEMPEROS,1,KG,N,2024-02-10,9999-12-31,MASTER
P00516,7891000000516,SOLAR CAFE 1KG,SOLAR,FAB_SOLAR,BEBIDAS,CAFE,1,KG,N,2025-03-13,9999-12-31,MASTER
P00517,7891000000517,SOLAR TABLETES 250ML,SOLAR,FAB_SOLAR,CHOCOLATES,TABLETES,250,ML,N,2025-01-23,9999-12-31,MASTER
P00518,7891000000518,SOLAR CEREAIS 1L,SOLAR,FAB_SOLAR,NUTRICAO,CEREAIS,1,L,N,2024-10-19,9999-12-31,MASTER
P00519,7891000000519,VIVA TEMPEROS 200G,VIVA,FAB_VIVA,CULINARIOS,TEMPEROS,200,G,N,2025-02-16,9999-12-31,MASTER
P00520,7891000000520,PRIME TEMPEROS 200G,PRIME,FAB_PRIME,CULINARIOS,TEMPEROS,200,G,N,2025-02-05,9999-12-31,MASTER
P00521,7891000000521,DELTA CEREAIS 100G,DELTA,FAB_DELTA,NUTRICAO,CEREAIS,100,G,N,2024-10-19,9999-12-31,MASTER
P00522,7891000000522,PRIME LEITE EM PO 100G,PRIME,FAB_PRIME,LACTEOS,LEITE EM PO,100,G,N,2025-02-22,9999-12-31,MASTER
P00523,7891000000523,prime cafe 500g  ,PRIME,FAB_PRIME,BEBIDAS,CAFE,500,G,N,2024-11-23,9999-12-31,MASTER
P00524,7891000000524,VIVA TABLETES 500G,VIVA,FAB_VIVA,CHOCOLATES,TABLETES,500,G,N,2024-01-08,9999-12-31,MASTER
P00525,7891000000525,BETA TABLETES 1L,BETA,FAB_BETA,CHOCOLATES,TABLETES,1,L,N,2024-10-08,9999-12-31,MASTER
P00526,7891000000526,NOVA LEITE EM PO 100G,NOVA,FAB_NOVA,LACTEOS,LEITE EM PO,100,G,N,2024-06-13,9999-12-31,MASTER
P00527,7891000000527,ALPHA CEREAIS 200G,ALPHA,FAB_ALPHA,NUTRICAO,CEREAIS,200,G,N,2025-02-21,9999-12-31,MASTER
P00528,7891000000528,SOLAR LEITE EM PO 100G,SOLAR,FAB_SOLAR,LACTEOS,LEITE EM PO,100,G,N,2024-09-23,9999-12-31,MASTER
P00529,7891000000529,ALPHA CEREAIS 500G,ALPHA,FAB_ALPHA,NUTRICAO,CEREAIS,500,G,N,2024-08-27,9999-12-31,MASTER
P00530,7891000000530,VIVA LEITE EM PO 1L,VIVA,FAB_VIVA,LACTEOS,LEITE EM PO,1,L,N,2024-06-28,9999-12-31,MASTER
P00531,7891000000531,SOLAR TABLETES 200G,SOLAR,FAB_SOLAR,CHOCOLATES,TABLETES,200,G,N,2024-08-30,9999-12-31,MASTER
P00532,7891000000532,BETA LEITE EM PO 1KG,BETA,FAB_BETA,LACTEOS,LEITE EM PO,1,KG,N,2024-03-10,9999-12-31,MASTER
P00533,7891000000533,SOLAR LEITE EM PO 200G,SOLAR,FAB_SOLAR,LACTEOS,LEITE EM PO,200,G,N,2024-05-01,9999-12-31,MASTER
P00534,7891000000534,VIVA TABLETES 250ML,VIVA,FAB_VIVA,CHOCOLATES,TABLETES,250,ML,N,2024-09-20,9999-12-31,MASTER
P00535,7891000000535,DELTA LEITE EM PO 1KG,DELTA,FAB_DELTA,LACTEOS,LEITE EM PO,1,KG,N,2024-04-07,9999-12-31,MASTER
P00536,7891000000536,SOLAR TEMPEROS 200G,SOLAR,FAB_SOLAR,CULINARIOS,TEMPEROS,200,G,N,2025-04-01,9999-12-31,MASTER
P00537,7891000000537,DELTA LEITE EM PO 500G,DELTA,FAB_DELTA,LACTEOS,LEITE EM PO,500,G,N,2024-04-24,9999-12-31,MASTER
P00538,7891000000538,ALPHA CEREAIS 100G,ALPHA,FAB_ALPHA,NUTRICAO,CEREAIS,100,G,N,2024-03-14,9999-12-31,MASTER
P00539,7891000000539,SOLAR CAFE 1L,SOLAR,FAB_SOLAR,BEBIDAS,CAFE,1,L,N,2024-07-15,9999-12-31,MASTER
P00540,7891000000540,VIVA CEREAIS 200G,VIVA,FAB_VIVA,NUTRICAO,CEREAIS,200,G,N,2024-02-23,9999-12-31,MASTER
P00541,7891000000541,NOVA TEMPEROS 250ML,NOVA,FAB_NOVA,CULINARIOS,TEMPEROS,250,ML,N,2024-01-18,9999-12-31,MASTER
P00542,7891000000542,DELTA CEREAIS 1KG,DELTA,FAB_DELTA,NUTRICAO,CEREAIS,1,KG,N,2024-11-14,9999-12-31,MASTER
P00543,7891000000543,DELTA CAFE 1KG,DELTA,FAB_DELTA,BEBIDAS,CAFE,1,KG,N,2024-05-04,9999-12-31,MASTER
P00544,7891000000544,DELTA TABLETES 500G,DELTA,FAB_DELTA,CHOCOLATES,TABLETES,500,G,N,2024-10-08,9999-12-31,MASTER
P00545,7891000000545,VIVA LEITE EM PO 500G,VIVA,FAB_VIVA,LACTEOS,LEITE EM PO,500,G,N,2024-04-28,9999-12-31,MASTER
P00546,7891000000546,NOVA TABLETES 250ML,NOVA,FAB_NOVA,CHOCOLATES,TABLETES,250,ML,N,2024-07-02,9999-12-31,MASTER
P00547,7891000000547,VIVA CEREAIS 200G,VIVA,FAB_VIVA,NUTRICAO,CEREAIS,200,G,N,2024-07-22,9999-12-31,MASTER
P00548,7891000000548,ALPHA CAFE 500G,ALPHA,FAB_ALPHA,BEBIDAS,CAFE,500,G,N,2024-05-10,9999-12-31,MASTER
P00549,7891000000549,ALPHA TABLETES 250ML,ALPHA,FAB_ALPHA,CHOCOLATES,TABLETES,250,ML,N,2024-10-23,9999-12-31,MASTER
P00550,7891000000550,NOVA CEREAIS 1L,NOVA,FAB_NOVA,NUTRICAO,CEREAIS,1,L,N,2024-11-10,9999-12-31,MASTER
P00551,7891000000551,PRIME CAFE 100G,PRIME,FAB_PRIME,BEBIDAS,CAFE,100,G,N,2024-01-09,9999-12-31,MASTER
P00552,891000000552,DELTA CEREAIS 100G,DELTA,FAB_DELTA,NUTRICAO,CEREAIS,100,G,N,2024-02-15,9999-12-31,MASTER
P00553,7891000000553,SOLAR CEREAIS 250ML,SOLAR,FAB_SOLAR,NUTRICAO,CEREAIS,250,ML,N,2024-08-07,9999-12-31,MASTER
P00554,7891000000554,VIVA CAFE 200G,VIVA,FAB_VIVA,BEBIDAS,CAFE,200,G,N,2024-06-12,9999-12-31,MASTER
P00555,7891000000555,PRIME TABLETES 200G,PRIME,FAB_PRIME,CHOCOLATES,TABLETES,200,G,N,2024-11-04,9999-12-31,MASTER
P00556,7891000000556,SOLAR TEMPEROS 200G,SOLAR,FAB_SOLAR,CULINARIOS,TEMPEROS,200,G,N,2024-03-02,9999-12-31,MASTER
P00557,7891000000557,VIVA TEMPEROS 100G,VIVA,FAB_VIVA,,TEMPEROS,100,G,N,2024-06-19,9999-12-31,MASTER
P00558,7891000000558,PRIME TEMPEROS 100G,PRIME,FAB_PRIME,CULINARIOS,TEMPEROS,100,G,N,2024-07-14,9999-12-31,MASTER
P00559,7891000000559,ALPHA LEITE EM PO 1KG,ALPHA,FAB_ALPHA,LACTEOS,LEITE EM PO,1,KG,N,2025-04-10,9999-12-31,MASTER
P00560,7891000000560,DELTA CAFE 250ML,DELTA,FAB_DELTA,BEBIDAS,CAFE,250,ML,N,2024-10-12,9999-12-31,MASTER
P00561,7891000000561,PRIME LEITE EM PO 1KG,PRIME,FAB_PRIME,LACTEOS,LEITE EM PO,1,KG,N,2024-03-31,9999-12-31,MASTER
P00562,7891000000562,BETA LEITE EM PO 500G,BETA,FAB_BETA,LACTEOS,LEITE EM PO,500,G,N,2024-03-17,9999-12-31,MASTER
P00563,7891000000563,VIVA TEMPEROS 100G,VIVA,FAB_VIVA,CULINARIOS,TEMPEROS,100,G,N,2025-03-29,9999-12-31,MASTER
P00564,7891000000564,SOLAR LEITE EM PO 200G,SOLAR,FAB_SOLAR,LACTEOS,LEITE EM PO,200,G,N,2024-06-14,9999-12-31,MASTER
P00565,EAN-00000565,BETA CEREAIS 100G,BETA,FAB_BETA,NUTRICAO,CEREAIS,100,G,N,2025-02-03,9999-12-31,MASTER
P00566,7891000000566,BETA TABLETES 100G,BETA,FAB_BETA,CHOCOLATES,TABLETES,100,G,N,2024-10-15,9999-12-31,MASTER
P00567,7891000000567,NOVA CAFE 1L,NOVA,FAB_NOVA,BEBIDAS,CAFE,1,L,N,2024-11-25,9999-12-31,MASTER
P00568,7891000000568,VIVA LEITE EM PO 1L,VIVA,FAB_VIVA,LACTEOS,LEITE EM PO,1,L,N,2024-04-13,9999-12-31,MASTER
P00569,7891000000569,ALPHA TEMPEROS 1KG,ALPHA,FAB_ALPHA,CULINARIOS,TEMPEROS,1,KG,N,2025-03-21,9999-12-31,MASTER
P00570,7891000000570,PRIME TEMPEROS 1KG,PRIME,FAB_PRIME,CULINARIOS,TEMPEROS,1,KG,N,2024-11-14,9999-12-31,MASTER
P00571,7891000000571,VIVA CAFE 200G,VIVA,FAB_VIVA,BEBIDAS,CAFE,200,G,N,2025-03-15,9999-12-31,MASTER
P00572,EAN-00000572,DELTA TEMPEROS 500G,DELTA,FAB_DELTA,CULINARIOS,TEMPEROS,500,G,N,2025-04-16,9999-12-31,MASTER
P00573,7891000000573,ALPHA CAFE 250ML,ALPHA,FAB_ALPHA,BEBIDAS,CAFE,250,ML,N,2025-01-14,9999-12-31,MASTER
P00574,7891000000574,NOVA TEMPEROS 250ML,NOVA,FAB_NOVA,CULINARIOS,TEMPEROS,250,ML,N,2024-04-29,9999-12-31,MASTER
P00575,7891000000575,NOVA TABLETES 200G,NOVA,FAB_NOVA,CHOCOLATES,TABLETES,200,G,N,2024-07-27,9999-12-31,MASTER
P00576,7891000000576,BETA CEREAIS 1L,BETA,FAB_BETA,NUTRICAO,CEREAIS,1,L,N,2025-03-19,9999-12-31,MASTER
P00577,7891000000577,SOLAR TEMPEROS 100G,SOLAR,FAB_SOLAR,CULINARIOS,TEMPEROS,100,G,N,2025-03-22,9999-12-31,MASTER
P00578,7891000000578,BETA CEREAIS 200G,BETA,FAB_BETA,NUTRICAO,CEREAIS,200,G,N,2024-03-01,9999-12-31,MASTER
P00579,7891000000579,ALPHA LEITE EM PO 100G,ALPHA,FAB_ALPHA,LACTEOS,LEITE EM PO,100,G,N,2024-09-25,9999-12-31,MASTER
P00580,7891000000580,DELTA LEITE EM PO 250ML,DELTA,FAB_DELTA,LACTEOS,LEITE EM PO,250,ML,N,2024-09-21,9999-12-31,MASTER
P00581,7891000000581,SOLAR TABLETES 250ML,SOLAR,FAB_SOLAR,CHOCOLATES,TABLETES,250,ML,N,2024-05-08,9999-12-31,MASTER
P00582,7891000000582,BETA TEMPEROS 250ML,BETA,FAB_BETA,CULINARIOS,TEMPEROS,250,ML,N,2025-04-20,9999-12-31,MASTER
P00583,7891000000583,ALPHA TEMPEROS 100G,ALPHA,FAB_ALPHA,CULINARIOS,TEMPEROS,100,G,N,2024-03-21,9999-12-31,MASTER
P00584,7891000000584,PRIME LEITE EM PO 500G,PRIME,FAB_PRIME,LACTEOS,LEITE EM PO,500,G,N,2025-04-23,9999-12-31,MASTER
P00585,7891000000585,BETA CEREAIS 1KG,BETA,FAB_BETA,NUTRICAO,CEREAIS,1,KG,N,2024-09-09,9999-12-31,MASTER
P00586,7891000000586,DELTA CEREAIS 200G,DELTA,FAB_DELTA,NUTRICAO,CEREAIS,200,G,N,2025-03-07,9999-12-31,MASTER
P00587,7891000000587,SOLAR LEITE EM PO 500G,SOLAR,FAB_SOLAR,LACTEOS,LEITE EM PO,500,G,N,2025-03-05,9999-12-31,MASTER
P00588,7891000000588,DELTA CAFE 500G,DELTA,FAB_DELTA,BEBIDAS,CAFE,500,G,N,2024-08-07,9999-12-31,MASTER
P00589,7891000000589,DELTA TEMPEROS 1KG,DELTA,FAB_DELTA,CULINARIOS,TEMPEROS,1,KG,N,2024-02-26,9999-12-31,MASTER
P00590,7891000000590,SOLAR TEMPEROS 200G,SOLAR,FAB_SOLAR,CULINARIOS,TEMPEROS,200,G,N,2024-07-28,9999-12-31,MASTER
P00591,7891000000591,SOLAR TEMPEROS 500G,SOLAR,FAB_SOLAR,CULINARIOS,TEMPEROS,500,G,N,2024-11-10,9999-12-31,MASTER
P00592,7891000000592,SOLAR TABLETES 1L,SOLAR,FAB_SOLAR,CHOCOLATES,TABLETES,1,L,N,2024-07-29,9999-12-31,MASTER
P00593,7891000000593,NOVA CEREAIS 100G,NOVA,FAB_NOVA,NUTRICAO,CEREAIS,100,G,N,2024-10-01,9999-12-31,MASTER
P00594,7891000000594,ALPHA LEITE EM PO 1KG,ALPHA,FAB_ALPHA,LACTEOS,LEITE EM PO,1,KG,N,2024-01-02,9999-12-31,MASTER
P00595,7891000000595,VIVA CAFE 250ML,VIVA,FAB_VIVA,BEBIDAS,CAFE,250,ML,N,2024-04-23,9999-12-31,MASTER
P00596,7891000000596,SOLAR CEREAIS 200G,SOLAR,FAB_SOLAR,NUTRICAO,CEREAIS,200,G,N,2024-07-26,9999-12-31,MASTER
P00597,891000000597,ALPHA LEITE EM PO 250ML,ALPHA,FAB_ALPHA,LACTEOS,LEITE EM PO,250,ML,N,2024-04-28,9999-12-31,MASTER
P00598,7891000000598,BETA CEREAIS 100G,BETA,FAB_BETA,NUTRICAO,CEREAIS,100,G,N,2024-07-28,9999-12-31,MASTER
P00599,7891000000599,VIVA TEMPEROS 200G,VIVA,FAB_VIVA,CULINARIOS,TEMPEROS,200,G,N,2025-03-19,9999-12-31,MASTER
P00600,7891000000600,DELTA TEMPEROS 1L,DELTA,FAB_DELTA,CULINARIOS,TEMPEROS,1,L,N,2024-03-28,9999-12-31,MASTER
P00601,7891000000601,ALPHA CAFE 500G,ALPHA,FAB_ALPHA,BEBIDAS,CAFE,500,G,N,2024-11-22,9999-12-31,MASTER
P00602,7891000000602,BETA TABLETES 1KG,BETA,FAB_BETA,CHOCOLATES,TABLETES,1,KG,N,2024-12-15,9999-12-31,MASTER
P00603,7891000000603,ALPHA LEITE EM PO 250ML,ALPHA,FAB_ALPHA,LACTEOS,LEITE EM PO,250,ML,N,2024-10-21,9999-12-31,MASTER
P00604,7891000000604,NOVA TEMPEROS 1L,NOVA,FAB_NOVA,CULINARIOS,TEMPEROS,1,L,N,2025-03-24,9999-12-31,MASTER
P00605,7891000000605,BETA CEREAIS 250ML,BETA,FAB_BETA,NUTRICAO,CEREAIS,250,ML,N,2024-05-14,9999-12-31,MASTER
P00606,EAN-00000606,DELTA LEITE EM PO 250ML,DELTA,FAB_DELTA,LACTEOS,LEITE EM PO,250,ML,N,2024-12-03,9999-12-31,MASTER
P00607,7891000000607,VIVA CEREAIS 250ML,VIVA,FAB_VIVA,NUTRICAO,CEREAIS,250,ML,N,2024-09-03,9999-12-31,MASTER
P00608,7891000000608,ALPHA CEREAIS 100G,ALPHA,FAB_ALPHA,NUTRICAO,CEREAIS,100,G,N,2025-03-20,9999-12-31,MASTER
P00609,7891000000609,DELTA CEREAIS 1L,DELTA,FAB_DELTA,NUTRICAO,CEREAIS,1,L,N,2024-04-11,9999-12-31,MASTER
P00610,7891000000610,SOLAR LEITE EM PO 1KG,SOLAR,FAB_SOLAR,LACTEOS,LEITE EM PO,1,KG,N,2024-04-15,9999-12-31,MASTER
P00611,EAN-00000611,VIVA TABLETES 100G,VIVA,FAB_VIVA,CHOCOLATES,TABLETES,100,G,N,2024-02-29,9999-12-31,MASTER
P00612,7891000000612,BETA CAFE 1L,BETA,FAB_BETA,BEBIDAS,CAFE,1,L,N,2024-10-04,9999-12-31,MASTER
P00613,7891000000613,PRIME TABLETES 200G,PRIME,FAB_PRIME,CHOCOLATES,TABLETES,200,G,N,2025-01-13,9999-12-31,MASTER
P00614,7891000000614,DELTA CEREAIS 200G,DELTA,FAB_DELTA,NUTRICAO,CEREAIS,200,G,N,2025-03-01,9999-12-31,MASTER
P00615,7891000000615,BETA LEITE EM PO 250ML,BETA,FAB_BETA,LACTEOS,LEITE EM PO,250,ML,N,2024-03-12,9999-12-31,MASTER
P00616,7891000000616,NOVA TEMPEROS 250ML,NOVA,FAB_NOVA,CULINARIOS,TEMPEROS,250,ML,N,2024-10-23,9999-12-31,MASTER
P00617,7891000000617,PRIME TEMPEROS 500G,PRIME,FAB_PRIME,CULINARIOS,TEMPEROS,500,G,N,2024-11-28,9999-12-31,MASTER
P00618,7891000000618,VIVA TABLETES 1KG,VIVA,FAB_VIVA,CHOCOLATES,TABLETES,1,KG,N,2025-03-20,9999-12-31,MASTER
P00619,7891000000619,ALPHA CEREAIS 200G,ALPHA,FAB_ALPHA,NUTRICAO,CEREAIS,200,G,N,2025-01-10,9999-12-31,MASTER
P00620,7891000000620,delta temperos 500g  ,DELTA,FAB_DELTA,CULINARIOS,TEMPEROS,500,G,N,2024-03-12,9999-12-31,MASTER
P00621,7891000000621,NOVA TEMPEROS 1KG,NOVA,FAB_NOVA,CULINARIOS,TEMPEROS,1,KG,N,2025-02-07,9999-12-31,MASTER
P00622,7891000000622,SOLAR CAFE 100G,SOLAR,FAB_SOLAR,BEBIDAS,CAFE,100,G,N,2024-09-16,9999-12-31,MASTER
P00623,7891000000623,SOLAR CEREAIS 100G,SOLAR,FAB_SOLAR,NUTRICAO,CEREAIS,100,G,N,2024-10-16,9999-12-31,MASTER
P00624,7891000000624,PRIME CAFE 500G,PRIME,FAB_PRIME,BEBIDAS,CAFE,500,G,N,2024-06-10,9999-12-31,MASTER
P00625,7891000000625,BETA CEREAIS 1KG,BETA,FAB_BETA,NUTRICAO,CEREAIS,1,KG,N,2025-04-17,9999-12-31,MASTER
P00626,7891000000626,DELTA TABLETES 1L,DELTA,FAB_DELTA,CHOCOLATES,TABLETES,1,L,N,2025-03-04,9999-12-31,MASTER
P00627,7891000000627,NOVA LEITE EM PO 200G,NOVA,FAB_NOVA,LACTEOS,LEITE EM PO,200,G,N,2024-10-17,9999-12-31,MASTER
P00628,7891000000628,ALPHA CAFE 1KG,ALPHA,FAB_ALPHA,CHOCOLATE,CAFE,1,KG,N,2025-01-31,9999-12-31,MASTER
P00629,7891000000629,BETA TEMPEROS 500G,BETA,FAB_BETA,CULINARIOS,TEMPEROS,500,G,N,2025-05-15,9999-12-31,MASTER
P00630,7891000000630,PRIME TEMPEROS 200G,PRIME,FAB_PRIME,CULINARIOS,TEMPEROS,200,G,N,2025-01-29,9999-12-31,MASTER
P00631,7891000000631,ALPHA CAFE 1KG,ALPHA,FAB_ALPHA,BEBIDAS,CAFE,1,KG,N,2024-10-12,9999-12-31,MASTER
P00632,7891000000632,BETA TEMPEROS 1L,BETA,FAB_BETA,CULINARIOS,TEMPEROS,1,L,N,2024-01-12,9999-12-31,MASTER
P00633,7891000000633,SOLAR CEREAIS 1L,SOLAR,FAB_SOLAR,NUTRICAO,CEREAIS,1,L,N,2025-03-28,9999-12-31,MASTER
P00634,7891000000634,PRIME CAFE 200G,PRIME,FAB_PRIME,BEBIDAS,CAFE,200,G,N,2024-06-14,9999-12-31,MASTER
P00635,EAN-00000635,ALPHA CEREAIS 250ML,ALPHA,FAB_ALPHA,NUTRICAO,CEREAIS,250,ML,N,2025-01-31,9999-12-31,MASTER
P00636,7891000000636,BETA TEMPEROS 200G,BETA,FAB_BETA,CULINARIOS,TEMPEROS,200,G,N,2025-02-18,9999-12-31,MASTER
P00637,7891000000637,VIVA TABLETES 500G,VIVA,FAB_VIVA,CHOCOLATES,TABLETES,500,G,N,2024-12-01,9999-12-31,MASTER
P00638,7891000000638,VIVA LEITE EM PO 1KG,VIVA,FAB_VIVA,LACTEOS,LEITE EM PO,1,KG,N,2024-07-18,9999-12-31,MASTER
P00639,7891000000639,DELTA CAFE 500G,DELTA,FAB_DELTA,BEBIDAS,CAFE,500,G,N,2024-04-24,9999-12-31,MASTER
P00640,7891000000640,VIVA LEITE EM PO 1L,VIVA,FAB_VIVA,LACTEOS,LEITE EM PO,1,L,N,2024-05-11,9999-12-31,MASTER
P00641,7891000000641,ALPHA LEITE EM PO 100G,ALPHA,FAB_ALPHA,LACTEOS,LEITE EM PO,100,G,N,2024-09-07,9999-12-31,MASTER
P00642,7891000000642,VIVA TABLETES 500G,VIVA,FAB_VIVA,CHOCOLATES,TABLETES,500,G,N,2024-08-10,9999-12-31,MASTER
P00643,7891000000643,NOVA LEITE EM PO 500G,NOVA,FAB_NOVA,LACTEOS,LEITE EM PO,500,G,N,2024-02-29,9999-12-31,MASTER
P00644,7891000000644,DELTA CAFE 1L,DELTA,FAB_DELTA,BEBIDAS,CAFE,1,L,N,2024-08-09,9999-12-31,MASTER
P00645,7891000000645,ALPHA CAFE 1L,ALPHA,FAB_ALPHA,BEBIDAS,CAFE,1,L,N,2024-08-13,9999-12-31,MASTER
P00646,7891000000646,BETA CAFE 200G,BETA,FAB_BETA,BEBIDAS,CAFE,200,G,N,2024-12-13,9999-12-31,MASTER
P00647,7891000000647,SOLAR TEMPEROS 1L,SOLAR,FAB_SOLAR,CULINARIOS,TEMPEROS,1,L,N,2024-08-02,9999-12-31,MASTER
P00648,7891000000648,DELTA LEITE EM PO 200G,DELTA,FAB_DELTA,LACTEOS,LEITE EM PO,200,G,N,2024-01-19,9999-12-31,MASTER
P00649,EAN-00000649,SOLAR CAFE 1L,SOLAR,FAB_SOLAR,BEBIDAS,CAFE,1,L,N,2025-05-15,9999-12-31,MASTER
P00650,7891000000650,DELTA CEREAIS 250ML,DELTA,FAB_DELTA,NUTRICAO,CEREAIS,250,ML,N,2024-10-20,9999-12-31,MASTER
P00651,7891000000651,NOVA TABLETES 250ML,NOVA,FAB_NOVA,CHOCOLATES,TABLETES,250,ML,N,2024-11-25,9999-12-31,MASTER
P00652,7891000000652,BETA TABLETES 1KG,BETA,FAB_BETA,CHOCOLATES,TABLETES,1,KG,N,2024-12-16,9999-12-31,MASTER
P00653,7891000000653,NOVA TEMPEROS 1KG,NOVA,FAB_NOVA,CULINARIOS,TEMPEROS,1,KG,N,2025-04-13,9999-12-31,MASTER
P00654,7891000000654,SOLAR TABLETES 100G,SOLAR,FAB_SOLAR,CHOCOLATES,TABLETES,100,G,N,2024-03-14,9999-12-31,MASTER
P00655,7891000000655,SOLAR LEITE EM PO 1L,SOLAR,FAB_SOLAR,LACTEOS,LEITE EM PO,1,L,N,2024-01-19,9999-12-31,MASTER
P00656,7891000000656,DELTA CEREAIS 1L,DELTA,FAB_DELTA,NUTRICAO,CEREAIS,1,L,N,2025-04-05,9999-12-31,MASTER
P00657,7891000000657,PRIME LEITE EM PO 1L,PRIME,FAB_PRIME,LACTEOS,LEITE EM PO,1,L,N,2024-01-10,9999-12-31,MASTER
P00658,7891000000658,VIVA LEITE EM PO 200G,VIVA,FAB_VIVA,LACTEOS,LEITE EM PO,200,G,N,2025-04-28,9999-12-31,MASTER
P00659,7891000000659,SOLAR TEMPEROS 1L,SOLAR,FAB_SOLAR,CULINARIOS,TEMPEROS,1,L,N,2024-05-15,9999-12-31,MASTER
P00660,7891000000660,SOLAR LEITE EM PO 200G,SOLAR,FAB_SOLAR,LACTEOS,LEITE EM PO,200,G,N,2025-03-26,9999-12-31,MASTER
P00661,7891000000661,ALPHA CEREAIS 1KG,ALPHA,FAB_ALPHA,NUTRICAO,CEREAIS,1,KG,N,2024-05-28,9999-12-31,MASTER
P00662,7891000000662,BETA CAFE 1KG,BETA,FAB_BETA,BEBIDAS,CAFE,1,KG,N,2024-10-18,9999-12-31,MASTER
P00663,7891000000663,DELTA LEITE EM PO 100G,DELTA,FAB_DELTA,LACTEOS,LEITE EM PO,100,G,N,2024-06-05,9999-12-31,MASTER
P00664,7891000000664,ALPHA CAFE 200G,ALPHA,FAB_ALPHA,BEBIDAS,CAFE,200,G,N,2024-07-21,9999-12-31,MASTER
P00665,7891000000665,DELTA LEITE EM PO 500G,DELTA,FAB_DELTA,LACTEOS,LEITE EM PO,500,G,N,2024-02-01,9999-12-31,MASTER
P00666,7891000000666,VIVA LEITE EM PO 100G,VIVA,FAB_VIVA,LACTEOS,LEITE EM PO,100,G,N,2024-11-18,9999-12-31,MASTER
P00667,7891000000667,VIVA CEREAIS 250ML,VIVA,FAB_VIVA,NUTRICAO,CEREAIS,250,ML,N,2024-06-09,9999-12-31,MASTER
P00668,7891000000668,beta cereais 1l  ,BETA,FAB_BETA,NUTRICAO,CEREAIS,1,L,N,2024-10-19,9999-12-31,MASTER
P00669,7891000000669,PRIME TABLETES 100G,PRIME,FAB_PRIME,CHOCOLATES,TABLETES,100,G,N,2024-01-20,9999-12-31,MASTER
P00670,7891000000670,NOVA TEMPEROS 200G,NOVA,FAB_NOVA,CULINARIOS,TEMPEROS,200,G,N,2024-05-20,9999-12-31,MASTER
P00671,7891000000671,SOLAR LEITE EM PO 1L,SOLAR,FAB_SOLAR,LACTEOS,LEITE EM PO,1,L,N,2025-05-14,9999-12-31,MASTER
P00672,7891000000672,BETA TABLETES 500G,BETA,FAB_BETA,CHOCOLATES,TABLETES,500,G,N,2024-07-16,9999-12-31,MASTER
P00673,7891000000673,PRIME TEMPEROS 1L,PRIME,FAB_PRIME,CULINARIOS,TEMPEROS,1,L,N,2024-08-11,9999-12-31,MASTER
P00674,7891000000674,NOVA TABLETES 500G,NOVA,FAB_NOVA,CHOCOLATES,TABLETES,500,G,N,2024-01-13,9999-12-31,MASTER
P00675,7891000000675,prime cafe 1l  ,PRIME,FAB_PRIME,BEBIDAS,CAFE,1,L,N,2025-03-04,9999-12-31,MASTER
P00676,7891000000676,beta cereais 200g  ,BETA,FAB_BETA,NUTRICAO,CEREAIS,200,G,N,2024-12-09,9999-12-31,MASTER
P00677,7891000000677,VIVA TEMPEROS 1L,VIVA,FAB_VIVA,CULINARIOS,TEMPEROS,1,L,N,2024-09-21,9999-12-31,MASTER
P00678,7891000000678,PRIME CAFE 100G,PRIME,FAB_PRIME,BEBIDAS,CAFE,100,G,N,2025-03-21,9999-12-31,MASTER
P00679,7891000000679,DELTA CEREAIS 250ML,DELTA,FAB_DELTA,NUTRICAO,CEREAIS,250,ML,N,2024-06-12,9999-12-31,MASTER
P00680,7891000000680,VIVA TABLETES 1KG,VIVA,FAB_VIVA,CHOCOLATES,TABLETES,1,KG,N,2024-02-09,9999-12-31,MASTER
P00681,7891000000681,SOLAR TABLETES 1KG,SOLAR,FAB_SOLAR,CHOCOLATES,TABLETES,1,KG,N,2024-05-14,9999-12-31,MASTER
P00682,7891000000682,NOVA TEMPEROS 500G,NOVA,FAB_NOVA,CULINARIOS,TEMPEROS,500,G,N,2025-04-14,9999-12-31,MASTER
P00683,7891000000683,ALPHA LEITE EM PO 500G,ALPHA,FAB_ALPHA,LACTEOS,LEITE EM PO,500,G,N,2024-03-15,9999-12-31,MASTER
P00684,7891000000684,NOVA TEMPEROS 200G,NOVA,FAB_NOVA,CULINARIOS,TEMPEROS,200,G,N,2025-04-06,9999-12-31,MASTER
P00685,7891000000685,PRIME CEREAIS 250ML,PRIME,FAB_PRIME,NUTRICAO,CEREAIS,250,ML,N,2024-02-19,9999-12-31,MASTER
P00686,7891000000686,BETA TABLETES 100G,BETA,FAB_BETA,CHOCOLATES,TABLETES,100,G,N,2024-05-08,9999-12-31,MASTER
P00687,7891000000687,BETA CEREAIS 1L,BETA,FAB_BETA,NUTRICAO,CEREAIS,1,L,N,2025-04-16,9999-12-31,MASTER
P00688,7891000000688,viva cereais 1l  ,VIVA,FAB_VIVA,NUTRICAO,CEREAIS,1,L,N,2024-11-08,9999-12-31,MASTER
P00689,7891000000689,NOVA CEREAIS 500G,NOVA,FAB_NOVA,NUTRICAO,CEREAIS,500,G,N,2024-03-17,9999-12-31,MASTER
P00690,7891000000690,NOVA TEMPEROS 1KG,NOVA,FAB_NOVA,CULINARIOS,TEMPEROS,1,KG,N,2024-05-25,9999-12-31,MASTER
P00691,7891000000691,ALPHA LEITE EM PO 200G,ALPHA,FAB_ALPHA,LACTEOS,LEITE EM PO,200,G,N,2024-10-20,9999-12-31,MASTER
P00692,7891000000692,SOLAR CAFE 1KG,SOLAR,FAB_SOLAR,BEBIDAS,CAFE,1,KG,N,2024-06-09,9999-12-31,MASTER
P00693,7891000000693,VIVA TABLETES 1KG,VIVA,FAB_VIVA,CHOCOLATES,TABLETES,1,KG,N,2024-02-21,9999-12-31,MASTER
P00694,7891000000694,DELTA CAFE 500G,DELTA,FAB_DELTA,BEBIDAS,CAFE,500,G,N,2024-07-04,9999-12-31,MASTER
P00695,7891000000695,NOVA LEITE EM PO 250ML,NOVA,FAB_NOVA,LACTEOS,LEITE EM PO,250,ML,N,2025-05-15,9999-12-31,MASTER
P00696,7891000000696,PRIME TEMPEROS 200G,PRIME,FAB_PRIME,CULINARIOS,TEMPEROS,200,G,N,2024-02-21,9999-12-31,MASTER
P00697,7891000000697,ALPHA LEITE EM PO 200G,ALPHA,FAB_ALPHA,LACTEOS,LEITE EM PO,200,G,N,2025-02-03,9999-12-31,MASTER
P00698,7891000000698,DELTA CAFE 1L,DELTA,FAB_DELTA,BEBIDAS,CAFE,1,L,N,2024-12-29,9999-12-31,MASTER
P00699,7891000000699,PRIME TABLETES 100G,PRIME,FAB_PRIME,CHOCOLATES,TABLETES,100,G,N,2024-09-11,9999-12-31,MASTER
P00700,7891000000700,BETA CEREAIS 250ML,BETA,FAB_BETA,NUTRICAO,CEREAIS,250,ML,N,2025-05-07,9999-12-31,MASTER
P00701,7891000000701,NOVA LEITE EM PO 500G,NOVA,FAB_NOVA,LACTEOS,LEITE EM PO,500,G,N,2024-04-28,9999-12-31,MASTER
P00702,7891000000702,nova cereais 1l  ,NOVA,FAB_NOVA,NUTRICAO,CEREAIS,1,L,N,2024-06-12,9999-12-31,MASTER
P00703,7891000000703,SOLAR CEREAIS 1KG,SOLAR,FAB_SOLAR,NUTRICAO,CEREAIS,1,KG,N,2024-06-22,9999-12-31,MASTER
P00704,EAN-00000704,VIVA CAFE 1KG,VIVA,FAB_VIVA,BEBIDAS,CAFE,1,KG,N,2024-10-06,9999-12-31,MASTER
P00705,7891000000705,DELTA LEITE EM PO 1KG,DELTA,FAB_DELTA,LACTEOS,LEITE EM PO,1,KG,N,2024-03-11,9999-12-31,MASTER
P00706,7891000000706,BETA TEMPEROS 1KG,BETA,FAB_BETA,CULINARIOS,TEMPEROS,1,KG,N,2024-07-13,9999-12-31,MASTER
P00707,7891000000707,NOVA CEREAIS 100G,NOVA,FAB_NOVA,NUTRICAO,CEREAIS,100,G,N,2024-06-12,9999-12-31,MASTER
P00708,7891000000708,ALPHA CEREAIS 100G,ALPHA,FAB_ALPHA,NUTRICAO,CEREAIS,100,G,N,2024-07-04,9999-12-31,MASTER
P00709,7891000000709,SOLAR TEMPEROS 200G,SOLAR,FAB_SOLAR,CULINARIOS,TEMPEROS,200,G,N,2024-01-03,9999-12-31,MASTER
P00710,7891000000710,BETA TABLETES 250ML,BETA,FAB_BETA,CHOCOLATES,TABLETES,250,ML,N,2024-09-06,9999-12-31,MASTER
P00711,7891000000711,NOVA LEITE EM PO 100G,NOVA,FAB_NOVA,LACTEOS,LEITE EM PO,100,G,N,2024-04-02,9999-12-31,MASTER
P00712,7891000000712,DELTA LEITE EM PO 1L,DELTA,FAB_DELTA,LACTEOS,LEITE EM PO,1,L,N,2024-11-10,9999-12-31,MASTER
P00713,7891000000713,DELTA TEMPEROS 200G,DELTA,FAB_DELTA,CULINARIOS,TEMPEROS,200,G,N,2025-01-02,9999-12-31,MASTER
P00714,7891000000714,DELTA LEITE EM PO 200G,DELTA,FAB_DELTA,LACTEOS,LEITE EM PO,200,G,N,2025-04-07,9999-12-31,MASTER
P00715,7891000000715,VIVA LEITE EM PO 100G,VIVA,FAB_VIVA,LACTEOS,LEITE EM PO,100,G,N,2025-03-19,9999-12-31,MASTER
P00716,7891000000716,BETA CAFE 500G,BETA,FAB_BETA,BEBIDAS,CAFE,500,G,N,2024-01-29,9999-12-31,MASTER
P00717,7891000000717,viva temperos 250ml  ,VIVA,FAB_VIVA,CULINARIOS,TEMPEROS,250,ML,N,2024-09-28,9999-12-31,MASTER
P00718,7891000000718,PRIME TABLETES 1L,PRIME,FAB_PRIME,CHOCOLATES,TABLETES,1,L,N,2024-05-26,9999-12-31,MASTER
P00719,7891000000719,VIVA TEMPEROS 100G,VIVA,FAB_VIVA,CULINARIOS,TEMPEROS,100,G,N,2024-08-08,9999-12-31,MASTER
P00720,7891000000720,BETA LEITE EM PO 200G,BETA,FAB_BETA,LACTEOS,LEITE EM PO,200,G,N,2024-02-10,9999-12-31,MASTER
P00721,7891000000721,DELTA TABLETES 250ML,DELTA,FAB_DELTA,CHOCOLATES,TABLETES,250,ML,N,2024-04-05,9999-12-31,MASTER
P00722,7891000000722,NOVA CAFE 1L,NOVA,FAB_NOVA,BEBIDAS,CAFE,1,L,N,2025-04-06,9999-12-31,MASTER
P00723,7891000000723,BETA LEITE EM PO 500G,BETA,FAB_BETA,,LEITE EM PO,500,G,N,2025-04-01,9999-12-31,MASTER
P00724,7891000000724,ALPHA TEMPEROS 100G,ALPHA,FAB_ALPHA,CULINARIOS,TEMPEROS,100,G,N,2024-07-17,9999-12-31,MASTER
P00725,7891000000725,DELTA CEREAIS 200G,DELTA,FAB_DELTA,NUTRICAO,CEREAIS,200,G,N,2024-03-09,9999-12-31,MASTER
P00726,7891000000726,BETA TEMPEROS 1L,BETA,FAB_BETA,CULINARIOS,TEMPEROS,1,L,N,2024-03-29,9999-12-31,MASTER
P00727,7891000000727,PRIME CAFE 500G,PRIME,FAB_PRIME,BEBIDAS,CAFE,500,G,N,2024-02-28,9999-12-31,MASTER
P00728,7891000000728,NOVA TEMPEROS 1KG,NOVA,FAB_NOVA,CULINARIOS,TEMPEROS,1,KG,N,2024-08-31,9999-12-31,MASTER
P00729,7891000000729,VIVA CEREAIS 1KG,VIVA,FAB_VIVA,NUTRICAO,CEREAIS,1,KG,N,2024-02-18,9999-12-31,MASTER
P00730,7891000000730,PRIME TABLETES 250ML,PRIME,FAB_PRIME,CHOCOLATES,TABLETES,250,ML,N,2024-10-21,9999-12-31,MASTER
P00731,7891000000731,ALPHA LEITE EM PO 1L,ALPHA,FAB_ALPHA,LACTEOS,LEITE EM PO,1,L,N,2024-12-13,9999-12-31,MASTER
P00732,7891000000732,SOLAR TABLETES 1KG,SOLAR,FAB_SOLAR,CHOCOLATES,TABLETES,1,KG,N,2025-01-13,9999-12-31,MASTER
P00733,7891000000733,VIVA CAFE 1KG,VIVA,FAB_VIVA,BEBIDAS,CAFE,1,KG,N,2024-11-23,9999-12-31,MASTER
P00734,7891000000734,VIVA TEMPEROS 500G,VIVA,FAB_VIVA,CULINARIOS,TEMPEROS,500,G,N,2024-06-13,9999-12-31,MASTER
P00735,7891000000735,DELTA LEITE EM PO 200G,DELTA,FAB_DELTA,LACTEOS,LEITE EM PO,200,G,N,2024-08-16,9999-12-31,MASTER
P00736,7891000000736,BETA LEITE EM PO 250ML,BETA,FAB_BETA,LACTEOS,LEITE EM PO,250,ML,N,2024-10-23,9999-12-31,MASTER
P00737,7891000000737,NOVA TEMPEROS 200G,NOVA,FAB_NOVA,CULINARIOS,TEMPEROS,200,G,N,2024-11-25,9999-12-31,MASTER
P00738,7891000000738,ALPHA LEITE EM PO 1L,ALPHA,FAB_ALPHA,LACTEOS,LEITE EM PO,1,L,N,2025-02-02,9999-12-31,MASTER
P00739,7891000000739,BETA LEITE EM PO 250ML,BETA,FAB_BETA,LACTEOS,LEITE EM PO,250,ML,N,2024-08-28,9999-12-31,MASTER
P00740,7891000000740,PRIME CEREAIS 200G,PRIME,FAB_PRIME,NUTRICAO,CEREAIS,200,G,N,2024-10-09,9999-12-31,MASTER
P00741,7891000000741,SOLAR CAFE 1KG,SOLAR,FAB_SOLAR,BEBIDAS,CAFE,1,KG,N,2024-10-24,9999-12-31,MASTER
P00742,7891000000742,BETA TEMPEROS 200G,BETA,FAB_BETA,CULINARIOS,TEMPEROS,200,G,N,2024-08-11,9999-12-31,MASTER
P00743,7891000000743,BETA TABLETES 100G,BETA,FAB_BETA,CHOCOLATES,TABLETES,100,G,N,2024-07-09,9999-12-31,MASTER
P00744,7891000000744,BETA LEITE EM PO 1L,BETA,FAB_BETA,LACTEOS,LEITE EM PO,1,L,N,2024-07-03,9999-12-31,MASTER
P00745,7891000000745,SOLAR LEITE EM PO 100G,SOLAR,FAB_SOLAR,LACTEOS,LEITE EM PO,100,G,N,2024-01-29,9999-12-31,MASTER
P00746,7891000000746,VIVA TABLETES 100G,VIVA,FAB_VIVA,CHOCOLATES,TABLETES,100,G,N,2024-02-15,9999-12-31,MASTER
P00747,7891000000747,PRIME CEREAIS 1L,PRIME,FAB_PRIME,NUTRICAO,CEREAIS,1,L,N,2024-11-16,9999-12-31,MASTER
P00748,7891000000748,BETA TEMPEROS 200G,BETA,FAB_BETA,CULINARIOS,TEMPEROS,200,G,N,2025-01-04,9999-12-31,MASTER
P00749,7891000000749,NOVA TEMPEROS 1L,NOVA,FAB_NOVA,CULINARIOS,TEMPEROS,1,L,N,2024-11-30,9999-12-31,MASTER
P00750,7891000000750,PRIME CAFE 500G,PRIME,FAB_PRIME,BEBIDAS,CAFE,500,G,N,2024-10-14,9999-12-31,MASTER
P00751,7891000000751,NOVA TEMPEROS 500G,NOVA,FAB_NOVA,CULINARIOS,TEMPEROS,500,G,N,2024-03-01,9999-12-31,MASTER
P00752,7891000000752,DELTA LEITE EM PO 1KG,DELTA,FAB_DELTA,LACTEOS,LEITE EM PO,1,KG,N,2025-02-06,9999-12-31,MASTER
P00753,7891000000753,beta temperos 200g  ,BETA,FAB_BETA,CULINARIOS,TEMPEROS,200,G,N,2024-03-07,9999-12-31,MASTER
P00754,7891000000754,SOLAR CAFE 500G,SOLAR,FAB_SOLAR,BEBIDAS,CAFE,500,G,N,2024-12-19,9999-12-31,MASTER
P00755,7891000000755,nova temperos 1l  ,NOVA,FAB_NOVA,CULINARIOS,TEMPEROS,1,L,N,2024-09-27,9999-12-31,MASTER
P00756,7891000000756,BETA CEREAIS 250ML,BETA,FAB_BETA,NUTRICAO,CEREAIS,250,ML,N,2025-01-21,9999-12-31,MASTER
P00757,7891000000757,delta cafe 250ml  ,DELTA,FAB_DELTA,BEBIDAS,CAFE,250,ML,N,2024-05-16,9999-12-31,MASTER
P00758,7891000000758,SOLAR LEITE EM PO 200G,SOLAR,FAB_SOLAR,LACTEOS,LEITE EM PO,200,G,N,2025-03-24,9999-12-31,MASTER
P00759,7891000000759,BETA TEMPEROS 200G,BETA,FAB_BETA,CULINARIOS,TEMPEROS,200,G,N,2024-03-09,9999-12-31,MASTER
P00760,7891000000760,BETA CEREAIS 1KG,BETA,FAB_BETA,NUTRICAO,CEREAIS,1,KG,N,2024-09-15,9999-12-31,MASTER
P00761,7891000000761,SOLAR TABLETES 1L,SOLAR,FAB_SOLAR,CHOCOLATES,TABLETES,1,L,N,2025-02-22,9999-12-31,MASTER
P00762,7891000000762,NOVA CAFE 1KG,NOVA,FAB_NOVA,BEBIDAS,CAFE,1,KG,N,2024-03-30,9999-12-31,MASTER
P00763,7891000000763,NOVA LEITE EM PO 100G,NOVA,FAB_NOVA,LACTEOS,LEITE EM PO,100,G,N,2025-03-29,9999-12-31,MASTER
P00764,7891000000764,VIVA CEREAIS 100G,VIVA,FAB_VIVA,NUTRICAO,CEREAIS,100,G,N,2024-02-20,9999-12-31,MASTER
P00765,7891000000765,SOLAR CAFE 1L,SOLAR,FAB_SOLAR,BEBIDAS,CAFE,1,L,N,2024-05-17,9999-12-31,MASTER
P00766,7891000000766,BETA TEMPEROS 1L,BETA,FAB_BETA,CULINARIOS,TEMPEROS,1,L,N,2024-10-13,9999-12-31,MASTER
P00767,7891000000767,DELTA LEITE EM PO 1L,DELTA,FAB_DELTA,LACTEOS,LEITE EM PO,1,L,N,2024-09-21,9999-12-31,MASTER
P00768,7891000000768,DELTA LEITE EM PO 1KG,DELTA,FAB_DELTA,LACTEOS,LEITE EM PO,1,KG,N,2024-03-04,9999-12-31,MASTER
P00769,7891000000769,BETA CEREAIS 250ML,BETA,FAB_BETA,NUTRICAO,CEREAIS,250,ML,N,2024-08-12,9999-12-31,MASTER
P00770,7891000000770,VIVA TABLETES 1L,VIVA,FAB_VIVA,CHOCOLATES,TABLETES,1,L,N,2024-11-16,9999-12-31,MASTER
P00771,7891000000771,SOLAR CEREAIS 1L,SOLAR,FAB_SOLAR,NUTRICAO,CEREAIS,1,L,N,2025-01-10,9999-12-31,MASTER
P00772,7891000000772,ALPHA TEMPEROS 500G,ALPHA,FAB_ALPHA,CULINARIOS,TEMPEROS,500,G,N,2024-08-02,9999-12-31,MASTER
P00773,7891000000773,VIVA TEMPEROS 100G,VIVA,FAB_VIVA,CULINARIOS,TEMPEROS,100,G,N,2024-07-27,9999-12-31,MASTER
P00774,EAN-00000774,VIVA LEITE EM PO 1L,VIVA,FAB_VIVA,LACTEOS,LEITE EM PO,1,L,N,2024-02-16,9999-12-31,MASTER
P00775,7891000000775,NOVA LEITE EM PO 200G,NOVA,FAB_NOVA,LACTEOS,LEITE EM PO,200,G,N,2025-05-05,9999-12-31,MASTER
P00776,7891000000776,BETA TABLETES 100G,BETA,FAB_BETA,CHOCOLATES,TABLETES,100,G,N,2024-10-03,9999-12-31,MASTER
P00777,7891000000777,NOVA CAFE 250ML,NOVA,FAB_NOVA,BEBIDAS,CAFE,250,ML,N,2025-01-19,9999-12-31,MASTER
P00778,7891000000778,DELTA CAFE 200G,DELTA,FAB_DELTA,BEBIDAS,CAFE,200,G,N,2025-04-15,9999-12-31,MASTER
P00779,891000000779,ALPHA LEITE EM PO 100G,ALPHA,FAB_ALPHA,LACTEOS,LEITE EM PO,100,G,N,2024-03-06,9999-12-31,MASTER
P00780,7891000000780,BETA LEITE EM PO 200G,BETA,FAB_BETA,LACTEOS,LEITE EM PO,200,G,N,2024-11-26,9999-12-31,MASTER
P00781,7891000000781,VIVA CAFE 1KG,VIVA,FAB_VIVA,BEBIDAS,CAFE,1,KG,N,2024-03-23,9999-12-31,MASTER
P00782,7891000000782,NOVA CAFE 200G,NOVA,FAB_NOVA,BEBIDAS,CAFE,200,G,N,2025-02-23,9999-12-31,MASTER
P00783,7891000000783,VIVA TEMPEROS 1KG,VIVA,FAB_VIVA,CULINARIOS,TEMPEROS,1,KG,N,2025-03-29,9999-12-31,MASTER
P00784,7891000000784,DELTA TABLETES 100G,DELTA,FAB_DELTA,CHOCOLATES,TABLETES,100,G,N,2024-02-28,9999-12-31,MASTER
P00785,7891000000785,PRIME TEMPEROS 100G,PRIME,FAB_PRIME,CULINARIOS,TEMPEROS,100,G,N,2024-07-21,9999-12-31,MASTER
P00786,7891000000786,SOLAR LEITE EM PO 200G,SOLAR,FAB_SOLAR,LACTEOS,LEITE EM PO,200,G,N,2024-06-12,9999-12-31,MASTER
P00787,7891000000787,SOLAR CAFE 500G,SOLAR,FAB_SOLAR,BEBIDAS,CAFE,500,G,N,2025-02-27,9999-12-31,MASTER
P00788,7891000000788,SOLAR LEITE EM PO 250ML,SOLAR,FAB_SOLAR,LACTEOS,LEITE EM PO,250,ML,N,2024-07-01,9999-12-31,MASTER
P00789,7891000000789,BETA LEITE EM PO 1L,BETA,FAB_BETA,LACTEOS,LEITE EM PO,1,L,N,2025-05-04,9999-12-31,MASTER
P00790,7891000000790,ALPHA TEMPEROS 100G,ALPHA,FAB_ALPHA,CULINARIOS,TEMPEROS,100,G,N,2025-04-02,9999-12-31,MASTER
P00791,7891000000791,PRIME CEREAIS 1KG,PRIME,FAB_PRIME,NUTRICAO,CEREAIS,1,KG,N,2025-03-14,9999-12-31,MASTER
P00792,7891000000792,SOLAR TABLETES 500G,SOLAR,FAB_SOLAR,CHOCOLATES,TABLETES,500,G,N,2024-03-07,9999-12-31,MASTER
P00793,7891000000793,DELTA TABLETES 100G,DELTA,FAB_DELTA,CHOCOLATES,TABLETES,100,G,N,2024-12-15,9999-12-31,MASTER
P00794,7891000000794,ALPHA TABLETES 200G,ALPHA,FAB_ALPHA,CHOCOLATES,TABLETES,200,G,N,2024-11-07,9999-12-31,MASTER
P00795,7891000000795,PRIME TEMPEROS 1L,PRIME,FAB_PRIME,CULINARIOS,TEMPEROS,1,L,N,2024-07-11,9999-12-31,MASTER
P00796,7891000000796,PRIME CEREAIS 100G,PRIME,FAB_PRIME,NUTRICAO,CEREAIS,100,G,N,2024-11-10,9999-12-31,MASTER
P00797,7891000000797,DELTA CAFE 250ML,DELTA,FAB_DELTA,BEBIDAS,CAFE,250,ML,N,2024-07-14,9999-12-31,MASTER
P00798,7891000000798,BETA CEREAIS 250ML,BETA,FAB_BETA,NUTRICAO,CEREAIS,250,ML,N,2024-07-10,9999-12-31,MASTER
P00799,7891000000799,SOLAR TABLETES 1KG,SOLAR,FAB_SOLAR,CHOCOLATES,TABLETES,1,KG,N,2025-02-11,9999-12-31,MASTER
P00800,7891000000800,DELTA CEREAIS 1L,DELTA,FAB_DELTA,NUTRICAO,CEREAIS,1,L,N,2024-02-20,9999-12-31,MASTER
P00801,7891000000801,ALPHA LEITE EM PO 200G,ALPHA,FAB_ALPHA,LACTEOS,LEITE EM PO,200,G,N,2024-09-01,9999-12-31,MASTER
P00802,7891000000802,DELTA TEMPEROS 200G,DELTA,FAB_DELTA,CULINARIOS,TEMPEROS,200,G,N,2024-06-07,9999-12-31,MASTER
P00803,7891000000803,NOVA CEREAIS 250ML,NOVA,FAB_NOVA,NUTRICAO,CEREAIS,250,ML,N,2024-04-18,9999-12-31,MASTER
P00804,7891000000804,ALPHA CEREAIS 1KG,ALPHA,FAB_ALPHA,NUTRICAO,CEREAIS,1,KG,N,2025-05-08,9999-12-31,MASTER
P00805,7891000000805,alpha cafe 1kg  ,ALPHA,FAB_ALPHA,BEBIDAS,CAFE,1,KG,N,2025-04-06,9999-12-31,MASTER
P00806,7891000000806,BETA CAFE 500G,BETA,FAB_BETA,BEBIDAS,CAFE,500,G,N,2024-11-12,9999-12-31,MASTER
P00807,7891000000807,NOVA TEMPEROS 200G,NOVA,FAB_NOVA,CULINARIOS,TEMPEROS,200,G,N,2024-06-27,9999-12-31,MASTER
P00808,7891000000808,SOLAR TABLETES 1L,SOLAR,FAB_SOLAR,CHOCOLATES,TABLETES,1,L,N,2024-01-05,9999-12-31,MASTER
P00809,7891000000809,PRIME TEMPEROS 250ML,PRIME,FAB_PRIME,CULINARIOS,TEMPEROS,250,ML,N,2024-08-11,9999-12-31,MASTER
P00810,7891000000810,DELTA TABLETES 250ML,DELTA,FAB_DELTA,CHOCOLATES,TABLETES,250,ML,N,2024-07-17,9999-12-31,MASTER
P00811,7891000000811,PRIME CAFE 1L,PRIME,FAB_PRIME,BEBIDAS,CAFE,1,L,N,2025-04-10,9999-12-31,MASTER
P00812,7891000000812,PRIME LEITE EM PO 250ML,PRIME,FAB_PRIME,LACTEOS,LEITE EM PO,250,ML,N,2024-03-10,9999-12-31,MASTER
P00813,7891000000813,SOLAR TABLETES 100G,SOLAR,FAB_SOLAR,CHOCOLATES,TABLETES,100,G,N,2024-06-23,9999-12-31,MASTER
P00814,7891000000814,DELTA LEITE EM PO 500G,DELTA,FAB_DELTA,LACTEOS,LEITE EM PO,500,G,N,2024-09-03,9999-12-31,MASTER
P00815,7891000000815,NOVA TABLETES 200G,NOVA,FAB_NOVA,CHOCOLATES,TABLETES,200,G,N,2024-05-02,9999-12-31,MASTER
P00816,7891000000816,BETA LEITE EM PO 500G,BETA,FAB_BETA,LACTEOS,LEITE EM PO,500,G,N,2024-01-31,9999-12-31,MASTER
P00817,7891000000817,NOVA CAFE 500G,NOVA,FAB_NOVA,BEBIDAS,CAFE,500,G,N,2024-08-15,9999-12-31,MASTER
P00818,7891000000818,PRIME CAFE 250ML,PRIME,FAB_PRIME,BEBIDAS,CAFE,250,ML,N,2024-02-29,9999-12-31,MASTER
P00819,7891000000819,alpha tabletes 100g  ,ALPHA,FAB_ALPHA,CHOCOLATES,TABLETES,100,G,N,2024-02-04,9999-12-31,MASTER
P00820,7891000000820,NOVA TABLETES 200G,NOVA,FAB_NOVA,CHOCOLATES,TABLETES,200,G,N,2024-08-12,9999-12-31,MASTER
P00821,7891000000821,delta tabletes 200g  ,DELTA,FAB_DELTA,BEBIDAS,TABLETES,200,G,N,2024-10-26,9999-12-31,MASTER
P00822,7891000000822,PRIME TEMPEROS 1L,PRIME,FAB_PRIME,CULINARIOS,TEMPEROS,1,L,N,2025-02-09,9999-12-31,MASTER
P00823,7891000000823,BETA CEREAIS 500G,BETA,FAB_BETA,NUTRICAO,CEREAIS,500,G,N,2025-02-08,9999-12-31,MASTER
P00824,7891000000824,BETA TABLETES 500G,BETA,FAB_BETA,CHOCOLATES,TABLETES,500,G,N,2024-08-30,9999-12-31,MASTER
P00825,7891000000825,DELTA CAFE 1KG,DELTA,FAB_DELTA,BEBIDAS,CAFE,1,KG,N,2024-07-23,9999-12-31,MASTER
P00826,7891000000826,VIVA TABLETES 200G,VIVA,FAB_VIVA,CHOCOLATES,TABLETES,200,G,N,2024-07-14,9999-12-31,MASTER
P00827,7891000000827,BETA LEITE EM PO 250ML,BETA,FAB_BETA,LACTEOS,LEITE EM PO,250,ML,N,2024-03-02,9999-12-31,MASTER
P00828,7891000000828,SOLAR LEITE EM PO 200G,SOLAR,FAB_SOLAR,LACTEOS,LEITE EM PO,200,G,N,2024-05-04,9999-12-31,MASTER
P00829,7891000000829,NOVA CAFE 100G,NOVA,FAB_NOVA,BEBIDAS,CAFE,100,G,N,2024-06-22,9999-12-31,MASTER
P00830,7891000000830,ALPHA CEREAIS 250ML,ALPHA,FAB_ALPHA,NUTRICAO,CEREAIS,250,ML,N,2024-08-22,9999-12-31,MASTER
P00831,7891000000831,VIVA TEMPEROS 1L,VIVA,FAB_VIVA,CULINARIOS,TEMPEROS,1,L,N,2024-10-13,9999-12-31,MASTER
P00832,7891000000832,VIVA TEMPEROS 1KG,VIVA,FAB_VIVA,CULINARIOS,TEMPEROS,1,KG,N,2024-08-03,9999-12-31,MASTER
P00833,7891000000833,BETA LEITE EM PO 1L,BETA,FAB_BETA,LACTEOS,LEITE EM PO,1,L,N,2025-03-20,9999-12-31,MASTER
P00834,7891000000834,NOVA CEREAIS 1L,NOVA,FAB_NOVA,NUTRICAO,CEREAIS,1,L,N,2024-07-31,9999-12-31,MASTER
P00835,7891000000835,NOVA LEITE EM PO 500G,NOVA,FAB_NOVA,LACTEOS,LEITE EM PO,500,G,N,2024-11-18,9999-12-31,MASTER
P00836,7891000000836,PRIME LEITE EM PO 250ML,PRIME,FAB_PRIME,LACTEOS,LEITE EM PO,250,ML,N,2025-03-10,9999-12-31,MASTER
P00837,7891000000837,PRIME CEREAIS 250ML,PRIME,FAB_PRIME,NUTRICAO,CEREAIS,250,ML,N,2025-03-15,9999-12-31,MASTER
P00838,7891000000838,solar tabletes 500g  ,SOLAR,FAB_SOLAR,CHOCOLATES,TABLETES,500,G,N,2024-03-12,9999-12-31,MASTER
P00839,7891000000839,SOLAR TEMPEROS 250ML,SOLAR,FAB_SOLAR,CULINARIOS,TEMPEROS,250,ML,N,2025-04-28,9999-12-31,MASTER
P00840,7891000000840,ALPHA CAFE 250ML,ALPHA,FAB_ALPHA,BEBIDAS,CAFE,250,ML,N,2025-01-15,9999-12-31,MASTER
P00841,7891000000841,PRIME TABLETES 500G,PRIME,FAB_PRIME,CHOCOLATES,TABLETES,500,G,N,2024-12-31,9999-12-31,MASTER
P00842,7891000000842,ALPHA CEREAIS 100G,ALPHA,FAB_ALPHA,NUTRICAO,CEREAIS,100,G,N,2024-09-09,9999-12-31,MASTER
P00843,7891000000843,DELTA TEMPEROS 250ML,DELTA,FAB_DELTA,CULINARIOS,TEMPEROS,250,ML,N,2024-12-25,9999-12-31,MASTER
P00844,7891000000844,SOLAR CAFE 250ML,SOLAR,FAB_SOLAR,BEBIDAS,CAFE,250,ML,N,2024-01-15,9999-12-31,MASTER
P00845,7891000000845,DELTA TEMPEROS 1KG,DELTA,FAB_DELTA,CULINARIOS,TEMPEROS,1,KG,N,2024-11-07,9999-12-31,MASTER
P00846,891000000846,PRIME TEMPEROS 500G,PRIME,FAB_PRIME,CULINARIOS,TEMPEROS,500,G,N,2025-03-10,9999-12-31,MASTER
P00847,7891000000847,DELTA CEREAIS 250ML,DELTA,FAB_DELTA,NUTRICAO,CEREAIS,250,ML,N,2025-01-03,9999-12-31,MASTER
P00848,7891000000848,PRIME TEMPEROS 1L,PRIME,FAB_PRIME,CULINARIOS,TEMPEROS,1,L,N,2024-02-13,9999-12-31,MASTER
P00849,7891000000849,ALPHA TABLETES 100G,ALPHA,FAB_ALPHA,CHOCOLATES,TABLETES,100,G,N,2024-07-24,9999-12-31,MASTER
P00850,7891000000850,SOLAR TABLETES 200G,SOLAR,FAB_SOLAR,CHOCOLATES,TABLETES,200,G,N,2024-01-29,9999-12-31,MASTER
P00851,7891000000851,PRIME TABLETES 1KG,PRIME,FAB_PRIME,CHOCOLATES,TABLETES,1,KG,N,2025-05-05,9999-12-31,MASTER
P00852,7891000000852,DELTA LEITE EM PO 200G,DELTA,FAB_DELTA,LACTEOS,LEITE EM PO,200,G,N,2025-04-09,9999-12-31,MASTER
P00853,7891000000853,BETA CAFE 250ML,BETA,FAB_BETA,BEBIDAS,CAFE,250,ML,N,2024-06-07,9999-12-31,MASTER
P00854,7891000000854,NOVA TEMPEROS 500G,NOVA,FAB_NOVA,CULINARIOS,TEMPEROS,500,G,N,2024-01-10,9999-12-31,MASTER
P00855,7891000000855,SOLAR CAFE 200G,SOLAR,FAB_SOLAR,BEBIDAS,CAFE,200,G,N,2024-10-26,9999-12-31,MASTER
P00856,7891000000856,SOLAR CAFE 100G,SOLAR,FAB_SOLAR,BEBIDAS,CAFE,100,G,N,2025-04-16,9999-12-31,MASTER
P00857,7891000000857,SOLAR CAFE 500G,SOLAR,FAB_SOLAR,BEBIDAS,CAFE,500,G,N,2024-03-18,9999-12-31,MASTER
P00858,7891000000858,VIVA TEMPEROS 500G,VIVA,FAB_VIVA,CULINARIOS,TEMPEROS,500,G,N,2024-01-07,9999-12-31,MASTER
P00859,7891000000859,SOLAR CEREAIS 100G,SOLAR,FAB_SOLAR,NUTRICAO,CEREAIS,100,G,N,2024-06-29,9999-12-31,MASTER
P00860,7891000000860,prime tabletes 500g  ,PRIME,FAB_PRIME,CHOCOLATES,TABLETES,500,G,N,2024-09-11,9999-12-31,MASTER
P00861,7891000000861,ALPHA TABLETES 500G,ALPHA,FAB_ALPHA,CHOCOLATES,TABLETES,500,G,N,2024-04-17,9999-12-31,MASTER
P00862,7891000000862,VIVA LEITE EM PO 500G,VIVA,FAB_VIVA,LACTEOS,LEITE EM PO,500,G,N,2024-01-02,9999-12-31,MASTER
P00863,7891000000863,VIVA LEITE EM PO 100G,VIVA,FAB_VIVA,LACTEOS,LEITE EM PO,100,G,N,2024-10-16,9999-12-31,MASTER
P00864,7891000000864,BETA LEITE EM PO 250ML,BETA,FAB_BETA,LACTEOS,LEITE EM PO,250,ML,N,2024-05-17,9999-12-31,MASTER
P00865,EAN-00000865,VIVA TEMPEROS 1L,VIVA,FAB_VIVA,CULINARIOS,TEMPEROS,1,L,N,2025-04-14,9999-12-31,MASTER
P00866,7891000000866,PRIME CEREAIS 200G,PRIME,FAB_PRIME,NUTRICAO,CEREAIS,200,G,N,2025-03-18,9999-12-31,MASTER
P00867,7891000000867,BETA LEITE EM PO 500G,BETA,FAB_BETA,LACTEOS,LEITE EM PO,500,G,N,2024-08-30,9999-12-31,MASTER
P00868,7891000000868,ALPHA TABLETES 100G,ALPHA,FAB_ALPHA,CHOCOLATES,TABLETES,100,G,N,2024-10-08,9999-12-31,MASTER
P00869,7891000000869,DELTA TABLETES 500G,DELTA,FAB_DELTA,CHOCOLATES,TABLETES,500,G,N,2024-10-16,9999-12-31,MASTER
P00870,7891000000870,BETA CAFE 100G,BETA,FAB_BETA,BEBIDAS,CAFE,100,G,N,2024-07-09,9999-12-31,MASTER
P00871,7891000000871,VIVA CAFE 250ML,VIVA,FAB_VIVA,BEBIDAS,CAFE,250,ML,N,2025-04-03,9999-12-31,MASTER
P00872,7891000000872,ALPHA CEREAIS 250ML,ALPHA,FAB_ALPHA,NUTRICAO,CEREAIS,250,ML,N,2024-09-06,9999-12-31,MASTER
P00873,7891000000873,PRIME CAFE 1KG,PRIME,FAB_PRIME,BEBIDAS,CAFE,1,KG,N,2024-05-07,9999-12-31,MASTER
P00874,7891000000874,VIVA TEMPEROS 200G,VIVA,FAB_VIVA,CULINARIOS,TEMPEROS,200,G,N,2024-08-16,9999-12-31,MASTER
P00875,7891000000875,DELTA TABLETES 100G,DELTA,FAB_DELTA,CHOCOLATES,TABLETES,100,G,N,2024-04-27,9999-12-31,MASTER
P00876,7891000000876,solar cafe 1kg  ,SOLAR,FAB_SOLAR,BEBIDAS,CAFE,1,KG,N,2024-07-10,9999-12-31,MASTER
P00877,7891000000877,NOVA CAFE 500G,NOVA,FAB_NOVA,BEBIDAS,CAFE,500,G,N,2024-07-05,9999-12-31,MASTER
P00878,7891000000878,SOLAR TEMPEROS 1KG,SOLAR,FAB_SOLAR,CULINARIOS,TEMPEROS,1,KG,N,2024-07-31,9999-12-31,MASTER
P00879,7891000000879,DELTA TEMPEROS 200G,DELTA,FAB_DELTA,CULINARIOS,TEMPEROS,200,G,N,2024-01-12,9999-12-31,MASTER
P00880,7891000000880,NOVA TABLETES 1L,NOVA,FAB_NOVA,CHOCOLATES,TABLETES,1,L,N,2024-09-13,9999-12-31,MASTER
P00881,7891000000881,VIVA TABLETES 1KG,VIVA,FAB_VIVA,CHOCOLATES,TABLETES,1,KG,N,2024-10-04,9999-12-31,MASTER
P00882,7891000000882,SOLAR CAFE 1L,SOLAR,FAB_SOLAR,BEBIDAS,CAFE,1,L,N,2024-09-16,9999-12-31,MASTER
P00883,7891000000883,SOLAR TABLETES 1L,SOLAR,FAB_SOLAR,CHOCOLATES,TABLETES,1,L,N,2025-05-14,9999-12-31,MASTER
P00884,7891000000884,DELTA LEITE EM PO 250ML,DELTA,FAB_DELTA,LACTEOS,LEITE EM PO,250,ML,N,2024-09-12,9999-12-31,MASTER
P00885,7891000000885,PRIME CEREAIS 100G,PRIME,FAB_PRIME,NUTRICAO,CEREAIS,100,G,N,2025-01-11,9999-12-31,MASTER
P00886,7891000000886,VIVA CAFE 1KG,VIVA,FAB_VIVA,BEBIDAS,CAFE,1,KG,N,2024-02-06,9999-12-31,MASTER
P00887,7891000000887,ALPHA TEMPEROS 250ML,ALPHA,FAB_ALPHA,CULINARIOS,TEMPEROS,250,ML,N,2024-01-03,9999-12-31,MASTER
P00888,891000000888,NOVA TEMPEROS 250ML,NOVA,FAB_NOVA,CULINARIOS,TEMPEROS,250,ML,N,2024-02-01,9999-12-31,MASTER
P00889,7891000000889,DELTA TABLETES 100G,DELTA,FAB_DELTA,CHOCOLATES,TABLETES,100,G,N,2024-06-30,9999-12-31,MASTER
P00890,7891000000890,SOLAR LEITE EM PO 250ML,SOLAR,FAB_SOLAR,LACTEOS,LEITE EM PO,250,ML,N,2024-03-30,9999-12-31,MASTER
P00891,7891000000891,DELTA LEITE EM PO 500G,DELTA,FAB_DELTA,LACTEOS,LEITE EM PO,500,G,N,2024-09-21,9999-12-31,MASTER
P00892,7891000000892,SOLAR LEITE EM PO 100G,SOLAR,FAB_SOLAR,LACTEOS,LEITE EM PO,100,G,N,2024-06-25,9999-12-31,MASTER
P00893,7891000000893,DELTA CEREAIS 500G,DELTA,FAB_DELTA,NUTRICAO,CEREAIS,500,G,N,2024-07-01,9999-12-31,MASTER
P00894,7891000000894,PRIME TEMPEROS 1L,PRIME,FAB_PRIME,CULINARIOS,TEMPEROS,1,L,N,2024-04-03,9999-12-31,MASTER
P00895,7891000000895,NOVA TABLETES 100G,NOVA,FAB_NOVA,CHOCOLATES,TABLETES,100,G,N,2025-04-17,9999-12-31,MASTER
P00896,7891000000896,PRIME TEMPEROS 250ML,PRIME,FAB_PRIME,CULINARIOS,TEMPEROS,250,ML,N,2024-12-02,9999-12-31,MASTER
P00897,7891000000897,VIVA CEREAIS 1L,VIVA,FAB_VIVA,NUTRICAO,CEREAIS,1,L,N,2024-10-15,9999-12-31,MASTER
P00898,7891000000898,VIVA LEITE EM PO 250ML,VIVA,FAB_VIVA,LACTEOS,LEITE EM PO,250,ML,N,2025-03-08,9999-12-31,MASTER
P00899,7891000000899,NOVA TEMPEROS 250ML,NOVA,FAB_NOVA,CULINARIOS,TEMPEROS,250,ML,N,2024-07-03,9999-12-31,MASTER
P00900,7891000000900,BETA CEREAIS 1L,BETA,FAB_BETA,NUTRICAO,CEREAIS,1,L,N,2024-10-06,9999-12-31,MASTER
P00901,7891000000901,DELTA TABLETES 1L,DELTA,FAB_DELTA,CHOCOLATES,TABLETES,1,L,N,2024-06-26,9999-12-31,MASTER
P00902,7891000000902,NOVA TEMPEROS 200G,NOVA,FAB_NOVA,CULINARIOS,TEMPEROS,200,G,N,2024-02-24,9999-12-31,MASTER
P00903,7891000000903,SOLAR LEITE EM PO 500G,SOLAR,FAB_SOLAR,LACTEOS,LEITE EM PO,500,G,N,2024-07-08,9999-12-31,MASTER
P00904,7891000000904,DELTA CEREAIS 500G,DELTA,FAB_DELTA,NUTRICAO,CEREAIS,500,G,N,2024-12-22,9999-12-31,MASTER
P00905,891000000905,ALPHA CEREAIS 500G,ALPHA,FAB_ALPHA,NUTRICAO,CEREAIS,500,G,N,2024-02-13,9999-12-31,MASTER
P00906,7891000000906,ALPHA CEREAIS 100G,ALPHA,FAB_ALPHA,NUTRICAO,CEREAIS,100,G,N,2024-07-18,9999-12-31,MASTER
P00907,7891000000907,BETA TEMPEROS 200G,BETA,FAB_BETA,CULINARIOS,TEMPEROS,200,G,N,2024-01-16,9999-12-31,MASTER
P00908,7891000000908,PRIME CEREAIS 1L,PRIME,FAB_PRIME,NUTRICAO,CEREAIS,1,L,N,2025-05-12,9999-12-31,MASTER
P00909,7891000000909,VIVA TABLETES 250ML,VIVA,FAB_VIVA,CHOCOLATES,TABLETES,250,ML,N,2024-10-04,9999-12-31,MASTER
P00910,7891000000910,ALPHA TABLETES 250ML,ALPHA,FAB_ALPHA,CHOCOLATES,TABLETES,250,ML,N,2024-02-22,9999-12-31,MASTER
P00911,7891000000911,beta cafe 500g  ,BETA,FAB_BETA,BEBIDAS,CAFE,500,G,N,2024-09-30,9999-12-31,MASTER
P00912,7891000000912,ALPHA CAFE 1L,ALPHA,FAB_ALPHA,BEBIDAS,CAFE,1,L,N,2024-05-28,9999-12-31,MASTER
P00913,7891000000913,NOVA TEMPEROS 250ML,NOVA,FAB_NOVA,CULINARIOS,TEMPEROS,250,ML,N,2024-02-05,9999-12-31,MASTER
P00914,7891000000914,BETA LEITE EM PO 1L,BETA,FAB_BETA,LACTEOS,LEITE EM PO,1,L,N,2024-09-20,9999-12-31,MASTER
P00915,7891000000915,DELTA TABLETES 1L,DELTA,FAB_DELTA,CHOCOLATES,TABLETES,1,L,N,2024-07-11,9999-12-31,MASTER
P00916,7891000000916,VIVA LEITE EM PO 100G,VIVA,FAB_VIVA,LACTEOS,LEITE EM PO,100,G,N,2024-04-19,9999-12-31,MASTER
P00917,7891000000917,NOVA TABLETES 200G,NOVA,FAB_NOVA,CHOCOLATES,TABLETES,200,G,N,2024-05-31,9999-12-31,MASTER
P00918,7891000000918,SOLAR LEITE EM PO 1L,SOLAR,FAB_SOLAR,LACTEOS,LEITE EM PO,1,L,N,2024-08-25,9999-12-31,MASTER
P00919,7891000000919,ALPHA LEITE EM PO 1KG,ALPHA,FAB_ALPHA,LACTEOS,LEITE EM PO,1,KG,N,2025-03-06,9999-12-31,MASTER
P00920,7891000000920,DELTA CAFE 200G,DELTA,FAB_DELTA,BEBIDAS,CAFE,200,G,N,2025-04-20,9999-12-31,MASTER
P00921,7891000000921,solar leite em po 100g  ,SOLAR,FAB_SOLAR,LACTEOS,LEITE EM PO,100,G,N,2024-05-14,9999-12-31,MASTER
P00922,7891000000922,SOLAR CEREAIS 250ML,SOLAR,FAB_SOLAR,NUTRICAO,CEREAIS,250,ML,N,2024-11-12,9999-12-31,MASTER
P00923,7891000000923,BETA TABLETES 200G,BETA,FAB_BETA,CHOCOLATES,TABLETES,200,G,N,2024-04-03,9999-12-31,MASTER
P00924,7891000000924,NOVA CEREAIS 200G,NOVA,FAB_NOVA,NUTRICAO,CEREAIS,200,G,N,2024-01-27,9999-12-31,MASTER
P00925,891000000925,DELTA TABLETES 500G,DELTA,FAB_DELTA,CHOCOLATES,TABLETES,500,G,N,2025-04-30,9999-12-31,MASTER
P00926,7891000000926,VIVA LEITE EM PO 1KG,VIVA,FAB_VIVA,LACTEOS,LEITE EM PO,1,KG,N,2024-12-29,9999-12-31,MASTER
P00927,7891000000927,VIVA TEMPEROS 250ML,VIVA,FAB_VIVA,CULINARIOS,TEMPEROS,250,ML,N,2024-10-06,9999-12-31,MASTER
P00928,7891000000928,ALPHA TABLETES 1L,ALPHA,FAB_ALPHA,CHOCOLATES,TABLETES,1,L,N,2024-06-17,9999-12-31,MASTER
P00929,7891000000929,NOVA TABLETES 250ML,NOVA,FAB_NOVA,CHOCOLATES,TABLETES,250,ML,N,2025-04-07,9999-12-31,MASTER
P00930,7891000000930,DELTA LEITE EM PO 500G,DELTA,FAB_DELTA,LACTEOS,LEITE EM PO,500,G,N,2024-11-10,9999-12-31,MASTER
P00931,7891000000931,ALPHA TABLETES 1L,ALPHA,FAB_ALPHA,CHOCOLATES,TABLETES,1,L,N,2025-01-12,9999-12-31,MASTER
P00932,7891000000932,BETA CEREAIS 250ML,BETA,FAB_BETA,NUTRICAO,CEREAIS,250,ML,N,2024-05-11,9999-12-31,MASTER
P00933,7891000000933,VIVA TABLETES 200G,VIVA,FAB_VIVA,CHOCOLATES,TABLETES,200,G,N,2024-11-18,9999-12-31,MASTER
P00934,7891000000934,ALPHA LEITE EM PO 1L,ALPHA,FAB_ALPHA,LACTEOS,LEITE EM PO,1,L,N,2024-06-16,9999-12-31,MASTER
P00935,7891000000935,SOLAR TABLETES 100G,SOLAR,FAB_SOLAR,CHOCOLATES,TABLETES,100,G,N,2024-06-30,9999-12-31,MASTER
P00936,7891000000936,BETA LEITE EM PO 1L,BETA,FAB_BETA,LACTEOS,LEITE EM PO,1,L,N,2024-08-02,9999-12-31,MASTER
P00937,7891000000937,DELTA CEREAIS 200G,DELTA,FAB_DELTA,NUTRICAO,CEREAIS,200,G,N,2024-09-08,9999-12-31,MASTER
P00938,7891000000938,PRIME TABLETES 500G,PRIME,FAB_PRIME,CHOCOLATES,TABLETES,500,G,N,2025-02-18,9999-12-31,MASTER
P00939,7891000000939,BETA TABLETES 1L,BETA,FAB_BETA,CHOCOLATES,TABLETES,1,L,N,2024-05-08,9999-12-31,MASTER
P00940,7891000000940,NOVA CEREAIS 500G,NOVA,FAB_NOVA,NUTRICAO,CEREAIS,500,G,N,2024-12-19,9999-12-31,MASTER
P00941,7891000000941,NOVA TEMPEROS 100G,NOVA,FAB_NOVA,CULINARIOS,TEMPEROS,100,G,N,2025-03-04,9999-12-31,MASTER
P00942,7891000000942,DELTA LEITE EM PO 500G,DELTA,FAB_DELTA,LACTEOS,LEITE EM PO,500,G,N,2024-11-02,9999-12-31,MASTER
P00943,7891000000943,DELTA LEITE EM PO 1KG,DELTA,FAB_DELTA,LACTEOS,LEITE EM PO,1,KG,N,2024-10-29,9999-12-31,MASTER
P00944,7891000000944,ALPHA CEREAIS 250ML,ALPHA,FAB_ALPHA,NUTRICAO,CEREAIS,250,ML,N,2024-11-15,9999-12-31,MASTER
P00945,7891000000945,BETA CAFE 100G,BETA,FAB_BETA,BEBIDAS,CAFE,100,G,N,2024-04-18,9999-12-31,MASTER
P00946,7891000000946,VIVA CAFE 250ML,VIVA,FAB_VIVA,BEBIDAS,CAFE,250,ML,N,2025-05-11,9999-12-31,MASTER
P00947,7891000000947,NOVA TEMPEROS 500G,NOVA,FAB_NOVA,CULINARIOS,TEMPEROS,500,G,N,2024-08-28,9999-12-31,MASTER
P00948,7891000000948,ALPHA CEREAIS 500G,ALPHA,FAB_ALPHA,NUTRICAO,CEREAIS,500,G,N,2025-02-18,9999-12-31,MASTER
P00949,7891000000949,VIVA TABLETES 100G,VIVA,FAB_VIVA,CHOCOLATES,TABLETES,100,G,N,2024-09-02,9999-12-31,MASTER
P00950,7891000000950,BETA TABLETES 200G,BETA,FAB_BETA,CHOCOLATES,TABLETES,200,G,N,2025-01-29,9999-12-31,MASTER
P00951,7891000000951,SOLAR CEREAIS 500G,SOLAR,FAB_SOLAR,NUTRICAO,CEREAIS,500,G,N,2024-11-21,9999-12-31,MASTER
P00952,EAN-00000952,SOLAR LEITE EM PO 100G,SOLAR,FAB_SOLAR,LACTEOS,LEITE EM PO,100,G,N,2025-01-09,9999-12-31,MASTER
P00953,7891000000953,VIVA CAFE 250ML,VIVA,FAB_VIVA,BEBIDAS,CAFE,250,ML,N,2025-04-05,9999-12-31,MASTER
P00954,7891000000954,VIVA LEITE EM PO 200G,VIVA,FAB_VIVA,LACTEOS,LEITE EM PO,200,G,N,2024-01-01,9999-12-31,MASTER
P00955,7891000000955,NOVA LEITE EM PO 1L,NOVA,FAB_NOVA,LACTEOS,LEITE EM PO,1,L,N,2024-04-28,9999-12-31,MASTER
P00956,7891000000956,ALPHA CAFE 100G,ALPHA,FAB_ALPHA,BEBIDAS,CAFE,100,G,N,2024-02-09,9999-12-31,MASTER
P00957,7891000000957,SOLAR CEREAIS 1L,SOLAR,FAB_SOLAR,NUTRICAO,CEREAIS,1,L,N,2024-11-25,9999-12-31,MASTER
P00958,7891000000958,ALPHA LEITE EM PO 250ML,ALPHA,FAB_ALPHA,LACTEOS,LEITE EM PO,250,ML,N,2025-02-04,9999-12-31,MASTER
P00959,7891000000959,ALPHA LEITE EM PO 200G,ALPHA,FAB_ALPHA,LACTEOS,LEITE EM PO,200,G,N,2024-04-17,9999-12-31,MASTER
P00960,7891000000960,PRIME CEREAIS 250ML,PRIME,FAB_PRIME,NUTRICAO,CEREAIS,250,ML,N,2024-12-27,9999-12-31,MASTER
P00961,7891000000961,DELTA TEMPEROS 1KG,DELTA,FAB_DELTA,CULINARIOS,TEMPEROS,1,KG,N,2025-03-20,9999-12-31,MASTER
P00962,7891000000962,PRIME CEREAIS 100G,PRIME,FAB_PRIME,NUTRICAO,CEREAIS,100,G,N,2025-03-02,9999-12-31,MASTER
P00963,7891000000963,viva temperos 1l  ,VIVA,FAB_VIVA,CULINARIOS,TEMPEROS,1,L,N,2024-03-30,9999-12-31,MASTER
P00964,7891000000964,VIVA TEMPEROS 1KG,VIVA,FAB_VIVA,CULINARIOS,TEMPEROS,1,KG,N,2025-04-29,9999-12-31,MASTER
P00965,7891000000965,ALPHA TABLETES 1KG,ALPHA,FAB_ALPHA,CHOCOLATES,TABLETES,1,KG,N,2024-06-06,9999-12-31,MASTER
P00966,7891000000966,VIVA TEMPEROS 1L,VIVA,FAB_VIVA,CULINARIOS,TEMPEROS,1,L,N,2024-03-23,9999-12-31,MASTER
P00967,7891000000967,DELTA CEREAIS 1KG,DELTA,FAB_DELTA,NUTRICAO,CEREAIS,1,KG,N,2025-05-03,9999-12-31,MASTER
P00968,7891000000968,DELTA CEREAIS 500G,DELTA,FAB_DELTA,NUTRICAO,CEREAIS,500,G,N,2024-09-08,9999-12-31,MASTER
P00969,7891000000969,ALPHA TABLETES 250ML,ALPHA,FAB_ALPHA,CHOCOLATES,TABLETES,250,ML,N,2024-09-30,9999-12-31,MASTER
P00970,7891000000970,PRIME CAFE 250ML,PRIME,FAB_PRIME,BEBIDAS,CAFE,250,ML,N,2024-05-25,9999-12-31,MASTER
P00971,7891000000971,BETA TABLETES 1L,BETA,FAB_BETA,CHOCOLATES,TABLETES,1,L,N,2024-02-14,9999-12-31,MASTER
P00972,7891000000972,PRIME TABLETES 500G,PRIME,FAB_PRIME,CHOCOLATES,TABLETES,500,G,N,2024-09-19,9999-12-31,MASTER
P00973,7891000000973,ALPHA TEMPEROS 200G,ALPHA,FAB_ALPHA,CULINARIOS,TEMPEROS,200,G,N,2025-04-30,9999-12-31,MASTER
P00974,7891000000974,NOVA LEITE EM PO 250ML,NOVA,FAB_NOVA,LACTEOS,LEITE EM PO,250,ML,N,2024-05-10,9999-12-31,MASTER
P00975,7891000000975,BETA CEREAIS 100G,BETA,FAB_BETA,BEBIDAS,CEREAIS,100,G,N,2024-12-10,9999-12-31,MASTER
P00976,7891000000976,NOVA TEMPEROS 250ML,NOVA,FAB_NOVA,CULINARIOS,TEMPEROS,250,ML,N,2024-01-27,9999-12-31,MASTER
P00977,7891000000977,BETA TABLETES 250ML,BETA,FAB_BETA,CHOCOLATES,TABLETES,250,ML,N,2025-03-21,9999-12-31,MASTER
P00978,7891000000978,SOLAR CAFE 500G,SOLAR,FAB_SOLAR,BEBIDAS,CAFE,500,G,N,2025-02-18,9999-12-31,MASTER
P00979,7891000000979,PRIME TABLETES 100G,PRIME,FAB_PRIME,CHOCOLATES,TABLETES,100,G,N,2025-03-16,9999-12-31,MASTER
P00980,7891000000980,SOLAR TEMPEROS 200G,SOLAR,FAB_SOLAR,CULINARIOS,TEMPEROS,200,G,N,2024-07-14,9999-12-31,MASTER
P00981,7891000000981,PRIME TEMPEROS 500G,PRIME,FAB_PRIME,CULINARIOS,TEMPEROS,500,G,N,2025-03-11,9999-12-31,MASTER
P00982,7891000000982,NOVA CEREAIS 1L,NOVA,FAB_NOVA,NUTRICAO,CEREAIS,1,L,N,2025-03-26,9999-12-31,MASTER
P00983,7891000000983,NOVA CEREAIS 500G,NOVA,FAB_NOVA,NUTRICAO,CEREAIS,500,G,N,2025-04-11,9999-12-31,MASTER
P00984,7891000000984,NOVA CEREAIS 100G,NOVA,FAB_NOVA,NUTRICAO,CEREAIS,100,G,N,2024-07-26,9999-12-31,MASTER
P00985,7891000000985,DELTA CEREAIS 250ML,DELTA,FAB_DELTA,NUTRICAO,CEREAIS,250,ML,N,2024-02-04,9999-12-31,MASTER
P00986,7891000000986,VIVA TABLETES 100G,VIVA,FAB_VIVA,CHOCOLATES,TABLETES,100,G,N,2025-01-10,9999-12-31,MASTER
P00987,7891000000987,BETA CAFE 200G,BETA,FAB_BETA,BEBIDAS,CAFE,200,G,N,2024-06-09,9999-12-31,MASTER
P00988,7891000000988,ALPHA LEITE EM PO 200G,ALPHA,FAB_ALPHA,LACTEOS,LEITE EM PO,200,G,N,2024-11-28,9999-12-31,MASTER
P00989,7891000000989,BETA CAFE 200G,BETA,FAB_BETA,BEBIDAS,CAFE,200,G,N,2024-12-03,9999-12-31,MASTER
P00990,7891000000990,PRIME TABLETES 250ML,PRIME,FAB_PRIME,CHOCOLATES,TABLETES,250,ML,N,2024-02-16,9999-12-31,MASTER
P00991,7891000000991,NOVA TEMPEROS 500G,NOVA,FAB_NOVA,CULINARIOS,TEMPEROS,500,G,N,2024-12-02,9999-12-31,MASTER
P00992,7891000000992,prime cereais 100g  ,PRIME,FAB_PRIME,NUTRICAO,CEREAIS,100,G,N,2024-11-30,9999-12-31,MASTER
P00993,7891000000993,DELTA LEITE EM PO 100G,DELTA,FAB_DELTA,LACTEOS,LEITE EM PO,100,G,N,2024-03-11,9999-12-31,MASTER
P00994,7891000000994,SOLAR CAFE 500G,SOLAR,FAB_SOLAR,BEBIDAS,CAFE,500,G,N,2024-04-28,9999-12-31,MASTER
P00995,7891000000995,NOVA CEREAIS 1KG,NOVA,FAB_NOVA,NUTRICAO,CEREAIS,1,KG,N,2024-06-10,9999-12-31,MASTER
P00996,7891000000996,NOVA CAFE 250ML,NOVA,FAB_NOVA,BEBIDAS,CAFE,250,ML,N,2024-09-05,9999-12-31,MASTER
P00997,7891000000997,PRIME TABLETES 200G,PRIME,FAB_PRIME,CHOCOLATES,TABLETES,200,G,N,2024-12-31,9999-12-31,MASTER
P00998,7891000000998,DELTA CAFE 100G,DELTA,FAB_DELTA,BEBIDAS,CAFE,100,G,N,2025-05-12,9999-12-31,MASTER
P00999,7891000000999,PRIME CEREAIS 1L,PRIME,FAB_PRIME,NUTRICAO,CEREAIS,1,L,N,2024-01-10,9999-12-31,MASTER
P01000,7891000001000,VIVA TEMPEROS 1L,VIVA,FAB_VIVA,CULINARIOS,TEMPEROS,1,L,N,2024-08-25,9999-12-31,MASTER
P01001,7891000001001,ALPHA TABLETES 200G,ALPHA,FAB_ALPHA,CHOCOLATES,TABLETES,200,G,N,2024-07-22,9999-12-31,MASTER
P01002,891000001002,BETA TABLETES 100G,BETA,FAB_BETA,CHOCOLATES,TABLETES,100,G,N,2024-08-21,9999-12-31,MASTER
P01003,7891000001003,NOVA CAFE 500G,NOVA,FAB_NOVA,BEBIDAS,CAFE,500,G,N,2024-09-10,9999-12-31,MASTER
P01004,7891000001004,ALPHA TEMPEROS 200G,ALPHA,FAB_ALPHA,CULINARIOS,TEMPEROS,200,G,N,2024-05-03,9999-12-31,MASTER
P01005,7891000001005,PRIME TABLETES 100G,PRIME,FAB_PRIME,CHOCOLATES,TABLETES,100,G,N,2025-04-25,9999-12-31,MASTER
P01006,7891000001006,ALPHA TABLETES 500G,ALPHA,FAB_ALPHA,CHOCOLATES,TABLETES,500,G,N,2024-05-03,9999-12-31,MASTER
P01007,7891000001007,NOVA LEITE EM PO 500G,NOVA,FAB_NOVA,LACTEOS,LEITE EM PO,500,G,N,2024-03-22,9999-12-31,MASTER
P01008,7891000001008,NOVA TABLETES 200G,NOVA,FAB_NOVA,CHOCOLATES,TABLETES,200,G,N,2024-05-10,9999-12-31,MASTER
P01009,7891000001009,DELTA TABLETES 500G,DELTA,FAB_DELTA,CHOCOLATES,TABLETES,500,G,N,2024-09-07,9999-12-31,MASTER
P01010,7891000001010,ALPHA CAFE 250ML,ALPHA,FAB_ALPHA,BEBIDAS,CAFE,250,ML,N,2025-03-05,9999-12-31,MASTER
P01011,7891000001011,delta tabletes 250ml  ,DELTA,FAB_DELTA,CHOCOLATES,TABLETES,250,ML,N,2025-04-11,9999-12-31,MASTER
P01012,7891000001012,VIVA LEITE EM PO 1KG,VIVA,FAB_VIVA,LACTEOS,LEITE EM PO,1,KG,N,2025-04-06,9999-12-31,MASTER
P01013,7891000001013,VIVA CEREAIS 1L,VIVA,FAB_VIVA,NUTRICAO,CEREAIS,1,L,N,2025-02-05,9999-12-31,MASTER
P01014,7891000001014,VIVA CAFE 1KG,VIVA,FAB_VIVA,BEBIDAS,CAFE,1,KG,N,2025-03-19,9999-12-31,MASTER
P01015,7891000001015,ALPHA LEITE EM PO 1L,ALPHA,FAB_ALPHA,LACTEOS,LEITE EM PO,1,L,N,2024-04-04,9999-12-31,MASTER
P01016,7891000001016,ALPHA CAFE 100G,ALPHA,FAB_ALPHA,BEBIDAS,CAFE,100,G,N,2024-03-14,9999-12-31,MASTER
P01017,7891000001017,SOLAR LEITE EM PO 250ML,SOLAR,FAB_SOLAR,LACTEOS,LEITE EM PO,250,ML,N,2024-06-23,9999-12-31,MASTER
P01018,7891000001018,PRIME TABLETES 1L,PRIME,FAB_PRIME,CHOCOLATES,TABLETES,1,L,N,2025-03-04,9999-12-31,MASTER
P01019,7891000001019,DELTA CAFE 1L,DELTA,FAB_DELTA,BEBIDAS,CAFE,1,L,N,2024-10-12,9999-12-31,MASTER
P01020,7891000001020,NOVA TABLETES 250ML,NOVA,FAB_NOVA,CHOCOLATES,TABLETES,250,ML,N,2024-10-04,9999-12-31,MASTER
P01021,7891000001021,PRIME TABLETES 500G,PRIME,FAB_PRIME,CHOCOLATES,TABLETES,500,G,N,2024-11-29,9999-12-31,MASTER
P01022,7891000001022,ALPHA CEREAIS 250ML,ALPHA,FAB_ALPHA,NUTRICAO,CEREAIS,250,ML,N,2025-05-11,9999-12-31,MASTER
P01023,7891000001023,ALPHA TABLETES 1KG,ALPHA,FAB_ALPHA,CHOCOLATES,TABLETES,1,KG,N,2024-06-19,9999-12-31,MASTER
P01024,7891000001024,SOLAR CEREAIS 200G,SOLAR,FAB_SOLAR,NUTRICAO,CEREAIS,200,G,N,2025-01-24,9999-12-31,MASTER
P01025,7891000001025,VIVA TABLETES 1KG,VIVA,FAB_VIVA,CHOCOLATES,TABLETES,1,KG,N,2025-04-13,9999-12-31,MASTER
P01026,7891000001026,DELTA TABLETES 250ML,DELTA,FAB_DELTA,CHOCOLATES,TABLETES,250,ML,N,2024-04-17,9999-12-31,MASTER
P01027,7891000001027,BETA CAFE 250ML,BETA,FAB_BETA,BEBIDAS,CAFE,250,ML,N,2024-07-04,9999-12-31,MASTER
P01028,7891000001028,DELTA TABLETES 500G,DELTA,FAB_DELTA,CHOCOLATES,TABLETES,500,G,N,2024-04-10,9999-12-31,MASTER
P01029,7891000001029,DELTA LEITE EM PO 200G,DELTA,FAB_DELTA,LACTEOS,LEITE EM PO,200,G,N,2024-03-06,9999-12-31,MASTER
P01030,7891000001030,VIVA CAFE 1L,VIVA,FAB_VIVA,BEBIDAS,CAFE,1,L,N,2024-03-10,9999-12-31,MASTER
P01031,7891000001031,DELTA LEITE EM PO 500G,DELTA,FAB_DELTA,LACTEOS,LEITE EM PO,500,G,N,2024-09-15,9999-12-31,MASTER
P01032,7891000001032,NOVA TABLETES 250ML,NOVA,FAB_NOVA,CHOCOLATES,TABLETES,250,ML,N,2024-10-01,9999-12-31,MASTER
P01033,7891000001033,ALPHA CEREAIS 1L,ALPHA,FAB_ALPHA,NUTRICAO,CEREAIS,1,L,N,2025-03-07,9999-12-31,MASTER
P01034,7891000001034,NOVA CAFE 100G,NOVA,FAB_NOVA,BEBIDAS,CAFE,100,G,N,2024-10-22,9999-12-31,MASTER
P01035,7891000001035,BETA TABLETES 1KG,BETA,FAB_BETA,CHOCOLATES,TABLETES,1,KG,N,2025-03-24,9999-12-31,MASTER
P01036,7891000001036,NOVA LEITE EM PO 100G,NOVA,FAB_NOVA,LACTEOS,LEITE EM PO,100,G,N,2024-05-10,9999-12-31,MASTER
P01037,7891000001037,DELTA CEREAIS 1L,DELTA,FAB_DELTA,NUTRICAO,CEREAIS,1,L,N,2024-08-28,9999-12-31,MASTER
P01038,7891000001038,BETA LEITE EM PO 500G,BETA,FAB_BETA,LACTEOS,LEITE EM PO,500,G,N,2024-01-28,9999-12-31,MASTER
P01039,7891000001039,PRIME TABLETES 500G,PRIME,FAB_PRIME,CHOCOLATES,TABLETES,500,G,N,2024-09-14,9999-12-31,MASTER
P01040,7891000001040,VIVA TEMPEROS 200G,VIVA,FAB_VIVA,CULINARIOS,TEMPEROS,200,G,N,2024-10-28,9999-12-31,MASTER
P01041,7891000001041,NOVA TEMPEROS 200G,NOVA,FAB_NOVA,CULINARIOS,TEMPEROS,200,G,N,2025-04-05,9999-12-31,MASTER
P01042,7891000001042,PRIME LEITE EM PO 1L,PRIME,FAB_PRIME,LACTEOS,LEITE EM PO,1,L,N,2024-09-26,9999-12-31,MASTER
P01043,7891000001043,DELTA CAFE 500G,DELTA,FAB_DELTA,BEBIDAS,CAFE,500,G,N,2024-12-25,9999-12-31,MASTER
P01044,7891000001044,PRIME TABLETES 100G,PRIME,FAB_PRIME,CHOCOLATES,TABLETES,100,G,N,2024-01-05,9999-12-31,MASTER
P01045,7891000001045,BETA TEMPEROS 500G,BETA,FAB_BETA,CULINARIOS,TEMPEROS,500,G,N,2025-01-19,9999-12-31,MASTER
P01046,7891000001046,PRIME CAFE 100G,PRIME,FAB_PRIME,BEBIDAS,CAFE,100,G,N,2024-02-12,9999-12-31,MASTER
P01047,7891000001047,VIVA LEITE EM PO 1KG,VIVA,FAB_VIVA,LACTEOS,LEITE EM PO,1,KG,N,2025-03-19,9999-12-31,MASTER
P01048,7891000001048,VIVA TABLETES 500G,VIVA,FAB_VIVA,CHOCOLATES,TABLETES,500,G,N,2024-07-16,9999-12-31,MASTER
P01049,7891000001049,ALPHA LEITE EM PO 100G,ALPHA,FAB_ALPHA,LACTEOS,LEITE EM PO,100,G,N,2025-04-27,9999-12-31,MASTER
P01050,7891000001050,SOLAR TEMPEROS 1L,SOLAR,FAB_SOLAR,CULINARIOS,TEMPEROS,1,L,N,2024-08-14,9999-12-31,MASTER
P01051,7891000001051,BETA TABLETES 1L,BETA,FAB_BETA,CHOCOLATES,TABLETES,1,L,N,2024-11-26,9999-12-31,MASTER
P01052,7891000001052,NOVA TABLETES 1KG,NOVA,FAB_NOVA,CHOCOLATES,TABLETES,1,KG,N,2024-12-28,9999-12-31,MASTER
P01053,7891000001053,VIVA TABLETES 1KG,VIVA,FAB_VIVA,CHOCOLATES,TABLETES,1,KG,N,2024-10-13,9999-12-31,MASTER
P01054,7891000001054,nova tabletes 1kg  ,NOVA,FAB_NOVA,CHOCOLATES,TABLETES,1,KG,N,2024-03-21,9999-12-31,MASTER
P01055,7891000001055,PRIME TABLETES 500G,PRIME,FAB_PRIME,CHOCOLATES,TABLETES,500,G,N,2024-08-02,9999-12-31,MASTER
P01056,7891000001056,SOLAR CEREAIS 500G,SOLAR,FAB_SOLAR,NUTRICAO,CEREAIS,500,G,N,2025-02-04,9999-12-31,MASTER
P01057,7891000001057,BETA TEMPEROS 1L,BETA,FAB_BETA,CULINARIOS,TEMPEROS,1,L,N,2024-02-02,9999-12-31,MASTER
P01058,7891000001058,PRIME CEREAIS 1L,PRIME,FAB_PRIME,NUTRICAO,CEREAIS,1,L,N,2024-09-15,9999-12-31,MASTER
P01059,7891000001059,VIVA TEMPEROS 100G,VIVA,FAB_VIVA,CULINARIOS,TEMPEROS,100,G,N,2024-08-18,9999-12-31,MASTER
P01060,7891000001060,SOLAR LEITE EM PO 250ML,SOLAR,FAB_SOLAR,LACTEOS,LEITE EM PO,250,ML,N,2024-07-11,9999-12-31,MASTER
P01061,7891000001061,BETA TABLETES 1KG,BETA,FAB_BETA,CHOCOLATES,TABLETES,1,KG,N,2024-09-13,9999-12-31,MASTER
P01062,7891000001062,BETA TEMPEROS 100G,BETA,FAB_BETA,CULINARIOS,TEMPEROS,100,G,N,2025-03-14,9999-12-31,MASTER
P01063,7891000001063,DELTA CEREAIS 1KG,DELTA,FAB_DELTA,NUTRICAO,CEREAIS,1,KG,N,2024-12-15,9999-12-31,MASTER
P01064,7891000001064,ALPHA TABLETES 250ML,ALPHA,FAB_ALPHA,CHOCOLATES,TABLETES,250,ML,N,2025-05-09,9999-12-31,MASTER
P01065,7891000001065,solar leite em po 1kg  ,SOLAR,FAB_SOLAR,LACTEOS,LEITE EM PO,1,KG,N,2024-02-16,9999-12-31,MASTER
P01066,7891000001066,PRIME TABLETES 1L,PRIME,FAB_PRIME,CHOCOLATES,TABLETES,1,L,N,2024-02-08,9999-12-31,MASTER
P01067,7891000001067,BETA CAFE 100G,BETA,FAB_BETA,BEBIDAS,CAFE,100,G,N,2024-01-03,9999-12-31,MASTER
P01068,7891000001068,DELTA LEITE EM PO 200G,DELTA,FAB_DELTA,LACTEOS,LEITE EM PO,200,G,N,2024-05-04,9999-12-31,MASTER
P01069,7891000001069,PRIME CEREAIS 250ML,PRIME,FAB_PRIME,NUTRICAO,CEREAIS,250,ML,N,2025-04-19,9999-12-31,MASTER
P01070,7891000001070,BETA TABLETES 500G,BETA,FAB_BETA,CHOCOLATES,TABLETES,500,G,N,2024-03-19,9999-12-31,MASTER
P01071,7891000001071,ALPHA LEITE EM PO 100G,ALPHA,FAB_ALPHA,LACTEOS,LEITE EM PO,100,G,N,2024-05-09,9999-12-31,MASTER
P01072,7891000001072,PRIME TABLETES 1KG,PRIME,FAB_PRIME,CHOCOLATES,TABLETES,1,KG,N,2024-06-18,9999-12-31,MASTER
P01073,7891000001073,VIVA LEITE EM PO 200G,VIVA,FAB_VIVA,LACTEOS,LEITE EM PO,200,G,N,2024-12-12,9999-12-31,MASTER
P01074,7891000001074,ALPHA CEREAIS 100G,ALPHA,FAB_ALPHA,NUTRICAO,CEREAIS,100,G,N,2024-08-24,9999-12-31,MASTER
P01075,7891000001075,ALPHA LEITE EM PO 500G,ALPHA,FAB_ALPHA,LACTEOS,LEITE EM PO,500,G,N,2024-06-01,9999-12-31,MASTER
P01076,7891000001076,ALPHA TABLETES 500G,ALPHA,FAB_ALPHA,CHOCOLATES,TABLETES,500,G,N,2025-05-02,9999-12-31,MASTER
P01077,7891000001077,PRIME CEREAIS 1KG,PRIME,FAB_PRIME,NUTRICAO,CEREAIS,1,KG,N,2024-01-07,9999-12-31,MASTER
P01078,7891000001078,PRIME CAFE 100G,PRIME,FAB_PRIME,BEBIDAS,CAFE,100,G,N,2024-11-05,9999-12-31,MASTER
P01079,7891000001079,PRIME LEITE EM PO 100G,PRIME,FAB_PRIME,LACTEOS,LEITE EM PO,100,G,N,2025-03-19,9999-12-31,MASTER
P01080,7891000001080,DELTA LEITE EM PO 100G,DELTA,FAB_DELTA,LACTEOS,LEITE EM PO,100,G,N,2024-02-11,9999-12-31,MASTER
P01081,7891000001081,ALPHA CAFE 1KG,ALPHA,FAB_ALPHA,BEBIDAS,CAFE,1,KG,N,2024-11-30,9999-12-31,MASTER
P01082,7891000001082,VIVA LEITE EM PO 1L,VIVA,FAB_VIVA,LACTEOS,LEITE EM PO,1,L,N,2024-09-05,9999-12-31,MASTER
P01083,7891000001083,SOLAR TABLETES 500G,SOLAR,FAB_SOLAR,CHOCOLATES,TABLETES,500,G,N,2025-03-25,9999-12-31,MASTER
P01084,7891000001084,viva leite em po 1kg  ,VIVA,FAB_VIVA,LACTEOS,LEITE EM PO,1,KG,N,2024-08-10,9999-12-31,MASTER
P01085,7891000001085,PRIME TEMPEROS 1L,PRIME,FAB_PRIME,CULINARIOS,TEMPEROS,1,L,N,2024-07-03,9999-12-31,MASTER
P01086,7891000001086,NOVA CEREAIS 1L,NOVA,FAB_NOVA,NUTRICAO,CEREAIS,1,L,N,2024-12-08,9999-12-31,MASTER
P01087,891000001087,VIVA LEITE EM PO 500G,VIVA,FAB_VIVA,LACTEOS,LEITE EM PO,500,G,N,2025-03-06,9999-12-31,MASTER
P01088,7891000001088,VIVA TEMPEROS 1KG,VIVA,FAB_VIVA,CULINARIOS,TEMPEROS,1,KG,N,2024-05-21,9999-12-31,MASTER
P01089,7891000001089,PRIME TEMPEROS 500G,PRIME,FAB_PRIME,CULINARIOS,TEMPEROS,500,G,N,2025-03-24,9999-12-31,MASTER
P01090,7891000001090,BETA TEMPEROS 250ML,BETA,FAB_BETA,CULINARIOS,TEMPEROS,250,ML,N,2024-12-11,9999-12-31,MASTER
P01091,7891000001091,VIVA TEMPEROS 100G,VIVA,FAB_VIVA,CULINARIOS,TEMPEROS,100,G,N,2024-05-21,9999-12-31,MASTER
P01092,7891000001092,DELTA TEMPEROS 1L,DELTA,FAB_DELTA,CULINARIOS,TEMPEROS,1,L,N,2024-01-08,9999-12-31,MASTER
P01093,891000001093,SOLAR TABLETES 500G,SOLAR,FAB_SOLAR,CHOCOLATES,TABLETES,500,G,N,2024-01-31,9999-12-31,MASTER
P01094,7891000001094,SOLAR CAFE 1KG,SOLAR,FAB_SOLAR,BEBIDAS,CAFE,1,KG,N,2024-09-20,9999-12-31,MASTER
P01095,7891000001095,DELTA TEMPEROS 500G,DELTA,FAB_DELTA,CULINARIOS,TEMPEROS,500,G,N,2025-04-14,9999-12-31,MASTER
P01096,7891000001096,BETA CEREAIS 1KG,BETA,FAB_BETA,NUTRICAO,CEREAIS,1,KG,N,2024-05-26,9999-12-31,MASTER
P01097,7891000001097,solar cafe 200g  ,SOLAR,FAB_SOLAR,BEBIDAS,CAFE,200,G,N,2024-06-02,9999-12-31,MASTER
P01098,7891000001098,BETA CEREAIS 1L,BETA,FAB_BETA,NUTRICAO,CEREAIS,1,L,N,2024-12-09,9999-12-31,MASTER
P01099,7891000001099,DELTA TEMPEROS 500G,DELTA,FAB_DELTA,CULINARIOS,TEMPEROS,500,G,N,2025-02-11,9999-12-31,MASTER
P01100,7891000001100,PRIME CEREAIS 1KG,PRIME,FAB_PRIME,NUTRICAO,CEREAIS,1,KG,N,2024-05-03,9999-12-31,MASTER
P01101,7891000001101,ALPHA TEMPEROS 1KG,ALPHA,FAB_ALPHA,CULINARIOS,TEMPEROS,1,KG,N,2024-07-24,9999-12-31,MASTER
P01102,7891000001102,PRIME TEMPEROS 100G,PRIME,FAB_PRIME,CULINARIOS,TEMPEROS,100,G,N,2025-03-01,9999-12-31,MASTER
P01103,7891000001103,BETA TABLETES 250ML,BETA,FAB_BETA,CHOCOLATES,TABLETES,250,ML,N,2025-02-15,9999-12-31,MASTER
P01104,7891000001104,NOVA TEMPEROS 100G,NOVA,FAB_NOVA,CULINARIOS,TEMPEROS,100,G,N,2024-08-27,9999-12-31,MASTER
P01105,7891000001105,BETA TABLETES 250ML,BETA,FAB_BETA,CHOCOLATES,TABLETES,250,ML,N,2024-04-03,9999-12-31,MASTER
P01106,7891000001106,PRIME TABLETES 1KG,PRIME,FAB_PRIME,CHOCOLATES,TABLETES,1,KG,N,2024-11-25,9999-12-31,MASTER
P01107,7891000001107,PRIME CEREAIS 200G,PRIME,FAB_PRIME,NUTRICAO,CEREAIS,200,G,N,2024-01-16,9999-12-31,MASTER
P01108,7891000001108,DELTA TABLETES 1KG,DELTA,FAB_DELTA,CHOCOLATES,TABLETES,1,KG,N,2024-09-02,9999-12-31,MASTER
P01109,7891000001109,PRIME CEREAIS 500G,PRIME,FAB_PRIME,NUTRICAO,CEREAIS,500,G,N,2024-05-20,9999-12-31,MASTER
P01110,7891000001110,NOVA TABLETES 500G,NOVA,FAB_NOVA,CHOCOLATES,TABLETES,500,G,N,2024-11-24,9999-12-31,MASTER
P01111,7891000001111,ALPHA LEITE EM PO 200G,ALPHA,FAB_ALPHA,LACTEOS,LEITE EM PO,200,G,N,2024-02-16,9999-12-31,MASTER
P01112,7891000001112,PRIME TEMPEROS 200G,PRIME,FAB_PRIME,CULINARIOS,TEMPEROS,200,G,N,2024-06-12,9999-12-31,MASTER
P01113,7891000001113,DELTA LEITE EM PO 1L,DELTA,FAB_DELTA,LACTEOS,LEITE EM PO,1,L,N,2025-01-21,9999-12-31,MASTER
P01114,7891000001114,SOLAR TABLETES 200G,SOLAR,FAB_SOLAR,CHOCOLATES,TABLETES,200,G,N,2024-03-31,9999-12-31,MASTER
P01115,7891000001115,PRIME CEREAIS 100G,PRIME,FAB_PRIME,NUTRICAO,CEREAIS,100,G,N,2024-02-23,9999-12-31,MASTER
P01116,7891000001116,BETA CAFE 500G,BETA,FAB_BETA,BEBIDAS,CAFE,500,G,N,2025-02-03,9999-12-31,MASTER
P01117,7891000001117,BETA LEITE EM PO 250ML,BETA,FAB_BETA,LACTEOS,LEITE EM PO,250,ML,N,2025-01-02,9999-12-31,MASTER
P01118,7891000001118,PRIME CAFE 1L,PRIME,FAB_PRIME,BEBIDAS,CAFE,1,L,N,2024-12-23,9999-12-31,MASTER
P01119,7891000001119,ALPHA CEREAIS 250ML,ALPHA,FAB_ALPHA,NUTRICAO,CEREAIS,250,ML,N,2024-03-26,9999-12-31,MASTER
P01120,7891000001120,delta cafe 1kg  ,DELTA,FAB_DELTA,BEBIDAS,CAFE,1,KG,N,2024-09-18,9999-12-31,MASTER
P01121,7891000001121,VIVA TABLETES 500G,VIVA,FAB_VIVA,CHOCOLATES,TABLETES,500,G,N,2025-03-25,9999-12-31,MASTER
P01122,7891000001122,SOLAR CEREAIS 500G,SOLAR,FAB_SOLAR,NUTRICAO,CEREAIS,500,G,N,2024-07-11,9999-12-31,MASTER
P01123,7891000001123,NOVA CAFE 500G,NOVA,FAB_NOVA,BEBIDAS,CAFE,500,G,N,2024-08-27,9999-12-31,MASTER
P01124,7891000001124,BETA TEMPEROS 250ML,BETA,FAB_BETA,CULINARIOS,TEMPEROS,250,ML,N,2024-10-20,9999-12-31,MASTER
P01125,7891000001125,BETA CEREAIS 1L,BETA,FAB_BETA,NUTRICAO,CEREAIS,1,L,N,2024-08-09,9999-12-31,MASTER
P01126,7891000001126,beta cereais 1l  ,BETA,FAB_BETA,NUTRICAO,CEREAIS,1,L,N,2024-12-27,9999-12-31,MASTER
P01127,7891000001127,PRIME TABLETES 500G,PRIME,FAB_PRIME,CHOCOLATES,TABLETES,500,G,N,2024-08-22,9999-12-31,MASTER
P01128,7891000001128,VIVA TABLETES 200G,VIVA,FAB_VIVA,CHOCOLATES,TABLETES,200,G,N,2024-06-18,9999-12-31,MASTER
P01129,7891000001129,SOLAR CAFE 1KG,SOLAR,FAB_SOLAR,BEBIDAS,CAFE,1,KG,N,2024-11-30,9999-12-31,MASTER
P01130,7891000001130,VIVA CEREAIS 250ML,VIVA,FAB_VIVA,NUTRICAO,CEREAIS,250,ML,N,2025-01-22,9999-12-31,MASTER
P01131,7891000001131,BETA TABLETES 200G,BETA,FAB_BETA,CHOCOLATES,TABLETES,200,G,N,2024-04-16,9999-12-31,MASTER
P01132,7891000001132,NOVA TABLETES 1KG,NOVA,FAB_NOVA,CHOCOLATES,TABLETES,1,KG,N,2024-03-07,9999-12-31,MASTER
P01133,7891000001133,NOVA CEREAIS 200G,NOVA,FAB_NOVA,NUTRICAO,CEREAIS,200,G,N,2024-08-08,9999-12-31,MASTER
P01134,7891000001134,SOLAR LEITE EM PO 200G,SOLAR,FAB_SOLAR,LACTEOS,LEITE EM PO,200,G,N,2025-04-24,9999-12-31,MASTER
P01135,7891000001135,viva cereais 250ml  ,VIVA,FAB_VIVA,NUTRICAO,CEREAIS,250,ML,N,2024-09-06,9999-12-31,MASTER
P01136,7891000001136,solar cereais 100g  ,SOLAR,FAB_SOLAR,NUTRICAO,CEREAIS,100,G,N,2024-06-28,9999-12-31,MASTER
P01137,7891000001137,VIVA LEITE EM PO 1KG,VIVA,FAB_VIVA,BEBIDAS,LEITE EM PO,1,KG,N,2024-11-16,9999-12-31,MASTER
P01138,7891000001138,PRIME CEREAIS 500G,PRIME,FAB_PRIME,NUTRICAO,CEREAIS,500,G,N,2025-02-08,9999-12-31,MASTER
P01139,7891000001139,VIVA TABLETES 100G,VIVA,FAB_VIVA,CHOCOLATES,TABLETES,100,G,N,2025-02-18,9999-12-31,MASTER
P01140,7891000001140,PRIME TABLETES 1L,PRIME,FAB_PRIME,LACTEO,TABLETES,1,L,N,2024-02-18,9999-12-31,MASTER
P01141,7891000001141,SOLAR TEMPEROS 1KG,SOLAR,FAB_SOLAR,CULINARIOS,TEMPEROS,1,KG,N,2025-05-09,9999-12-31,MASTER
P01142,7891000001142,BETA CAFE 250ML,BETA,FAB_BETA,BEBIDAS,CAFE,250,ML,N,2024-04-20,9999-12-31,MASTER
P01143,7891000001143,NOVA LEITE EM PO 100G,NOVA,FAB_NOVA,LACTEOS,LEITE EM PO,100,G,N,2024-12-26,9999-12-31,MASTER
P01144,7891000001144,beta temperos 100g  ,BETA,FAB_BETA,CULINARIOS,TEMPEROS,100,G,N,2025-05-09,9999-12-31,MASTER
P01145,7891000001145,NOVA LEITE EM PO 1L,NOVA,FAB_NOVA,LACTEOS,LEITE EM PO,1,L,N,2025-01-11,9999-12-31,MASTER
P01146,7891000001146,SOLAR TEMPEROS 100G,SOLAR,FAB_SOLAR,CULINARIOS,TEMPEROS,100,G,N,2024-03-07,9999-12-31,MASTER
P01147,7891000001147,NOVA TABLETES 1L,NOVA,FAB_NOVA,CHOCOLATES,TABLETES,1,L,N,2024-12-27,9999-12-31,MASTER
P01148,7891000001148,PRIME CEREAIS 100G,PRIME,FAB_PRIME,NUTRICAO,CEREAIS,100,G,N,2024-05-06,9999-12-31,MASTER
P01149,7891000001149,NOVA TEMPEROS 500G,NOVA,FAB_NOVA,CULINARIOS,TEMPEROS,500,G,N,2024-11-27,9999-12-31,MASTER
P01150,7891000001150,BETA TEMPEROS 100G,BETA,FAB_BETA,CULINARIOS,TEMPEROS,100,G,N,2024-10-23,9999-12-31,MASTER
P01151,7891000001151,VIVA CEREAIS 1KG,VIVA,FAB_VIVA,NUTRICAO,CEREAIS,1,KG,N,2025-04-17,9999-12-31,MASTER
P01152,7891000001152,SOLAR LEITE EM PO 1L,SOLAR,FAB_SOLAR,LACTEOS,LEITE EM PO,1,L,N,2025-02-11,9999-12-31,MASTER
P01153,7891000001153,VIVA CAFE 100G,VIVA,FAB_VIVA,BEBIDAS,CAFE,100,G,N,2024-10-31,9999-12-31,MASTER
P01154,7891000001154,ALPHA CAFE 250ML,ALPHA,FAB_ALPHA,BEBIDAS,CAFE,250,ML,N,2025-01-23,9999-12-31,MASTER
P01155,7891000001155,BETA TEMPEROS 100G,BETA,FAB_BETA,CULINARIOS,TEMPEROS,100,G,N,2024-08-21,9999-12-31,MASTER
P01156,7891000001156,NOVA LEITE EM PO 1KG,NOVA,FAB_NOVA,LACTEOS,LEITE EM PO,1,KG,N,2025-01-03,9999-12-31,MASTER
P01157,7891000001157,NOVA LEITE EM PO 250ML,NOVA,FAB_NOVA,LACTEOS,LEITE EM PO,250,ML,N,2024-07-06,9999-12-31,MASTER
P01158,7891000001158,NOVA TABLETES 200G,NOVA,FAB_NOVA,CHOCOLATES,TABLETES,200,G,N,2025-04-23,9999-12-31,MASTER
P01159,7891000001159,BETA TABLETES 500G,BETA,FAB_BETA,CHOCOLATES,TABLETES,500,G,N,2024-10-05,9999-12-31,MASTER
P01160,7891000001160,BETA TABLETES 500G,BETA,FAB_BETA,CHOCOLATES,TABLETES,500,G,N,2024-09-30,9999-12-31,MASTER
P01161,7891000001161,DELTA LEITE EM PO 1KG,DELTA,FAB_DELTA,LACTEOS,LEITE EM PO,1,KG,N,2024-02-22,9999-12-31,MASTER
P01162,7891000001162,VIVA TABLETES 1KG,VIVA,FAB_VIVA,CHOCOLATES,TABLETES,1,KG,N,2025-02-13,9999-12-31,MASTER
P01163,7891000001163,VIVA CEREAIS 1KG,VIVA,FAB_VIVA,NUTRICAO,CEREAIS,1,KG,N,2024-09-29,9999-12-31,MASTER
P01164,7891000001164,PRIME CEREAIS 500G,PRIME,FAB_PRIME,NUTRICAO,CEREAIS,500,G,N,2024-05-01,9999-12-31,MASTER
P01165,7891000001165,SOLAR LEITE EM PO 1L,SOLAR,FAB_SOLAR,LACTEOS,LEITE EM PO,1,L,N,2025-02-03,9999-12-31,MASTER
P01166,7891000001166,BETA CAFE 250ML,BETA,FAB_BETA,BEBIDAS,CAFE,250,ML,N,2024-04-11,9999-12-31,MASTER
P01167,7891000001167,BETA TEMPEROS 250ML,BETA,FAB_BETA,CULINARIOS,TEMPEROS,250,ML,N,2024-02-06,9999-12-31,MASTER
P01168,7891000001168,DELTA CAFE 100G,DELTA,FAB_DELTA,BEBIDAS,CAFE,100,G,N,2024-11-08,9999-12-31,MASTER
P01169,7891000001169,SOLAR CAFE 1KG,SOLAR,FAB_SOLAR,BEBIDAS,CAFE,1,KG,N,2025-05-12,9999-12-31,MASTER
P01170,7891000001170,DELTA LEITE EM PO 500G,DELTA,FAB_DELTA,LACTEOS,LEITE EM PO,500,G,N,2024-09-27,9999-12-31,MASTER
P01171,7891000001171,DELTA TEMPEROS 1L,DELTA,FAB_DELTA,CULINARIOS,TEMPEROS,1,L,N,2024-10-31,9999-12-31,MASTER
P01172,7891000001172,PRIME CAFE 100G,PRIME,FAB_PRIME,BEBIDAS,CAFE,100,G,N,2024-08-04,9999-12-31,MASTER
P01173,7891000001173,ALPHA CEREAIS 200G,ALPHA,FAB_ALPHA,NUTRICAO,CEREAIS,200,G,N,2024-12-17,9999-12-31,MASTER
P01174,7891000001174,VIVA CAFE 100G,VIVA,FAB_VIVA,BEBIDAS,CAFE,100,G,N,2024-12-17,9999-12-31,MASTER
P01175,7891000001175,PRIME CAFE 200G,PRIME,FAB_PRIME,BEBIDAS,CAFE,200,G,N,2024-04-13,9999-12-31,MASTER
P01176,7891000001176,SOLAR TEMPEROS 500G,SOLAR,FAB_SOLAR,CULINARIOS,TEMPEROS,500,G,N,2024-01-25,9999-12-31,MASTER
P01177,7891000001177,VIVA TABLETES 100G,VIVA,FAB_VIVA,CHOCOLATES,TABLETES,100,G,N,2024-10-10,9999-12-31,MASTER
P01178,7891000001178,VIVA LEITE EM PO 100G,VIVA,FAB_VIVA,LACTEOS,LEITE EM PO,100,G,N,2024-05-19,9999-12-31,MASTER
P01179,7891000001179,SOLAR CEREAIS 1KG,SOLAR,FAB_SOLAR,NUTRICAO,CEREAIS,1,KG,N,2024-10-12,9999-12-31,MASTER
P01180,7891000001180,SOLAR CEREAIS 1L,SOLAR,FAB_SOLAR,NUTRICAO,CEREAIS,1,L,N,2024-08-31,9999-12-31,MASTER
P01181,7891000001181,BETA TABLETES 250ML,BETA,FAB_BETA,CHOCOLATES,TABLETES,250,ML,N,2025-04-14,9999-12-31,MASTER
P01182,7891000001182,SOLAR CAFE 1L,SOLAR,FAB_SOLAR,BEBIDAS,CAFE,1,L,N,2024-09-29,9999-12-31,MASTER
P01183,7891000001183,DELTA TEMPEROS 500G,DELTA,FAB_DELTA,CULINARIOS,TEMPEROS,500,G,N,2025-02-15,9999-12-31,MASTER
P01184,7891000001184,BETA CAFE 1KG,BETA,FAB_BETA,BEBIDAS,CAFE,1,KG,N,2024-12-12,9999-12-31,MASTER
P01185,7891000001185,BETA TABLETES 500G,BETA,FAB_BETA,CHOCOLATES,TABLETES,500,G,N,2025-05-03,9999-12-31,MASTER
P01186,7891000001186,VIVA CAFE 1KG,VIVA,FAB_VIVA,BEBIDAS,CAFE,1,KG,N,2024-12-07,9999-12-31,MASTER
P01187,7891000001187,SOLAR LEITE EM PO 200G,SOLAR,FAB_SOLAR,LACTEOS,LEITE EM PO,200,G,N,2024-12-13,9999-12-31,MASTER
P01188,7891000001188,SOLAR CAFE 250ML,SOLAR,FAB_SOLAR,BEBIDAS,CAFE,250,ML,N,2024-12-20,9999-12-31,MASTER
P01189,7891000001189,NOVA CEREAIS 1L,NOVA,FAB_NOVA,NUTRICAO,CEREAIS,1,L,N,2025-01-15,9999-12-31,MASTER
P01190,7891000001190,ALPHA TEMPEROS 1L,ALPHA,FAB_ALPHA,CULINARIOS,TEMPEROS,1,L,N,2024-09-17,9999-12-31,MASTER
P01191,7891000001191,BETA CAFE 200G,BETA,FAB_BETA,BEBIDAS,CAFE,200,G,N,2024-12-03,9999-12-31,MASTER
P01192,7891000001192,VIVA TEMPEROS 1KG,VIVA,FAB_VIVA,CULINARIOS,TEMPEROS,1,KG,N,2024-07-23,9999-12-31,MASTER
P01193,7891000001193,DELTA CEREAIS 200G,DELTA,FAB_DELTA,NUTRICAO,CEREAIS,200,G,N,2024-10-01,9999-12-31,MASTER
P01194,7891000001194,ALPHA CEREAIS 200G,ALPHA,FAB_ALPHA,NUTRICAO,CEREAIS,200,G,N,2025-02-01,9999-12-31,MASTER
P01195,7891000001195,PRIME TABLETES 250ML,PRIME,FAB_PRIME,CHOCOLATES,TABLETES,250,ML,N,2024-02-21,9999-12-31,MASTER
P01196,7891000001196,SOLAR CEREAIS 200G,SOLAR,FAB_SOLAR,NUTRICAO,CEREAIS,200,G,N,2024-01-03,9999-12-31,MASTER
P01197,7891000001197,ALPHA CAFE 1L,ALPHA,FAB_ALPHA,BEBIDAS,CAFE,1,L,N,2024-01-10,9999-12-31,MASTER
P01198,7891000001198,DELTA CEREAIS 250ML,DELTA,FAB_DELTA,NUTRICAO,CEREAIS,250,ML,N,2024-10-25,9999-12-31,MASTER
P01199,7891000001199,BETA CEREAIS 500G,BETA,FAB_BETA,NUTRICAO,CEREAIS,500,G,N,2024-01-29,9999-12-31,MASTER
P01200,7891000001200,PRIME LEITE EM PO 200G,PRIME,FAB_PRIME,LACTEOS,LEITE EM PO,200,G,N,2024-10-31,9999-12-31,MASTER
PX0001,7891000000673,PRIME  TEMPEROS  1L NOVA EMB,PRIME,FAB_PRIME,OUTROS,TEMPEROS,1,L,N,2024-08-11,9999-12-31,MASTER
PX0002,7891000000106,NESQUIK  CEREAIS  100G NOVA EMB,NESQUIK,NESTLE,OUTROS,CEREAIS,100,G,Y,2024-04-15,9999-12-31,MASTER
PX0003,7891000000202,NESCAFE  TABLETES  100G NOVA EMB,NESCAFE,NESTLE,OUTROS,TABLETES,100,G,Y,2025-03-04,9999-12-31,MASTER
PX0004,7891000000428,PRIME  CAFE  100G NOVA EMB,PRIME,FAB_PRIME,BEBIDAS,CAFE,100,G,N,2024-01-11,9999-12-31,MASTER
PX0005,7891000000301,NINHO  TEMPEROS  100G NOVA EMB,NINHO,NESTLE,CULINARIOS,TEMPEROS,100,G,Y,2024-08-15,9999-12-31,MASTER
PX0006,7891000000264,NINHO  CAFE  100G NOVA EMB,NINHO,NESTLE,BEBIDAS,CAFE,100,G,Y,2025-02-04,9999-12-31,MASTER
PX0007,7891000000506,VIVA  CAFE  1KG NOVA EMB,VIVA,FAB_VIVA,OUTROS,CAFE,1,KG,N,2024-10-29,9999-12-31,MASTER
PX0008,7891000000885,PRIME  CEREAIS  100G NOVA EMB,PRIME,FAB_PRIME,OUTROS,CEREAIS,100,G,N,2025-01-11,9999-12-31,MASTER
PX0009,7891000000314,NINHO  CEREAIS  100G NOVA EMB,NINHO,NESTLE,NUTRICAO,CEREAIS,100,G,Y,2024-02-24,9999-12-31,MASTER
PX0010,7891000000169,MAGGI  TEMPEROS  200G NOVA EMB,MAGGI,NESTLE,CULINARIOS,TEMPEROS,200,G,Y,2024-06-01,9999-12-31,MASTER
PX0011,7891000000421,ALPHA  TABLETES  250ML NOVA EMB,ALPHA,FAB_ALPHA,CHOCOLATES,TABLETES,250,ML,N,2024-12-16,9999-12-31,MASTER
PX0012,7891000000108,NESCAFE  TEMPEROS  1L NOVA EMB,NESCAFE,NESTLE,CULINARIOS,TEMPEROS,1,L,Y,2024-01-11,9999-12-31,MASTER
PX0013,7891000000848,PRIME  TEMPEROS  1L NOVA EMB,PRIME,FAB_PRIME,OUTROS,TEMPEROS,1,L,N,2024-02-13,9999-12-31,MASTER
PX0014,7891000000322,MAGGI  CEREAIS  100G NOVA EMB,MAGGI,NESTLE,OUTROS,CEREAIS,100,G,Y,2024-10-18,9999-12-31,MASTER
PX0015,7891000000193,NESCAFE  CEREAIS  100G NOVA EMB,NESCAFE,NESTLE,OUTROS,CEREAIS,100,G,Y,2024-03-07,9999-12-31,MASTER
PX0016,7891000000787,SOLAR  CAFE  500G NOVA EMB,SOLAR,FAB_SOLAR,OUTROS,CAFE,500,G,N,2025-02-27,9999-12-31,MASTER
PX0017,7891000000626,DELTA  TABLETES  1L NOVA EMB,DELTA,FAB_DELTA,OUTROS,TABLETES,1,L,N,2025-03-04,9999-12-31,MASTER
PX0018,7891000000652,BETA  TABLETES  1KG NOVA EMB,BETA,FAB_BETA,OUTROS,TABLETES,1,KG,N,2024-12-16,9999-12-31,MASTER
PX0019,7891000000171,KITKAT  LEITE  EM  PO  200G NOVA EMB,KITKAT,NESTLE,OUTROS,LEITE EM PO,200,G,Y,2025-01-07,9999-12-31,MASTER
PX0020,7891000000110,NINHO  TEMPEROS  1KG NOVA EMB,NINHO,NESTLE,OUTROS,TEMPEROS,1,KG,Y,2024-10-14,9999-12-31,MASTER
PX0021,7891000000367,MAGGI  CAFE  250ML NOVA EMB,MAGGI,NESTLE,BEBIDAS,CAFE,250,ML,Y,2024-11-14,9999-12-31,MASTER
PX0022,7891000000558,PRIME  TEMPEROS  100G NOVA EMB,PRIME,FAB_PRIME,CULINARIOS,TEMPEROS,100,G,N,2024-07-14,9999-12-31,MASTER
PX0023,7891000000450,VIVA  TEMPEROS  100G NOVA EMB,VIVA,FAB_VIVA,CULINARIOS,TEMPEROS,100,G,N,2025-01-22,9999-12-31,MASTER
PX0024,7891000000553,SOLAR  CEREAIS  250ML NOVA EMB,SOLAR,FAB_SOLAR,OUTROS,CEREAIS,250,ML,N,2024-08-07,9999-12-31,MASTER
PX0025,7891000000203,NESCAFE  CEREAIS  100G NOVA EMB,NESCAFE,NESTLE,OUTROS,CEREAIS,100,G,Y,2025-01-07,9999-12-31,MASTER
PX0026,7891000000308,MOCA  TABLETES  100G NOVA EMB,MOCA,NESTLE,OUTROS,TABLETES,100,G,Y,2025-03-20,9999-12-31,MASTER
PX0027,7891000000712,DELTA  LEITE  EM  PO  1L NOVA EMB,DELTA,FAB_DELTA,LACTEOS,LEITE EM PO,1,L,N,2024-11-10,9999-12-31,MASTER
PX0028,7891000000694,DELTA  CAFE  500G NOVA EMB,DELTA,FAB_DELTA,OUTROS,CAFE,500,G,N,2024-07-04,9999-12-31,MASTER
PX0029,7891000000955,NOVA  LEITE  EM  PO  1L NOVA EMB,NOVA,FAB_NOVA,LACTEOS,LEITE EM PO,1,L,N,2024-04-28,9999-12-31,MASTER
PX0030,7891000000958,ALPHA  LEITE  EM  PO  250ML NOVA EMB,ALPHA,FAB_ALPHA,OUTROS,LEITE EM PO,250,ML,N,2025-02-04,9999-12-31,MASTER
PX0031,7891000000498,solar  cafe  200g     NOVA EMB,SOLAR,FAB_SOLAR,BEBIDAS,CAFE,200,G,N,2025-01-19,9999-12-31,MASTER
PX0032,7891000000316,NESQUIK  TABLETES  100G NOVA EMB,NESQUIK,NESTLE,OUTROS,TABLETES,100,G,Y,2024-08-28,9999-12-31,MASTER
PX0033,7891000000976,NOVA  TEMPEROS  250ML NOVA EMB,NOVA,FAB_NOVA,CULINARIOS,TEMPEROS,250,ML,N,2024-01-27,9999-12-31,MASTER
PX0034,7891000000748,BETA  TEMPEROS  200G NOVA EMB,BETA,FAB_BETA,OUTROS,TEMPEROS,200,G,N,2025-01-04,9999-12-31,MASTER
PX0035,7891000000761,SOLAR  TABLETES  1L NOVA EMB,SOLAR,FAB_SOLAR,OUTROS,TABLETES,1,L,N,2025-02-22,9999-12-31,MASTER
