store_id,store_name,cnpj,retailer_name,channel,city,state,territory_id,seller_id,latitude,longitude,active_flag
S00001,LOJA 1,10000000000001,REDE 02,ATACAREJO,BELO HORIZONTE,MG,T002,V0002,-18.373227,-41.893122,Y
S00002,LOJA 2,10000000000002,REDE 03,SUPERMERCADO,UBERLANDIA,MG,T003,V0003,-26.253061,-49.107677,Y
S00003,LOJA 3,10000000000003,REDE 04,ATACAREJO,CAXIAS DO SUL,RS,T004,V0004,-28.769662,-45.004837,Y
S00004,LOJA 4,10000000000004,REDE 05,CONVENIENCIA,NITEROI,RJ,T005,V0005,-26.815782,-52.463967,Y
S00005,LOJA 5,10000000000005,REDE 06,ATACAREJO,RIO DE JANEIRO,RJ,T006,V0006,-27.269335,-40.694322,Y
S00006,LOJA 6,10000000000006,REDE 07,CONVENIENCIA,SAO PAULO,SP,T007,V0007,-26.361075,-41.641038,Y
S00007,LOJA 7,10000000000007,REDE 08,CONVENIENCIA,BELO HORIZONTE,MG,T008,V0008,-18.848966,-49.335011,Y
S00008,LOJA 8,10000000000008,REDE 09,SUPERMERCADO,LONDRINA,PR,T009,V0009,-23.180191,-45.697724,Y
S00009,LOJA 9,10000000000009,REDE 10,ATACAREJO,UBERLANDIA,MG,T010,V0010,-18.456676,-47.953878,Y
S00010,LOJA 10,10000000000010,REDE 11,ATACAREJO,PORTO ALEGRE,RS,T011,V0011,-26.758123,-48.570951,Y
S00011,LOJA 11,10000000000011,REDE 12,SUPERMERCADO,SAO PAULO,SP,T012,V0012,-29.417525,-44.267056,Y
S00012,LOJA 12,10000000000012,REDE 13,SUPERMERCADO,CAXIAS DO SUL,RS,T013,V0013,-30.967674,-43.249052,Y
S00013,LOJA 13,10000000000013,REDE 14,SUPERMERCADO,LONDRINA,PR,T014,V0014,-19.330802,-44.010539,Y
S00014,LOJA 14,10000000000014,REDE 15,ATACAREJO,CAXIAS DO SUL,RS,T015,V0015,-19.815786,-46.932537,Y
S00015,LOJA 15,10000000000015,REDE 16,SUPERMERCADO,SANTOS,SP,T016,V0016,-32.000076,-48.33405,Y
S00016,LOJA 16,10000000000016,REDE 17,CONVENIENCIA,RIO DE JANEIRO,RJ,T017,V0017,-31.92449,-44.222937,Y
S00017,LOJA 17,10000000000017,REDE 18,ATACAREJO,NITEROI,RJ,T018,V0018,-32.033165,-41.193937,Y
S00018,LOJA 18,10000000000018,REDE 19,CONVENIENCIA,PORTO ALEGRE,RS,T019,V0019,-22.150878,-53.162971,Y
S00019,LOJA 19,10000000000019,REDE 20,CONVENIENCIA,SANTOS,SP,T020,V0020,-21.87105,-52.245269,Y
S00020,LOJA 20,10000000000020,REDE 21,CONVENIENCIA,UBERLANDIA,MG,T021,V0021,-22.155508,-46.452356,Y
S00021,LOJA 21,10000000000021,REDE 22,CONVENIENCIA,LONDRINA,PR,T022,V0022,-18.784516,-39.142824,Y
S00022,LOJA 22,10000000000022,REDE 23,ATACAREJO,RIO DE JANEIRO,RJ,T023,V0023,-26.273727,-51.590847,Y
S00023,LOJA 23,10000000000023,REDE 24,SUPERMERCADO,NITEROI,RJ,T024,V0024,-27.12296,-53.070817,Y
S00024,LOJA 24,10000000000024,REDE 25,ATACAREJO,PORTO ALEGRE,RS,T025,V0025,-29.625839,-42.416025,Y
S00025,LOJA 25,10000000000025,REDE 26,SUPERMERCADO,CURITIBA,PR,T026,V0026,-18.61564,-51.917478,Y
S00026,LOJA 26,10000000000026,REDE 27,SUPERMERCADO,PORTO ALEGRE,RS,T027,V0027,-24.423335,-51.794813,Y
S00027,LOJA 27,10000000000027,REDE 28,ATACAREJO,CAMPINAS,SP,T028,V0028,-29.400187,-44.800513,Y
S00028,LOJA 28,10.000.000/0000-28,REDE 29,CONVENIENCIA,RIO DE JANEIRO,RJ,T029,V0029,-22.036335,-53.138745,Y
S00029,LOJA 29,10000000000029,REDE 30,ATACAREJO,NITEROI,RJ,T030,V0030,-25.788743,-39.235061,Y
S00030,LOJA 30,10000000000030,REDE 31,SUPERMERCADO,CURITIBA,PR,T031,V0031,-21.045008,-39.438322,Y
S00031,LOJA 31,10000000000031,REDE 32,SUPERMERCADO,CURITIBA,PR,T032,V0032,-26.445492,-51.678239,Y
S00032,LOJA 32,10000000000032,REDE 33,ATACAREJO,SANTOS,SP,T033,V0033,-19.015132,-47.453003,Y
S00033,LOJA 33,10000000000033,REDE 34,SUPERMERCADO,PORTO ALEGRE,RS,T034,,-21.7934,-46.020994,Y
S00034,LOJA 34,10000000000034,REDE 35,CONVENIENCIA,NITEROI,RJ,T035,V0035,-26.623856,-44.906085,Y
S00035,LOJA 35,10000000000035,REDE 01,SUPERMERCADO,CAXIAS DO SUL,RS,T036,V0036,-30.06711,-53.068204,Y
S00036,LOJA 36,10000000000036,REDE 02,CONVENIENCIA,UBERLANDIA,MG,T037,V0037,-30.462706,-43.291252,Y
S00037,LOJA 37,10000000000037,REDE 03,CONVENIENCIA,CAXIAS DO SUL,RS,T038,,-22.368375,-53.375262,Y
S00038,LOJA 38,10000000000038,REDE 04,SUPERMERCADO,CAXIAS DO SUL,RS,T039,V0039,-31.070987,-42.582207,Y
S00039,LOJA 39,10000000000039,REDE 05,ATACAREJO,PORTO ALEGRE,RS,T040,V0040,-32.722298,-44.663827,Y
S00040,LOJA 40,10000000000040,REDE 06,ATACAREJO,LONDRINA,PR,T041,V0041,-30.758401,-46.212701,Y
S00041,LOJA 41,10000000000041,REDE 07,SUPERMERCADO,CURITIBA,PR,T042,V0042,-25.757914,-43.333316,Y
S00042,LOJA 42,10000000000042,REDE 08,SUPERMERCADO,CAXIAS DO SUL,RS,T043,V0043,-29.7161,-52.956847,Y
S00043,LOJA 43,10000000000043,REDE 09,SUPERMERCADO,BELO HORIZONTE,MG,T044,V0044,-19.291061,-47.99983,Y
S00044,LOJA 44,10000000000044,REDE 10,ATACAREJO,RIO DE JANEIRO,RJ,T045,V0045,-19.91641,-46.604872,Y
S00045,LOJA 45,10000000000045,REDE 11,ATACAREJO,RIO DE JANEIRO,RJ,T046,V0046,-27.461844,-49.674679,Y
S00046,LOJA 46,10000000000046,REDE 12,SUPERMERCADO,CURITIBA,PR,,V0047,-27.119605,-40.711134,Y
S00047,LOJA 47,10000000000047,REDE 13,CONVENIENCIA,PORTO ALEGRE,RS,T048,V0048,-30.331972,-51.706938,Y
S00048,LOJA 48,10000000000048,REDE 14,CONVENIENCIA,RIO DE JANEIRO,RJ,T049,V0049,-18.951073,-52.211577,Y
S00049,LOJA 49,10000000000049,REDE 15,CONVENIENCIA,BELO HORIZONTE,MG,,V0050,-30.585517,-52.86812,Y
S00050,LOJA 50,10000000000050,REDE 16,ATACAREJO,RIO DE JANEIRO,RJ,T051,V0051,-19.948162,-47.953683,Y
S00051,LOJA 51,10000000000051,REDE 17,SUPERMERCADO,CAXIAS DO SUL,RS,T052,V0052,-29.438684,-52.500584,Y
S00052,LOJA 52,10000000000052,REDE 18,ATACAREJO,CAXIAS DO SUL,RS,T053,V0053,-19.916382,-44.840871,Y
S00053,LOJA 53,10000000000053,REDE 19,ATACAREJO,PORTO ALEGRE,RS,T054,V0054,-24.796606,-48.090255,Y
S00054,LOJA 54,10000000000054,REDE 20,CONVENIENCIA,PORTO ALEGRE,XX,T055,V0055,-30.286104,-45.614174,Y
S00055,LOJA 55,10000000000055,REDE 21,ATACAREJO,CAXIAS DO SUL,RS,T056,V0056,-31.021169,-44.585327,Y
S00056,LOJA 56,10000000000056,REDE 22,ATACAREJO,NITEROI,RJ,T057,V0057,-29.567521,-42.493839,Y
S00057,LOJA 57,10000000000057,REDE 23,SUPERMERCADO,CAXIAS DO SUL,RS,T058,V0058,-20.322737,-47.215956,Y
S00058,LOJA 58,10000000000058,REDE 24,SUPERMERCADO,SANTOS,SP,T059,V0059,-28.395435,-52.05143,Y
S00059,LOJA 59,10000000000059,REDE 25,SUPERMERCADO,RIO DE JANEIRO,,T060,V0060,-23.611122,-40.075348,Y
S00060,LOJA 60,10000000000060,REDE 26,CONVENIENCIA,NITEROI,RJ,T061,V0061,-29.639828,-39.0553,Y
S00061,LOJA 61,10000000000061,REDE 27,ATACAREJO,NITEROI,RJ,T062,V0062,-19.380899,-51.309457,Y
S00062,LOJA 62,10000000000062,REDE 28,SUPERMERCADO,SAO PAULO,SP,T063,V0063,-21.54178,-45.09279,Y
S00063,LOJA 63,10000000000063,REDE 29,ATACAREJO,UBERLANDIA,MG,T064,V0064,-20.266342,-44.999874,Y
S00064,LOJA 64,10000000000064,REDE 30,CONVENIENCIA,SAO PAULO,SP,T065,V0065,-32.613009,-49.187272,Y
S00065,LOJA 65,10000000000065,REDE 31,CONVENIENCIA,BELO HORIZONTE,MG,T066,V0066,-31.876133,-46.671442,Y
S00066,LOJA 66,10000000000066,REDE 32,SUPERMERCADO,CURITIBA,PR,T067,V0067,-31.46342,-43.566787,Y
S00067,LOJA 67,10000000000067,REDE 33,CONVENIENCIA,CURITIBA,PR,T068,V0068,-29.601705,-49.375534,Y
S00068,LOJA 68,10000000000068,REDE 34,CONVENIENCIA,CAXIAS DO SUL,RS,T069,V0069,-31.90292,-46.470658,Y
S00069,LOJA 69,10000000000069,REDE 35,CONVENIENCIA,CURITIBA,PR,T070,V0070,-19.342724,-49.183665,Y
S00070,LOJA 70,10000000000070,REDE 01,SUPERMERCADO,UBERLANDIA,MG,T071,V0071,-31.55364,-51.020536,Y
S00071,LOJA 71,10000000000071,REDE 02,SUPERMERCADO,SANTOS,SP,T072,V0072,-27.227132,-39.725768,Y
S00072,LOJA 72,10000000000072,REDE 03,ATACAREJO,CURITIBA,PR,T073,V0073,-29.715712,-39.065477,Y
S00073,LOJA 73,10000000000073,REDE 04,CONVENIENCIA,RIO DE JANEIRO,RJ,T074,V0074,-20.34808,-46.094511,Y
S00074,LOJA 74,10000000000074,REDE 05,CONVENIENCIA,NITEROI,RJ,T075,V0075,-27.193007,-49.976897,Y
S00075,LOJA 75,10000000000075,REDE 06,CONVENIENCIA,PORTO ALEGRE,RS,T076,V0076,-21.08399,-40.243521,Y
S00076,LOJA 76,10000000000076,REDE 07,SUPERMERCADO,CAXIAS DO SUL,RS,T077,V0077,-18.271697,-42.588249,Y
S00077,LOJA 77,10000000000077,REDE 08,ATACAREJO,UBERLANDIA,MG,T078,V0078,-31.648385,-49.576249,Y
S00078,LOJA 78,10000000000078,REDE 09,ATACAREJO,CAMPINAS,SP,T079,V0079,-30.956101,-51.098647,Y
S00079,LOJA 79,10000000000079,REDE 10,CONVENIENCIA,PORTO ALEGRE,RS,T080,V0080,-26.108366,-49.07625,Y
S00080,LOJA 80,10000000000080,REDE 11,ATACAREJO,BELO HORIZONTE,MG,T001,V0081,-20.573561,-44.024318,Y
S00081,LOJA 81,10000000000081,REDE 12,CONVENIENCIA,PORTO ALEGRE,RS,T002,V0082,-26.971685,-45.469486,Y
S00082,LOJA 82,10000000000082,REDE 13,ATACAREJO,SANTOS,SP,T003,V0083,-25.820904,-43.918417,Y
S00083,LOJA 83,10000000000083,REDE 14,SUPERMERCADO,LONDRINA,PR,T004,V0084,-24.763238,-50.76799,Y
S00084,LOJA 84,10000000000084,REDE 15,SUPERMERCADO,RIO DE JANEIRO,RJ,T005,V0085,-18.421861,-45.484842,Y
S00085,LOJA 85,10000000000085,REDE 16,SUPERMERCADO,BELO HORIZONTE,MG,T006,V0086,-30.995932,-53.668869,Y
S00086,LOJA 86,10000000000086,REDE 17,SUPERMERCADO,CURITIBA,PR,T007,V0087,-29.183754,-46.830825,Y
S00087,LOJA 87,10000000000087,REDE 18,ATACAREJO,BELO HORIZONTE,MG,T008,V0088,-18.300822,-45.221671,Y
S00088,LOJA 88,10000000000088,REDE 19,CONVENIENCIA,UBERLANDIA,MG,T009,,-31.734061,-49.343173,Y
S00089,LOJA 89,10000000000089,REDE 20,CONVENIENCIA,RIO DE JANEIRO,RJ,T010,V0090,-22.198929,-45.486834,Y
S00090,LOJA 90,10000000000090,REDE 21,ATACAREJO,UBERLANDIA,MG,T011,V0091,-22.974134,-39.213993,Y
S00091,LOJA 91,10000000000091,REDE 22,CONVENIENCIA,NITEROI,RJ,T012,V0092,-30.072205,-52.703168,Y
S00092,LOJA 92,10000000000092,REDE 23,SUPERMERCADO,CURITIBA,PR,T013,,-32.97379,-43.935565,Y
S00093,LOJA 93,10000000000093,REDE 24,CONVENIENCIA,BELO HORIZONTE,MG,T014,,-24.361447,-44.019045,Y
S00094,LOJA 94,10000000000094,REDE 25,CONVENIENCIA,PORTO ALEGRE,RS,T015,V0095,-20.97346,-53.576856,Y
S00095,LOJA 95,10000000000095,REDE 26,ATACAREJO,RIO DE JANEIRO,RJ,T016,V0096,-22.982943,-43.383167,Y
S00096,LOJA 96,10000000000096,REDE 27,CONVENIENCIA,SANTOS,SP,T017,V0097,-18.808483,-45.266311,Y
S00097,LOJA 97,10000000000097,REDE 28,CONVENIENCIA,CURITIBA,PR,T018,V0098,-23.973524,-46.851125,Y
S00098,LOJA 98,10000000000098,REDE 29,SUPERMERCADO,CAXIAS DO SUL,RS,T019,V0099,-18.606896,-46.364668,Y
S00099,LOJA 99,10000000000099,REDE 30,SUPERMERCADO,CURITIBA,PR,T020,V0100,-20.340436,-46.237674,Y
S00100,LOJA 100,10000000000100,REDE 31,SUPERMERCADO,NITEROI,RJ,T021,V0101,-26.931858,-45.356566,Y
S00101,LOJA 101,10000000000101,REDE 32,CONVENIENCIA,NITEROI,RJ,T022,V0102,-28.520044,-47.057794,Y
S00102,LOJA 102,10000000000102,REDE 33,SUPERMERCADO,SAO PAULO,SP,T023,V0103,-19.500676,-43.415714,Y
S00103,LOJA 103,10000000000103,REDE 34,ATACAREJO,BELO HORIZONTE,MG,T024,,-30.130034,-43.665891,Y
S00104,LOJA 104,10000000000104,REDE 35,CONVENIENCIA,RIO DE JANEIRO,RJ,T025,V0105,-22.326656,-42.960797,Y
S00105,LOJA 105,10000000000105,REDE 01,ATACAREJO,CAXIAS DO SUL,RS,T026,V0106,-21.614561,-48.971337,Y
S00106,LOJA 106,10000000000106,REDE 02,SUPERMERCADO,CURITIBA,PR,T027,V0107,-23.833948,-48.185722,Y
S00107,LOJA 107,10000000000107,REDE 03,SUPERMERCADO,RIO DE JANEIRO,RJ,T028,V0108,-32.33191,-39.237306,Y
S00108,LOJA 108,10000000000108,REDE 04,ATACAREJO,UBERLANDIA,MG,T029,V0109,-24.251079,-47.767082,Y
S00109,LOJA 109,10000000000109,REDE 05,SUPERMERCADO,RIO DE JANEIRO,XX,T030,V0110,-22.361643,-42.140854,Y
S00110,LOJA 110,10000000000110,REDE 06,SUPERMERCADO,LONDRINA,PR,T031,V0111,-21.484875,-44.119878,Y
S00111,LOJA 111,10000000000111,REDE 07,SUPERMERCADO,RIO DE JANEIRO,RJ,T032,V0112,-23.739059,-53.760613,Y
S00112,LOJA 112,10000000000112,REDE 08,ATACAREJO,NITEROI,RJ,T033,V0113,-21.344726,-50.548071,Y
S00113,LOJA 113,10000000000113,REDE 09,SUPERMERCADO,SAO PAULO,SP,T034,V0114,-30.023012,-53.676565,Y
S00114,LOJA 114,10000000000114,REDE 10,SUPERMERCADO,SANTOS,SP,T035,V0115,-25.470957,-47.729366,Y
S00115,LOJA 115,10000000000115,REDE 11,SUPERMERCADO,CAMPINAS,SP,T036,V0116,-18.864422,-51.263498,Y
S00116,LOJA 116,10000000000116,REDE 12,SUPERMERCADO,UBERLANDIA,MG,T037,V0117,-26.893934,-51.881748,Y
S00117,LOJA 117,10000000000117,REDE 13,SUPERMERCADO,PORTO ALEGRE,RS,T038,V0118,-26.286507,-48.163068,Y
S00118,LOJA 118,10000000000118,REDE 14,ATACAREJO,LONDRINA,PR,T039,V0119,-23.498731,-39.789258,Y
S00119,LOJA 119,10000000000119,REDE 15,ATACAREJO,CAXIAS DO SUL,RS,T040,V0120,-24.376154,-52.879459,Y
S00120,LOJA 120,10000000000120,REDE 16,SUPERMERCADO,RIO DE JANEIRO,RJ,T041,V0121,-30.608863,-46.335912,Y
S00121,LOJA 121,10000000000121,REDE 17,CONVENIENCIA,RIO DE JANEIRO,RJ,T042,V0122,-30.035283,-46.863764,Y
S00122,LOJA 122,10000000000122,REDE 18,SUPERMERCADO,UBERLANDIA,MG,T043,V0123,-28.500616,-51.946532,Y
S00123,LOJA 123,10000000000123,REDE 19,ATACAREJO,CAMPINAS,SP,,V0124,-19.13579,-44.533932,Y
S00124,LOJA 124,10000000000124,REDE 20,ATACAREJO,CAMPINAS,SP,T045,V0125,-18.219618,-43.082097,Y
S00125,LOJA 125,10000000000125,REDE 21,SUPERMERCADO,CAMPINAS,SP,T046,V0126,-18.492279,-50.277533,Y
S00126,LOJA 126,10000000000126,REDE 22,CONVENIENCIA,PORTO ALEGRE,RS,T047,V0127,-20.14575,-44.999425,Y
S00127,LOJA 127,10000000000127,REDE 23,CONVENIENCIA,CAXIAS DO SUL,RS,T048,V0128,-19.551037,-43.207237,Y
S00128,LOJA 128,10000000000128,REDE 24,CONVENIENCIA,CURITIBA,PR,T049,V0129,-29.81178,-46.374743,Y
S00129,LOJA 129,10000000000129,REDE 25,ATACAREJO,CAXIAS DO SUL,RS,T050,V0130,-23.215987,-39.106088,Y
S00130,LOJA 130,10000000000130,REDE 26,SUPERMERCADO,NITEROI,RJ,T051,,-30.137499,-52.06815,Y
S00131,LOJA 131,10000000000131,REDE 27,CONVENIENCIA,PORTO ALEGRE,RS,T052,V0132,-29.974092,-51.176446,Y
S00132,LOJA 132,10000000000132,REDE 28,CONVENIENCIA,BELO HORIZONTE,MG,T053,V0133,-31.332986,-49.766808,Y
S00133,LOJA 133,10000000000133,REDE 29,SUPERMERCADO,LONDRINA,PR,T054,V0134,-18.028144,-50.637835,Y
S00134,LOJA 134,10000000000134,REDE 30,ATACAREJO,CAMPINAS,SP,T055,V0135,-23.557361,-39.98322,Y
S00135,LOJA 135,10000000000135,REDE 31,CONVENIENCIA,SAO PAULO,SP,T056,V0136,-28.620397,-42.581737,Y
S00136,LOJA 136,10000000000136,REDE 32,CONVENIENCIA,UBERLANDIA,MG,T057,V0137,-30.801136,-53.991286,Y
S00137,LOJA 137,10000000000137,REDE 33,ATACAREJO,LONDRINA,PR,T058,V0138,-22.985683,-49.663985,Y
S00138,LOJA 138,10000000000138,REDE 34,ATACAREJO,BELO HORIZONTE,MG,T059,V0139,-27.193563,-53.272281,Y
S00139,LOJA 139,10000000000139,REDE 35,ATACAREJO,CURITIBA,PR,T060,V0140,-28.234415,-51.81857,Y
S00140,LOJA 140,10000000000140,REDE 01,ATACAREJO,PORTO ALEGRE,RS,T061,V0141,-28.846264,-53.307897,Y
S00141,LOJA 141,10000000000141,REDE 02,ATACAREJO,CURITIBA,PR,T062,V0142,-25.896652,-39.54021,Y
S00142,LOJA 142,10000000000142,REDE 03,ATACAREJO,SANTOS,SP,T063,V0143,-20.594883,-40.142957,Y
S00143,LOJA 143,10000000000143,REDE 04,ATACAREJO,CAXIAS DO SUL,RS,,V0144,-29.565931,-39.52737,Y
S00144,LOJA 144,10000000000144,REDE 05,ATACAREJO,CAMPINAS,SP,T065,V0145,-20.555843,-42.583411,Y
S00145,LOJA 145,10000000000145,REDE 06,CONVENIENCIA,NITEROI,RJ,T066,V0146,-26.724986,-42.33042,Y
S00146,LOJA 146,10000000000146,REDE 07,SUPERMERCADO,SANTOS,SP,T067,V0147,-19.407434,-47.271627,Y
S00147,LOJA 147,10000000000147,REDE 08,ATACAREJO,BELO HORIZONTE,MG,T068,V0148,-23.750983,-41.93031,Y
S00148,LOJA 148,10000000000148,REDE 09,CONVENIENCIA,LONDRINA,PR,,V0149,-18.458067,-45.909319,Y
S00149,LOJA 149,10000000000149,REDE 10,CONVENIENCIA,SANTOS,SP,T070,V0150,-21.865582,-53.57993,Y
S00150,LOJA 150,10000000000150,REDE 11,SUPERMERCADO,PORTO ALEGRE,RS,T071,V0151,-20.516976,-53.460077,Y
S00151,LOJA 151,10000000000151,REDE 12,ATACAREJO,CURITIBA,PR,T072,,-21.88555,-42.822015,Y
S00152,LOJA 152,10000000000152,REDE 13,CONVENIENCIA,NITEROI,RJ,T073,V0153,-24.733348,-52.881877,Y
S00153,LOJA 153,10000000000153,REDE 14,CONVENIENCIA,CAXIAS DO SUL,RS,T074,V0154,-21.289053,-48.061013,Y
S00154,LOJA 154,10000000000154,REDE 15,SUPERMERCADO,CAMPINAS,SP,T075,V0155,-18.263712,-52.704742,Y
S00155,LOJA 155,10000000000155,REDE 16,ATACAREJO,BELO HORIZONTE,MG,T076,V0156,-19.969266,-48.593279,Y
S00156,LOJA 156,10000000000156,REDE 17,SUPERMERCADO,PORTO ALEGRE,RS,,V0157,-25.476958,-45.276319,Y
S00157,LOJA 157,10000000000157,REDE 18,CONVENIENCIA,CAXIAS DO SUL,RS,T078,V0158,-19.717323,-39.550565,Y
S00158,LOJA 158,10000000000158,REDE 19,ATACAREJO,RIO DE JANEIRO,RJ,T079,V0159,-27.290264,-53.258765,Y
S00159,LOJA 159,10000000000159,REDE 20,ATACAREJO,PORTO ALEGRE,RS,T080,V0160,-18.660074,-52.852668,Y
S00160,LOJA 160,10000000000160,REDE 21,ATACAREJO,RIO DE JANEIRO,RJ,T001,V0161,-22.822435,-49.073634,Y
S00161,LOJA 161,10000000000161,REDE 22,ATACAREJO,UBERLANDIA,MG,T002,V0162,-25.927496,-46.93578,Y
S00162,LOJA 162,10000000000162,REDE 23,SUPERMERCADO,UBERLANDIA,MG,T003,V0163,-30.564702,-47.621115,Y
S00163,LOJA 163,10000000000163,REDE 24,SUPERMERCADO,CURITIBA,PR,T004,V0164,-28.193006,-42.034869,Y
S00164,LOJA 164,10000000000164,REDE 25,ATACAREJO,BELO HORIZONTE,MG,T005,V0165,-18.958961,-43.541638,Y
S00165,LOJA 165,10000000000165,REDE 26,CONVENIENCIA,SANTOS,SP,T006,V0166,-18.720551,-52.358494,Y
S00166,LOJA 166,10000000000166,REDE 27,SUPERMERCADO,SANTOS,SP,T007,V0167,-20.711852,-46.703473,Y
S00167,LOJA 167,10000000000167,REDE 28,ATACAREJO,LONDRINA,PR,T008,V0168,-22.960478,-40.432437,Y
S00168,LOJA 168,10000000000168,REDE 29,ATACAREJO,CURITIBA,PR,T009,V0169,-30.502463,-50.617855,Y
S00169,LOJA 169,10000000000169,REDE 30,CONVENIENCIA,UBERLANDIA,MG,T010,V0170,-18.598897,-52.00707,Y
S00170,LOJA 170,10000000000170,REDE 31,SUPERMERCADO,PORTO ALEGRE,RS,T011,V0171,-24.210651,-48.871705,Y
S00171,LOJA 171,10000000000171,REDE 32,ATACAREJO,SAO PAULO,SP,T012,V0172,-21.399603,-47.134677,Y
S00172,LOJA 172,10000000000172,REDE 33,SUPERMERCADO,UBERLANDIA,MG,T013,V0173,-18.355303,-46.635321,Y
S00173,LOJA 173,10000000000173,REDE 34,SUPERMERCADO,RIO DE JANEIRO,RJ,T014,V0174,-24.543899,-44.194969,Y
S00174,LOJA 174,10000000000174,REDE 35,CONVENIENCIA,LONDRINA,PR,T015,V0175,-30.335881,-44.841746,Y
S00175,LOJA 175,10000000000175,REDE 01,ATACAREJO,SANTOS,SP,T016,V0176,-20.6578,-41.651658,Y
S00176,LOJA 176,10000000000176,REDE 02,CONVENIENCIA,BELO HORIZONTE,MG,T017,V0177,-25.304985,-40.695911,Y
S00177,LOJA 177,10000000000177,REDE 03,SUPERMERCADO,SAO PAULO,SP,T018,V0178,-29.941207,-44.409415,Y
S00178,LOJA 178,10000000000178,REDE 04,ATACAREJO,NITEROI,RJ,T019,V0179,-26.075792,-48.411513,Y
S00179,LOJA 179,10000000000179,REDE 05,SUPERMERCADO,CURITIBA,PR,,V0180,-21.319553,-45.076662,Y
S00180,LOJA 180,10000000000180,REDE 06,SUPERMERCADO,NITEROI,RJ,T021,V0181,-24.503359,-48.863396,Y
S00181,LOJA 181,10000000000181,REDE 07,ATACAREJO,UBERLANDIA,MG,T022,V0182,-23.506312,-45.830921,Y
S00182,LOJA 182,10000000000182,REDE 08,CONVENIENCIA,CAXIAS DO SUL,RS,T023,V0183,-23.256705,-46.147255,Y
S00183,LOJA 183,10000000000183,REDE 09,ATACAREJO,CAMPINAS,SP,T024,V0184,-30.288215,-46.236888,Y
S00184,LOJA 184,10000000000184,REDE 10,ATACAREJO,UBERLANDIA,MG,T025,V0185,-22.582246,-51.182416,Y
S00185,LOJA 185,10000000000185,REDE 11,CONVENIENCIA,PORTO ALEGRE,RS,T026,V0186,-32.417465,-44.00993,Y
S00186,LOJA 186,10000000000186,REDE 12,CONVENIENCIA,LONDRINA,PR,T027,V0187,-21.969515,-40.58991,Y
S00187,LOJA 187,10000000000187,REDE 13,SUPERMERCADO,NITEROI,RJ,T028,V0188,-18.645755,-52.045684,Y
S00188,LOJA 188,10000000000188,REDE 14,SUPERMERCADO,UBERLANDIA,MG,T029,V0189,-29.878287,-49.421692,Y
S00189,LOJA 189,10000000000189,REDE 15,CONVENIENCIA,NITEROI,RJ,T030,V0190,-25.394986,-48.060698,Y
S00190,LOJA 190,10000000000190,REDE 16,SUPERMERCADO,NITEROI,RJ,T031,V0191,-19.487206,-52.881945,Y
S00191,LOJA 191,10000000000191,REDE 17,CONVENIENCIA,UBERLANDIA,MG,T032,V0192,-28.373845,-39.868398,Y
S00192,LOJA 192,10000000000192,REDE 18,ATACAREJO,RIO DE JANEIRO,RJ,T033,V0193,-27.845232,-49.966193,Y
S00193,LOJA 193,10000000000193,REDE 19,ATACAREJO,SANTOS,SP,T034,V0194,-23.046456,-46.005659,Y
S00194,LOJA 194,10000000000194,REDE 20,ATACAREJO,NITEROI,RJ,T035,V0195,-18.586631,-39.34774,Y
S00195,LOJA 195,10000000000195,REDE 21,SUPERMERCADO,LONDRINA,PR,T036,V0196,-28.839459,-41.188133,Y
S00196,LOJA 196,10000000000196,REDE 22,CONVENIENCIA,CAMPINAS,SP,T037,V0197,-22.759325,-52.795096,Y
S00197,LOJA 197,10000000000197,REDE 23,CONVENIENCIA,RIO DE JANEIRO,RJ,T038,V0198,-24.48876,-44.6955,Y
S00198,LOJA 198,10000000000198,REDE 24,ATACAREJO,SAO PAULO,SP,T039,V0199,-32.048608,-45.587656,Y
S00199,LOJA 199,10000000000199,REDE 25,ATACAREJO,CURITIBA,PR,T040,V0200,-23.651329,-44.43769,Y
S00200,LOJA 200,10000000000200,REDE 26,ATACAREJO,BELO HORIZONTE,MG,T041,V0201,-19.105325,-49.595468,Y
S00201,LOJA 201,10000000000201,REDE 27,ATACAREJO,LONDRINA,PR,T042,V0202,-26.985905,-41.927099,Y
S00202,LOJA 202,10000000000202,REDE 28,CONVENIENCIA,SAO PAULO,SP,T043,V0203,-31.593209,-52.504975,Y
S00203,LOJA 203,10000000000203,REDE 29,CONVENIENCIA,PORTO ALEGRE,RS,T044,V0204,-24.062242,-41.759629,Y
S00204,LOJA 204,10000000000204,REDE 30,SUPERMERCADO,UBERLANDIA,MG,T045,V0205,-25.598243,-52.183024,Y
S00205,LOJA 205,10000000000205,REDE 31,SUPERMERCADO,RIO DE JANEIRO,RJ,T046,V0206,-22.620765,-52.330764,Y
S00206,LOJA 206,10000000000206,REDE 32,ATACAREJO,BELO HORIZONTE,MG,T047,V0207,-31.553216,-40.163297,Y
S00207,LOJA 207,10000000000207,REDE 33,CONVENIENCIA,LONDRINA,PR,T048,V0208,-23.1841,-43.174099,Y
S00208,LOJA 208,10000000000208,REDE 34,CONVENIENCIA,NITEROI,RJ,T049,V0209,-21.238991,-47.851081,Y
S00209,LOJA 209,10000000000209,REDE 35,ATACAREJO,SANTOS,SP,T050,V0210,-21.302131,-41.816433,Y
S00210,LOJA 210,10000000000210,REDE 01,ATACAREJO,PORTO ALEGRE,RS,T051,V0211,-19.195719,-43.177261,Y
S00211,LOJA 211,10000000000211,REDE 02,SUPERMERCADO,UBERLANDIA,MG,T052,V0212,-22.08063,-52.142928,Y
S00212,LOJA 212,10000000000212,REDE 03,SUPERMERCADO,RIO DE JANEIRO,RJ,T053,V0213,-18.34286,-53.831985,Y
S00213,LOJA 213,10000000000213,REDE 04,CONVENIENCIA,SANTOS,SP,T054,V0214,-23.808757,-48.21856,Y
S00214,LOJA 214,10000000000214,REDE 05,CONVENIENCIA,BELO HORIZONTE,MG,T055,V0215,-18.707473,-48.863006,Y
S00215,LOJA 215,10000000000215,REDE 06,SUPERMERCADO,PORTO ALEGRE,RS,T056,V0216,-20.487866,-52.874754,Y
S00216,LOJA 216,10000000000216,REDE 07,ATACAREJO,PORTO ALEGRE,RS,T057,V0217,-32.667667,-50.175889,Y
S00217,LOJA 217,10000000000217,REDE 08,SUPERMERCADO,PORTO ALEGRE,RS,T058,V0218,-27.249038,-52.239619,Y
S00218,LOJA 218,10000000000218,REDE 09,CONVENIENCIA,BELO HORIZONTE,MG,T059,V0219,-25.345585,-43.154767,Y
S00219,LOJA 219,10000000000219,REDE 10,SUPERMERCADO,BELO HORIZONTE,MG,T060,V0220,-24.32002,-50.090653,Y
S00220,LOJA 220,10000000000220,REDE 11,CONVENIENCIA,NITEROI,RJ,T061,V0001,-30.179835,-45.659033,Y
S00221,LOJA 221,10000000000221,REDE 12,ATACAREJO,PORTO ALEGRE,RS,T062,V0002,-31.770125,-47.401911,Y
S00222,LOJA 222,10000000000222,REDE 13,CONVENIENCIA,RIO DE JANEIRO,RJ,T063,V0003,-20.896848,-53.847914,Y
S00223,LOJA 223,10000000000223,REDE 14,ATACAREJO,NITEROI,RJ,T064,V0004,-22.153147,-46.933032,Y
S00224,LOJA 224,10000000000224,REDE 15,ATACAREJO,LONDRINA,PR,T065,V0005,-28.125126,-42.856152,Y
S00225,LOJA 225,10000000000225,REDE 16,ATACAREJO,LONDRINA,PR,T066,V0006,-27.641882,-44.518517,Y
S00226,LOJA 226,10000000000226,REDE 17,SUPERMERCADO,CAXIAS DO SUL,RS,T067,V0007,-22.154038,-42.352058,Y
S00227,LOJA 227,10000000000227,REDE 18,CONVENIENCIA,PORTO ALEGRE,RS,T068,V0008,-26.75752,-40.091771,Y
S00228,LOJA 228,10000000000228,REDE 19,CONVENIENCIA,NITEROI,RJ,T069,V0009,-26.700848,-43.03617,Y
S00229,LOJA 229,10.000.000/0002-29,REDE 20,ATACAREJO,CAMPINAS,SP,,V0010,-32.575551,-45.952441,Y
S00230,LOJA 230,10000000000230,REDE 21,CONVENIENCIA,RIO DE JANEIRO,RJ,T071,V0011,-29.982852,-48.684298,Y
S00231,LOJA 231,10000000000231,REDE 22,CONVENIENCIA,CAXIAS DO SUL,RS,T072,V0012,-27.066664,-51.590361,Y
S00232,LOJA 232,10000000000232,REDE 23,ATACAREJO,BELO HORIZONTE,MG,T073,,-23.009094,-39.447592,Y
S00233,LOJA 233,10000000000233,REDE 24,SUPERMERCADO,CAXIAS DO SUL,RS,T074,V0014,-22.438513,-46.772892,Y
S00234,LOJA 234,10000000000234,REDE 25,SUPERMERCADO,UBERLANDIA,MG,T075,V0015,-28.771786,-48.207215,Y
S00235,LOJA 235,10000000000235,REDE 26,CONVENIENCIA,CAXIAS DO SUL,RS,T076,V0016,-29.749335,-46.333953,Y
S00236,LOJA 236,10000000000236,REDE 27,CONVENIENCIA,UBERLANDIA,MG,T077,V0017,-23.272437,-42.133589,Y
S00237,LOJA 237,10000000000237,REDE 28,SUPERMERCADO,BELO HORIZONTE,MG,T078,V0018,-32.497917,-47.105653,Y
S00238,LOJA 238,10000000000238,REDE 29,SUPERMERCADO,SAO PAULO,SP,T079,V0019,-26.573915,-43.458097,Y
S00239,LOJA 239,10000000000239,REDE 30,CONVENIENCIA,RIO DE JANEIRO,RJ,T080,V0020,-26.871623,-53.77801,Y
S00240,LOJA 240,10.000.000/0002-40,REDE 31,ATACAREJO,CAMPINAS,SP,T001,V0021,-22.091043,-53.307554,Y
S00241,LOJA 241,10000000000241,REDE 32,ATACAREJO,SANTOS,SP,T002,V0022,-25.005969,-41.987024,Y
S00242,LOJA 242,10000000000242,REDE 33,SUPERMERCADO,BELO HORIZONTE,MG,T003,V0023,-20.102295,-47.973217,Y
S00243,LOJA 243,10000000000243,REDE 34,CONVENIENCIA,BELO HORIZONTE,MG,T004,V0024,-27.139586,-53.094404,Y
S00244,LOJA 244,10000000000244,REDE 35,SUPERMERCADO,LONDRINA,PR,T005,V0025,-22.545241,-43.550915,Y
S00245,LOJA 245,10000000000245,REDE 01,CONVENIENCIA,SAO PAULO,SP,T006,V0026,-25.548227,-50.299531,Y
S00246,LOJA 246,10000000000246,REDE 02,CONVENIENCIA,BELO HORIZONTE,MG,,V0027,-18.28392,-49.89324,Y
S00247,LOJA 247,10000000000247,REDE 03,SUPERMERCADO,PORTO ALEGRE,RS,,V0028,-19.545218,-53.6423,Y
S00248,LOJA 248,10000000000248,REDE 04,SUPERMERCADO,NITEROI,RJ,T009,V0029,-19.700888,-41.682698,Y
S00249,LOJA 249,10000000000249,REDE 05,CONVENIENCIA,PORTO ALEGRE,RS,T010,V0030,-24.909431,-48.475113,Y
S00250,LOJA 250,10000000000250,REDE 06,SUPERMERCADO,CAXIAS DO SUL,RS,T011,V0031,-32.150422,-39.766111,Y
S00251,LOJA 251,10000000000251,REDE 07,SUPERMERCADO,LONDRINA,PR,T012,V0032,-30.059667,-42.762362,Y
S00252,LOJA 252,10000000000252,REDE 08,CONVENIENCIA,LONDRINA,PR,T013,V0033,-21.57346,-51.13637,Y
S00253,LOJA 253,10000000000253,REDE 09,CONVENIENCIA,UBERLANDIA,MG,T014,V0034,-27.30661,-39.789073,Y
S00254,LOJA 254,10000000000254,REDE 10,CONVENIENCIA,SAO PAULO,SP,T015,V0035,-22.994817,-44.877464,Y
S00255,LOJA 255,10000000000255,REDE 11,CONVENIENCIA,UBERLANDIA,MG,T016,V0036,-31.972813,-46.176611,Y
S00256,LOJA 256,10000000000256,REDE 12,SUPERMERCADO,RIO DE JANEIRO,RJ,T017,V0037,-19.134799,-51.710995,Y
S00257,LOJA 257,10000000000257,REDE 13,SUPERMERCADO,SANTOS,SP,T018,V0038,-20.680565,-46.221961,Y
S00258,LOJA 258,10000000000258,REDE 14,SUPERMERCADO,UBERLANDIA,MG,T019,V0039,-30.661349,-43.046797,Y
S00259,LOJA 259,10000000000259,REDE 15,CONVENIENCIA,CAMPINAS,SP,T020,V0040,-18.580346,-46.515779,Y
S00260,LOJA 260,10000000000260,REDE 16,CONVENIENCIA,UBERLANDIA,MG,T021,V0041,-20.060138,-48.90438,Y
S00261,LOJA 261,10000000000261,REDE 17,CONVENIENCIA,LONDRINA,PR,T022,V0042,-23.356259,-42.649108,Y
S00262,LOJA 262,10000000000262,REDE 18,SUPERMERCADO,CAXIAS DO SUL,RS,T023,V0043,-25.647559,-41.123244,Y
S00263,LOJA 263,10000000000263,REDE 19,ATACAREJO,CURITIBA,PR,T024,V0044,-22.435275,-52.284301,Y
S00264,LOJA 264,10000000000264,REDE 20,ATACAREJO,CURITIBA,PR,T025,V0045,-42.920135,-20.751814,Y
S00265,LOJA 265,10000000000265,REDE 21,SUPERMERCADO,SANTOS,SP,T026,V0046,-22.57215,-43.261451,Y
S00266,LOJA 266,10000000000266,REDE 22,CONVENIENCIA,PORTO ALEGRE,RS,T027,V0047,-18.955448,-53.433951,Y
S00267,LOJA 267,10000000000267,REDE 23,CONVENIENCIA,LONDRINA,PR,T028,V0048,-23.036586,-53.89163,Y
S00268,LOJA 268,10000000000268,REDE 24,SUPERMERCADO,BELO HORIZONTE,MG,T029,V0049,-24.542708,-45.44559,Y
S00269,LOJA 269,10000000000269,REDE 25,SUPERMERCADO,NITEROI,RJ,T030,V0050,-32.125061,-49.311378,Y
S00270,LOJA 270,10000000000270,REDE 26,ATACAREJO,CURITIBA,PR,T031,V0051,-21.656755,-43.483594,Y
S00271,LOJA 271,10000000000271,REDE 27,CONVENIENCIA,BELO HORIZONTE,MG,T032,V0052,-31.761659,-48.684734,Y
S00272,LOJA 272,10000000000272,REDE 28,ATACAREJO,CAMPINAS,SP,T033,V0053,-19.24113,-53.099118,Y
S00273,LOJA 273,10000000000273,REDE 29,CONVENIENCIA,RIO DE JANEIRO,RJ,T034,V0054,-31.892703,-42.602259,Y
S00274,LOJA 274,10000000000274,REDE 30,CONVENIENCIA,RIO DE JANEIRO,RJ,T035,V0055,-25.136113,-46.078538,Y
S00275,LOJA 275,10000000000275,REDE 31,SUPERMERCADO,CURITIBA,PR,T036,V0056,-28.926677,-44.786358,Y
S00276,LOJA 276,10000000000276,REDE 32,ATACAREJO,CURITIBA,PR,T037,V0057,-20.294602,-42.162678,Y
S00277,LOJA 277,10000000000277,REDE 33,ATACAREJO,LONDRINA,PR,T038,V0058,-23.684714,-39.189435,Y
S00278,LOJA 278,10000000000278,REDE 34,ATACAREJO,RIO DE JANEIRO,RJ,,V0059,-29.136467,-53.104399,Y
S00279,LOJA 279,10000000000279,REDE 35,SUPERMERCADO,CAMPINAS,SP,T040,V0060,-19.143754,-39.331617,Y
S00280,LOJA 280,10000000000280,REDE 01,SUPERMERCADO,CAXIAS DO SUL,RS,T041,V0061,-30.470685,-42.92325,Y
S00281,LOJA 281,10000000000281,REDE 02,ATACAREJO,CAXIAS DO SUL,RS,T042,V0062,-30.653013,-46.708935,Y
S00282,LOJA 282,10000000000282,REDE 03,ATACAREJO,LONDRINA,PR,T043,V0063,-27.329459,-39.904708,Y
S00283,LOJA 283,10000000000283,REDE 04,CONVENIENCIA,UBERLANDIA,MG,T044,V0064,-29.734249,-45.693534,Y
S00284,LOJA 284,10000000000284,REDE 05,SUPERMERCADO,BELO HORIZONTE,MG,T045,V0065,-24.168662,-41.647559,Y
S00285,LOJA 285,10000000000285,REDE 06,CONVENIENCIA,LONDRINA,PR,T046,V0066,-24.911647,-40.636576,Y
S00286,LOJA 286,10000000000286,REDE 07,CONVENIENCIA,PORTO ALEGRE,RS,T047,V0067,-19.897113,-50.717199,Y
S00287,LOJA 287,10000000000287,REDE 08,ATACAREJO,LONDRINA,PR,T048,V0068,-32.174012,-40.502425,Y
S00288,LOJA 288,10000000000288,REDE 09,SUPERMERCADO,CAXIAS DO SUL,RS,T049,V0069,-30.791,-45.393434,Y
S00289,LOJA 289,10000000000289,REDE 10,ATACAREJO,CAMPINAS,SP,T050,V0070,-27.521921,-48.850103,Y
S00290,LOJA 290,10000000000290,REDE 11,SUPERMERCADO,NITEROI,RJ,T051,V0071,-23.163281,-49.046709,Y
S00291,LOJA 291,10.000.000/0002-91,REDE 12,CONVENIENCIA,BELO HORIZONTE,MG,T052,,-19.718708,-41.982648,Y
S00292,LOJA 292,10000000000292,REDE 13,CONVENIENCIA,CURITIBA,PR,T053,V0073,-19.347573,-45.498298,Y
S00293,LOJA 293,10000000000293,REDE 14,SUPERMERCADO,PORTO ALEGRE,RS,,V0074,-22.24522,-41.951567,Y
S00294,LOJA 294,10000000000294,REDE 15,CONVENIENCIA,CAXIAS DO SUL,RS,T055,V0075,-19.217609,-52.222678,Y
S00295,LOJA 295,10000000000295,REDE 16,ATACAREJO,LONDRINA,PR,T056,V0076,-19.320481,-43.465623,Y
S00296,LOJA 296,10000000000296,REDE 17,ATACAREJO,BELO HORIZONTE,MG,T057,V0077,-23.649001,-53.601452,Y
S00297,LOJA 297,10000000000297,REDE 18,SUPERMERCADO,CAXIAS DO SUL,RS,T058,V0078,-22.241962,-39.339492,Y
S00298,LOJA 298,10000000000298,REDE 19,ATACAREJO,BELO HORIZONTE,MG,T059,V0079,-21.629171,-44.37354,Y
S00299,LOJA 299,10000000000299,REDE 20,SUPERMERCADO,SAO PAULO,SP,T060,V0080,-31.28456,-51.598897,Y
S00300,LOJA 300,10000000000300,REDE 21,CONVENIENCIA,PORTO ALEGRE,RS,T061,V0081,-24.837229,-53.400311,Y
S00301,LOJA 301,10000000000301,REDE 22,ATACAREJO,RIO DE JANEIRO,RJ,T062,V0082,-21.523238,-49.577829,Y
S00302,LOJA 302,10000000000302,REDE 23,ATACAREJO,CAXIAS DO SUL,RS,T063,V0083,-23.800255,-52.233273,Y
S00303,LOJA 303,10000000000303,REDE 24,CONVENIENCIA,SANTOS,SP,T064,V0084,-21.324379,-44.251652,Y
S00304,LOJA 304,10000000000304,REDE 25,SUPERMERCADO,PORTO ALEGRE,RS,T065,V0085,-32.22065,-41.864199,Y
S00305,LOJA 305,10000000000305,REDE 26,SUPERMERCADO,NITEROI,RJ,T066,V0086,-25.138835,-51.444995,Y
S00306,LOJA 306,10000000000306,REDE 27,SUPERMERCADO,CAXIAS DO SUL,RS,T067,V0087,-28.910622,-53.218941,Y
S00307,LOJA 307,10000000000307,REDE 28,CONVENIENCIA,SAO PAULO,SP,T068,V0088,-32.368571,-49.4129,Y
S00308,LOJA 308,10000000000308,REDE 29,ATACAREJO,CAMPINAS,SP,T069,V0089,-19.728713,-50.560631,Y
S00309,LOJA 309,10000000000309,REDE 30,CONVENIENCIA,CAXIAS DO SUL,RS,T070,V0090,-27.8858,-46.256661,Y
S00310,LOJA 310,10000000000310,REDE 31,SUPERMERCADO,LONDRINA,PR,T071,V0091,-25.612551,-51.311179,Y
S00311,LOJA 311,10000000000311,REDE 32,SUPERMERCADO,CAMPINAS,SP,T072,V0092,-18.738526,-49.211504,Y
S00312,LOJA 312,10000000000312,REDE 33,ATACAREJO,UBERLANDIA,MG,T073,V0093,-23.184752,-50.771869,Y
S00313,LOJA 313,10000000000313,REDE 34,ATACAREJO,RIO DE JANEIRO,RJ,T074,V0094,-31.332005,-52.390198,Y
S00314,LOJA 314,10000000000314,REDE 35,ATACAREJO,PORTO ALEGRE,RS,T075,V0095,-31.677978,-45.43796,Y
S00315,LOJA 315,10000000000315,REDE 01,ATACAREJO,BELO HORIZONTE,MG,T076,V0096,-23.018354,-42.414652,Y
S00316,LOJA 316,10000000000316,REDE 02,ATACAREJO,NITEROI,RJ,T077,V0097,-30.653028,-52.534004,Y
S00317,LOJA 317,10000000000317,REDE 03,CONVENIENCIA,UBERLANDIA,MG,T078,V0098,-32.76374,-48.365118,Y
S00318,LOJA 318,10000000000318,REDE 04,SUPERMERCADO,SANTOS,SP,T079,V0099,-20.916853,-43.539946,Y
S00319,LOJA 319,10000000000319,REDE 05,ATACAREJO,BELO HORIZONTE,MG,T080,V0100,-23.716228,-48.271816,Y
S00320,LOJA 320,10000000000320,REDE 06,CONVENIENCIA,CURITIBA,PR,T001,V0101,-26.07352,-50.121563,Y
S00321,LOJA 321,10000000000321,REDE 07,SUPERMERCADO,UBERLANDIA,MG,T002,V0102,-19.071758,-39.318164,Y
S00322,LOJA 322,10000000000322,REDE 08,CONVENIENCIA,UBERLANDIA,MG,T003,V0103,-22.220323,-49.414492,Y
S00323,LOJA 323,10000000000323,REDE 09,ATACAREJO,UBERLANDIA,MG,T004,V0104,-26.885041,-42.043287,Y
S00324,LOJA 324,10000000000324,REDE 10,ATACAREJO,CAMPINAS,SP,T005,V0105,-31.639843,-42.716513,Y
S00325,LOJA 325,10000000000325,REDE 11,CONVENIENCIA,RIO DE JANEIRO,RJ,T006,V0106,-21.033162,-51.453123,Y
S00326,LOJA 326,10000000000326,REDE 12,SUPERMERCADO,CAXIAS DO SUL,RS,T007,V0107,-32.064472,-46.988281,Y
S00327,LOJA 327,10000000000327,REDE 13,ATACAREJO,SANTOS,SP,T008,V0108,-32.569595,-49.014605,Y
S00328,LOJA 328,10000000000328,REDE 14,CONVENIENCIA,BELO HORIZONTE,MG,T009,V0109,-19.816799,-50.350253,Y
S00329,LOJA 329,10000000000329,REDE 15,CONVENIENCIA,CAMPINAS,SP,T010,V0110,-26.262745,-39.97303,Y
S00330,LOJA 330,10000000000330,REDE 16,ATACAREJO,CAXIAS DO SUL,RS,T011,V0111,-24.563915,-48.93886,Y
S00331,LOJA 331,10000000000331,REDE 17,ATACAREJO,PORTO ALEGRE,RS,T012,V0112,-25.334465,-46.029597,Y
S00332,LOJA 332,10000000000332,REDE 18,CONVENIENCIA,UBERLANDIA,MG,T013,V0113,-32.364092,-47.211146,Y
S00333,LOJA 333,10000000000333,REDE 19,ATACAREJO,UBERLANDIA,MG,T014,V0114,-21.398539,-46.518187,Y
S00334,LOJA 334,10000000000334,REDE 20,SUPERMERCADO,UBERLANDIA,MG,,V0115,-24.336742,-50.099886,Y
S00335,LOJA 335,10000000000335,REDE 21,SUPERMERCADO,SAO PAULO,SP,T016,V0116,-19.690786,-52.430785,Y
S00336,LOJA 336,10000000000336,REDE 22,ATACAREJO,CURITIBA,PR,T017,V0117,-29.533203,-41.66708,Y
S00337,LOJA 337,10000000000337,REDE 23,ATACAREJO,RIO DE JANEIRO,RJ,T018,V0118,-26.740314,-41.845816,Y
S00338,LOJA 338,10000000000338,REDE 24,SUPERMERCADO,CAXIAS DO SUL,RS,T019,V0119,-31.822056,-52.795911,Y
S00339,LOJA 339,10000000000339,REDE 25,SUPERMERCADO,CAMPINAS,SP,T020,V0120,-28.852619,-44.546568,Y
S00340,LOJA 340,10000000000340,REDE 26,ATACAREJO,BELO HORIZONTE,MG,T021,V0121,-29.426643,-47.162824,Y
S00341,LOJA 341,10000000000341,REDE 27,ATACAREJO,RIO DE JANEIRO,RJ,T022,V0122,-20.65555,-51.75327,Y
S00342,LOJA 342,10000000000342,REDE 28,ATACAREJO,CAXIAS DO SUL,RS,T023,V0123,-25.656256,-45.166371,Y
S00343,LOJA 343,10000000000343,REDE 29,ATACAREJO,UBERLANDIA,MG,T024,V0124,-24.901052,-39.476002,Y
S00344,LOJA 344,10000000000344,REDE 30,CONVENIENCIA,CAXIAS DO SUL,RS,T025,V0125,-28.084466,-53.85413,Y
S00345,LOJA 345,10000000000345,REDE 31,ATACAREJO,CAMPINAS,SP,T026,V0126,-30.368916,-48.899886,Y
S00346,LOJA 346,10000000000346,REDE 32,SUPERMERCADO,UBERLANDIA,MG,T027,V0127,-25.648403,-46.027551,Y
S00347,LOJA 347,10000000000347,REDE 33,SUPERMERCADO,UBERLANDIA,MG,T028,V0128,-24.303405,-42.78495,Y
S00348,LOJA 348,10000000000348,REDE 34,SUPERMERCADO,UBERLANDIA,MG,T029,V0129,-27.746994,-42.500888,Y
S00349,LOJA 349,10000000000349,REDE 35,SUPERMERCADO,BELO HORIZONTE,MG,T030,V0130,-21.283907,-46.286973,Y
S00350,LOJA 350,10000000000350,REDE 01,CONVENIENCIA,BELO HORIZONTE,MG,T031,V0131,-25.094241,-45.660321,Y
S00351,LOJA 351,10000000000351,REDE 02,SUPERMERCADO,PORTO ALEGRE,RS,T032,V0132,-29.259405,-49.460941,Y
S00352,LOJA 352,10000000000352,REDE 03,CONVENIENCIA,RIO DE JANEIRO,RJ,T033,V0133,-31.790449,-44.140287,Y
S00353,LOJA 353,10000000000353,REDE 04,SUPERMERCADO,CAXIAS DO SUL,RS,T034,V0134,-22.149854,-46.364047,Y
S00354,LOJA 354,10000000000354,REDE 05,ATACAREJO,SANTOS,SP,T035,V0135,-23.227965,-43.979064,Y
S00355,LOJA 355,10000000000355,REDE 06,ATACAREJO,NITEROI,RJ,T036,V0136,-29.008946,-40.704506,Y
S00356,LOJA 356,10000000000356,REDE 07,ATACAREJO,LONDRINA,PR,T037,V0137,-23.53,-45.347207,Y
S00357,LOJA 357,10000000000357,REDE 08,ATACAREJO,CAXIAS DO SUL,RS,T038,V0138,-22.412862,-46.243256,Y
S00358,LOJA 358,10000000000358,REDE 09,SUPERMERCADO,LONDRINA,PR,T039,V0139,-18.549964,-43.399226,Y
S00359,LOJA 359,10000000000359,REDE 10,ATACAREJO,PORTO ALEGRE,RS,T040,V0140,-32.863905,-52.238002,Y
S00360,LOJA 360,10000000000360,REDE 11,CONVENIENCIA,CAXIAS DO SUL,RS,T041,V0141,-25.745419,-44.692496,Y
S00361,LOJA 361,10000000000361,REDE 12,SUPERMERCADO,CAMPINAS,SP,T042,V0142,-19.06288,-51.008532,Y
S00362,LOJA 362,10000000000362,REDE 13,ATACAREJO,RIO DE JANEIRO,RJ,T043,V0143,-26.958901,-45.55489,Y
S00363,LOJA 363,10000000000363,REDE 14,ATACAREJO,SANTOS,SP,T044,V0144,-28.660993,-42.717265,Y
S00364,LOJA 364,10000000000364,REDE 15,CONVENIENCIA,PORTO ALEGRE,RS,T045,,-27.544491,-52.638192,Y
S00365,LOJA 365,10000000000365,REDE 16,ATACAREJO,CURITIBA,PR,T046,V0146,-30.964993,-48.125263,Y
S00366,LOJA 366,10000000000366,REDE 17,CONVENIENCIA,CAXIAS DO SUL,RS,T047,V0147,-22.249644,-41.143387,Y
S00367,LOJA 367,10000000000367,REDE 18,CONVENIENCIA,SAO PAULO,SP,T048,V0148,-21.047417,-43.601289,Y
S00368,LOJA 368,10000000000368,REDE 19,SUPERMERCADO,RIO DE JANEIRO,RJ,T049,V0149,-29.61376,-43.874696,Y
S00369,LOJA 369,10000000000369,REDE 20,SUPERMERCADO,SAO PAULO,SP,T050,V0150,-29.691043,-43.444359,Y
S00370,LOJA 370,10000000000370,REDE 21,SUPERMERCADO,CURITIBA,PR,T051,V0151,-31.994661,-41.401464,Y
S00371,LOJA 371,10000000000371,REDE 22,SUPERMERCADO,PORTO ALEGRE,RS,T052,V0152,-28.957913,-40.634198,Y
S00372,LOJA 372,10000000000372,REDE 23,ATACAREJO,SAO PAULO,SP,T053,V0153,-29.849238,-44.637208,Y
S00373,LOJA 373,10000000000373,REDE 24,SUPERMERCADO,CURITIBA,PR,T054,V0154,-20.200829,-46.63406,Y
S00374,LOJA 374,10000000000374,REDE 25,ATACAREJO,RIO DE JANEIRO,RJ,T055,V0155,-26.441264,-53.191738,Y
S00375,LOJA 375,10000000000375,REDE 26,SUPERMERCADO,RIO DE JANEIRO,RJ,T056,V0156,-25.536939,-49.204372,Y
S00376,LOJA 376,10000000000376,REDE 27,SUPERMERCADO,CURITIBA,PR,T057,V0157,-18.237722,-50.010012,Y
S00377,LOJA 377,10000000000377,REDE 28,ATACAREJO,RIO DE JANEIRO,RJ,T058,V0158,-21.724534,-39.894789,Y
S00378,LOJA 378,10000000000378,REDE 29,ATACAREJO,BELO HORIZONTE,MG,T059,V0159,-25.925923,-44.279992,Y
S00379,LOJA 379,10000000000379,REDE 30,ATACAREJO,NITEROI,RJ,T060,V0160,-23.09301,-53.793652,Y
S00380,LOJA 380,10000000000380,REDE 31,SUPERMERCADO,CURITIBA,PR,T061,V0161,-22.569406,-44.400222,Y
S00381,LOJA 381,10000000000381,REDE 32,SUPERMERCADO,BELO HORIZONTE,MG,T062,V0162,-22.416345,-44.50788,Y
S00382,LOJA 382,10000000000382,REDE 33,CONVENIENCIA,SANTOS,SP,T063,V0163,-24.812949,-45.992994,Y
S00383,LOJA 383,10000000000383,REDE 34,SUPERMERCADO,RIO DE JANEIRO,RJ,T064,V0164,-20.202977,-41.548099,Y
S00384,LOJA 384,10000000000384,REDE 35,SUPERMERCADO,LONDRINA,PR,T065,V0165,-20.4264,-48.958631,Y
S00385,LOJA 385,10000000000385,REDE 01,ATACAREJO,CAMPINAS,SP,T066,V0166,-19.152386,-47.197857,Y
S00386,LOJA 386,10000000000386,REDE 02,SUPERMERCADO,NITEROI,RJ,T067,V0167,-31.179942,-41.684458,Y
S00387,LOJA 387,10000000000387,REDE 03,CONVENIENCIA,SAO PAULO,SP,T068,V0168,-25.722141,-43.408354,Y
S00388,LOJA 388,10000000000388,REDE 04,ATACAREJO,RIO DE JANEIRO,RJ,T069,V0169,-30.398534,-50.001909,Y
S00389,LOJA 389,10000000000389,REDE 05,CONVENIENCIA,BELO HORIZONTE,MG,T070,V0170,-21.675153,-40.545981,Y
S00390,LOJA 390,10000000000390,REDE 06,CONVENIENCIA,SAO PAULO,SP,T071,V0171,-20.133458,-53.930918,Y
S00391,LOJA 391,10000000000391,REDE 07,SUPERMERCADO,CURITIBA,PR,T072,V0172,-25.833616,-52.519767,Y
S00392,LOJA 392,10000000000392,REDE 08,SUPERMERCADO,CAMPINAS,SP,,V0173,-23.197936,-43.572122,Y
S00393,LOJA 393,10000000000393,REDE 09,ATACAREJO,SANTOS,SP,T074,V0174,-26.153703,-42.131427,Y
S00394,LOJA 394,10000000000394,REDE 10,CONVENIENCIA,RIO DE JANEIRO,RJ,T075,V0175,-19.027751,-41.310026,Y
S00395,LOJA 395,10000000000395,REDE 11,CONVENIENCIA,NITEROI,RJ,T076,,-25.244518,-48.346511,Y
S00396,LOJA 396,10000000000396,REDE 12,CONVENIENCIA,LONDRINA,PR,T077,V0177,-22.452338,-42.226778,Y
S00397,LOJA 397,10000000000397,REDE 13,CONVENIENCIA,SANTOS,SP,T078,V0178,-30.4486,-48.464728,Y
S00398,LOJA 398,10000000000398,REDE 14,ATACAREJO,RIO DE JANEIRO,RJ,T079,V0179,-29.360021,-43.473906,Y
S00399,LOJA 399,10000000000399,REDE 15,CONVENIENCIA,CURITIBA,PR,T080,V0180,-24.257159,-52.346316,Y
S00400,LOJA 400,10000000000400,REDE 16,ATACAREJO,NITEROI,RJ,T001,V0181,-32.206839,-40.369364,Y
S00401,LOJA 401,10000000000401,REDE 17,SUPERMERCADO,CURITIBA,PR,T002,V0182,-18.930326,-45.792171,Y
S00402,LOJA 402,10000000000402,REDE 18,CONVENIENCIA,PORTO ALEGRE,RS,T003,V0183,-22.492622,-53.868638,Y
S00403,LOJA 403,10000000000403,REDE 19,CONVENIENCIA,NITEROI,RJ,T004,V0184,-20.190554,-48.50866,Y
S00404,LOJA 404,10000000000404,REDE 20,ATACAREJO,NITEROI,RJ,T005,V0185,-29.301181,-43.017323,Y
S00405,LOJA 405,10000000000405,REDE 21,SUPERMERCADO,NITEROI,RJ,T006,V0186,-18.517028,-51.587969,Y
S00406,LOJA 406,10000000000406,REDE 22,CONVENIENCIA,PORTO ALEGRE,RS,T007,V0187,-32.298574,-45.000686,Y
S00407,LOJA 407,10000000000407,REDE 23,CONVENIENCIA,LONDRINA,PR,T008,V0188,-25.531362,-44.024985,Y
S00408,LOJA 408,10000000000408,REDE 24,CONVENIENCIA,SANTOS,SP,T009,V0189,-20.573278,-39.904616,Y
S00409,LOJA 409,10000000000409,REDE 25,ATACAREJO,SAO PAULO,SP,T010,V0190,-29.834907,-47.292106,Y
S00410,LOJA 410,10000000000410,REDE 26,CONVENIENCIA,UBERLANDIA,MG,T011,V0191,-25.536081,-41.560524,Y
S00411,LOJA 411,10000000000411,REDE 27,CONVENIENCIA,CAXIAS DO SUL,RS,T012,V0192,-28.226923,-41.28554,Y
S00412,LOJA 412,10000000000412,REDE 28,ATACAREJO,UBERLANDIA,MG,T013,V0193,-23.497343,-53.732659,Y
S00413,LOJA 413,10000000000413,REDE 29,ATACAREJO,LONDRINA,PR,T014,V0194,-21.911077,-51.958525,Y
S00414,LOJA 414,10000000000414,REDE 30,SUPERMERCADO,SAO PAULO,SP,T015,V0195,-19.447353,-53.46548,Y
S00415,LOJA 415,10000000000415,REDE 31,CONVENIENCIA,RIO DE JANEIRO,RJ,T016,V0196,-24.282514,-43.956705,Y
S00416,LOJA 416,10000000000416,REDE 32,CONVENIENCIA,CAXIAS DO SUL,RS,T017,V0197,-23.941033,-43.043947,Y
S00417,LOJA 417,10000000000417,REDE 33,CONVENIENCIA,BELO HORIZONTE,MG,T018,V0198,-25.60679,-49.863445,Y
S00418,LOJA 418,10000000000418,REDE 34,SUPERMERCADO,CAXIAS DO SUL,RS,T019,V0199,-21.014501,-44.881327,Y
S00419,LOJA 419,10000000000419,REDE 35,SUPERMERCADO,RIO DE JANEIRO,RJ,T020,V0200,-24.585132,-44.713262,Y
S00420,LOJA 420,10000000000420,REDE 01,SUPERMERCADO,CURITIBA,PR,T021,V0201,-22.572727,-53.941595,Y
S00421,LOJA 421,10000000000421,REDE 02,CONVENIENCIA,SAO PAULO,SP,T022,V0202,-27.719021,-41.588002,Y
S00422,LOJA 422,10000000000422,REDE 03,SUPERMERCADO,BELO HORIZONTE,MG,T023,V0203,-20.34887,-42.843588,Y
S00423,LOJA 423,10000000000423,REDE 04,SUPERMERCADO,CAXIAS DO SUL,RS,T024,V0204,-26.574753,-45.579631,Y
S00424,LOJA 424,10000000000424,REDE 05,CONVENIENCIA,UBERLANDIA,MG,T025,V0205,-19.396651,-44.409993,Y
S00425,LOJA 425,10000000000425,REDE 06,ATACAREJO,LONDRINA,PR,T026,V0206,-25.496366,-51.559544,Y
S00426,LOJA 426,10000000000426,REDE 07,CONVENIENCIA,BELO HORIZONTE,MG,,V0207,-30.479416,-53.797675,Y
S00427,LOJA 427,10000000000427,REDE 08,CONVENIENCIA,SANTOS,SP,,V0208,-29.306078,-47.283538,Y
S00428,LOJA 428,10000000000428,REDE 09,SUPERMERCADO,UBERLANDIA,MG,T029,V0209,-20.206911,-42.46061,Y
S00429,LOJA 429,10000000000429,REDE 10,SUPERMERCADO,BELO HORIZONTE,MG,T030,V0210,-23.031246,-44.802802,Y
S00430,LOJA 430,10000000000430,REDE 11,SUPERMERCADO,LONDRINA,PR,T031,V0211,-24.128602,-41.692066,Y
S00431,LOJA 431,10000000000431,REDE 12,CONVENIENCIA,SAO PAULO,SP,T032,V0212,-25.843382,-39.112407,Y
S00432,LOJA 432,10000000000432,REDE 13,CONVENIENCIA,UBERLANDIA,MG,T033,V0213,-53.903608,-28.018927,Y
S00433,LOJA 433,10000000000433,REDE 14,SUPERMERCADO,SAO PAULO,SP,T034,V0214,-22.276612,-40.182182,Y
S00434,LOJA 434,10000000000434,REDE 15,ATACAREJO,SAO PAULO,SP,T035,V0215,-22.423687,-48.042677,Y
S00435,LOJA 435,10000000000435,REDE 16,SUPERMERCADO,CAXIAS DO SUL,RS,T036,V0216,-31.722485,-42.292089,Y
S00436,LOJA 436,10000000000436,REDE 17,ATACAREJO,SAO PAULO,SP,T037,V0217,-19.356896,-52.795273,Y
S00437,LOJA 437,10000000000437,REDE 18,SUPERMERCADO,SANTOS,SP,,V0218,-27.507585,-53.279362,Y
S00438,LOJA 438,10000000000438,REDE 19,CONVENIENCIA,PORTO ALEGRE,RS,T039,V0219,-32.727157,-53.66936,Y
S00439,LOJA 439,10000000000439,REDE 20,ATACAREJO,PORTO ALEGRE,RS,T040,V0220,-32.285662,-43.243961,Y
S00440,LOJA 440,10000000000440,REDE 21,CONVENIENCIA,NITEROI,RJ,T041,V0001,-28.127346,-50.854885,Y
S00441,LOJA 441,10000000000441,REDE 22,ATACAREJO,PORTO ALEGRE,RS,T042,V0002,-28.473289,-53.244901,Y
S00442,LOJA 442,10000000000442,REDE 23,SUPERMERCADO,NITEROI,RJ,T043,V0003,-31.963773,-52.473808,Y
S00443,LOJA 443,10000000000443,REDE 24,SUPERMERCADO,CURITIBA,PR,,V0004,-20.893052,-47.189932,Y
S00444,LOJA 444,10000000000444,REDE 25,CONVENIENCIA,PORTO ALEGRE,RS,T045,V0005,-30.283546,-49.063127,Y
S00445,LOJA 445,10000000000445,REDE 26,SUPERMERCADO,BELO HORIZONTE,MG,T046,V0006,-23.438356,-43.562978,Y
S00446,LOJA 446,10000000000446,REDE 27,ATACAREJO,UBERLANDIA,MG,T047,V0007,-30.791722,-51.387848,Y
S00447,LOJA 447,10000000000447,REDE 28,SUPERMERCADO,RIO DE JANEIRO,RJ,T048,V0008,-26.672836,-46.0278,Y
S00448,LOJA 448,10.000.000/0004-48,REDE 29,ATACAREJO,UBERLANDIA,MG,,V0009,-19.11377,-48.082761,Y
S00449,LOJA 449,10000000000449,REDE 30,CONVENIENCIA,SAO PAULO,SP,T050,V0010,-21.716413,-44.29124,Y
S00450,LOJA 450,10000000000450,REDE 31,CONVENIENCIA,CURITIBA,PR,T051,V0011,-20.928733,-42.141294,Y
S00451,LOJA 451,10000000000451,REDE 32,ATACAREJO,SANTOS,SP,T052,V0012,-21.528605,-49.144819,Y
S00452,LOJA 452,10000000000452,REDE 33,CONVENIENCIA,RIO DE JANEIRO,RJ,T053,V0013,-27.203605,-47.103924,Y
S00453,LOJA 453,10000000000453,REDE 34,CONVENIENCIA,CURITIBA,PR,T054,V0014,-18.188181,-45.560717,Y
S00454,LOJA 454,10000000000454,REDE 35,CONVENIENCIA,CURITIBA,PR,T055,V0015,-18.353832,-40.793084,Y
S00455,LOJA 455,10000000000455,REDE 01,SUPERMERCADO,CAXIAS DO SUL,RS,T056,V0016,-19.1249,-49.304237,Y
S00456,LOJA 456,10000000000456,REDE 02,ATACAREJO,NITEROI,RJ,T057,V0017,-29.403494,-41.655132,Y
S00457,LOJA 457,10000000000457,REDE 03,ATACAREJO,LONDRINA,PR,T058,V0018,-25.012419,-49.555682,Y
S00458,LOJA 458,10000000000458,REDE 04,CONVENIENCIA,NITEROI,RJ,T059,V0019,-20.614099,-45.970727,Y
S00459,LOJA 459,10000000000459,REDE 05,ATACAREJO,CURITIBA,PR,T060,V0020,-30.26308,-51.088448,Y
S00460,LOJA 460,10000000000460,REDE 06,ATACAREJO,CURITIBA,PR,T061,V0021,-26.61262,-41.564262,Y
S00461,LOJA 461,10000000000461,REDE 07,SUPERMERCADO,PORTO ALEGRE,RS,T062,V0022,-27.068212,-48.906037,Y
S00462,LOJA 462,10000000000462,REDE 08,CONVENIENCIA,CURITIBA,PR,T063,V0023,-18.693205,-40.1462,Y
S00463,LOJA 463,10000000000463,REDE 09,CONVENIENCIA,PORTO ALEGRE,RS,T064,,-22.963753,-52.343055,Y
S00464,LOJA 464,10000000000464,REDE 10,SUPERMERCADO,UBERLANDIA,MG,T065,V0025,-28.621795,-39.350372,Y
S00465,LOJA 465,10000000000465,REDE 11,SUPERMERCADO,PORTO ALEGRE,RS,T066,V0026,-29.79084,-49.959891,Y
S00466,LOJA 466,10000000000466,REDE 12,ATACAREJO,CAXIAS DO SUL,RS,T067,V0027,-28.526599,-53.080679,Y
S00467,LOJA 467,10000000000467,REDE 13,ATACAREJO,CAXIAS DO SUL,RS,T068,V0028,-31.604476,-45.808896,Y
S00468,LOJA 468,10000000000468,REDE 14,SUPERMERCADO,NITEROI,RJ,T069,V0029,-21.908004,-47.999564,Y
S00469,LOJA 469,10000000000469,REDE 15,ATACAREJO,CURITIBA,PR,T070,V0030,-29.049609,-45.626121,Y
S00470,LOJA 470,10000000000470,REDE 16,ATACAREJO,BELO HORIZONTE,MG,T071,V0031,-28.678813,-39.231947,Y
S00471,LOJA 471,10000000000471,REDE 17,ATACAREJO,BELO HORIZONTE,MG,T072,V0032,-31.359701,-40.317958,Y
S00472,LOJA 472,10000000000472,REDE 18,SUPERMERCADO,NITEROI,RJ,T073,V0033,-20.927895,-50.285501,Y
S00473,LOJA 473,10000000000473,REDE 19,CONVENIENCIA,BELO HORIZONTE,MG,T074,V0034,-20.240577,-48.979103,Y
S00474,LOJA 474,10000000000474,REDE 20,SUPERMERCADO,CAMPINAS,SP,T075,V0035,-19.784733,-53.989895,Y
S00475,LOJA 475,10000000000475,REDE 21,ATACAREJO,PORTO ALEGRE,RS,T076,V0036,-24.038032,-53.528795,Y
S00476,LOJA 476,10000000000476,REDE 22,CONVENIENCIA,UBERLANDIA,MG,T077,V0037,-22.33657,-50.763795,Y
S00477,LOJA 477,10000000000477,REDE 23,ATACAREJO,CURITIBA,PR,T078,V0038,-20.510441,-53.042856,Y
S00478,LOJA 478,10000000000478,REDE 24,ATACAREJO,CURITIBA,PR,T079,V0039,-29.515419,-39.601367,Y
S00479,LOJA 479,10000000000479,REDE 25,SUPERMERCADO,CAXIAS DO SUL,RS,T080,V0040,-20.739978,-47.405557,Y
S00480,LOJA 480,10000000000480,REDE 26,ATACAREJO,PORTO ALEGRE,RS,T001,,-19.518551,-40.867052,Y
S00481,LOJA 481,10000000000481,REDE 27,CONVENIENCIA,RIO DE JANEIRO,RJ,T002,V0042,-30.248151,-52.45726,Y
S00482,LOJA 482,10000000000482,REDE 28,SUPERMERCADO,BELO HORIZONTE,MG,T003,V0043,-28.057644,-46.24481,Y
S00483,LOJA 483,10000000000483,REDE 29,CONVENIENCIA,UBERLANDIA,MG,T004,V0044,-23.687129,-52.277047,Y
S00484,LOJA 484,10000000000484,REDE 30,ATACAREJO,NITEROI,RJ,T005,V0045,-24.966859,-47.78621,Y
S00485,LOJA 485,10000000000485,REDE 31,SUPERMERCADO,SANTOS,SP,T006,V0046,-31.014617,-47.766521,Y
S00486,LOJA 486,10000000000486,REDE 32,CONVENIENCIA,SAO PAULO,SP,T007,V0047,-31.229173,-47.330067,Y
S00487,LOJA 487,10000000000487,REDE 33,ATACAREJO,SANTOS,SP,T008,V0048,-30.009539,-53.34193,Y
S00488,LOJA 488,10000000000488,REDE 34,SUPERMERCADO,CURITIBA,PR,T009,V0049,-23.303728,-42.94843,Y
S00489,LOJA 489,10000000000489,REDE 35,ATACAREJO,SANTOS,SP,T010,V0050,-18.366837,-46.298782,Y
S00490,LOJA 490,10000000000490,REDE 01,SUPERMERCADO,CAXIAS DO SUL,RS,T011,V0051,-27.781531,-42.488771,Y
S00491,LOJA 491,10000000000491,REDE 02,CONVENIENCIA,LONDRINA,PR,T012,V0052,-24.364275,-42.418341,Y
S00492,LOJA 492,10000000000492,REDE 03,CONVENIENCIA,NITEROI,RJ,T013,V0053,-31.632509,-39.391024,Y
S00493,LOJA 493,10000000000493,REDE 04,ATACAREJO,PORTO ALEGRE,RS,T014,V0054,-24.405653,-45.22958,Y
S00494,LOJA 494,10000000000494,REDE 05,SUPERMERCADO,CURITIBA,PR,T015,V0055,-24.706067,-45.182652,Y
S00495,LOJA 495,10000000000495,REDE 06,ATACAREJO,SANTOS,SP,T016,V0056,-18.577839,-43.834798,Y
S00496,LOJA 496,10000000000496,REDE 07,ATACAREJO,CURITIBA,PR,T017,V0057,-24.28208,-45.341647,Y
S00497,LOJA 497,10000000000497,REDE 08,ATACAREJO,RIO DE JANEIRO,RJ,T018,V0058,-24.793367,-40.702097,Y
S00498,LOJA 498,10000000000498,REDE 09,CONVENIENCIA,SANTOS,SP,T019,V0059,-24.337887,-52.451762,Y
S00499,LOJA 499,10000000000499,REDE 10,CONVENIENCIA,CAXIAS DO SUL,RS,T020,V0060,-28.631561,-52.993156,Y
S00500,LOJA 500,10000000000500,REDE 11,SUPERMERCADO,RIO DE JANEIRO,RJ,T021,V0061,-32.426064,-52.854119,Y
S00501,LOJA 501,10000000000501,REDE 12,ATACAREJO,PORTO ALEGRE,RS,T022,V0062,-19.426071,-50.561484,Y
S00502,LOJA 502,10000000000502,REDE 13,SUPERMERCADO,UBERLANDIA,MG,T023,V0063,-24.516328,-45.039721,Y
S00503,LOJA 503,10000000000503,REDE 14,CONVENIENCIA,LONDRINA,PR,T024,V0064,-20.672609,-43.130504,Y
S00504,LOJA 504,10000000000504,REDE 15,CONVENIENCIA,SAO PAULO,SP,T025,V0065,-18.51377,-52.393732,Y
S00505,LOJA 505,10000000000505,REDE 16,ATACAREJO,BELO HORIZONTE,MG,T026,V0066,-18.961556,-39.871106,Y
S00506,LOJA 506,10000000000506,REDE 17,SUPERMERCADO,PORTO ALEGRE,RS,T027,V0067,-25.618411,-50.532024,Y
S00507,LOJA 507,10000000000507,REDE 18,CONVENIENCIA,CURITIBA,PR,T028,V0068,-18.353077,-40.30628,Y
S00508,LOJA 508,10000000000508,REDE 19,ATACAREJO,CAXIAS DO SUL,RS,T029,V0069,-28.834804,-39.250047,Y
S00509,LOJA 509,10000000000509,REDE 20,ATACAREJO,CURITIBA,PR,T030,V0070,-20.81241,-50.039504,Y
S00510,LOJA 510,10000000000510,REDE 21,ATACAREJO,NITEROI,RJ,T031,V0071,-20.79034,-45.352325,Y
S00511,LOJA 511,10000000000511,REDE 22,SUPERMERCADO,BELO HORIZONTE,MG,T032,V0072,-31.865087,-39.216968,Y
S00512,LOJA 512,10000000000512,REDE 23,ATACAREJO,BELO HORIZONTE,MG,T033,V0073,-19.118928,-48.195795,Y
S00513,LOJA 513,10000000000513,REDE 24,CONVENIENCIA,CAMPINAS,SP,T034,V0074,-23.290163,-44.297042,Y
S00514,LOJA 514,10000000000514,REDE 25,ATACAREJO,UBERLANDIA,MG,T035,V0075,-25.456641,-42.384831,Y
S00515,LOJA 515,10000000000515,REDE 26,SUPERMERCADO,PORTO ALEGRE,RS,T036,V0076,-30.240084,-49.475212,Y
S00516,LOJA 516,10000000000516,REDE 27,CONVENIENCIA,PORTO ALEGRE,RS,T037,V0077,-26.667412,-41.101224,Y
S00517,LOJA 517,10.000.000/0005-17,REDE 28,ATACAREJO,CAMPINAS,SP,T038,V0078,-32.618569,-49.752623,Y
S00518,LOJA 518,10000000000518,REDE 29,CONVENIENCIA,NITEROI,RJ,T039,V0079,-19.72037,-53.261489,Y
S00519,LOJA 519,10000000000519,REDE 30,SUPERMERCADO,SAO PAULO,SP,,V0080,-30.29378,-46.274362,Y
S00520,LOJA 520,10000000000520,REDE 31,ATACAREJO,SAO PAULO,SP,T041,V0081,-27.695731,-45.699329,Y
S00521,LOJA 521,10000000000521,REDE 32,CONVENIENCIA,BELO HORIZONTE,MG,T042,V0082,-29.933497,-44.528497,Y
S00522,LOJA 522,10000000000522,REDE 33,ATACAREJO,SAO PAULO,SP,T043,V0083,-24.947901,-49.51193,Y
S00523,LOJA 523,10000000000523,REDE 34,CONVENIENCIA,UBERLANDIA,MG,T044,V0084,-31.83367,-46.816752,Y
S00524,LOJA 524,10000000000524,REDE 35,ATACAREJO,NITEROI,RJ,T045,V0085,-29.175032,-39.025289,Y
S00525,LOJA 525,10000000000525,REDE 01,ATACAREJO,CAXIAS DO SUL,RS,T046,V0086,-18.692869,-48.340198,Y
S00526,LOJA 526,10000000000526,REDE 02,SUPERMERCADO,LONDRINA,PR,,V0087,-18.534613,-47.032673,Y
S00527,LOJA 527,10000000000527,REDE 03,SUPERMERCADO,CAXIAS DO SUL,RS,,V0088,-19.522801,-46.417723,Y
S00528,LOJA 528,10000000000528,REDE 04,ATACAREJO,CURITIBA,PR,T049,V0089,-27.233214,-47.789636,Y
S00529,LOJA 529,10000000000529,REDE 05,ATACAREJO,BELO HORIZONTE,MG,T050,V0090,-25.127306,-40.084741,Y
S00530,LOJA 530,10000000000530,REDE 06,CONVENIENCIA,LONDRINA,PR,T051,V0091,-22.81425,-49.769462,Y
S00531,LOJA 531,10000000000531,REDE 07,CONVENIENCIA,BELO HORIZONTE,MG,T052,,-20.233305,-41.034513,Y
S00532,LOJA 532,10000000000532,REDE 08,CONVENIENCIA,SANTOS,SP,T053,,-19.406944,-49.859316,Y
S00533,LOJA 533,10000000000533,REDE 09,CONVENIENCIA,RIO DE JANEIRO,RJ,,V0094,-21.308329,-50.721695,Y
S00534,LOJA 534,10000000000534,REDE 10,SUPERMERCADO,CAXIAS DO SUL,RS,T055,V0095,-18.19412,-40.249599,Y
S00535,LOJA 535,10000000000535,REDE 11,ATACAREJO,LONDRINA,PR,T056,V0096,-23.137149,-45.055197,Y
S00536,LOJA 536,10000000000536,REDE 12,CONVENIENCIA,BELO HORIZONTE,MG,T057,V0097,-18.559478,-43.402546,Y
S00537,LOJA 537,10000000000537,REDE 13,ATACAREJO,CAXIAS DO SUL,RS,T058,V0098,-26.519841,-53.74212,Y
S00538,LOJA 538,10000000000538,REDE 14,ATACAREJO,PORTO ALEGRE,RS,T059,V0099,-29.325198,-52.395394,Y
S00539,LOJA 539,10000000000539,REDE 15,CONVENIENCIA,CAXIAS DO SUL,RS,T060,V0100,-19.677061,-41.509912,Y
S00540,LOJA 540,10.000.000/0005-40,REDE 16,SUPERMERCADO,BELO HORIZONTE,MG,T061,V0101,-25.962524,-45.39927,Y
S00541,LOJA 541,10000000000541,REDE 17,CONVENIENCIA,CURITIBA,PR,T062,V0102,-26.556844,-50.723909,Y
S00542,LOJA 542,10000000000542,REDE 18,CONVENIENCIA,UBERLANDIA,MG,T063,V0103,-18.005945,-43.260099,Y
S00543,LOJA 543,10000000000543,REDE 19,SUPERMERCADO,RIO DE JANEIRO,RJ,T064,V0104,-32.577179,-45.426454,Y
S00544,LOJA 544,10000000000544,REDE 20,SUPERMERCADO,LONDRINA,PR,T065,V0105,-20.034255,-43.313342,Y
S00545,LOJA 545,10.000.000/0005-45,REDE 21,CONVENIENCIA,CURITIBA,PR,T066,V0106,-32.51201,-51.037508,Y
S00546,LOJA 546,10000000000546,REDE 22,ATACAREJO,PORTO ALEGRE,RS,T067,V0107,-25.095034,-46.51311,Y
S00547,LOJA 547,10000000000547,REDE 23,CONVENIENCIA,SAO PAULO,SP,T068,V0108,-22.345463,-44.006297,Y
S00548,LOJA 548,10000000000548,REDE 24,CONVENIENCIA,SANTOS,SP,T069,V0109,-22.386383,-49.443417,Y
S00549,LOJA 549,10000000000549,REDE 25,SUPERMERCADO,UBERLANDIA,MG,T070,V0110,-25.118265,-46.760131,Y
S00550,LOJA 550,10000000000550,REDE 26,ATACAREJO,SANTOS,SP,T071,V0111,-22.411115,-52.046098,Y
S00551,LOJA 551,10000000000551,REDE 27,ATACAREJO,SAO PAULO,SP,T072,V0112,-27.557289,-45.213755,Y
S00552,LOJA 552,10000000000552,REDE 28,CONVENIENCIA,BELO HORIZONTE,MG,T073,V0113,-32.85145,-48.74204,Y
S00553,LOJA 553,10000000000553,REDE 29,CONVENIENCIA,UBERLANDIA,MG,T074,V0114,-24.305065,-45.947435,Y
S00554,LOJA 554,10000000000554,REDE 30,SUPERMERCADO,SANTOS,SP,T075,V0115,-19.572346,-52.136887,Y
S00555,LOJA 555,10000000000555,REDE 31,SUPERMERCADO,UBERLANDIA,MG,T076,V0116,-32.782743,-44.949682,Y
S00556,LOJA 556,10000000000556,REDE 32,CONVENIENCIA,LONDRINA,PR,T077,V0117,-26.20146,-47.303522,Y
S00557,LOJA 557,10000000000557,REDE 33,CONVENIENCIA,CURITIBA,PR,T078,V0118,-20.685799,-48.221607,Y
S00558,LOJA 558,10000000000558,REDE 34,ATACAREJO,CAXIAS DO SUL,RS,T079,V0119,-19.027768,-52.617979,Y
S00559,LOJA 559,10000000000559,REDE 35,SUPERMERCADO,SAO PAULO,SP,T080,V0120,-27.901123,-39.629198,Y
S00560,LOJA 560,10000000000560,REDE 01,SUPERMERCADO,LONDRINA,PR,T001,V0121,-29.172232,-52.982007,Y
S00561,LOJA 561,10000000000561,REDE 02,CONVENIENCIA,CAXIAS DO SUL,RS,T002,V0122,-20.919657,-44.600158,Y
S00562,LOJA 562,10000000000562,REDE 03,SUPERMERCADO,SAO PAULO,SP,T003,V0123,-19.065288,-39.154705,Y
S00563,LOJA 563,10000000000563,REDE 04,CONVENIENCIA,SAO PAULO,SP,T004,V0124,-20.072736,-45.796075,Y
S00564,LOJA 564,10000000000564,REDE 05,SUPERMERCADO,SAO PAULO,SP,T005,V0125,-26.638062,-46.130143,Y
S00565,LOJA 565,10000000000565,REDE 06,ATACAREJO,CAMPINAS,SP,T006,V0126,-30.628556,-46.980613,Y
S00566,LOJA 566,10000000000566,REDE 07,SUPERMERCADO,CAXIAS DO SUL,RS,T007,V0127,-20.349006,-50.333668,Y
S00567,LOJA 567,10000000000567,REDE 08,CONVENIENCIA,UBERLANDIA,MG,T008,,-27.116032,-42.038909,Y
S00568,LOJA 568,10000000000568,REDE 09,SUPERMERCADO,CAXIAS DO SUL,RS,T009,V0129,-18.530269,-40.353934,Y
S00569,LOJA 569,10000000000569,REDE 10,CONVENIENCIA,LONDRINA,PR,T010,V0130,-27.145132,-51.584943,Y
S00570,LOJA 570,10000000000570,REDE 11,ATACAREJO,BELO HORIZONTE,MG,T011,V0131,-27.78499,-45.430157,Y
S00571,LOJA 571,10000000000571,REDE 12,ATACAREJO,CAXIAS DO SUL,RS,T012,V0132,-21.946632,-39.711339,Y
S00572,LOJA 572,10000000000572,REDE 13,SUPERMERCADO,CAXIAS DO SUL,RS,T013,V0133,-18.604162,-45.905602,Y
S00573,LOJA 573,10000000000573,REDE 14,ATACAREJO,PORTO ALEGRE,RS,T014,V0134,-22.100417,-51.847734,Y
S00574,LOJA 574,10000000000574,REDE 15,SUPERMERCADO,PORTO ALEGRE,RS,T015,V0135,-32.698384,-40.498961,Y
S00575,LOJA 575,10000000000575,REDE 16,SUPERMERCADO,LONDRINA,PR,T016,V0136,-22.958036,-42.832109,Y
S00576,LOJA 576,10000000000576,REDE 17,CONVENIENCIA,LONDRINA,PR,T017,V0137,-31.737456,-43.747449,Y
S00577,LOJA 577,10000000000577,REDE 18,ATACAREJO,NITEROI,RJ,T018,V0138,-25.052167,-43.735732,Y
S00578,LOJA 578,10000000000578,REDE 19,ATACAREJO,UBERLANDIA,MG,T019,V0139,-19.964402,-42.391253,Y
S00579,LOJA 579,10000000000579,REDE 20,ATACAREJO,CAXIAS DO SUL,RS,T020,V0140,-32.003685,-53.363531,Y
S00580,LOJA 580,10000000000580,REDE 21,SUPERMERCADO,CAXIAS DO SUL,RS,T021,V0141,-20.75256,-45.357255,Y
S00581,LOJA 581,10000000000581,REDE 22,ATACAREJO,BELO HORIZONTE,MG,T022,V0142,-28.442655,-47.59588,Y
S00582,LOJA 582,10000000000582,REDE 23,CONVENIENCIA,SAO PAULO,SP,T023,V0143,-24.849883,-50.197176,Y
S00583,LOJA 583,10000000000583,REDE 24,CONVENIENCIA,BELO HORIZONTE,MG,T024,V0144,-23.927827,-42.707831,Y
S00584,LOJA 584,10000000000584,REDE 25,CONVENIENCIA,BELO HORIZONTE,MG,T025,V0145,-29.743567,-44.474124,Y
S00585,LOJA 585,10000000000585,REDE 26,CONVENIENCIA,UBERLANDIA,MG,T026,V0146,-23.842379,-43.208747,Y
S00586,LOJA 586,10000000000586,REDE 27,ATACAREJO,LONDRINA,PR,T027,V0147,-19.483092,-47.773489,Y
S00587,LOJA 587,10000000000587,REDE 28,ATACAREJO,SAO PAULO,SP,T028,V0148,-32.806267,-40.412577,Y
S00588,LOJA 588,10000000000588,REDE 29,ATACAREJO,LONDRINA,PR,T029,V0149,-23.222477,-53.542143,Y
S00589,LOJA 589,10000000000589,REDE 30,SUPERMERCADO,BELO HORIZONTE,MG,T030,V0150,-19.564935,-51.383447,Y
S00590,LOJA 590,10000000000590,REDE 31,CONVENIENCIA,PORTO ALEGRE,RS,T031,V0151,-24.039922,-44.305622,Y
S00591,LOJA 591,10000000000591,REDE 32,ATACAREJO,SANTOS,SP,T032,V0152,-31.776397,-44.258316,Y
S00592,LOJA 592,10000000000592,REDE 33,ATACAREJO,BELO HORIZONTE,MG,T033,V0153,-21.88669,-50.04081,Y
S00593,LOJA 593,10000000000593,REDE 34,CONVENIENCIA,UBERLANDIA,MG,T034,V0154,-30.085742,-42.514218,Y
S00594,LOJA 594,10000000000594,REDE 35,CONVENIENCIA,CAMPINAS,SP,T035,V0155,-25.492818,-41.878805,Y
S00595,LOJA 595,10000000000595,REDE 01,ATACAREJO,PORTO ALEGRE,RS,T036,V0156,-28.362746,-50.711599,Y
S00596,LOJA 596,10000000000596,REDE 02,ATACAREJO,LONDRINA,PR,T037,V0157,-18.637622,-52.908446,Y
S00597,LOJA 597,10000000000597,REDE 03,SUPERMERCADO,NITEROI,RJ,T038,V0158,-23.241464,-49.067164,Y
S00598,LOJA 598,10000000000598,REDE 04,ATACAREJO,RIO DE JANEIRO,RJ,T039,V0159,-31.252574,-49.173083,Y
S00599,LOJA 599,10000000000599,REDE 05,CONVENIENCIA,RIO DE JANEIRO,RJ,T040,V0160,-31.217598,-41.922551,Y
S00600,LOJA 600,10000000000600,REDE 06,SUPERMERCADO,SAO PAULO,SP,T041,V0161,-29.290434,-49.226451,Y
S00601,LOJA 601,10000000000601,REDE 07,ATACAREJO,UBERLANDIA,MG,T042,V0162,-25.771891,-52.361091,Y
S00602,LOJA 602,10000000000602,REDE 08,ATACAREJO,RIO DE JANEIRO,RJ,T043,V0163,-31.68812,-51.71949,Y
S00603,LOJA 603,10000000000603,REDE 09,ATACAREJO,PORTO ALEGRE,RS,T044,V0164,-29.21375,-41.474246,Y
S00604,LOJA 604,10000000000604,REDE 10,ATACAREJO,LONDRINA,PR,T045,V0165,-24.814872,-50.759709,Y
S00605,LOJA 605,10.000.000/0006-05,REDE 11,SUPERMERCADO,NITEROI,RJ,T046,V0166,-18.854388,-46.932125,Y
S00606,LOJA 606,10000000000606,REDE 12,SUPERMERCADO,RIO DE JANEIRO,RJ,T047,V0167,-30.559998,-51.825167,Y
S00607,LOJA 607,10000000000607,REDE 13,SUPERMERCADO,PORTO ALEGRE,RS,T048,V0168,-18.277572,-51.92211,Y
S00608,LOJA 608,10000000000608,REDE 14,ATACAREJO,UBERLANDIA,MG,T049,V0169,-20.026068,-44.659157,Y
S00609,LOJA 609,10000000000609,REDE 15,CONVENIENCIA,LONDRINA,PR,T050,V0170,-20.574698,-52.690123,Y
S00610,LOJA 610,10000000000610,REDE 16,SUPERMERCADO,CAXIAS DO SUL,RS,T051,V0171,-24.89201,-45.180132,Y
S00611,LOJA 611,10.000.000/0006-11,REDE 17,ATACAREJO,BELO HORIZONTE,MG,T052,V0172,-26.830645,-47.719195,Y
S00612,LOJA 612,10000000000612,REDE 18,SUPERMERCADO,LONDRINA,PR,T053,V0173,-25.573875,-49.516927,Y
S00613,LOJA 613,10000000000613,REDE 19,SUPERMERCADO,SAO PAULO,SP,T054,V0174,-20.644486,-41.591077,Y
S00614,LOJA 614,10000000000614,REDE 20,CONVENIENCIA,PORTO ALEGRE,RS,T055,V0175,-20.90695,-45.172942,Y
S00615,LOJA 615,10000000000615,REDE 21,ATACAREJO,CAMPINAS,SP,T056,V0176,-22.451939,-51.322858,Y
S00616,LOJA 616,10000000000616,REDE 22,ATACAREJO,RIO DE JANEIRO,RJ,T057,V0177,-21.019139,-52.219308,Y
S00617,LOJA 617,10000000000617,REDE 23,ATACAREJO,SAO PAULO,SP,T058,V0178,-22.294586,-48.883823,Y
S00618,LOJA 618,10000000000618,REDE 24,ATACAREJO,SANTOS,SP,T059,V0179,-19.961159,-51.945224,Y
S00619,LOJA 619,10000000000619,REDE 25,SUPERMERCADO,SANTOS,SP,T060,V0180,-28.880815,-46.820237,Y
S00620,LOJA 620,10000000000620,REDE 26,ATACAREJO,PORTO ALEGRE,RS,T061,V0181,-31.474717,-50.418715,Y
S00621,LOJA 621,10000000000621,REDE 27,CONVENIENCIA,NITEROI,RJ,T062,V0182,-30.998582,-48.986243,Y
S00622,LOJA 622,10000000000622,REDE 28,SUPERMERCADO,CAXIAS DO SUL,RS,T063,V0183,-25.905866,-44.625936,Y
S00623,LOJA 623,10000000000623,REDE 29,SUPERMERCADO,CAXIAS DO SUL,RS,T064,V0184,-21.410632,-50.589405,Y
S00624,LOJA 624,10000000000624,REDE 30,CONVENIENCIA,RIO DE JANEIRO,RJ,T065,V0185,-18.603015,-51.295438,Y
S00625,LOJA 625,10000000000625,REDE 31,ATACAREJO,SANTOS,SP,T066,V0186,-23.19735,-45.977,Y
S00626,LOJA 626,10000000000626,REDE 32,ATACAREJO,BELO HORIZONTE,MG,T067,V0187,-19.470408,-45.268419,Y
S00627,LOJA 627,10000000000627,REDE 33,CONVENIENCIA,CURITIBA,PR,T068,V0188,-27.873087,-44.846465,Y
S00628,LOJA 628,10000000000628,REDE 34,SUPERMERCADO,BELO HORIZONTE,MG,T069,V0189,-20.160698,-44.582458,Y
S00629,LOJA 629,10000000000629,REDE 35,ATACAREJO,CAMPINAS,SP,T070,V0190,-18.230338,-50.726809,Y
S00630,LOJA 630,10000000000630,REDE 01,SUPERMERCADO,CURITIBA,PR,T071,V0191,-18.658546,-51.439828,Y
S00631,LOJA 631,10000000000631,REDE 02,CONVENIENCIA,NITEROI,RJ,T072,V0192,-27.962543,-44.916408,Y
S00632,LOJA 632,10000000000632,REDE 03,CONVENIENCIA,RIO DE JANEIRO,RJ,T073,V0193,-27.046381,-46.115789,Y
S00633,LOJA 633,10000000000633,REDE 04,SUPERMERCADO,BELO HORIZONTE,MG,T074,V0194,-19.739769,-43.640253,Y
S00634,LOJA 634,10000000000634,REDE 05,CONVENIENCIA,PORTO ALEGRE,RS,T075,V0195,-24.817185,-46.608854,Y
S00635,LOJA 635,10000000000635,REDE 06,ATACAREJO,CAMPINAS,SP,T076,V0196,-23.24731,-52.247649,Y
S00636,LOJA 636,10000000000636,REDE 07,SUPERMERCADO,SAO PAULO,SP,T077,V0197,-22.051912,-53.751264,Y
S00637,LOJA 637,10000000000637,REDE 08,SUPERMERCADO,SAO PAULO,SP,T078,V0198,-19.994375,-47.611672,Y
S00638,LOJA 638,10000000000638,REDE 09,ATACAREJO,RIO DE JANEIRO,RJ,T079,V0199,-32.747945,-45.287612,Y
S00639,LOJA 639,10000000000639,REDE 10,CONVENIENCIA,CAXIAS DO SUL,RS,T080,V0200,-32.309053,-42.041595,Y
S00640,LOJA 640,10.000.000/0006-40,REDE 11,CONVENIENCIA,BELO HORIZONTE,MG,T001,V0201,-30.520659,-41.4762,Y
S00641,LOJA 641,10000000000641,REDE 12,SUPERMERCADO,RIO DE JANEIRO,RJ,T002,V0202,-25.514859,-46.180063,Y
S00642,LOJA 642,10000000000642,REDE 13,ATACAREJO,CAXIAS DO SUL,RS,T003,V0203,-27.207121,-39.69889,Y
S00643,LOJA 643,10000000000643,REDE 14,ATACAREJO,CAXIAS DO SUL,RS,T004,V0204,-28.866073,-39.269085,Y
S00644,LOJA 644,10000000000644,REDE 15,SUPERMERCADO,UBERLANDIA,MG,T005,V0205,-19.739465,-53.191738,Y
S00645,LOJA 645,10000000000645,REDE 16,CONVENIENCIA,NITEROI,RJ,T006,V0206,-26.247526,-46.852204,Y
S00646,LOJA 646,10000000000646,REDE 17,ATACAREJO,BELO HORIZONTE,MG,T007,V0207,-20.768046,-41.898534,Y
S00647,LOJA 647,10000000000647,REDE 18,CONVENIENCIA,UBERLANDIA,MG,T008,V0208,-20.435779,-40.275067,Y
S00648,LOJA 648,10000000000648,REDE 19,SUPERMERCADO,NITEROI,RJ,T009,V0209,-29.980555,-53.317269,Y
S00649,LOJA 649,10000000000649,REDE 20,SUPERMERCADO,CURITIBA,PR,T010,V0210,-24.30402,-44.640791,Y
S00650,LOJA 650,10000000000650,REDE 21,SUPERMERCADO,CAXIAS DO SUL,RS,T011,V0211,-24.395128,-51.119887,Y
S00651,LOJA 651,10000000000651,REDE 22,SUPERMERCADO,RIO DE JANEIRO,RJ,T012,V0212,-18.405587,-44.552887,Y
S00652,LOJA 652,10.000.000/0006-52,REDE 23,SUPERMERCADO,BELO HORIZONTE,MG,T013,V0213,-27.253223,-53.298616,Y
S00653,LOJA 653,10000000000653,REDE 24,SUPERMERCADO,PORTO ALEGRE,RS,T014,V0214,-29.184166,-45.440005,Y
S00654,LOJA 654,10000000000654,REDE 25,SUPERMERCADO,LONDRINA,PR,,V0215,-22.182612,-46.560345,Y
S00655,LOJA 655,10000000000655,REDE 26,CONVENIENCIA,NITEROI,RJ,T016,V0216,-31.632535,-52.383031,Y
S00656,LOJA 656,10000000000656,REDE 27,ATACAREJO,RIO DE JANEIRO,RJ,T017,V0217,-24.525646,-42.20011,Y
S00657,LOJA 657,10000000000657,REDE 28,SUPERMERCADO,LONDRINA,PR,T018,V0218,-21.320463,-43.170331,Y
S00658,LOJA 658,10000000000658,REDE 29,ATACAREJO,CAXIAS DO SUL,RS,T019,V0219,-28.966434,-42.535363,Y
S00659,LOJA 659,10000000000659,REDE 30,CONVENIENCIA,CAXIAS DO SUL,RS,T020,V0220,-31.337772,-40.967058,Y
S00660,LOJA 660,10.000.000/0006-60,REDE 31,ATACAREJO,RIO DE JANEIRO,RJ,T021,V0001,-22.96655,-40.163795,Y
S00661,LOJA 661,10000000000661,REDE 32,ATACAREJO,CAXIAS DO SUL,RS,T022,V0002,-18.939319,-42.402306,Y
S00662,LOJA 662,10000000000662,REDE 33,CONVENIENCIA,CAXIAS DO SUL,RS,T023,V0003,-22.257782,-44.140746,Y
S00663,LOJA 663,10000000000663,REDE 34,ATACAREJO,UBERLANDIA,MG,T024,V0004,-29.756922,-47.12662,Y
S00664,LOJA 664,10000000000664,REDE 35,CONVENIENCIA,BELO HORIZONTE,MG,T025,V0005,-31.783565,-52.87627,Y
S00665,LOJA 665,10000000000665,REDE 01,CONVENIENCIA,CAXIAS DO SUL,RS,T026,V0006,-18.609819,-39.741191,Y
S00666,LOJA 666,10000000000666,REDE 02,SUPERMERCADO,SANTOS,SP,T027,V0007,-27.259875,-44.448673,Y
S00667,LOJA 667,10000000000667,REDE 03,CONVENIENCIA,BELO HORIZONTE,MG,T028,V0008,-22.751612,-50.764988,Y
S00668,LOJA 668,10000000000668,REDE 04,ATACAREJO,CAXIAS DO SUL,RS,T029,V0009,-26.897324,-44.665851,Y
S00669,LOJA 669,10000000000669,REDE 05,SUPERMERCADO,BELO HORIZONTE,MG,T030,V0010,-32.593079,-50.055325,Y
S00670,LOJA 670,10000000000670,REDE 06,CONVENIENCIA,CAMPINAS,SP,T031,V0011,-30.219621,-41.634326,Y
S00671,LOJA 671,10000000000671,REDE 07,ATACAREJO,RIO DE JANEIRO,RJ,T032,V0012,-24.113464,-44.052995,Y
S00672,LOJA 672,10000000000672,REDE 08,SUPERMERCADO,CAMPINAS,SP,,V0013,-32.992761,-43.240081,Y
S00673,LOJA 673,10000000000673,REDE 09,ATACAREJO,BELO HORIZONTE,MG,T034,V0014,-29.02658,-52.726946,Y
S00674,LOJA 674,10000000000674,REDE 10,ATACAREJO,SAO PAULO,SP,T035,V0015,-28.849742,-44.445136,Y
S00675,LOJA 675,10000000000675,REDE 11,SUPERMERCADO,BELO HORIZONTE,MG,T036,V0016,-23.410303,-45.117865,Y
S00676,LOJA 676,10000000000676,REDE 12,SUPERMERCADO,RIO DE JANEIRO,RJ,T037,V0017,-21.462869,-40.730268,Y
S00677,LOJA 677,10000000000677,REDE 13,ATACAREJO,BELO HORIZONTE,MG,T038,V0018,-29.400778,-44.716882,Y
S00678,LOJA 678,10000000000678,REDE 14,SUPERMERCADO,PORTO ALEGRE,RS,T039,V0019,-31.264758,-43.290027,Y
S00679,LOJA 679,10000000000679,REDE 15,SUPERMERCADO,SAO PAULO,SP,T040,V0020,-21.358462,-43.647144,Y
S00680,LOJA 680,10000000000680,REDE 16,CONVENIENCIA,SANTOS,XX,T041,V0021,-20.950958,-49.349497,Y
S00681,LOJA 681,10000000000681,REDE 17,ATACAREJO,CAMPINAS,SP,T042,V0022,-18.212082,-47.862014,Y
S00682,LOJA 682,10000000000682,REDE 18,CONVENIENCIA,BELO HORIZONTE,MG,T043,V0023,-28.871037,-41.035395,Y
S00683,LOJA 683,10000000000683,REDE 19,CONVENIENCIA,PORTO ALEGRE,RS,T044,V0024,-18.546426,-53.06167,Y
S00684,LOJA 684,10000000000684,REDE 20,SUPERMERCADO,SANTOS,SP,T045,V0025,-27.839779,-53.896541,Y
S00685,LOJA 685,10000000000685,REDE 21,SUPERMERCADO,BELO HORIZONTE,MG,T046,V0026,-18.108379,-40.453736,Y
S00686,LOJA 686,10000000000686,REDE 22,CONVENIENCIA,UBERLANDIA,MG,T047,V0027,-19.193972,-49.553768,Y
S00687,LOJA 687,10000000000687,REDE 23,ATACAREJO,BELO HORIZONTE,MG,T048,V0028,-25.928549,-40.523381,Y
S00688,LOJA 688,10000000000688,REDE 24,SUPERMERCADO,BELO HORIZONTE,MG,T049,V0029,-22.172302,-39.475716,Y
S00689,LOJA 689,10000000000689,REDE 25,SUPERMERCADO,NITEROI,RJ,T050,V0030,-29.74535,-52.713001,Y
S00690,LOJA 690,10000000000690,REDE 26,SUPERMERCADO,LONDRINA,PR,T051,V0031,-18.300832,-44.317496,Y
S00691,LOJA 691,10000000000691,REDE 27,ATACAREJO,CAMPINAS,SP,T052,V0032,-27.704039,-39.56836,Y
S00692,LOJA 692,10000000000692,REDE 28,ATACAREJO,CAXIAS DO SUL,RS,T053,V0033,-18.914065,-39.683557,Y
S00693,LOJA 693,10000000000693,REDE 29,SUPERMERCADO,SAO PAULO,SP,T054,,-20.372858,-43.835918,Y
S00694,LOJA 694,10000000000694,REDE 30,CONVENIENCIA,SAO PAULO,SP,T055,V0035,-28.445417,-51.674232,Y
S00695,LOJA 695,10000000000695,REDE 31,CONVENIENCIA,CAXIAS DO SUL,RS,T056,V0036,-31.603641,-48.438395,Y
S00696,LOJA 696,10000000000696,REDE 32,SUPERMERCADO,UBERLANDIA,MG,T057,V0037,-32.127968,-43.168439,Y
S00697,LOJA 697,10000000000697,REDE 33,ATACAREJO,SANTOS,SP,T058,,-29.57683,-44.105216,Y
S00698,LOJA 698,10000000000698,REDE 34,ATACAREJO,PORTO ALEGRE,RS,T059,V0039,-28.929278,-49.416116,Y
S00699,LOJA 699,10000000000699,REDE 35,SUPERMERCADO,BELO HORIZONTE,MG,T060,V0040,-18.85009,-42.230324,Y
S00700,LOJA 700,10000000000700,REDE 01,ATACAREJO,NITEROI,RJ,T061,V0041,-26.110135,-39.348293,Y
S00701,LOJA 701,10000000000701,REDE 02,SUPERMERCADO,SANTOS,SP,T062,V0042,-24.286995,-52.242895,Y
S00702,LOJA 702,10000000000702,REDE 03,SUPERMERCADO,LONDRINA,PR,T063,V0043,-25.791752,-43.589031,Y
S00703,LOJA 703,10000000000703,REDE 04,CONVENIENCIA,LONDRINA,PR,T064,V0044,-19.381463,-41.517781,Y
S00704,LOJA 704,10000000000704,REDE 05,SUPERMERCADO,NITEROI,RJ,T065,V0045,-28.672822,-46.723749,Y
S00705,LOJA 705,10000000000705,REDE 06,CONVENIENCIA,RIO DE JANEIRO,RJ,T066,V0046,-28.244521,-40.427843,Y
S00706,LOJA 706,10000000000706,REDE 07,SUPERMERCADO,BELO HORIZONTE,MG,T067,V0047,-32.834444,-48.265598,Y
S00707,LOJA 707,10000000000707,REDE 08,ATACAREJO,BELO HORIZONTE,MG,T068,V0048,-25.985923,-52.919454,Y
S00708,LOJA 708,10000000000708,REDE 09,SUPERMERCADO,PORTO ALEGRE,RS,T069,V0049,-21.739386,-47.524626,Y
S00709,LOJA 709,10000000000709,REDE 10,ATACAREJO,CAXIAS DO SUL,RS,T070,V0050,-28.882216,-46.450407,Y
S00710,LOJA 710,10000000000710,REDE 11,ATACAREJO,SANTOS,SP,T071,V0051,-32.226414,-53.96684,Y
S00711,LOJA 711,10000000000711,REDE 12,CONVENIENCIA,PORTO ALEGRE,RS,T072,V0052,-29.152804,-42.469556,Y
S00712,LOJA 712,10000000000712,REDE 13,CONVENIENCIA,CURITIBA,PR,T073,V0053,-18.618524,-40.699466,Y
S00713,LOJA 713,10000000000713,REDE 14,ATACAREJO,CAMPINAS,SP,T074,V0054,-26.413059,-45.779732,Y
S00714,LOJA 714,10000000000714,REDE 15,SUPERMERCADO,UBERLANDIA,MG,T075,V0055,-31.846464,-39.131504,Y
S00715,LOJA 715,10000000000715,REDE 16,SUPERMERCADO,NITEROI,RJ,T076,V0056,-23.247297,-48.708023,Y
S00716,LOJA 716,10000000000716,REDE 17,CONVENIENCIA,CAXIAS DO SUL,RS,T077,V0057,-32.643108,-51.692176,Y
S00717,LOJA 717,10000000000717,REDE 18,SUPERMERCADO,RIO DE JANEIRO,RJ,T078,V0058,-25.77941,-48.375986,Y
S00718,LOJA 718,10000000000718,REDE 19,CONVENIENCIA,UBERLANDIA,MG,T079,V0059,-29.290102,-51.835047,Y
S00719,LOJA 719,10000000000719,REDE 20,CONVENIENCIA,BELO HORIZONTE,MG,T080,V0060,-20.107084,-42.565684,Y
S00720,LOJA 720,10000000000720,REDE 21,CONVENIENCIA,LONDRINA,PR,T001,V0061,-32.882903,-43.346988,Y
S00721,LOJA 721,10000000000721,REDE 22,ATACAREJO,BELO HORIZONTE,MG,T002,V0062,-25.65541,-45.338845,Y
S00722,LOJA 722,10000000000722,REDE 23,ATACAREJO,SAO PAULO,SP,T003,V0063,-30.54091,-39.862375,Y
S00723,LOJA 723,10000000000723,REDE 24,SUPERMERCADO,CAXIAS DO SUL,RS,T004,V0064,-29.562519,-49.645519,Y
S00724,LOJA 724,10000000000724,REDE 25,CONVENIENCIA,LONDRINA,PR,T005,V0065,-24.084987,-51.807185,Y
S00725,LOJA 725,10000000000725,REDE 26,CONVENIENCIA,SANTOS,SP,T006,V0066,-22.385857,-39.164614,Y
S00726,LOJA 726,10000000000726,REDE 27,ATACAREJO,SAO PAULO,SP,T007,V0067,-19.231966,-51.637236,Y
S00727,LOJA 727,10000000000727,REDE 28,CONVENIENCIA,LONDRINA,PR,T008,V0068,-18.390743,-44.378385,Y
S00728,LOJA 728,10000000000728,REDE 29,CONVENIENCIA,CAMPINAS,SP,T009,V0069,-28.748795,-51.360366,Y
S00729,LOJA 729,10000000000729,REDE 30,ATACAREJO,SAO PAULO,SP,T010,V0070,-21.945106,-39.066248,Y
S00730,LOJA 730,10000000000730,REDE 31,ATACAREJO,RIO DE JANEIRO,RJ,T011,V0071,-26.162896,-53.35664,Y
S00731,LOJA 731,10000000000731,REDE 32,SUPERMERCADO,SANTOS,SP,T012,V0072,-26.567095,-47.067006,Y
S00732,LOJA 732,10000000000732,REDE 33,SUPERMERCADO,SANTOS,SP,T013,V0073,-20.904604,-39.290133,Y
S00733,LOJA 733,10000000000733,REDE 34,CONVENIENCIA,NITEROI,RJ,T014,V0074,-26.063099,-52.048105,Y
S00734,LOJA 734,10000000000734,REDE 35,SUPERMERCADO,UBERLANDIA,MG,T015,V0075,-20.5072,-52.95771,Y
S00735,LOJA 735,10000000000735,REDE 01,SUPERMERCADO,NITEROI,RJ,T016,V0076,-25.28768,-46.227599,Y
S00736,LOJA 736,10000000000736,REDE 02,ATACAREJO,PORTO ALEGRE,RS,T017,V0077,-28.732895,-44.919338,Y
S00737,LOJA 737,10000000000737,REDE 03,SUPERMERCADO,LONDRINA,PR,T018,V0078,-21.638825,-41.866571,Y
S00738,LOJA 738,10000000000738,REDE 04,SUPERMERCADO,NITEROI,RJ,,,-24.092845,-46.425226,Y
S00739,LOJA 739,10000000000739,REDE 05,SUPERMERCADO,LONDRINA,PR,T020,V0080,-19.505676,-52.142137,Y
S00740,LOJA 740,10000000000740,REDE 06,CONVENIENCIA,RIO DE JANEIRO,RJ,T021,V0081,-28.970162,-51.282652,Y
S00741,LOJA 741,10000000000741,REDE 07,SUPERMERCADO,LONDRINA,PR,T022,V0082,-18.601557,-43.703946,Y
S00742,LOJA 742,10000000000742,REDE 08,CONVENIENCIA,RIO DE JANEIRO,RJ,T023,V0083,-23.391765,-46.446185,Y
S00743,LOJA 743,10000000000743,REDE 09,ATACAREJO,NITEROI,RJ,T024,V0084,-28.001898,-43.941575,Y
S00744,LOJA 744,10000000000744,REDE 10,ATACAREJO,CURITIBA,PR,T025,V0085,-25.643383,-42.115239,Y
S00745,LOJA 745,10000000000745,REDE 11,CONVENIENCIA,BELO HORIZONTE,MG,T026,V0086,-29.079385,-40.094566,Y
S00746,LOJA 746,10000000000746,REDE 12,ATACAREJO,RIO DE JANEIRO,RJ,T027,V0087,-24.727277,-50.051852,Y
S00747,LOJA 747,10000000000747,REDE 13,ATACAREJO,BELO HORIZONTE,MG,T028,V0088,-32.688786,-40.725335,Y
S00748,LOJA 748,10000000000748,REDE 14,SUPERMERCADO,BELO HORIZONTE,MG,T029,V0089,-26.598501,-43.903291,Y
S00749,LOJA 749,10000000000749,REDE 15,CONVENIENCIA,SAO PAULO,SP,T030,V0090,-20.422706,-43.295381,Y
S00750,LOJA 750,10000000000750,REDE 16,SUPERMERCADO,SAO PAULO,SP,T031,V0091,-32.587465,-49.665483,Y
S00751,LOJA 751,10000000000751,REDE 17,SUPERMERCADO,PORTO ALEGRE,RS,T032,V0092,-22.775644,-40.763484,Y
S00752,LOJA 752,10000000000752,REDE 18,CONVENIENCIA,LONDRINA,PR,T033,V0093,-28.550408,-52.226811,Y
S00753,LOJA 753,10000000000753,REDE 19,CONVENIENCIA,SANTOS,SP,T034,V0094,-25.447939,-49.111112,Y
S00754,LOJA 754,10000000000754,REDE 20,SUPERMERCADO,CAXIAS DO SUL,RS,T035,V0095,-24.308191,-51.645287,Y
S00755,LOJA 755,10000000000755,REDE 21,CONVENIENCIA,CAXIAS DO SUL,RS,T036,V0096,-21.080316,-46.983939,Y
S00756,LOJA 756,10000000000756,REDE 22,ATACAREJO,PORTO ALEGRE,RS,T037,V0097,-30.183735,-43.265661,Y
S00757,LOJA 757,10000000000757,REDE 23,ATACAREJO,BELO HORIZONTE,MG,T038,V0098,-32.025453,-44.381771,Y
S00758,LOJA 758,10000000000758,REDE 24,SUPERMERCADO,UBERLANDIA,MG,T039,V0099,-27.131747,-43.944797,Y
S00759,LOJA 759,10000000000759,REDE 25,CONVENIENCIA,CAXIAS DO SUL,RS,T040,V0100,-23.399656,-44.172217,Y
S00760,LOJA 760,10000000000760,REDE 26,ATACAREJO,BELO HORIZONTE,MG,T041,V0101,-29.386678,-39.330598,Y
S00761,LOJA 761,10000000000761,REDE 27,ATACAREJO,NITEROI,RJ,,V0102,-27.468991,-47.861384,Y
S00762,LOJA 762,10000000000762,REDE 28,CONVENIENCIA,PORTO ALEGRE,RS,T043,V0103,-26.589386,-47.85461,Y
S00763,LOJA 763,10000000000763,REDE 29,SUPERMERCADO,BELO HORIZONTE,MG,T044,V0104,-22.371494,-51.955749,Y
S00764,LOJA 764,10000000000764,REDE 30,SUPERMERCADO,UBERLANDIA,MG,T045,V0105,-20.799496,-42.326659,Y
S00765,LOJA 765,10000000000765,REDE 31,CONVENIENCIA,RIO DE JANEIRO,RJ,T046,V0106,-30.556543,-50.31565,Y
S00766,LOJA 766,10000000000766,REDE 32,ATACAREJO,CAXIAS DO SUL,RS,T047,V0107,-24.612789,-43.135185,Y
S00767,LOJA 767,10000000000767,REDE 33,CONVENIENCIA,RIO DE JANEIRO,RJ,T048,V0108,-20.841685,-45.890168,Y
S00768,LOJA 768,10000000000768,REDE 34,SUPERMERCADO,BELO HORIZONTE,MG,T049,V0109,-23.189431,-40.372216,Y
S00769,LOJA 769,10000000000769,REDE 35,ATACAREJO,LONDRINA,PR,T050,,-21.063127,-44.889024,Y
S00770,LOJA 770,10000000000770,REDE 01,SUPERMERCADO,LONDRINA,PR,T051,V0111,-28.176669,-46.721028,Y
S00771,LOJA 771,10000000000771,REDE 02,ATACAREJO,RIO DE JANEIRO,RJ,T052,V0112,-26.933551,-44.4741,Y
S00772,LOJA 772,10000000000772,REDE 03,ATACAREJO,LONDRINA,PR,T053,,-30.883775,-45.374902,Y
S00773,LOJA 773,10000000000773,REDE 04,SUPERMERCADO,UBERLANDIA,MG,T054,,-26.705745,-43.395765,Y
S00774,LOJA 774,10000000000774,REDE 05,CONVENIENCIA,LONDRINA,PR,T055,,-31.41068,-46.383802,Y
S00775,LOJA 775,10000000000775,REDE 06,ATACAREJO,CAXIAS DO SUL,RS,,V0116,-30.360976,-48.024964,Y
S00776,LOJA 776,10000000000776,REDE 07,SUPERMERCADO,CAMPINAS,SP,T057,V0117,-30.566103,-52.493218,Y
S00777,LOJA 777,10000000000777,REDE 08,ATACAREJO,CURITIBA,PR,T058,V0118,-27.125092,-49.70192,Y
S00778,LOJA 778,10000000000778,REDE 09,SUPERMERCADO,BELO HORIZONTE,MG,T059,V0119,-26.894525,-53.1493,Y
S00779,LOJA 779,10000000000779,REDE 10,CONVENIENCIA,PORTO ALEGRE,RS,,V0120,-27.864039,-39.371346,Y
S00780,LOJA 780,10000000000780,REDE 11,SUPERMERCADO,CAXIAS DO SUL,RS,T061,V0121,-25.079953,-49.270875,Y
S00781,LOJA 781,10000000000781,REDE 12,SUPERMERCADO,PORTO ALEGRE,RS,T062,V0122,-24.641765,-50.961859,Y
S00782,LOJA 782,10000000000782,REDE 13,SUPERMERCADO,SANTOS,SP,T063,V0123,-26.369865,-42.825298,Y
S00783,LOJA 783,10000000000783,REDE 14,ATACAREJO,CAXIAS DO SUL,RS,T064,V0124,-19.975133,-44.938412,Y
S00784,LOJA 784,10000000000784,REDE 15,ATACAREJO,LONDRINA,PR,T065,V0125,-30.356765,-51.269726,Y
S00785,LOJA 785,10.000.000/0007-85,REDE 16,ATACAREJO,CAXIAS DO SUL,RS,T066,V0126,-18.98165,-42.631424,Y
S00786,LOJA 786,10000000000786,REDE 17,SUPERMERCADO,CAXIAS DO SUL,RS,T067,V0127,-32.200661,-44.509337,Y
S00787,LOJA 787,10000000000787,REDE 18,SUPERMERCADO,LONDRINA,PR,T068,V0128,-23.563676,-44.909397,Y
S00788,LOJA 788,10000000000788,REDE 19,SUPERMERCADO,SANTOS,SP,T069,V0129,-30.626757,-39.73066,Y
S00789,LOJA 789,10000000000789,REDE 20,CONVENIENCIA,UBERLANDIA,MG,T070,V0130,-20.574724,-44.541146,Y
S00790,LOJA 790,10000000000790,REDE 21,SUPERMERCADO,CURITIBA,PR,T071,V0131,-30.981314,-52.484522,Y
S00791,LOJA 791,10000000000791,REDE 22,SUPERMERCADO,UBERLANDIA,MG,T072,V0132,-30.40999,-48.370666,Y
S00792,LOJA 792,10000000000792,REDE 23,SUPERMERCADO,CAXIAS DO SUL,RS,T073,V0133,-26.224908,-52.120328,Y
S00793,LOJA 793,10000000000793,REDE 24,ATACAREJO,LONDRINA,PR,T074,V0134,-26.824251,-43.26142,Y
S00794,LOJA 794,10000000000794,REDE 25,CONVENIENCIA,CAXIAS DO SUL,RS,T075,V0135,-32.562824,-50.579314,Y
S00795,LOJA 795,10000000000795,REDE 26,CONVENIENCIA,LONDRINA,PR,T076,V0136,-28.632752,-46.711276,Y
S00796,LOJA 796,10000000000796,REDE 27,ATACAREJO,UBERLANDIA,MG,T077,V0137,-30.849747,-40.116506,Y
S00797,LOJA 797,10000000000797,REDE 28,ATACAREJO,CAMPINAS,SP,T078,V0138,-26.313537,-52.77398,Y
S00798,LOJA 798,10000000000798,REDE 29,SUPERMERCADO,PORTO ALEGRE,RS,T079,V0139,-29.932986,-47.708994,Y
S00799,LOJA 799,10000000000799,REDE 30,SUPERMERCADO,CURITIBA,PR,T080,V0140,-30.233081,-47.998854,Y
S00800,LOJA 800,10000000000800,REDE 31,ATACAREJO,RIO DE JANEIRO,RJ,T001,V0141,-30.26193,-53.779315,Y
S00801,LOJA 801,10000000000801,REDE 32,ATACAREJO,NITEROI,RJ,T002,V0142,-24.421227,-41.830157,Y
S00802,LOJA 802,10000000000802,REDE 33,CONVENIENCIA,CAXIAS DO SUL,RS,T003,V0143,-32.632911,-39.153869,Y
S00803,LOJA 803,10000000000803,REDE 34,SUPERMERCADO,CURITIBA,PR,T004,V0144,-27.171201,-42.423707,Y
S00804,LOJA 804,10000000000804,REDE 35,SUPERMERCADO,SAO PAULO,SP,T005,V0145,-29.108515,-42.943657,Y
S00805,LOJA 805,10000000000805,REDE 01,SUPERMERCADO,BELO HORIZONTE,MG,T006,V0146,-27.178333,-39.192152,Y
S00806,LOJA 806,10000000000806,REDE 02,CONVENIENCIA,NITEROI,RJ,T007,V0147,-19.56718,-42.360581,Y
S00807,LOJA 807,10000000000807,REDE 03,ATACAREJO,RIO DE JANEIRO,RJ,T008,V0148,-26.266947,-43.860963,Y
S00808,LOJA 808,10000000000808,REDE 04,SUPERMERCADO,CAXIAS DO SUL,RS,T009,V0149,-27.273712,-47.859276,Y
S00809,LOJA 809,10000000000809,REDE 05,ATACAREJO,CAMPINAS,SP,T010,V0150,-22.857123,-41.784142,Y
S00810,LOJA 810,10000000000810,REDE 06,SUPERMERCADO,LONDRINA,PR,T011,V0151,-21.142198,-40.882448,Y
S00811,LOJA 811,10000000000811,REDE 07,ATACAREJO,UBERLANDIA,MG,T012,V0152,-32.460522,-50.540835,Y
S00812,LOJA 812,10000000000812,REDE 08,ATACAREJO,NITEROI,RJ,T013,,-26.436633,-47.929452,Y
S00813,LOJA 813,10000000000813,REDE 09,SUPERMERCADO,SANTOS,SP,T014,V0154,-30.650038,-48.707411,Y
S00814,LOJA 814,10000000000814,REDE 10,ATACAREJO,BELO HORIZONTE,MG,T015,V0155,-18.412916,-41.390294,Y
S00815,LOJA 815,10000000000815,REDE 11,ATACAREJO,UBERLANDIA,MG,T016,V0156,-23.976796,-52.852658,Y
S00816,LOJA 816,10000000000816,REDE 12,CONVENIENCIA,UBERLANDIA,MG,T017,V0157,-29.842978,-40.391607,Y
S00817,LOJA 817,10000000000817,REDE 13,ATACAREJO,SANTOS,SP,T018,V0158,-30.816714,-39.76572,Y
S00818,LOJA 818,10000000000818,REDE 14,CONVENIENCIA,CAXIAS DO SUL,RS,T019,V0159,-25.167402,-40.543194,Y
S00819,LOJA 819,10000000000819,REDE 15,ATACAREJO,LONDRINA,PR,T020,V0160,-19.060046,-53.451793,Y
S00820,LOJA 820,10000000000820,REDE 16,CONVENIENCIA,CAMPINAS,SP,T021,V0161,-27.352447,-49.597274,Y
S00821,LOJA 821,10000000000821,REDE 17,CONVENIENCIA,RIO DE JANEIRO,RJ,T022,V0162,-26.563633,-52.148996,Y
S00822,LOJA 822,10000000000822,REDE 18,ATACAREJO,RIO DE JANEIRO,RJ,T023,V0163,-18.649926,-41.240705,Y
S00823,LOJA 823,10000000000823,REDE 19,CONVENIENCIA,LONDRINA,PR,T024,V0164,-20.038412,-44.10927,Y
S00824,LOJA 824,10000000000824,REDE 20,SUPERMERCADO,CAMPINAS,SP,T025,V0165,-31.56476,-53.048126,Y
S00825,LOJA 825,10000000000825,REDE 21,CONVENIENCIA,RIO DE JANEIRO,RJ,T026,V0166,-26.213462,-46.445021,Y
S00826,LOJA 826,10000000000826,REDE 22,CONVENIENCIA,SANTOS,SP,T027,V0167,-21.331767,-43.449943,Y
S00827,LOJA 827,10000000000827,REDE 23,CONVENIENCIA,SAO PAULO,SP,T028,V0168,-28.096062,-40.335829,Y
S00828,LOJA 828,10000000000828,REDE 24,CONVENIENCIA,PORTO ALEGRE,RS,T029,V0169,-30.788499,-46.622181,Y
S00829,LOJA 829,10000000000829,REDE 25,CONVENIENCIA,SAO PAULO,SP,T030,V0170,-28.017284,-45.815611,Y
S00830,LOJA 830,10000000000830,REDE 26,CONVENIENCIA,PORTO ALEGRE,RS,T031,V0171,-24.936933,-44.854563,Y
S00831,LOJA 831,10000000000831,REDE 27,SUPERMERCADO,RIO DE JANEIRO,RJ,T032,V0172,-24.002188,-41.303445,Y
S00832,LOJA 832,10000000000832,REDE 28,ATACAREJO,BELO HORIZONTE,MG,T033,V0173,-30.73432,-46.340825,Y
S00833,LOJA 833,10000000000833,REDE 29,SUPERMERCADO,CURITIBA,PR,T034,V0174,-29.257545,-42.171425,Y
S00834,LOJA 834,10000000000834,REDE 30,CONVENIENCIA,PORTO ALEGRE,RS,T035,V0175,-20.258082,-48.521323,Y
S00835,LOJA 835,10000000000835,REDE 31,SUPERMERCADO,UBERLANDIA,MG,T036,V0176,-22.334451,-49.094554,Y
S00836,LOJA 836,10000000000836,REDE 32,SUPERMERCADO,UBERLANDIA,MG,T037,V0177,-31.04602,-51.884893,Y
S00837,LOJA 837,10000000000837,REDE 33,CONVENIENCIA,PORTO ALEGRE,RS,T038,V0178,-20.165844,-41.324264,Y
S00838,LOJA 838,10000000000838,REDE 34,CONVENIENCIA,SAO PAULO,SP,T039,V0179,-21.166973,-45.021641,Y
S00839,LOJA 839,10000000000839,REDE 35,CONVENIENCIA,SAO PAULO,SP,T040,V0180,-20.140322,-40.043267,Y
S00840,LOJA 840,10000000000840,REDE 01,SUPERMERCADO,RIO DE JANEIRO,RJ,T041,V0181,-28.033489,-42.313159,Y
S00841,LOJA 841,10000000000841,REDE 02,ATACAREJO,NITEROI,RJ,T042,V0182,-24.477891,-52.753842,Y
S00842,LOJA 842,10000000000842,REDE 03,ATACAREJO,CAXIAS DO SUL,RS,T043,V0183,-29.401918,-40.923202,Y
S00843,LOJA 843,10000000000843,REDE 04,ATACAREJO,LONDRINA,PR,T044,V0184,-21.908324,-48.700002,Y
S00844,LOJA 844,10000000000844,REDE 05,SUPERMERCADO,CAMPINAS,SP,T045,V0185,-19.187232,-41.712735,Y
S00845,LOJA 845,10000000000845,REDE 06,SUPERMERCADO,RIO DE JANEIRO,RJ,T046,V0186,-22.25044,-44.350736,Y
S00846,LOJA 846,10000000000846,REDE 07,ATACAREJO,NITEROI,RJ,T047,V0187,-26.206505,-43.767428,Y
S00847,LOJA 847,10000000000847,REDE 08,SUPERMERCADO,LONDRINA,PR,T048,V0188,-25.444925,-44.706066,Y
S00848,LOJA 848,10000000000848,REDE 09,SUPERMERCADO,BELO HORIZONTE,MG,T049,V0189,-21.088758,-53.731789,Y
S00849,LOJA 849,10000000000849,REDE 10,CONVENIENCIA,NITEROI,RJ,T050,V0190,-27.500455,-42.789473,Y
S00850,LOJA 850,10000000000850,REDE 11,CONVENIENCIA,RIO DE JANEIRO,RJ,T051,V0191,-28.280314,-52.570935,Y
S00851,LOJA 851,10000000000851,REDE 12,ATACAREJO,LONDRINA,PR,T052,,-23.493921,-39.971281,Y
S00852,LOJA 852,10000000000852,REDE 13,SUPERMERCADO,CAXIAS DO SUL,RS,T053,V0193,-29.007509,-39.3415,Y
S00853,LOJA 853,10000000000853,REDE 14,SUPERMERCADO,CURITIBA,PR,T054,V0194,-19.199762,-43.197936,Y
S00854,LOJA 854,10000000000854,REDE 15,ATACAREJO,SANTOS,SP,T055,V0195,-32.95565,-48.584167,Y
S00855,LOJA 855,10000000000855,REDE 16,SUPERMERCADO,CAXIAS DO SUL,RS,T056,V0196,-20.479688,-46.495154,Y
S00856,LOJA 856,10000000000856,REDE 17,CONVENIENCIA,PORTO ALEGRE,RS,T057,V0197,-31.972906,-50.805268,Y
S00857,LOJA 857,10000000000857,REDE 18,SUPERMERCADO,PORTO ALEGRE,RS,T058,V0198,-21.350062,-47.595804,Y
S00858,LOJA 858,10000000000858,REDE 19,CONVENIENCIA,CAMPINAS,SP,T059,V0199,-24.077363,-52.717626,Y
S00859,LOJA 859,10000000000859,REDE 20,SUPERMERCADO,NITEROI,RJ,T060,V0200,-22.717724,-53.82136,Y
S00860,LOJA 860,10000000000860,REDE 21,ATACAREJO,NITEROI,RJ,T061,V0201,-29.940286,-43.118356,Y
S00861,LOJA 861,10000000000861,REDE 22,ATACAREJO,CAXIAS DO SUL,RS,T062,V0202,-31.690377,-40.641588,Y
S00862,LOJA 862,10000000000862,REDE 23,CONVENIENCIA,CAXIAS DO SUL,RS,T063,V0203,-25.298538,-50.438329,Y
S00863,LOJA 863,10000000000863,REDE 24,CONVENIENCIA,LONDRINA,PR,T064,V0204,-27.90995,-43.72493,Y
S00864,LOJA 864,10000000000864,REDE 25,CONVENIENCIA,NITEROI,RJ,T065,V0205,-31.769599,-52.496741,Y
S00865,LOJA 865,10000000000865,REDE 26,SUPERMERCADO,SANTOS,SP,T066,V0206,-29.098852,-49.407738,Y
S00866,LOJA 866,10000000000866,REDE 27,CONVENIENCIA,UBERLANDIA,MG,T067,V0207,-32.300739,-48.320117,Y
S00867,LOJA 867,10000000000867,REDE 28,ATACAREJO,NITEROI,RJ,T068,V0208,-23.792952,-52.783024,Y
S00868,LOJA 868,10000000000868,REDE 29,SUPERMERCADO,LONDRINA,PR,T069,V0209,-18.197064,-49.790492,Y
S00869,LOJA 869,10000000000869,REDE 30,SUPERMERCADO,CAMPINAS,SP,T070,V0210,-29.088048,-40.13614,Y
S00870,LOJA 870,10000000000870,REDE 31,SUPERMERCADO,LONDRINA,PR,T071,V0211,-21.081901,-50.000148,Y
S00871,LOJA 871,10000000000871,REDE 32,ATACAREJO,BELO HORIZONTE,MG,T072,V0212,-21.837868,-49.059518,Y
S00872,LOJA 872,10000000000872,REDE 33,SUPERMERCADO,CAMPINAS,SP,T073,V0213,-24.184378,-46.156328,Y
S00873,LOJA 873,10000000000873,REDE 34,SUPERMERCADO,LONDRINA,PR,T074,V0214,-26.684354,-40.096731,Y
S00874,LOJA 874,10000000000874,REDE 35,ATACAREJO,CAMPINAS,SP,T075,V0215,-27.420678,-52.939868,Y
S00875,LOJA 875,10000000000875,REDE 01,SUPERMERCADO,BELO HORIZONTE,MG,T076,V0216,-27.212917,-47.739449,Y
S00876,LOJA 876,10000000000876,REDE 02,CONVENIENCIA,LONDRINA,PR,T077,V0217,-26.140215,-48.718087,Y
S00877,LOJA 877,10000000000877,REDE 03,SUPERMERCADO,CAMPINAS,SP,T078,V0218,-31.373245,-51.885697,Y
S00878,LOJA 878,10000000000878,REDE 04,ATACAREJO,NITEROI,RJ,T079,V0219,-21.91633,-49.521303,Y
S00879,LOJA 879,10000000000879,REDE 05,CONVENIENCIA,CURITIBA,PR,T080,V0220,-32.431204,-53.427339,Y
S00880,LOJA 880,10000000000880,REDE 06,ATACAREJO,LONDRINA,PR,T001,V0001,-30.717786,-49.570579,Y
S00881,LOJA 881,10000000000881,REDE 07,SUPERMERCADO,PORTO ALEGRE,RS,T002,V0002,-30.929438,-53.674003,Y
S00882,LOJA 882,10000000000882,REDE 08,CONVENIENCIA,RIO DE JANEIRO,RJ,T003,V0003,-28.040762,-42.432393,Y
S00883,LOJA 883,10000000000883,REDE 09,CONVENIENCIA,CAXIAS DO SUL,RS,T004,V0004,-29.333809,-39.283737,Y
S00884,LOJA 884,10000000000884,REDE 10,CONVENIENCIA,CAXIAS DO SUL,RS,T005,V0005,-18.222578,-43.661316,Y
S00885,LOJA 885,10000000000885,REDE 11,CONVENIENCIA,LONDRINA,PR,T006,V0006,-26.751782,-40.424479,Y
S00886,LOJA 886,10000000000886,REDE 12,CONVENIENCIA,CURITIBA,PR,T007,V0007,-20.402578,-44.389053,Y
S00887,LOJA 887,10000000000887,REDE 13,ATACAREJO,CAMPINAS,SP,T008,V0008,-25.510754,-41.84512,Y
S00888,LOJA 888,10000000000888,REDE 14,SUPERMERCADO,RIO DE JANEIRO,RJ,T009,V0009,-28.103465,-50.565939,Y
S00889,LOJA 889,10000000000889,REDE 15,ATACAREJO,RIO DE JANEIRO,RJ,T010,V0010,-19.907885,-49.360623,Y
S00890,LOJA 890,10000000000890,REDE 16,CONVENIENCIA,UBERLANDIA,MG,T011,V0011,-32.850766,-53.041828,Y
S00891,LOJA 891,10000000000891,REDE 17,SUPERMERCADO,CAMPINAS,SP,T012,V0012,-25.961181,-42.846529,Y
S00892,LOJA 892,10000000000892,REDE 18,ATACAREJO,CAXIAS DO SUL,RS,T013,V0013,-32.555863,-44.922733,Y
S00893,LOJA 893,10000000000893,REDE 19,SUPERMERCADO,NITEROI,RJ,T014,V0014,-18.633124,-44.703746,Y
S00894,LOJA 894,10000000000894,REDE 20,SUPERMERCADO,CAXIAS DO SUL,RS,T015,V0015,-24.367022,-39.468661,Y
S00895,LOJA 895,10000000000895,REDE 21,CONVENIENCIA,NITEROI,RJ,T016,V0016,-26.355515,-50.830669,Y
S00896,LOJA 896,10000000000896,REDE 22,ATACAREJO,CAMPINAS,SP,T017,V0017,-28.261201,-40.101885,Y
S00897,LOJA 897,10000000000897,REDE 23,ATACAREJO,BELO HORIZONTE,MG,T018,V0018,-20.476626,-44.141029,Y
S00898,LOJA 898,10000000000898,REDE 24,ATACAREJO,BELO HORIZONTE,MG,T019,V0019,-24.13617,-45.675796,Y
S00899,LOJA 899,10000000000899,REDE 25,CONVENIENCIA,CURITIBA,PR,T020,V0020,-31.270283,-39.613083,Y
S00900,LOJA 900,10000000000900,REDE 26,CONVENIENCIA,NITEROI,RJ,T021,V0021,-32.086825,-48.258254,Y
S00901,LOJA 901,10000000000901,REDE 27,CONVENIENCIA,CAXIAS DO SUL,RS,T022,V0022,-21.685899,-43.174938,Y
S00902,LOJA 902,10000000000902,REDE 28,ATACAREJO,SANTOS,SP,T023,V0023,-29.284039,-43.44235,Y
S00903,LOJA 903,10000000000903,REDE 29,ATACAREJO,RIO DE JANEIRO,RJ,T024,V0024,-20.657103,-47.332546,Y
S00904,LOJA 904,10000000000904,REDE 30,CONVENIENCIA,RIO DE JANEIRO,RJ,T025,V0025,-24.775775,-53.588597,Y
S00905,LOJA 905,10000000000905,REDE 31,CONVENIENCIA,CAXIAS DO SUL,RS,T026,V0026,-24.912459,-41.47872,Y
S00906,LOJA 906,10000000000906,REDE 32,SUPERMERCADO,NITEROI,RJ,T027,V0027,-27.384909,-41.289298,Y
S00907,LOJA 907,10000000000907,REDE 33,SUPERMERCADO,BELO HORIZONTE,MG,T028,V0028,-31.030666,-51.064305,Y
S00908,LOJA 908,10000000000908,REDE 34,SUPERMERCADO,BELO HORIZONTE,MG,T029,V0029,-20.16433,-53.993617,Y
S00909,LOJA 909,10000000000909,REDE 35,SUPERMERCADO,NITEROI,RJ,T030,V0030,-24.263795,-40.441196,Y
S00910,LOJA 910,10000000000910,REDE 01,CONVENIENCIA,CAXIAS DO SUL,RS,T031,V0031,-20.364685,-50.679589,Y
S00911,LOJA 911,10000000000911,REDE 02,CONVENIENCIA,CURITIBA,PR,T032,V0032,-39.145014,-20.347098,Y
S00912,LOJA 912,10000000000912,REDE 03,CONVENIENCIA,CAXIAS DO SUL,RS,T033,V0033,-23.976739,-48.072686,Y
S00913,LOJA 913,10000000000913,REDE 04,CONVENIENCIA,CURITIBA,PR,T034,V0034,-30.565707,-52.350879,Y
S00914,LOJA 914,10000000000914,REDE 05,ATACAREJO,CAXIAS DO SUL,RS,T035,V0035,-31.907526,-40.4715,Y
S00915,LOJA 915,10000000000915,REDE 06,ATACAREJO,UBERLANDIA,MG,T036,V0036,-19.768693,-49.449387,Y
S00916,LOJA 916,10000000000916,REDE 07,CONVENIENCIA,RIO DE JANEIRO,RJ,T037,V0037,-29.951551,-44.593284,Y
S00917,LOJA 917,10000000000917,REDE 08,ATACAREJO,LONDRINA,PR,T038,V0038,-20.816419,-44.503347,Y
S00918,LOJA 918,10000000000918,REDE 09,ATACAREJO,RIO DE JANEIRO,RJ,T039,V0039,-32.287157,-41.172206,Y
S00919,LOJA 919,10000000000919,REDE 10,CONVENIENCIA,LONDRINA,PR,T040,V0040,-30.811947,-51.450118,Y
S00920,LOJA 920,10000000000920,REDE 11,SUPERMERCADO,CURITIBA,PR,T041,V0041,-27.474769,-48.475214,Y
S00921,LOJA 921,10000000000921,REDE 12,SUPERMERCADO,UBERLANDIA,MG,T042,V0042,-25.593053,-48.585424,Y
S00922,LOJA 922,10000000000922,REDE 13,ATACAREJO,PORTO ALEGRE,RS,T043,V0043,-24.155481,-39.925917,Y
S00923,LOJA 923,10000000000923,REDE 14,SUPERMERCADO,CAMPINAS,SP,T044,V0044,-23.659276,-42.411624,Y
S00924,LOJA 924,10000000000924,REDE 15,CONVENIENCIA,SANTOS,SP,T045,V0045,-21.291589,-44.764388,Y
S00925,LOJA 925,10000000000925,REDE 16,ATACAREJO,NITEROI,RJ,T046,V0046,-19.049505,-51.203739,Y
S00926,LOJA 926,10000000000926,REDE 17,SUPERMERCADO,RIO DE JANEIRO,RJ,T047,V0047,-28.860105,-53.986633,Y
S00927,LOJA 927,10000000000927,REDE 18,ATACAREJO,UBERLANDIA,MG,,V0048,-18.485097,-48.965433,Y
S00928,LOJA 928,10000000000928,REDE 19,ATACAREJO,SANTOS,SP,T049,V0049,-28.676606,-41.255956,Y
S00929,LOJA 929,10000000000929,REDE 20,CONVENIENCIA,CURITIBA,PR,T050,V0050,-31.405809,-48.945432,Y
S00930,LOJA 930,10000000000930,REDE 21,CONVENIENCIA,LONDRINA,PR,T051,V0051,-28.475887,-51.669545,Y
S00931,LOJA 931,10000000000931,REDE 22,CONVENIENCIA,LONDRINA,PR,T052,V0052,-20.189188,-39.665183,Y
S00932,LOJA 932,10000000000932,REDE 23,SUPERMERCADO,CURITIBA,PR,T053,V0053,-25.8346,-39.165565,Y
S00933,LOJA 933,10000000000933,REDE 24,CONVENIENCIA,SAO PAULO,SP,T054,V0054,-32.288073,-47.770142,Y
S00934,LOJA 934,10.000.000/0009-34,REDE 25,ATACAREJO,CAMPINAS,SP,T055,V0055,-22.775059,-43.263024,Y
S00935,LOJA 935,10000000000935,REDE 26,CONVENIENCIA,NITEROI,RJ,T056,V0056,-24.126046,-48.125911,Y
S00936,LOJA 936,10000000000936,REDE 27,SUPERMERCADO,RIO DE JANEIRO,RJ,T057,V0057,-22.892464,-50.996345,Y
S00937,LOJA 937,10000000000937,REDE 28,ATACAREJO,CAXIAS DO SUL,RS,T058,V0058,-32.514967,-48.026227,Y
S00938,LOJA 938,10000000000938,REDE 29,CONVENIENCIA,LONDRINA,PR,T059,V0059,-23.669392,-47.797162,Y
S00939,LOJA 939,10000000000939,REDE 30,CONVENIENCIA,LONDRINA,PR,T060,V0060,-30.421496,-40.938662,Y
S00940,LOJA 940,10000000000940,REDE 31,ATACAREJO,CAXIAS DO SUL,RS,T061,,-32.060126,-47.41174,Y
S00941,LOJA 941,10000000000941,REDE 32,ATACAREJO,PORTO ALEGRE,RS,T062,V0062,-23.377592,-43.353589,Y
S00942,LOJA 942,10000000000942,REDE 33,ATACAREJO,LONDRINA,PR,T063,V0063,-26.214511,-45.980245,Y
S00943,LOJA 943,10000000000943,REDE 34,ATACAREJO,LONDRINA,PR,T064,V0064,-29.098652,-40.343543,Y
S00944,LOJA 944,10000000000944,REDE 35,SUPERMERCADO,LONDRINA,PR,T065,,-22.072507,-52.724598,Y
S00945,LOJA 945,10000000000945,REDE 01,CONVENIENCIA,BELO HORIZONTE,MG,T066,V0066,-21.042243,-43.016152,Y
S00946,LOJA 946,10000000000946,REDE 02,SUPERMERCADO,SAO PAULO,SP,T067,V0067,-21.114728,-47.998492,Y
S00947,LOJA 947,10000000000947,REDE 03,ATACAREJO,RIO DE JANEIRO,RJ,T068,,-28.951509,-51.671406,Y
S00948,LOJA 948,10000000000948,REDE 04,CONVENIENCIA,CURITIBA,PR,T069,V0069,-29.102985,-41.403281,Y
S00949,LOJA 949,10000000000949,REDE 05,CONVENIENCIA,PORTO ALEGRE,RS,T070,V0070,-29.332527,-51.640678,Y
S00950,LOJA 950,10000000000950,REDE 06,SUPERMERCADO,CAXIAS DO SUL,RS,T071,V0071,-28.461496,-44.224652,Y
S00951,LOJA 951,10000000000951,REDE 07,CONVENIENCIA,CURITIBA,PR,T072,V0072,-26.043273,-39.326589,Y
S00952,LOJA 952,10000000000952,REDE 08,ATACAREJO,UBERLANDIA,MG,T073,V0073,-27.192473,-51.335674,Y
S00953,LOJA 953,10000000000953,REDE 09,ATACAREJO,UBERLANDIA,MG,T074,V0074,-18.079558,-52.11567,Y
S00954,LOJA 954,10000000000954,REDE 10,CONVENIENCIA,UBERLANDIA,MG,T075,V0075,-21.672712,-51.364674,Y
S00955,LOJA 955,10000000000955,REDE 11,SUPERMERCADO,CAXIAS DO SUL,RS,T076,V0076,-19.817803,-52.347109,Y
S00956,LOJA 956,10000000000956,REDE 12,CONVENIENCIA,CAXIAS DO SUL,RS,T077,V0077,-24.594183,-52.75565,Y
S00957,LOJA 957,10000000000957,REDE 13,CONVENIENCIA,BELO HORIZONTE,MG,T078,V0078,-25.728635,-49.169273,Y
S00958,LOJA 958,10000000000958,REDE 14,SUPERMERCADO,UBERLANDIA,MG,T079,V0079,-30.61145,-51.845661,Y
S00959,LOJA 959,10000000000959,REDE 15,SUPERMERCADO,LONDRINA,PR,T080,V0080,-25.809796,-52.390458,Y
S00960,LOJA 960,10000000000960,REDE 16,CONVENIENCIA,SANTOS,SP,T001,V0081,-22.911836,-50.853589,Y
S00961,LOJA 961,10000000000961,REDE 17,ATACAREJO,RIO DE JANEIRO,RJ,T002,V0082,-25.874161,-42.182528,Y
S00962,LOJA 962,10000000000962,REDE 18,ATACAREJO,BELO HORIZONTE,MG,T003,V0083,-29.617101,-52.057796,Y
S00963,LOJA 963,10000000000963,REDE 19,SUPERMERCADO,BELO HORIZONTE,MG,T004,V0084,-21.757153,-47.837366,Y
S00964,LOJA 964,10000000000964,REDE 20,CONVENIENCIA,CAXIAS DO SUL,RS,T005,V0085,-30.827989,-51.298797,Y
S00965,LOJA 965,10000000000965,REDE 21,CONVENIENCIA,NITEROI,RJ,T006,V0086,-29.377416,-46.853266,Y
S00966,LOJA 966,10000000000966,REDE 22,SUPERMERCADO,BELO HORIZONTE,MG,T007,V0087,-29.719749,-40.306416,Y
S00967,LOJA 967,10000000000967,REDE 23,CONVENIENCIA,CAXIAS DO SUL,RS,T008,V0088,-20.60999,-51.679182,Y
S00968,LOJA 968,10000000000968,REDE 24,CONVENIENCIA,CAMPINAS,SP,T009,V0089,-21.569099,-46.810995,Y
S00969,LOJA 969,10000000000969,REDE 25,CONVENIENCIA,NITEROI,RJ,T010,V0090,-31.550353,-53.718299,Y
S00970,LOJA 970,10000000000970,REDE 26,SUPERMERCADO,UBERLANDIA,MG,T011,V0091,-21.70854,-49.516303,Y
S00971,LOJA 971,10000000000971,REDE 27,ATACAREJO,UBERLANDIA,MG,T012,V0092,-25.510236,-42.721291,Y
S00972,LOJA 972,10000000000972,REDE 28,ATACAREJO,CAMPINAS,SP,T013,V0093,-21.234198,-42.253186,Y
S00973,LOJA 973,10000000000973,REDE 29,SUPERMERCADO,UBERLANDIA,MG,T014,V0094,-22.513637,-43.424615,Y
S00974,LOJA 974,10000000000974,REDE 30,CONVENIENCIA,CAXIAS DO SUL,RS,T015,V0095,-28.331384,-49.542514,Y
S00975,LOJA 975,10000000000975,REDE 31,CONVENIENCIA,BELO HORIZONTE,MG,T016,V0096,-30.796905,-51.534081,Y
S00976,LOJA 976,10000000000976,REDE 32,ATACAREJO,SAO PAULO,SP,T017,V0097,-23.179398,-46.931661,Y
S00977,LOJA 977,10000000000977,REDE 33,ATACAREJO,PORTO ALEGRE,RS,T018,,-31.244992,-47.191062,Y
S00978,LOJA 978,10000000000978,REDE 34,CONVENIENCIA,RIO DE JANEIRO,RJ,T019,V0099,-22.390135,-52.930384,Y
S00979,LOJA 979,10000000000979,REDE 35,SUPERMERCADO,CAMPINAS,SP,T020,V0100,-26.494222,-45.224697,Y
S00980,LOJA 980,10000000000980,REDE 01,CONVENIENCIA,CAXIAS DO SUL,RS,T021,V0101,-31.286223,-43.36885,Y
S00981,LOJA 981,10000000000981,REDE 02,SUPERMERCADO,CURITIBA,PR,T022,V0102,-25.753611,-47.578655,Y
S00982,LOJA 982,10000000000982,REDE 03,SUPERMERCADO,CURITIBA,PR,T023,V0103,-29.227485,-49.762842,Y
S00983,LOJA 983,10000000000983,REDE 04,SUPERMERCADO,UBERLANDIA,MG,T024,V0104,-18.870408,-45.484351,Y
S00984,LOJA 984,10000000000984,REDE 05,CONVENIENCIA,NITEROI,RJ,T025,V0105,-22.751049,-50.135266,Y
S00985,LOJA 985,10.000.000/0009-85,REDE 06,SUPERMERCADO,PORTO ALEGRE,RS,T026,V0106,-19.303816,-40.701389,Y
S00986,LOJA 986,10000000000986,REDE 07,CONVENIENCIA,CURITIBA,PR,T027,V0107,-22.197297,-45.606844,Y
S00987,LOJA 987,10000000000987,REDE 08,CONVENIENCIA,LONDRINA,PR,,V0108,-21.927807,-51.613799,Y
S00988,LOJA 988,10000000000988,REDE 09,ATACAREJO,CURITIBA,PR,T029,V0109,-27.160552,-49.740214,Y
S00989,LOJA 989,10000000000989,REDE 10,SUPERMERCADO,BELO HORIZONTE,MG,T030,V0110,-20.991512,-40.904985,Y
S00990,LOJA 990,10000000000990,REDE 11,CONVENIENCIA,CURITIBA,PR,T031,V0111,-22.128436,-50.446873,Y
S00991,LOJA 991,10000000000991,REDE 12,SUPERMERCADO,CURITIBA,PR,,,-22.531467,-39.51679,Y
S00992,LOJA 992,10000000000992,REDE 13,CONVENIENCIA,LONDRINA,PR,T033,V0113,-22.54575,-52.308094,Y
S00993,LOJA 993,10000000000993,REDE 14,ATACAREJO,BELO HORIZONTE,MG,T034,V0114,-31.779647,-43.962184,Y
S00994,LOJA 994,10000000000994,REDE 15,SUPERMERCADO,LONDRINA,PR,T035,V0115,-21.938314,-41.26891,Y
S00995,LOJA 995,10000000000995,REDE 16,SUPERMERCADO,CAMPINAS,SP,T036,V0116,-19.628612,-44.598026,Y
S00996,LOJA 996,10000000000996,REDE 17,ATACAREJO,BELO HORIZONTE,MG,T037,V0117,-31.291954,-53.726627,Y
S00997,LOJA 997,10000000000997,REDE 18,SUPERMERCADO,CURITIBA,PR,T038,V0118,-21.746353,-39.778051,Y
S00998,LOJA 998,10000000000998,REDE 19,SUPERMERCADO,CAXIAS DO SUL,RS,T039,V0119,-29.015279,-45.212284,Y
S00999,LOJA 999,10000000000999,REDE 20,CONVENIENCIA,PORTO ALEGRE,RS,T040,V0120,-18.035237,-52.508699,Y
S01000,LOJA 1000,10000000001000,REDE 21,ATACAREJO,CURITIBA,PR,T041,V0121,-31.972643,-46.93442,Y
S01001,LOJA 1001,10000000001001,REDE 22,CONVENIENCIA,UBERLANDIA,MG,T042,,-28.189707,-44.632922,Y
S01002,LOJA 1002,10000000001002,REDE 23,SUPERMERCADO,CAXIAS DO SUL,RS,T043,V0123,-26.287701,-49.533802,Y
S01003,LOJA 1003,10000000001003,REDE 24,CONVENIENCIA,RIO DE JANEIRO,RJ,T044,V0124,-30.337816,-39.6208,Y
S01004,LOJA 1004,10000000001004,REDE 25,ATACAREJO,CAXIAS DO SUL,RS,T045,V0125,-30.964775,-50.292389,Y
S01005,LOJA 1005,10000000001005,REDE 26,ATACAREJO,PORTO ALEGRE,RS,T046,V0126,-28.940086,-39.380775,Y
S01006,LOJA 1006,10000000001006,REDE 27,SUPERMERCADO,CAXIAS DO SUL,RS,T047,V0127,-22.303696,-53.818542,Y
S01007,LOJA 1007,10000000001007,REDE 28,SUPERMERCADO,RIO DE JANEIRO,RJ,T048,V0128,-21.520743,-44.2877,Y
S01008,LOJA 1008,10000000001008,REDE 29,CONVENIENCIA,SANTOS,SP,T049,V0129,-19.557135,-43.208967,Y
S01009,LOJA 1009,10000000001009,REDE 30,ATACAREJO,SANTOS,SP,T050,V0130,-18.10038,-45.731263,Y
S01010,LOJA 1010,10000000001010,REDE 31,CONVENIENCIA,SANTOS,SP,T051,V0131,-24.787015,-42.618247,Y
S01011,LOJA 1011,10000000001011,REDE 32,CONVENIENCIA,LONDRINA,PR,T052,V0132,-20.129782,-48.106263,Y
S01012,LOJA 1012,10000000001012,REDE 33,SUPERMERCADO,CURITIBA,PR,T053,V0133,-24.357599,-43.876653,Y
S01013,LOJA 1013,10000000001013,REDE 34,ATACAREJO,LONDRINA,PR,T054,V0134,-29.678672,-48.19232,Y
S01014,LOJA 1014,10000000001014,REDE 35,CONVENIENCIA,CAXIAS DO SUL,RS,T055,V0135,-20.495343,-39.220453,Y
S01015,LOJA 1015,10000000001015,REDE 01,CONVENIENCIA,NITEROI,RJ,T056,V0136,-27.768822,-44.432368,Y
S01016,LOJA 1016,10000000001016,REDE 02,SUPERMERCADO,CAXIAS DO SUL,RS,T057,V0137,-23.225687,-39.228145,Y
S01017,LOJA 1017,10000000001017,REDE 03,ATACAREJO,LONDRINA,PR,T058,V0138,-30.818369,-39.131601,Y
S01018,LOJA 1018,10000000001018,REDE 04,CONVENIENCIA,NITEROI,RJ,T059,V0139,-23.163399,-47.024293,Y
S01019,LOJA 1019,10000000001019,REDE 05,CONVENIENCIA,NITEROI,RJ,T060,,-30.924107,-52.294537,Y
S01020,LOJA 1020,10000000001020,REDE 06,SUPERMERCADO,RIO DE JANEIRO,RJ,T061,V0141,-24.763261,-47.956044,Y
S01021,LOJA 1021,10000000001021,REDE 07,CONVENIENCIA,BELO HORIZONTE,MG,T062,V0142,-29.587612,-46.810853,Y
S01022,LOJA 1022,10000000001022,REDE 08,CONVENIENCIA,CAXIAS DO SUL,RS,T063,V0143,-22.78184,-40.94658,Y
S01023,LOJA 1023,10000000001023,REDE 09,ATACAREJO,RIO DE JANEIRO,RJ,T064,V0144,-21.989479,-45.85038,Y
S01024,LOJA 1024,10000000001024,REDE 10,ATACAREJO,CAMPINAS,SP,T065,V0145,-18.006281,-48.806093,Y
S01025,LOJA 1025,10000000001025,REDE 11,CONVENIENCIA,BELO HORIZONTE,MG,T066,V0146,-21.896726,-48.727547,Y
S01026,LOJA 1026,10000000001026,REDE 12,SUPERMERCADO,RIO DE JANEIRO,RJ,T067,V0147,-21.820781,-44.365366,Y
S01027,LOJA 1027,10000000001027,REDE 13,ATACAREJO,CAXIAS DO SUL,RS,T068,V0148,-31.26679,-46.508445,Y
S01028,LOJA 1028,10000000001028,REDE 14,ATACAREJO,NITEROI,RJ,T069,V0149,-20.697697,-51.732826,Y
S01029,LOJA 1029,10000000001029,REDE 15,CONVENIENCIA,SANTOS,SP,T070,V0150,-25.252824,-51.552844,Y
S01030,LOJA 1030,10000000001030,REDE 16,ATACAREJO,BELO HORIZONTE,MG,T071,V0151,-27.543106,-39.499193,Y
S01031,LOJA 1031,10000000001031,REDE 17,SUPERMERCADO,SANTOS,SP,T072,V0152,-18.923811,-41.965588,Y
S01032,LOJA 1032,10000000001032,REDE 18,ATACAREJO,SAO PAULO,SP,T073,V0153,-23.028905,-53.370033,Y
S01033,LOJA 1033,10000000001033,REDE 19,SUPERMERCADO,SAO PAULO,SP,T074,V0154,-28.278512,-50.349607,Y
S01034,LOJA 1034,10000000001034,REDE 20,SUPERMERCADO,BELO HORIZONTE,MG,T075,V0155,-19.392204,-42.468454,Y
S01035,LOJA 1035,10000000001035,REDE 21,ATACAREJO,SAO PAULO,SP,T076,V0156,-24.424704,-52.187639,Y
S01036,LOJA 1036,10000000001036,REDE 22,ATACAREJO,LONDRINA,PR,T077,V0157,-30.241885,-45.560303,Y
S01037,LOJA 1037,10000000001037,REDE 23,ATACAREJO,LONDRINA,PR,T078,,-24.058721,-40.094059,Y
S01038,LOJA 1038,10000000001038,REDE 24,ATACAREJO,CAMPINAS,SP,T079,V0159,-24.574126,-44.623007,Y
S01039,LOJA 1039,10000000001039,REDE 25,ATACAREJO,CAXIAS DO SUL,RS,T080,V0160,-22.218658,-43.776213,Y
S01040,LOJA 1040,10000000001040,REDE 26,CONVENIENCIA,BELO HORIZONTE,MG,T001,V0161,-31.547923,-42.905045,Y
S01041,LOJA 1041,10000000001041,REDE 27,SUPERMERCADO,BELO HORIZONTE,MG,T002,V0162,-28.365798,-52.619628,Y
S01042,LOJA 1042,10000000001042,REDE 28,SUPERMERCADO,PORTO ALEGRE,RS,T003,V0163,-29.187758,-39.583304,Y
S01043,LOJA 1043,10000000001043,REDE 29,CONVENIENCIA,NITEROI,RJ,T004,V0164,-18.950563,-43.839359,Y
S01044,LOJA 1044,10000000001044,REDE 30,CONVENIENCIA,LONDRINA,PR,T005,V0165,-21.432818,-44.802005,Y
S01045,LOJA 1045,10000000001045,REDE 31,ATACAREJO,UBERLANDIA,MG,T006,V0166,-28.777932,-53.394029,Y
S01046,LOJA 1046,10000000001046,REDE 32,ATACAREJO,UBERLANDIA,MG,T007,V0167,-18.538503,-47.416817,Y
S01047,LOJA 1047,10000000001047,REDE 33,ATACAREJO,NITEROI,RJ,T008,V0168,-19.054496,-51.781475,Y
S01048,LOJA 1048,10000000001048,REDE 34,SUPERMERCADO,CAXIAS DO SUL,RS,T009,V0169,-30.085105,-52.903715,Y
S01049,LOJA 1049,10000000001049,REDE 35,CONVENIENCIA,LONDRINA,PR,T010,V0170,-26.398425,-49.899113,Y
S01050,LOJA 1050,10000000001050,REDE 01,ATACAREJO,BELO HORIZONTE,MG,T011,V0171,-31.551271,-47.058688,Y
S01051,LOJA 1051,10000000001051,REDE 02,SUPERMERCADO,CAXIAS DO SUL,RS,T012,V0172,-22.395292,-40.56806,Y
S01052,LOJA 1052,10000000001052,REDE 03,ATACAREJO,PORTO ALEGRE,RS,T013,V0173,-18.176346,-40.299835,Y
S01053,LOJA 1053,10000000001053,REDE 04,ATACAREJO,NITEROI,RJ,,V0174,-19.792911,-45.612509,Y
S01054,LOJA 1054,10000000001054,REDE 05,SUPERMERCADO,RIO DE JANEIRO,RJ,T015,V0175,-20.258549,-41.558743,Y
S01055,LOJA 1055,10000000001055,REDE 06,SUPERMERCADO,BELO HORIZONTE,São Paulo,T016,V0176,-19.936092,-46.653767,Y
S01056,LOJA 1056,10000000001056,REDE 07,CONVENIENCIA,UBERLANDIA,MG,T017,V0177,-29.624517,-42.080074,Y
S01057,LOJA 1057,10000000001057,REDE 08,SUPERMERCADO,PORTO ALEGRE,RS,T018,V0178,-20.254961,-39.21227,Y
S01058,LOJA 1058,10000000001058,REDE 09,CONVENIENCIA,PORTO ALEGRE,RS,T019,V0179,-29.768477,-45.533117,Y
S01059,LOJA 1059,10000000001059,REDE 10,ATACAREJO,UBERLANDIA,MG,T020,V0180,-19.66862,-52.896294,Y
S01060,LOJA 1060,10000000001060,REDE 11,ATACAREJO,CURITIBA,PR,T021,V0181,-24.27832,-44.272739,Y
S01061,LOJA 1061,10000000001061,REDE 12,CONVENIENCIA,NITEROI,RJ,T022,V0182,-23.60647,-50.993488,Y
S01062,LOJA 1062,10000000001062,REDE 13,ATACAREJO,CURITIBA,PR,T023,V0183,-21.565481,-43.229322,Y
S01063,LOJA 1063,10000000001063,REDE 14,ATACAREJO,UBERLANDIA,MG,T024,V0184,-19.314632,-52.876808,Y
S01064,LOJA 1064,10000000001064,REDE 15,ATACAREJO,CURITIBA,PR,T025,V0185,-27.918567,-51.691528,Y
S01065,LOJA 1065,10000000001065,REDE 16,ATACAREJO,RIO DE JANEIRO,RJ,T026,V0186,-28.169226,-40.561603,Y
S01066,LOJA 1066,10000000001066,REDE 17,CONVENIENCIA,CAMPINAS,SP,T027,V0187,-28.45423,-50.010547,Y
S01067,LOJA 1067,10000000001067,REDE 18,CONVENIENCIA,UBERLANDIA,MG,T028,V0188,-26.378379,-39.541644,Y
S01068,LOJA 1068,10000000001068,REDE 19,CONVENIENCIA,LONDRINA,PR,T029,V0189,-18.862156,-50.32012,Y
S01069,LOJA 1069,10000000001069,REDE 20,SUPERMERCADO,CAMPINAS,SP,T030,V0190,-24.01419,-46.950349,Y
S01070,LOJA 1070,10000000001070,REDE 21,ATACAREJO,UBERLANDIA,MG,T031,V0191,-29.876633,-53.674015,Y
S01071,LOJA 1071,10000000001071,REDE 22,SUPERMERCADO,CAXIAS DO SUL,RS,T032,V0192,-27.24966,-47.523582,Y
S01072,LOJA 1072,10000000001072,REDE 23,SUPERMERCADO,UBERLANDIA,MG,T033,V0193,-19.142081,-41.494086,Y
S01073,LOJA 1073,10000000001073,REDE 24,CONVENIENCIA,SAO PAULO,SP,T034,V0194,-30.436837,-53.589851,Y
S01074,LOJA 1074,10000000001074,REDE 25,SUPERMERCADO,PORTO ALEGRE,RS,T035,V0195,-23.029541,-48.545303,Y
S01075,LOJA 1075,10000000001075,REDE 26,ATACAREJO,CURITIBA,PR,T036,V0196,-22.359857,-40.787173,Y
S01076,LOJA 1076,10000000001076,REDE 27,SUPERMERCADO,CURITIBA,PR,T037,V0197,-26.83476,-39.909778,Y
S01077,LOJA 1077,10000000001077,REDE 28,CONVENIENCIA,NITEROI,RJ,T038,V0198,-28.380068,-39.310581,Y
S01078,LOJA 1078,10000000001078,REDE 29,SUPERMERCADO,CAXIAS DO SUL,RS,T039,,-31.229169,-52.850326,Y
S01079,LOJA 1079,10000000001079,REDE 30,SUPERMERCADO,BELO HORIZONTE,MG,T040,V0200,-30.491759,-43.37161,Y
S01080,LOJA 1080,10000000001080,REDE 31,SUPERMERCADO,CURITIBA,PR,T041,V0201,-30.077393,-49.974236,Y
S01081,LOJA 1081,10000000001081,REDE 32,ATACAREJO,UBERLANDIA,MG,,V0202,-18.659444,-53.455088,Y
S01082,LOJA 1082,10000000001082,REDE 33,SUPERMERCADO,PORTO ALEGRE,RS,T043,V0203,-20.529565,-44.279419,Y
S01083,LOJA 1083,10000000001083,REDE 34,SUPERMERCADO,LONDRINA,PR,T044,V0204,-28.351582,-43.880266,Y
S01084,LOJA 1084,10000000001084,REDE 35,SUPERMERCADO,CURITIBA,PR,,V0205,-32.736489,-48.00439,Y
S01085,LOJA 1085,10000000001085,REDE 01,ATACAREJO,SAO PAULO,SP,T046,V0206,-27.656074,-46.22059,Y
S01086,LOJA 1086,10000000001086,REDE 02,CONVENIENCIA,CURITIBA,PR,T047,V0207,-22.438926,-43.915915,Y
S01087,LOJA 1087,10000000001087,REDE 03,CONVENIENCIA,CAXIAS DO SUL,RS,T048,V0208,-19.551931,-46.875502,Y
S01088,LOJA 1088,10000000001088,REDE 04,ATACAREJO,CAMPINAS,SP,T049,V0209,-22.510398,-48.834264,Y
S01089,LOJA 1089,10000000001089,REDE 05,CONVENIENCIA,BELO HORIZONTE,MG,,V0210,-26.169139,-47.140533,Y
S01090,LOJA 1090,10000000001090,REDE 06,SUPERMERCADO,PORTO ALEGRE,RS,T051,V0211,-25.970405,-41.066204,Y
S01091,LOJA 1091,10000000001091,REDE 07,SUPERMERCADO,CAMPINAS,SP,T052,,-32.757956,-47.548343,Y
S01092,LOJA 1092,10000000001092,REDE 08,SUPERMERCADO,SANTOS,SP,T053,V0213,-22.898683,-50.410576,Y
S01093,LOJA 1093,10000000001093,REDE 09,CONVENIENCIA,SAO PAULO,SP,T054,V0214,-20.494975,-49.914989,Y
S01094,LOJA 1094,10000000001094,REDE 10,CONVENIENCIA,PORTO ALEGRE,RS,T055,V0215,-18.515253,-41.551641,Y
S01095,LOJA 1095,10000000001095,REDE 11,ATACAREJO,RIO DE JANEIRO,RJ,T056,V0216,-21.140904,-44.351841,Y
S01096,LOJA 1096,10000000001096,REDE 12,CONVENIENCIA,PORTO ALEGRE,RS,T057,V0217,-20.06199,-47.945302,Y
S01097,LOJA 1097,10000000001097,REDE 13,CONVENIENCIA,RIO DE JANEIRO,RJ,T058,V0218,-32.509897,-43.119923,Y
S01098,LOJA 1098,10000000001098,REDE 14,ATACAREJO,BELO HORIZONTE,MG,T059,V0219,-32.666056,-44.73051,Y
S01099,LOJA 1099,10000000001099,REDE 15,SUPERMERCADO,SANTOS,SP,T060,V0220,-31.963926,-51.489063,Y
S01100,LOJA 1100,10000000001100,REDE 16,CONVENIENCIA,UBERLANDIA,MG,T061,V0001,-28.252241,-43.78105,Y
S01101,LOJA 1101,10000000001101,REDE 17,CONVENIENCIA,RIO DE JANEIRO,RJ,T062,V0002,-22.02378,-51.592818,Y
S01102,LOJA 1102,10000000001102,REDE 18,SUPERMERCADO,UBERLANDIA,MG,,,-18.304594,-50.016837,Y
S01103,LOJA 1103,10000000001103,REDE 19,CONVENIENCIA,PORTO ALEGRE,RS,T064,V0004,-29.274254,-41.235574,Y
S01104,LOJA 1104,10000000001104,REDE 20,CONVENIENCIA,BELO HORIZONTE,MG,T065,V0005,-27.439279,-51.631331,Y
S01105,LOJA 1105,10000000001105,REDE 21,ATACAREJO,NITEROI,RJ,T066,V0006,-25.077915,-40.746508,Y
S01106,LOJA 1106,10000000001106,REDE 22,CONVENIENCIA,NITEROI,RJ,T067,V0007,-21.958062,-41.145286,Y
S01107,LOJA 1107,10000000001107,REDE 23,ATACAREJO,CAXIAS DO SUL,RS,T068,V0008,-24.472482,-47.221221,Y
S01108,LOJA 1108,10000000001108,REDE 24,SUPERMERCADO,NITEROI,RJ,T069,V0009,-18.60633,-52.839141,Y
S01109,LOJA 1109,10000000001109,REDE 25,SUPERMERCADO,SAO PAULO,SP,T070,V0010,-30.035628,-46.647127,Y
S01110,LOJA 1110,10000000001110,REDE 26,CONVENIENCIA,SAO PAULO,SP,T071,V0011,-31.343634,-42.087176,Y
S01111,LOJA 1111,10000000001111,REDE 27,CONVENIENCIA,CAMPINAS,SP,T072,V0012,-32.024317,-48.393796,Y
S01112,LOJA 1112,10000000001112,REDE 28,SUPERMERCADO,BELO HORIZONTE,MG,T073,V0013,-23.91,-49.913447,Y
S01113,LOJA 1113,10000000001113,REDE 29,ATACAREJO,CAXIAS DO SUL,RS,,V0014,-25.798345,-53.916256,Y
S01114,LOJA 1114,10000000001114,REDE 30,SUPERMERCADO,CURITIBA,PR,T075,V0015,-27.596643,-52.376176,Y
S01115,LOJA 1115,10000000001115,REDE 31,SUPERMERCADO,SAO PAULO,SP,T076,V0016,-20.937768,-44.949908,Y
S01116,LOJA 1116,10000000001116,REDE 32,SUPERMERCADO,SAO PAULO,SP,T077,V0017,-30.454614,-50.205958,Y
S01117,LOJA 1117,10000000001117,REDE 33,CONVENIENCIA,LONDRINA,PR,T078,V0018,-29.728892,-44.269694,Y
S01118,LOJA 1118,10000000001118,REDE 34,CONVENIENCIA,RIO DE JANEIRO,RJ,T079,,-22.950733,-39.15993,Y
S01119,LOJA 1119,10000000001119,REDE 35,ATACAREJO,UBERLANDIA,MG,T080,V0020,-24.510524,-51.950592,Y
S01120,LOJA 1120,10000000001120,REDE 01,SUPERMERCADO,RIO DE JANEIRO,RJ,T001,V0021,-21.799337,-41.653859,Y
S01121,LOJA 1121,10000000001121,REDE 02,SUPERMERCADO,LONDRINA,PR,T002,V0022,-24.630692,-42.978517,Y
S01122,LOJA 1122,10000000001122,REDE 03,SUPERMERCADO,UBERLANDIA,MG,T003,V0023,-18.784435,-48.064385,Y
S01123,LOJA 1123,10000000001123,REDE 04,CONVENIENCIA,CAMPINAS,SP,T004,V0024,-25.107134,-51.476232,Y
S01124,LOJA 1124,10000000001124,REDE 05,CONVENIENCIA,SAO PAULO,SP,T005,,-23.813801,-43.254984,Y
S01125,LOJA 1125,10000000001125,REDE 06,CONVENIENCIA,NITEROI,RJ,T006,V0026,-18.482409,-53.5295,Y
S01126,LOJA 1126,10000000001126,REDE 07,CONVENIENCIA,LONDRINA,PR,T007,V0027,-23.692251,-47.309246,Y
S01127,LOJA 1127,10000000001127,REDE 08,ATACAREJO,CAMPINAS,SP,T008,V0028,-27.433949,-51.963795,Y
S01128,LOJA 1128,10000000001128,REDE 09,CONVENIENCIA,UBERLANDIA,MG,T009,V0029,-29.255113,-47.097122,Y
S01129,LOJA 1129,10000000001129,REDE 10,ATACAREJO,BELO HORIZONTE,MG,T010,V0030,-18.463466,-47.342675,Y
S01130,LOJA 1130,10000000001130,REDE 11,CONVENIENCIA,PORTO ALEGRE,RS,T011,V0031,-23.420155,-51.725359,Y
S01131,LOJA 1131,10000000001131,REDE 12,CONVENIENCIA,UBERLANDIA,MG,T012,V0032,-19.235095,-47.15497,Y
S01132,LOJA 1132,10000000001132,REDE 13,SUPERMERCADO,CAMPINAS,SP,T013,V0033,-20.476811,-52.175658,Y
S01133,LOJA 1133,10000000001133,REDE 14,CONVENIENCIA,SANTOS,SP,T014,V0034,-20.491524,-43.488084,Y
S01134,LOJA 1134,10000000001134,REDE 15,SUPERMERCADO,CURITIBA,PR,T015,V0035,-29.669948,-42.727662,Y
S01135,LOJA 1135,10000000001135,REDE 16,SUPERMERCADO,RIO DE JANEIRO,RJ,T016,V0036,-32.40295,-46.08358,Y
S01136,LOJA 1136,10000000001136,REDE 17,SUPERMERCADO,SANTOS,SP,T017,V0037,-21.971441,-52.449939,Y
S01137,LOJA 1137,10000000001137,REDE 18,SUPERMERCADO,BELO HORIZONTE,MG,T018,V0038,-21.197651,-40.228526,Y
S01138,LOJA 1138,10000000001138,REDE 19,ATACAREJO,LONDRINA,PR,T019,V0039,-27.014358,-52.472875,Y
S01139,LOJA 1139,10000000001139,REDE 20,CONVENIENCIA,NITEROI,RJ,T020,V0040,-30.818983,-42.542347,Y
S01140,LOJA 1140,10000000001140,REDE 21,SUPERMERCADO,PORTO ALEGRE,RS,T021,V0041,-26.472467,-49.142527,Y
S01141,LOJA 1141,10000000001141,REDE 22,ATACAREJO,UBERLANDIA,MG,T022,V0042,-20.361934,-51.949523,Y
S01142,LOJA 1142,10000000001142,REDE 23,SUPERMERCADO,RIO DE JANEIRO,RJ,T023,V0043,-30.932421,-39.722101,Y
S01143,LOJA 1143,10000000001143,REDE 24,CONVENIENCIA,SAO PAULO,SP,T024,V0044,-31.858361,-50.414678,Y
S01144,LOJA 1144,10000000001144,REDE 25,ATACAREJO,RIO DE JANEIRO,RJ,T025,V0045,-29.459908,-40.846169,Y
S01145,LOJA 1145,10000000001145,REDE 26,ATACAREJO,UBERLANDIA,MG,T026,V0046,-24.846281,-40.304507,Y
S01146,LOJA 1146,10000000001146,REDE 27,ATACAREJO,UBERLANDIA,MG,,V0047,-19.284732,-39.351984,Y
S01147,LOJA 1147,10000000001147,REDE 28,CONVENIENCIA,CURITIBA,PR,T028,V0048,-31.838841,-47.623613,Y
S01148,LOJA 1148,10000000001148,REDE 29,SUPERMERCADO,CAMPINAS,SP,T029,V0049,-28.259884,-50.64322,Y
S01149,LOJA 1149,10000000001149,REDE 30,SUPERMERCADO,CAXIAS DO SUL,RS,T030,V0050,-21.128315,-42.439124,Y
S01150,LOJA 1150,10000000001150,REDE 31,SUPERMERCADO,SANTOS,SP,,V0051,-21.234568,-41.757548,Y
S01151,LOJA 1151,10000000001151,REDE 32,ATACAREJO,SAO PAULO,SP,T032,V0052,-24.805416,-46.613293,Y
S01152,LOJA 1152,10000000001152,REDE 33,ATACAREJO,NITEROI,RJ,T033,V0053,-32.461478,-42.723347,Y
S01153,LOJA 1153,10000000001153,REDE 34,SUPERMERCADO,BELO HORIZONTE,MG,T034,V0054,-18.922478,-46.657335,Y
S01154,LOJA 1154,10000000001154,REDE 35,CONVENIENCIA,SANTOS,SP,T035,V0055,-31.056266,-39.001309,Y
S01155,LOJA 1155,10000000001155,REDE 01,SUPERMERCADO,UBERLANDIA,MG,T036,V0056,-21.458572,-46.171433,Y
S01156,LOJA 1156,10000000001156,REDE 02,ATACAREJO,CURITIBA,PR,T037,V0057,-32.836643,-44.284417,Y
S01157,LOJA 1157,10000000001157,REDE 03,CONVENIENCIA,RIO DE JANEIRO,RJ,T038,V0058,-24.11633,-50.312057,Y
S01158,LOJA 1158,10000000001158,REDE 04,SUPERMERCADO,BELO HORIZONTE,MG,T039,V0059,-28.649126,-52.685438,Y
S01159,LOJA 1159,10000000001159,REDE 05,CONVENIENCIA,UBERLANDIA,MG,T040,V0060,-21.022223,-46.649733,Y
S01160,LOJA 1160,10000000001160,REDE 06,CONVENIENCIA,BELO HORIZONTE,MG,T041,V0061,-30.241249,-53.900447,Y
S01161,LOJA 1161,10000000001161,REDE 07,ATACAREJO,NITEROI,RJ,T042,V0062,-30.074303,-51.522808,Y
S01162,LOJA 1162,10000000001162,REDE 08,SUPERMERCADO,CAMPINAS,SP,T043,V0063,-19.122193,-42.858077,Y
S01163,LOJA 1163,10000000001163,REDE 09,CONVENIENCIA,RIO DE JANEIRO,RJ,T044,V0064,-31.777392,-49.278634,Y
S01164,LOJA 1164,10000000001164,REDE 10,ATACAREJO,BELO HORIZONTE,MG,T045,V0065,-29.147735,-41.628074,Y
S01165,LOJA 1165,10000000001165,REDE 11,CONVENIENCIA,RIO DE JANEIRO,RJ,T046,V0066,-22.06446,-50.169071,Y
S01166,LOJA 1166,10000000001166,REDE 12,CONVENIENCIA,PORTO ALEGRE,RS,T047,V0067,-30.445195,-50.549739,Y
S01167,LOJA 1167,10000000001167,REDE 13,ATACAREJO,RIO DE JANEIRO,RJ,T048,V0068,-23.419839,-46.729172,Y
S01168,LOJA 1168,10000000001168,REDE 14,CONVENIENCIA,CAMPINAS,SP,T049,V0069,-24.647456,-52.252294,Y
S01169,LOJA 1169,10000000001169,REDE 15,CONVENIENCIA,NITEROI,RJ,T050,V0070,-26.742162,-52.041389,Y
S01170,LOJA 1170,10000000001170,REDE 16,SUPERMERCADO,RIO DE JANEIRO,RJ,T051,V0071,-20.586964,-45.576901,Y
S01171,LOJA 1171,10000000001171,REDE 17,ATACAREJO,BELO HORIZONTE,MG,T052,V0072,-29.972747,-41.110193,Y
S01172,LOJA 1172,10000000001172,REDE 18,CONVENIENCIA,RIO DE JANEIRO,RJ,T053,V0073,-22.354894,-49.215063,Y
S01173,LOJA 1173,10000000001173,REDE 19,CONVENIENCIA,BELO HORIZONTE,MG,T054,V0074,-19.228073,-52.128086,Y
S01174,LOJA 1174,10000000001174,REDE 20,CONVENIENCIA,RIO DE JANEIRO,RJ,T055,V0075,-29.76868,-45.234807,Y
S01175,LOJA 1175,10000000001175,REDE 21,CONVENIENCIA,RIO DE JANEIRO,RJ,,V0076,-18.384739,-39.198956,Y
S01176,LOJA 1176,10000000001176,REDE 22,SUPERMERCADO,CURITIBA,PR,T057,V0077,-31.6504,-40.304351,Y
S01177,LOJA 1177,10000000001177,REDE 23,SUPERMERCADO,CAXIAS DO SUL,RS,T058,V0078,-31.958018,-45.788528,Y
S01178,LOJA 1178,10000000001178,REDE 24,ATACAREJO,CAMPINAS,SP,T059,V0079,-31.383711,-40.021657,Y
S01179,LOJA 1179,10000000001179,REDE 25,SUPERMERCADO,CURITIBA,PR,T060,V0080,-30.596275,-47.285028,Y
S01180,LOJA 1180,10000000001180,REDE 26,CONVENIENCIA,CAXIAS DO SUL,RS,T061,V0081,-24.401607,-53.581791,Y
S01181,LOJA 1181,10000000001181,REDE 27,SUPERMERCADO,CAMPINAS,SP,T062,V0082,-20.544777,-52.567758,Y
S01182,LOJA 1182,10000000001182,REDE 28,CONVENIENCIA,LONDRINA,PR,T063,V0083,-30.688866,-43.609611,Y
S01183,LOJA 1183,10000000001183,REDE 29,ATACAREJO,CAXIAS DO SUL,RS,T064,V0084,-30.076025,-39.904815,Y
S01184,LOJA 1184,10000000001184,REDE 30,SUPERMERCADO,LONDRINA,PR,,V0085,-26.603947,-50.680652,Y
S01185,LOJA 1185,10000000001185,REDE 31,SUPERMERCADO,RIO DE JANEIRO,RJ,T066,V0086,-26.968114,-49.358892,Y
S01186,LOJA 1186,10000000001186,REDE 32,CONVENIENCIA,LONDRINA,PR,T067,V0087,-31.652343,-49.218633,Y
S01187,LOJA 1187,10000000001187,REDE 33,ATACAREJO,PORTO ALEGRE,RS,T068,V0088,-27.827705,-49.238106,Y
S01188,LOJA 1188,10000000001188,REDE 34,CONVENIENCIA,CURITIBA,PR,T069,V0089,-28.677279,-50.181196,Y
S01189,LOJA 1189,10000000001189,REDE 35,CONVENIENCIA,PORTO ALEGRE,RS,T070,V0090,-25.71405,-44.199774,Y
S01190,LOJA 1190,10000000001190,REDE 01,ATACAREJO,CURITIBA,PR,T071,V0091,-21.69449,-52.426788,Y
S01191,LOJA 1191,10000000001191,REDE 02,ATACAREJO,PORTO ALEGRE,RS,T072,V0092,-27.293179,-43.817042,Y
S01192,LOJA 1192,10000000001192,REDE 03,SUPERMERCADO,BELO HORIZONTE,MG,T073,V0093,-28.480023,-43.59247,Y
S01193,LOJA 1193,10000000001193,REDE 04,SUPERMERCADO,LONDRINA,PR,T074,V0094,-26.770012,-49.889942,Y
S01194,LOJA 1194,10000000001194,REDE 05,ATACAREJO,CAMPINAS,SP,T075,V0095,-19.491437,-45.599784,Y
S01195,LOJA 1195,10000000001195,REDE 06,ATACAREJO,CAXIAS DO SUL,RS,T076,V0096,-28.322904,-44.14174,Y
S01196,LOJA 1196,10000000001196,REDE 07,SUPERMERCADO,CAMPINAS,SP,T077,V0097,-18.993092,-43.496066,Y
S01197,LOJA 1197,10000000001197,REDE 08,SUPERMERCADO,PORTO ALEGRE,RS,,V0098,-26.441617,-45.751829,Y
S01198,LOJA 1198,10000000001198,REDE 09,ATACAREJO,CAXIAS DO SUL,RS,T079,V0099,-19.711955,-51.144178,Y
S01199,LOJA 1199,10000000001199,REDE 10,ATACAREJO,BELO HORIZONTE,MG,,V0100,-25.9657,-51.102354,Y
S01200,LOJA 1200,10000000001200,REDE 11,CONVENIENCIA,SAO PAULO,SP,T001,V0101,-20.886129,-41.268644,Y
S01201,LOJA 1201,10.000.000/0012-01,REDE 12,SUPERMERCADO,NITEROI,RJ,T002,V0102,-22.315115,-43.189382,Y
S01202,LOJA 1202,10000000001202,REDE 13,ATACAREJO,LONDRINA,PR,T003,V0103,-21.229398,-48.151511,Y
S01203,LOJA 1203,10000000001203,REDE 14,SUPERMERCADO,SAO PAULO,SP,T004,V0104,-26.668532,-43.971126,Y
S01204,LOJA 1204,10000000001204,REDE 15,ATACAREJO,BELO HORIZONTE,MG,T005,V0105,-18.009705,-45.56704,Y
S01205,LOJA 1205,10000000001205,REDE 16,CONVENIENCIA,UBERLANDIA,MG,T006,V0106,-24.18563,-43.365607,Y
S01206,LOJA 1206,10000000001206,REDE 17,ATACAREJO,LONDRINA,PR,T007,V0107,-20.552587,-44.575121,Y
S01207,LOJA 1207,10000000001207,REDE 18,CONVENIENCIA,SAO PAULO,SP,T008,V0108,-20.841315,-42.397521,Y
S01208,LOJA 1208,10000000001208,REDE 19,CONVENIENCIA,CURITIBA,PR,T009,V0109,-27.438943,-46.622518,Y
S01209,LOJA 1209,10000000001209,REDE 20,SUPERMERCADO,NITEROI,RJ,T010,V0110,-23.932865,-53.670701,Y
S01210,LOJA 1210,10000000001210,REDE 21,CONVENIENCIA,UBERLANDIA,MG,T011,V0111,-26.167495,-44.885817,Y
S01211,LOJA 1211,10000000001211,REDE 22,SUPERMERCADO,CAMPINAS,SP,T012,V0112,-32.289337,-47.783305,Y
S01212,LOJA 1212,10000000001212,REDE 23,ATACAREJO,PORTO ALEGRE,RS,T013,V0113,-30.413302,-41.031295,Y
S01213,LOJA 1213,10000000001213,REDE 24,ATACAREJO,PORTO ALEGRE,RS,T014,V0114,-27.163742,-48.670034,Y
S01214,LOJA 1214,10000000001214,REDE 25,SUPERMERCADO,NITEROI,RJ,T015,V0115,-25.827782,-53.972035,Y
S01215,LOJA 1215,10000000001215,REDE 26,ATACAREJO,SANTOS,SP,T016,V0116,-31.665835,-51.928898,Y
S01216,LOJA 1216,10000000001216,REDE 27,ATACAREJO,NITEROI,RJ,T017,V0117,-28.909942,-52.886234,Y
S01217,LOJA 1217,10000000001217,REDE 28,ATACAREJO,CAXIAS DO SUL,RS,,V0118,-20.632751,-43.55366,Y
S01218,LOJA 1218,10000000001218,REDE 29,ATACAREJO,RIO DE JANEIRO,RJ,T019,V0119,-22.245067,-47.936892,Y
S01219,LOJA 1219,10000000001219,REDE 30,SUPERMERCADO,UBERLANDIA,MG,T020,,-31.401845,-52.044786,Y
S01220,LOJA 1220,10000000001220,REDE 31,CONVENIENCIA,PORTO ALEGRE,RS,T021,V0121,-19.651456,-49.888736,Y
S01221,LOJA 1221,10000000001221,REDE 32,ATACAREJO,CAXIAS DO SUL,RS,T022,V0122,-29.301918,-41.523052,Y
S01222,LOJA 1222,10000000001222,REDE 33,CONVENIENCIA,LONDRINA,PR,T023,V0123,-29.072542,-40.79011,Y
S01223,LOJA 1223,10000000001223,REDE 34,ATACAREJO,LONDRINA,PR,T024,V0124,-25.372564,-45.256673,Y
S01224,LOJA 1224,10000000001224,REDE 35,SUPERMERCADO,BELO HORIZONTE,MG,T025,V0125,-25.778225,-49.454099,Y
S01225,LOJA 1225,10000000001225,REDE 01,ATACAREJO,BELO HORIZONTE,MG,T026,V0126,-26.679145,-47.515685,Y
S01226,LOJA 1226,10000000001226,REDE 02,SUPERMERCADO,UBERLANDIA,MG,T027,V0127,-28.189335,-48.570397,Y
S01227,LOJA 1227,10000000001227,REDE 03,CONVENIENCIA,PORTO ALEGRE,RS,T028,V0128,-20.160909,-51.197528,Y
S01228,LOJA 1228,10000000001228,REDE 04,CONVENIENCIA,PORTO ALEGRE,RS,T029,V0129,-18.093388,-45.477708,Y
S01229,LOJA 1229,10000000001229,REDE 05,SUPERMERCADO,NITEROI,RJ,T030,V0130,-19.105099,-46.920807,Y
S01230,LOJA 1230,10000000001230,REDE 06,SUPERMERCADO,CAMPINAS,SP,T031,V0131,-26.997128,-48.364892,Y
S01231,LOJA 1231,10000000001231,REDE 07,CONVENIENCIA,CAMPINAS,SP,T032,V0132,-22.579481,-53.775445,Y
S01232,LOJA 1232,10000000001232,REDE 08,CONVENIENCIA,CURITIBA,PR,T033,V0133,-27.83149,-51.320292,Y
S01233,LOJA 1233,10000000001233,REDE 09,SUPERMERCADO,UBERLANDIA,MG,T034,V0134,-25.977154,-43.768184,Y
S01234,LOJA 1234,10000000001234,REDE 10,CONVENIENCIA,RIO DE JANEIRO,RJ,T035,V0135,-31.294123,-50.518619,Y
S01235,LOJA 1235,10000000001235,REDE 11,CONVENIENCIA,SANTOS,SP,,V0136,-27.080917,-50.865186,Y
S01236,LOJA 1236,10000000001236,REDE 12,ATACAREJO,PORTO ALEGRE,RS,T037,V0137,-24.149353,-50.038622,Y
S01237,LOJA 1237,10000000001237,REDE 13,CONVENIENCIA,RIO DE JANEIRO,RJ,T038,V0138,-20.820289,-50.659369,Y
S01238,LOJA 1238,10000000001238,REDE 14,ATACAREJO,PORTO ALEGRE,RS,T039,V0139,-31.191875,-44.150459,Y
S01239,LOJA 1239,10000000001239,REDE 15,CONVENIENCIA,CURITIBA,PR,T040,V0140,-20.164111,-51.243286,Y
S01240,LOJA 1240,10000000001240,REDE 16,SUPERMERCADO,BELO HORIZONTE,MG,T041,V0141,-31.600798,-52.756209,Y
S01241,LOJA 1241,10000000001241,REDE 17,SUPERMERCADO,CAXIAS DO SUL,RS,T042,V0142,-27.051056,-42.901298,Y
S01242,LOJA 1242,10000000001242,REDE 18,SUPERMERCADO,CAXIAS DO SUL,RS,T043,V0143,-24.777195,-48.817193,Y
S01243,LOJA 1243,10000000001243,REDE 19,CONVENIENCIA,LONDRINA,PR,T044,V0144,-25.86725,-46.587841,Y
S01244,LOJA 1244,10000000001244,REDE 20,CONVENIENCIA,CAXIAS DO SUL,RS,T045,V0145,-31.030657,-52.33633,Y
S01245,LOJA 1245,10000000001245,REDE 21,ATACAREJO,SAO PAULO,SP,T046,V0146,-31.379544,-43.501273,Y
S01246,LOJA 1246,10000000001246,REDE 22,ATACAREJO,RIO DE JANEIRO,RJ,T047,V0147,-20.253607,-51.241992,Y
S01247,LOJA 1247,10000000001247,REDE 23,SUPERMERCADO,LONDRINA,PR,T048,V0148,-27.047137,-48.855014,Y
S01248,LOJA 1248,10000000001248,REDE 24,SUPERMERCADO,UBERLANDIA,MG,,V0149,-18.923551,-53.439999,Y
S01249,LOJA 1249,10000000001249,REDE 25,SUPERMERCADO,PORTO ALEGRE,RS,T050,V0150,-24.948023,-50.110419,Y
S01250,LOJA 1250,10000000001250,REDE 26,ATACAREJO,SANTOS,SP,T051,V0151,-26.016073,-48.454112,Y
S01251,LOJA 1251,10000000001251,REDE 27,SUPERMERCADO,CAMPINAS,SP,T052,V0152,-30.080122,-44.928554,Y
S01252,LOJA 1252,10000000001252,REDE 28,SUPERMERCADO,SANTOS,SP,T053,V0153,-30.940152,-42.927884,Y
S01253,LOJA 1253,10000000001253,REDE 29,CONVENIENCIA,SAO PAULO,SP,T054,V0154,-20.583157,-53.950095,Y
S01254,LOJA 1254,10000000001254,REDE 30,ATACAREJO,SAO PAULO,SP,T055,V0155,-20.497673,-44.770234,Y
S01255,LOJA 1255,10000000001255,REDE 31,SUPERMERCADO,CURITIBA,PR,T056,V0156,-22.335777,-53.773688,Y
S01256,LOJA 1256,10000000001256,REDE 32,ATACAREJO,CURITIBA,PR,T057,V0157,-20.635714,-46.104399,Y
S01257,LOJA 1257,10000000001257,REDE 33,SUPERMERCADO,NITEROI,RJ,T058,V0158,-29.010418,-42.535129,Y
S01258,LOJA 1258,10000000001258,REDE 34,ATACAREJO,LONDRINA,PR,T059,V0159,-31.322502,-50.898303,Y
S01259,LOJA 1259,10000000001259,REDE 35,CONVENIENCIA,UBERLANDIA,MG,T060,V0160,-27.107336,-51.42829,Y
S01260,LOJA 1260,10000000001260,REDE 01,ATACAREJO,CURITIBA,PR,T061,V0161,-24.564493,-51.211612,Y
S01261,LOJA 1261,10000000001261,REDE 02,CONVENIENCIA,CURITIBA,PR,T062,V0162,-21.32862,-49.62792,Y
S01262,LOJA 1262,10000000001262,REDE 03,CONVENIENCIA,RIO DE JANEIRO,RJ,T063,V0163,-31.607179,-48.736344,Y
S01263,LOJA 1263,10000000001263,REDE 04,ATACAREJO,PORTO ALEGRE,RS,T064,V0164,-24.966063,-46.209188,Y
S01264,LOJA 1264,10000000001264,REDE 05,ATACAREJO,CAXIAS DO SUL,RS,T065,V0165,-26.944247,-47.464023,Y
S01265,LOJA 1265,10000000001265,REDE 06,CONVENIENCIA,BELO HORIZONTE,MG,T066,V0166,-24.210539,-47.277493,Y
S01266,LOJA 1266,10000000001266,REDE 07,CONVENIENCIA,CAMPINAS,SP,T067,V0167,-18.433034,-52.060535,Y
S01267,LOJA 1267,10000000001267,REDE 08,CONVENIENCIA,SAO PAULO,SP,T068,V0168,-18.795107,-40.15881,Y
S01268,LOJA 1268,10000000001268,REDE 09,CONVENIENCIA,SANTOS,SP,T069,V0169,-20.854791,-45.335129,Y
S01269,LOJA 1269,10000000001269,REDE 10,ATACAREJO,CURITIBA,PR,T070,V0170,-31.428383,-47.493257,Y
S01270,LOJA 1270,10000000001270,REDE 11,ATACAREJO,SAO PAULO,SP,T071,V0171,-32.223712,-39.154851,Y
S01271,LOJA 1271,10000000001271,REDE 12,CONVENIENCIA,PORTO ALEGRE,RS,T072,V0172,-24.853699,-42.667853,Y
S01272,LOJA 1272,10000000001272,REDE 13,ATACAREJO,CURITIBA,PR,T073,V0173,-19.409368,-53.834069,Y
S01273,LOJA 1273,10000000001273,REDE 14,CONVENIENCIA,PORTO ALEGRE,RS,T074,V0174,-32.497899,-52.673352,Y
S01274,LOJA 1274,10000000001274,REDE 15,CONVENIENCIA,LONDRINA,PR,T075,V0175,-32.390349,-42.127776,Y
S01275,LOJA 1275,10000000001275,REDE 16,ATACAREJO,CAXIAS DO SUL,RS,T076,,-30.223625,-41.472041,Y
S01276,LOJA 1276,10000000001276,REDE 17,ATACAREJO,PORTO ALEGRE,RS,T077,V0177,-31.723277,-43.252602,Y
S01277,LOJA 1277,10000000001277,REDE 18,ATACAREJO,UBERLANDIA,MG,T078,V0178,-31.505295,-49.643633,Y
S01278,LOJA 1278,10000000001278,REDE 19,ATACAREJO,RIO DE JANEIRO,RJ,T079,V0179,-32.109151,-45.238311,Y
S01279,LOJA 1279,10000000001279,REDE 20,CONVENIENCIA,PORTO ALEGRE,RS,T080,V0180,-30.499478,-50.348277,Y
S01280,LOJA 1280,10000000001280,REDE 21,SUPERMERCADO,NITEROI,RJ,T001,V0181,-22.786462,-42.342741,Y
S01281,LOJA 1281,10000000001281,REDE 22,CONVENIENCIA,RIO DE JANEIRO,RJ,T002,V0182,-24.670232,-53.160731,Y
S01282,LOJA 1282,10000000001282,REDE 23,ATACAREJO,SANTOS,SP,T003,V0183,-32.915309,-40.190366,Y
S01283,LOJA 1283,10000000001283,REDE 24,CONVENIENCIA,LONDRINA,PR,T004,V0184,-21.142394,-46.857873,Y
S01284,LOJA 1284,10000000001284,REDE 25,ATACAREJO,RIO DE JANEIRO,RJ,T005,V0185,-20.078687,-41.250567,Y
S01285,LOJA 1285,10000000001285,REDE 26,ATACAREJO,LONDRINA,PR,T006,V0186,-25.323213,-53.680457,Y
S01286,LOJA 1286,10000000001286,REDE 27,CONVENIENCIA,CURITIBA,PR,T007,V0187,-22.577547,-48.613312,Y
S01287,LOJA 1287,10000000001287,REDE 28,ATACAREJO,CAMPINAS,SP,T008,V0188,-30.388207,-43.572198,Y
S01288,LOJA 1288,10000000001288,REDE 29,ATACAREJO,RIO DE JANEIRO,RJ,T009,V0189,-19.564434,-46.518996,Y
S01289,LOJA 1289,10000000001289,REDE 30,CONVENIENCIA,BELO HORIZONTE,MG,T010,V0190,-31.478245,-53.878848,Y
S01290,LOJA 1290,10000000001290,REDE 31,ATACAREJO,NITEROI,RJ,T011,V0191,-25.893242,-45.494276,Y
S01291,LOJA 1291,10000000001291,REDE 32,SUPERMERCADO,SANTOS,SP,T012,V0192,-24.689743,-42.16427,Y
S01292,LOJA 1292,10000000001292,REDE 33,ATACAREJO,SANTOS,SP,T013,V0193,-21.447975,-40.287724,Y
S01293,LOJA 1293,10000000001293,REDE 34,ATACAREJO,BELO HORIZONTE,MG,T014,V0194,-25.283059,-39.475642,Y
S01294,LOJA 1294,10000000001294,REDE 35,SUPERMERCADO,UBERLANDIA,MG,T015,V0195,-22.163093,-52.354505,Y
S01295,LOJA 1295,10000000001295,REDE 01,SUPERMERCADO,SAO PAULO,SP,T016,V0196,-26.82827,-47.941986,Y
S01296,LOJA 1296,10000000001296,REDE 02,CONVENIENCIA,LONDRINA,PR,T017,V0197,-32.941557,-51.449758,Y
S01297,LOJA 1297,10000000001297,REDE 03,SUPERMERCADO,CAXIAS DO SUL,RS,T018,V0198,-25.130343,-52.248577,Y
S01298,LOJA 1298,10000000001298,REDE 04,CONVENIENCIA,CAXIAS DO SUL,RS,T019,V0199,-19.117939,-45.510683,Y
S01299,LOJA 1299,10000000001299,REDE 05,SUPERMERCADO,SAO PAULO,SP,T020,V0200,-27.000543,-53.156063,Y
S01300,LOJA 1300,10000000001300,REDE 06,CONVENIENCIA,RIO DE JANEIRO,RJ,T021,V0201,-26.338232,-49.155621,Y
S01301,LOJA 1301,10000000001301,REDE 07,SUPERMERCADO,LONDRINA,PR,T022,V0202,-21.389085,-40.11647,Y
S01302,LOJA 1302,10000000001302,REDE 08,CONVENIENCIA,CAMPINAS,SP,T023,V0203,-30.11437,-39.357921,Y
S01303,LOJA 1303,10000000001303,REDE 09,ATACAREJO,RIO DE JANEIRO,RJ,T024,V0204,-31.683929,-40.724481,Y
S01304,LOJA 1304,10000000001304,REDE 10,SUPERMERCADO,SANTOS,SP,T025,V0205,-26.295442,-50.827989,Y
S01305,LOJA 1305,10000000001305,REDE 11,SUPERMERCADO,NITEROI,RJ,T026,V0206,-20.555477,-50.554229,Y
S01306,LOJA 1306,10000000001306,REDE 12,ATACAREJO,RIO DE JANEIRO,RJ,T027,V0207,-18.25164,-40.738063,Y
S01307,LOJA 1307,10000000001307,REDE 13,SUPERMERCADO,RIO DE JANEIRO,RJ,,V0208,-24.390228,-40.697594,Y
S01308,LOJA 1308,10000000001308,REDE 14,ATACAREJO,PORTO ALEGRE,RS,T029,V0209,-31.953827,-42.735377,Y
S01309,LOJA 1309,10000000001309,REDE 15,CONVENIENCIA,UBERLANDIA,MG,T030,V0210,-20.043589,-47.057092,Y
S01310,LOJA 1310,10000000001310,REDE 16,SUPERMERCADO,LONDRINA,PR,T031,V0211,-30.936325,-50.047598,Y
S01311,LOJA 1311,10000000001311,REDE 17,SUPERMERCADO,SANTOS,SP,T032,V0212,-28.62842,-46.513503,Y
S01312,LOJA 1312,10000000001312,REDE 18,CONVENIENCIA,CURITIBA,PR,T033,,-26.020757,-41.740864,Y
S01313,LOJA 1313,10000000001313,REDE 19,SUPERMERCADO,CAMPINAS,SP,T034,V0214,-28.949409,-42.565512,Y
S01314,LOJA 1314,10000000001314,REDE 20,CONVENIENCIA,SAO PAULO,SP,T035,V0215,-24.356837,-49.842886,Y
S01315,LOJA 1315,10.000.000/0013-15,REDE 21,ATACAREJO,LONDRINA,PR,T036,V0216,-18.424444,-47.744861,Y
S01316,LOJA 1316,10000000001316,REDE 22,ATACAREJO,SANTOS,SP,T037,V0217,-20.347926,-47.512855,Y
S01317,LOJA 1317,10000000001317,REDE 23,CONVENIENCIA,CAXIAS DO SUL,RS,T038,V0218,-30.89078,-45.926804,Y
S01318,LOJA 1318,10000000001318,REDE 24,ATACAREJO,BELO HORIZONTE,MG,T039,V0219,-24.989733,-46.409186,Y
S01319,LOJA 1319,10000000001319,REDE 25,CONVENIENCIA,CURITIBA,PR,T040,V0220,-23.043805,-52.096075,Y
S01320,LOJA 1320,10000000001320,REDE 26,CONVENIENCIA,CAXIAS DO SUL,RS,T041,V0001,-30.206618,-48.722009,Y
S01321,LOJA 1321,10000000001321,REDE 27,SUPERMERCADO,SAO PAULO,SP,,V0002,-19.585915,-53.832477,Y
S01322,LOJA 1322,10000000001322,REDE 28,CONVENIENCIA,UBERLANDIA,MG,T043,V0003,-27.008609,-45.529552,Y
S01323,LOJA 1323,10.000.000/0013-23,REDE 29,ATACAREJO,SANTOS,SP,T044,V0004,-23.359207,-43.106316,Y
S01324,LOJA 1324,10000000001324,REDE 30,SUPERMERCADO,PORTO ALEGRE,RS,T045,V0005,-30.607172,-48.876244,Y
S01325,LOJA 1325,10000000001325,REDE 31,CONVENIENCIA,BELO HORIZONTE,MG,T046,V0006,-25.6433,-47.700179,Y
S01326,LOJA 1326,10000000001326,REDE 32,ATACAREJO,UBERLANDIA,MG,T047,V0007,-32.898931,-43.718117,Y
S01327,LOJA 1327,10000000001327,REDE 33,CONVENIENCIA,UBERLANDIA,MG,T048,V0008,-26.820937,-49.521998,Y
S01328,LOJA 1328,10000000001328,REDE 34,ATACAREJO,CAMPINAS,SP,T049,V0009,-28.296756,-51.578818,Y
S01329,LOJA 1329,10000000001329,REDE 35,ATACAREJO,SANTOS,SP,T050,V0010,-29.848431,-45.31838,Y
S01330,LOJA 1330,10000000001330,REDE 01,SUPERMERCADO,UBERLANDIA,MG,T051,V0011,-32.336185,-46.143622,Y
S01331,LOJA 1331,10000000001331,REDE 02,ATACAREJO,BELO HORIZONTE,MG,T052,,-18.738955,-52.005843,Y
S01332,LOJA 1332,10000000001332,REDE 03,CONVENIENCIA,LONDRINA,PR,T053,V0013,-24.732668,-53.60996,Y
S01333,LOJA 1333,10000000001333,REDE 04,CONVENIENCIA,PORTO ALEGRE,RS,T054,,-29.652761,-39.579228,Y
S01334,LOJA 1334,10000000001334,REDE 05,SUPERMERCADO,CAXIAS DO SUL,RS,T055,V0015,-26.103873,-49.383617,Y
S01335,LOJA 1335,10000000001335,REDE 06,SUPERMERCADO,UBERLANDIA,MG,T056,V0016,-21.291431,-44.235808,Y
S01336,LOJA 1336,10000000001336,REDE 07,CONVENIENCIA,LONDRINA,PR,T057,V0017,-31.888337,-49.370368,Y
S01337,LOJA 1337,10.000.000/0013-37,REDE 08,CONVENIENCIA,CAMPINAS,SP,T058,V0018,-31.00671,-49.223717,Y
S01338,LOJA 1338,10000000001338,REDE 09,CONVENIENCIA,LONDRINA,PR,T059,V0019,-24.616917,-48.753207,Y
S01339,LOJA 1339,10000000001339,REDE 10,ATACAREJO,CAMPINAS,SP,T060,V0020,-30.601469,-40.498727,Y
S01340,LOJA 1340,10000000001340,REDE 11,SUPERMERCADO,PORTO ALEGRE,RS,T061,V0021,-32.235121,-41.764425,Y
S01341,LOJA 1341,10000000001341,REDE 12,ATACAREJO,UBERLANDIA,MG,T062,V0022,-24.774811,-53.103073,Y
S01342,LOJA 1342,10000000001342,REDE 13,ATACAREJO,CURITIBA,PR,T063,V0023,-18.753419,-45.245416,Y
S01343,LOJA 1343,10000000001343,REDE 14,SUPERMERCADO,SAO PAULO,SP,T064,V0024,-18.077014,-53.470406,Y
S01344,LOJA 1344,10000000001344,REDE 15,SUPERMERCADO,PORTO ALEGRE,RS,T065,V0025,-32.308373,-44.779658,Y
S01345,LOJA 1345,10000000001345,REDE 16,SUPERMERCADO,PORTO ALEGRE,RS,T066,V0026,-27.458882,-42.971867,Y
S01346,LOJA 1346,10000000001346,REDE 17,SUPERMERCADO,LONDRINA,PR,T067,V0027,-22.740567,-43.484753,Y
S01347,LOJA 1347,10000000001347,REDE 18,CONVENIENCIA,PORTO ALEGRE,RS,T068,V0028,-19.601245,-39.333904,Y
S01348,LOJA 1348,10000000001348,REDE 19,CONVENIENCIA,CAMPINAS,SP,T069,V0029,-25.720507,-46.488823,Y
S01349,LOJA 1349,10000000001349,REDE 20,ATACAREJO,PORTO ALEGRE,RS,T070,V0030,-27.602837,-46.796473,Y
S01350,LOJA 1350,10000000001350,REDE 21,CONVENIENCIA,SANTOS,SP,T071,V0031,-21.861845,-47.962161,Y
S01351,LOJA 1351,10000000001351,REDE 22,CONVENIENCIA,LONDRINA,PR,T072,V0032,-28.927846,-39.340117,Y
S01352,LOJA 1352,10000000001352,REDE 23,CONVENIENCIA,NITEROI,RJ,T073,V0033,-19.640395,-49.504403,Y
S01353,LOJA 1353,10000000001353,REDE 24,CONVENIENCIA,BELO HORIZONTE,MG,T074,V0034,-27.612111,-50.083333,Y
S01354,LOJA 1354,10000000001354,REDE 25,CONVENIENCIA,CURITIBA,PR,T075,V0035,-28.683514,-50.766166,Y
S01355,LOJA 1355,10000000001355,REDE 26,CONVENIENCIA,LONDRINA,PR,T076,V0036,-25.880306,-48.691691,Y
S01356,LOJA 1356,10000000001356,REDE 27,ATACAREJO,CAMPINAS,SP,T077,V0037,-21.541568,-44.584188,Y
S01357,LOJA 1357,10000000001357,REDE 28,CONVENIENCIA,CAXIAS DO SUL,RS,T078,V0038,-18.767063,-47.884887,Y
S01358,LOJA 1358,10000000001358,REDE 29,ATACAREJO,BELO HORIZONTE,MG,T079,V0039,-23.596781,-49.675513,Y
S01359,LOJA 1359,10000000001359,REDE 30,CONVENIENCIA,NITEROI,RJ,T080,V0040,-31.572264,-41.695756,Y
S01360,LOJA 1360,10000000001360,REDE 31,CONVENIENCIA,CURITIBA,PR,T001,V0041,-26.720647,-41.69381,Y
S01361,LOJA 1361,10000000001361,REDE 32,ATACAREJO,UBERLANDIA,MG,T002,V0042,-23.064826,-39.468078,Y
S01362,LOJA 1362,10000000001362,REDE 33,ATACAREJO,LONDRINA,PR,T003,V0043,-26.04721,-40.969834,Y
S01363,LOJA 1363,10000000001363,REDE 34,ATACAREJO,SANTOS,SP,T004,V0044,-19.728614,-45.741023,Y
S01364,LOJA 1364,10000000001364,REDE 35,ATACAREJO,SAO PAULO,SP,T005,V0045,-24.108937,-49.662775,Y
S01365,LOJA 1365,10000000001365,REDE 01,ATACAREJO,BELO HORIZONTE,MG,T006,V0046,-22.984942,-47.13082,Y
S01366,LOJA 1366,10000000001366,REDE 02,ATACAREJO,PORTO ALEGRE,RS,T007,V0047,-32.214995,-47.924432,Y
S01367,LOJA 1367,10000000001367,REDE 03,SUPERMERCADO,CAMPINAS,SP,T008,V0048,-30.624195,-46.794245,Y
S01368,LOJA 1368,10000000001368,REDE 04,CONVENIENCIA,BELO HORIZONTE,MG,T009,V0049,-25.399377,-51.542146,Y
S01369,LOJA 1369,10.000.000/0013-69,REDE 05,ATACAREJO,CURITIBA,PR,T010,V0050,-19.647008,-44.964741,Y
S01370,LOJA 1370,10000000001370,REDE 06,SUPERMERCADO,BELO HORIZONTE,MG,,V0051,-31.383005,-44.587633,Y
S01371,LOJA 1371,10000000001371,REDE 07,CONVENIENCIA,SAO PAULO,SP,T012,V0052,-20.951618,-46.437889,Y
S01372,LOJA 1372,10000000001372,REDE 08,CONVENIENCIA,CURITIBA,PR,T013,V0053,-21.335422,-39.392807,Y
S01373,LOJA 1373,10000000001373,REDE 09,ATACAREJO,UBERLANDIA,MG,T014,V0054,-20.629825,-47.563037,Y
S01374,LOJA 1374,10000000001374,REDE 10,CONVENIENCIA,NITEROI,RJ,T015,V0055,-29.376068,-42.64978,Y
S01375,LOJA 1375,10000000001375,REDE 11,ATACAREJO,CURITIBA,PR,T016,V0056,-30.88497,-42.611149,Y
S01376,LOJA 1376,10000000001376,REDE 12,CONVENIENCIA,PORTO ALEGRE,RS,T017,V0057,-22.755197,-53.962619,Y
S01377,LOJA 1377,10000000001377,REDE 13,CONVENIENCIA,PORTO ALEGRE,RS,T018,V0058,-31.112603,-44.013796,Y
S01378,LOJA 1378,10000000001378,REDE 14,CONVENIENCIA,UBERLANDIA,MG,T019,V0059,-28.37537,-42.494265,Y
S01379,LOJA 1379,10000000001379,REDE 15,ATACAREJO,CAXIAS DO SUL,RS,T020,V0060,-28.548492,-48.121247,Y
S01380,LOJA 1380,10000000001380,REDE 16,ATACAREJO,RIO DE JANEIRO,RJ,T021,V0061,-22.344024,-40.030872,Y
S01381,LOJA 1381,10000000001381,REDE 17,CONVENIENCIA,UBERLANDIA,MG,T022,V0062,-31.553481,-51.714345,Y
S01382,LOJA 1382,10000000001382,REDE 18,ATACAREJO,UBERLANDIA,MG,T023,V0063,-28.999497,-52.775632,Y
S01383,LOJA 1383,10000000001383,REDE 19,CONVENIENCIA,NITEROI,RJ,T024,V0064,-22.028389,-39.649057,Y
S01384,LOJA 1384,10000000001384,REDE 20,ATACAREJO,LONDRINA,PR,T025,V0065,-31.275046,-42.549129,Y
S01385,LOJA 1385,10000000001385,REDE 21,CONVENIENCIA,RIO DE JANEIRO,RJ,T026,V0066,-30.575371,-39.288774,Y
S01386,LOJA 1386,10000000001386,REDE 22,SUPERMERCADO,CAXIAS DO SUL,RS,T027,V0067,-19.58476,-50.534548,Y
S01387,LOJA 1387,10000000001387,REDE 23,ATACAREJO,SANTOS,SP,T028,V0068,-18.533637,-53.691473,Y
S01388,LOJA 1388,10000000001388,REDE 24,ATACAREJO,CAXIAS DO SUL,RS,T029,V0069,-24.351447,-42.512641,Y
S01389,LOJA 1389,10000000001389,REDE 25,SUPERMERCADO,CURITIBA,PR,T030,V0070,-23.099314,-39.906136,Y
S01390,LOJA 1390,10000000001390,REDE 26,SUPERMERCADO,CAXIAS DO SUL,RS,T031,V0071,-29.108883,-52.232424,Y
S01391,LOJA 1391,10000000001391,REDE 27,SUPERMERCADO,BELO HORIZONTE,MG,T032,V0072,-18.696459,-52.442966,Y
S01392,LOJA 1392,10000000001392,REDE 28,CONVENIENCIA,RIO DE JANEIRO,RJ,T033,V0073,-19.677214,-39.097299,Y
S01393,LOJA 1393,10000000001393,REDE 29,ATACAREJO,BELO HORIZONTE,MG,T034,V0074,-23.95921,-50.925466,Y
S01394,LOJA 1394,10000000001394,REDE 30,ATACAREJO,NITEROI,RJ,T035,V0075,-23.45621,-39.799562,Y
S01395,LOJA 1395,10000000001395,REDE 31,CONVENIENCIA,NITEROI,RJ,T036,V0076,-25.359923,-46.09151,Y
S01396,LOJA 1396,10000000001396,REDE 32,CONVENIENCIA,PORTO ALEGRE,RS,T037,V0077,-28.130771,-43.291864,Y
S01397,LOJA 1397,10000000001397,REDE 33,ATACAREJO,CAXIAS DO SUL,RS,T038,V0078,-46.024203,-30.952884,Y
S01398,LOJA 1398,10000000001398,REDE 34,CONVENIENCIA,NITEROI,RJ,T039,V0079,-31.665909,-44.972722,Y
S01399,LOJA 1399,10000000001399,REDE 35,SUPERMERCADO,UBERLANDIA,MG,T040,V0080,-28.93844,-40.345798,Y
S01400,LOJA 1400,10000000001400,REDE 01,SUPERMERCADO,CAXIAS DO SUL,RS,T041,V0081,-32.112105,-52.786438,Y
S01401,LOJA 1401,10000000001401,REDE 02,ATACAREJO,RIO DE JANEIRO,RJ,T042,V0082,-31.694281,-48.701294,Y
S01402,LOJA 1402,10000000001402,REDE 03,CONVENIENCIA,NITEROI,RJ,T043,V0083,-31.040331,-39.868088,Y
S01403,LOJA 1403,10000000001403,REDE 04,CONVENIENCIA,PORTO ALEGRE,RS,T044,V0084,-28.954755,-46.890118,Y
S01404,LOJA 1404,10000000001404,REDE 05,ATACAREJO,RIO DE JANEIRO,RJ,T045,V0085,-20.467712,-53.219137,Y
S01405,LOJA 1405,10000000001405,REDE 06,ATACAREJO,SANTOS,SP,T046,V0086,-31.033032,-44.058413,Y
S01406,LOJA 1406,10000000001406,REDE 07,SUPERMERCADO,UBERLANDIA,MG,T047,V0087,-26.989792,-45.652556,Y
S01407,LOJA 1407,10000000001407,REDE 08,ATACAREJO,CAXIAS DO SUL,RS,T048,V0088,-22.909662,-52.085311,Y
S01408,LOJA 1408,10000000001408,REDE 09,SUPERMERCADO,PORTO ALEGRE,RS,T049,V0089,-26.281525,-46.294169,Y
S01409,LOJA 1409,10000000001409,REDE 10,CONVENIENCIA,CURITIBA,PR,T050,V0090,-29.342203,-44.587499,Y
S01410,LOJA 1410,10000000001410,REDE 11,SUPERMERCADO,PORTO ALEGRE,RS,T051,V0091,-32.671651,-52.420197,Y
S01411,LOJA 1411,10000000001411,REDE 12,ATACAREJO,CAMPINAS,SP,,V0092,-30.570453,-39.696089,Y
S01412,LOJA 1412,10000000001412,REDE 13,ATACAREJO,PORTO ALEGRE,RS,T053,V0093,-21.529247,-40.452961,Y
S01413,LOJA 1413,10000000001413,REDE 14,CONVENIENCIA,PORTO ALEGRE,RS,T054,V0094,-31.812883,-41.364902,Y
S01414,LOJA 1414,10000000001414,REDE 15,ATACAREJO,SANTOS,SP,T055,V0095,-23.565714,-53.571092,Y
S01415,LOJA 1415,10000000001415,REDE 16,ATACAREJO,SANTOS,SP,T056,V0096,-19.60718,-53.753107,Y
S01416,LOJA 1416,10000000001416,REDE 17,SUPERMERCADO,CAXIAS DO SUL,RS,,V0097,-32.641557,-52.464744,Y
S01417,LOJA 1417,10000000001417,REDE 18,CONVENIENCIA,CAXIAS DO SUL,RS,T058,V0098,-22.709433,-42.669102,Y
S01418,LOJA 1418,10000000001418,REDE 19,CONVENIENCIA,CAMPINAS,SP,T059,V0099,-31.846786,-52.970562,Y
S01419,LOJA 1419,10000000001419,REDE 20,CONVENIENCIA,SAO PAULO,SP,T060,V0100,-25.771665,-50.925,Y
S01420,LOJA 1420,10000000001420,REDE 21,CONVENIENCIA,CURITIBA,PR,T061,V0101,-30.110111,-46.516527,Y
S01421,LOJA 1421,10000000001421,REDE 22,CONVENIENCIA,PORTO ALEGRE,RS,T062,V0102,-25.660873,-46.819736,Y
S01422,LOJA 1422,10000000001422,REDE 23,SUPERMERCADO,PORTO ALEGRE,RS,T063,V0103,-29.864442,-45.924274,Y
S01423,LOJA 1423,10000000001423,REDE 24,ATACAREJO,CAXIAS DO SUL,RS,T064,V0104,-25.038839,-48.644016,Y
S01424,LOJA 1424,10000000001424,REDE 25,CONVENIENCIA,SANTOS,SP,T065,V0105,-31.016792,-42.941727,Y
S01425,LOJA 1425,10000000001425,REDE 26,SUPERMERCADO,UBERLANDIA,MG,T066,V0106,-20.588002,-53.058284,Y
S01426,LOJA 1426,10000000001426,REDE 27,ATACAREJO,LONDRINA,PR,T067,V0107,-24.226455,-52.33378,Y
S01427,LOJA 1427,10000000001427,REDE 28,ATACAREJO,RIO DE JANEIRO,RJ,T068,V0108,-29.731914,-48.431568,Y
S01428,LOJA 1428,10000000001428,REDE 29,CONVENIENCIA,BELO HORIZONTE,MG,T069,V0109,-27.101872,-39.440276,Y
S01429,LOJA 1429,10000000001429,REDE 30,CONVENIENCIA,LONDRINA,PR,T070,V0110,-19.312064,-44.188501,Y
S01430,LOJA 1430,10000000001430,REDE 31,SUPERMERCADO,BELO HORIZONTE,MG,T071,V0111,-20.50357,-48.128995,Y
S01431,LOJA 1431,10000000001431,REDE 32,ATACAREJO,CAXIAS DO SUL,RS,T072,V0112,-26.810798,-39.891494,Y
S01432,LOJA 1432,10000000001432,REDE 33,SUPERMERCADO,UBERLANDIA,MG,T073,V0113,-26.741182,-52.837554,Y
S01433,LOJA 1433,10000000001433,REDE 34,ATACAREJO,PORTO ALEGRE,RS,T074,V0114,-27.4696,-49.82835,Y
S01434,LOJA 1434,10000000001434,REDE 35,CONVENIENCIA,RIO DE JANEIRO,RJ,T075,V0115,-28.312857,-51.842444,Y
S01435,LOJA 1435,10000000001435,REDE 01,ATACAREJO,SANTOS,SP,T076,V0116,-27.069238,-39.713829,Y
S01436,LOJA 1436,10000000001436,REDE 02,SUPERMERCADO,CURITIBA,PR,T077,V0117,-23.655364,-41.077403,Y
S01437,LOJA 1437,10000000001437,REDE 03,ATACAREJO,RIO DE JANEIRO,RJ,T078,V0118,-20.250773,-46.203035,Y
S01438,LOJA 1438,10000000001438,REDE 04,ATACAREJO,PORTO ALEGRE,RS,T079,V0119,-31.851931,-40.600722,Y
S01439,LOJA 1439,10000000001439,REDE 05,ATACAREJO,CAMPINAS,SP,T080,V0120,-21.465427,-48.898729,Y
S01440,LOJA 1440,10000000001440,REDE 06,CONVENIENCIA,CURITIBA,PR,T001,V0121,-24.36273,-53.013091,Y
S01441,LOJA 1441,10000000001441,REDE 07,CONVENIENCIA,SANTOS,SP,T002,V0122,-24.342566,-46.870619,Y
S01442,LOJA 1442,10000000001442,REDE 08,ATACAREJO,CURITIBA,PR,T003,V0123,-19.008987,-46.752975,Y
S01443,LOJA 1443,10.000.000/0014-43,REDE 09,ATACAREJO,BELO HORIZONTE,MG,T004,V0124,-23.136972,-45.979615,Y
S01444,LOJA 1444,10000000001444,REDE 10,ATACAREJO,LONDRINA,PR,T005,V0125,-23.604549,-42.399165,Y
S01445,LOJA 1445,10000000001445,REDE 11,ATACAREJO,SANTOS,SP,T006,V0126,-28.703688,-42.176149,Y
S01446,LOJA 1446,10000000001446,REDE 12,CONVENIENCIA,RIO DE JANEIRO,RJ,T007,V0127,-25.298843,-47.362682,Y
S01447,LOJA 1447,10000000001447,REDE 13,ATACAREJO,CURITIBA,PR,T008,V0128,-29.745504,-45.783847,Y
S01448,LOJA 1448,10000000001448,REDE 14,SUPERMERCADO,RIO DE JANEIRO,RJ,T009,V0129,-27.250439,-51.372924,Y
S01449,LOJA 1449,10000000001449,REDE 15,CONVENIENCIA,PORTO ALEGRE,RS,T010,V0130,-24.440372,-46.211736,Y
S01450,LOJA 1450,10000000001450,REDE 16,ATACAREJO,CAXIAS DO SUL,RS,T011,V0131,-27.533403,-43.303586,Y
S01451,LOJA 1451,10000000001451,REDE 17,SUPERMERCADO,LONDRINA,PR,T012,V0132,-27.324789,-41.736513,Y
S01452,LOJA 1452,10000000001452,REDE 18,SUPERMERCADO,LONDRINA,PR,T013,V0133,-28.916914,-49.546529,Y
S01453,LOJA 1453,10000000001453,REDE 19,SUPERMERCADO,PORTO ALEGRE,RS,T014,V0134,-22.106848,-51.105513,Y
S01454,LOJA 1454,10000000001454,REDE 20,ATACAREJO,RIO DE JANEIRO,RJ,T015,V0135,-19.340821,-50.948119,Y
S01455,LOJA 1455,10000000001455,REDE 21,CONVENIENCIA,NITEROI,RJ,T016,V0136,-22.114375,-43.754592,Y
S01456,LOJA 1456,10000000001456,REDE 22,ATACAREJO,PORTO ALEGRE,RS,T017,,-20.06512,-40.117363,Y
S01457,LOJA 1457,10000000001457,REDE 23,CONVENIENCIA,NITEROI,RJ,T018,V0138,-26.44456,-46.668648,Y
S01458,LOJA 1458,10000000001458,REDE 24,ATACAREJO,PORTO ALEGRE,RS,T019,V0139,-29.922923,-50.706862,Y
S01459,LOJA 1459,10000000001459,REDE 25,CONVENIENCIA,UBERLANDIA,MG,T020,V0140,-31.258522,-47.3995,Y
S01460,LOJA 1460,10000000001460,REDE 26,SUPERMERCADO,SANTOS,SP,T021,V0141,-24.244982,-45.675144,Y
S01461,LOJA 1461,10000000001461,REDE 27,ATACAREJO,UBERLANDIA,MG,T022,V0142,-23.784375,-42.170396,Y
S01462,LOJA 1462,10000000001462,REDE 28,ATACAREJO,CAMPINAS,SP,T023,V0143,-32.844774,-50.648344,Y
S01463,LOJA 1463,10000000001463,REDE 29,SUPERMERCADO,SANTOS,SP,T024,V0144,-22.791643,-53.00403,Y
S01464,LOJA 1464,10000000001464,REDE 30,SUPERMERCADO,RIO DE JANEIRO,RJ,T025,V0145,-26.097066,-39.280381,Y
S01465,LOJA 1465,10000000001465,REDE 31,ATACAREJO,BELO HORIZONTE,MG,T026,V0146,-23.481892,-41.629199,Y
S01466,LOJA 1466,10000000001466,REDE 32,CONVENIENCIA,CAMPINAS,SP,T027,V0147,-20.847704,-52.003927,Y
S01467,LOJA 1467,10000000001467,REDE 33,CONVENIENCIA,LONDRINA,PR,T028,V0148,-28.610373,-40.954408,Y
S01468,LOJA 1468,10000000001468,REDE 34,ATACAREJO,PORTO ALEGRE,RS,T029,V0149,-21.761027,-50.22601,Y
S01469,LOJA 1469,10000000001469,REDE 35,ATACAREJO,UBERLANDIA,MG,T030,V0150,-32.401978,-51.035682,Y
S01470,LOJA 1470,10000000001470,REDE 01,SUPERMERCADO,CURITIBA,PR,T031,,-32.602286,-45.272696,Y
S01471,LOJA 1471,10000000001471,REDE 02,SUPERMERCADO,SANTOS,SP,T032,V0152,-19.944158,-47.616879,Y
S01472,LOJA 1472,10000000001472,REDE 03,CONVENIENCIA,BELO HORIZONTE,MG,T033,V0153,-25.725501,-39.84567,Y
S01473,LOJA 1473,10000000001473,REDE 04,ATACAREJO,CURITIBA,PR,T034,V0154,-21.132902,-45.004069,Y
S01474,LOJA 1474,10000000001474,REDE 05,SUPERMERCADO,BELO HORIZONTE,MG,T035,V0155,-29.707388,-39.166901,Y
S01475,LOJA 1475,10000000001475,REDE 06,ATACAREJO,NITEROI,RJ,T036,V0156,-26.895446,-41.084827,Y
S01476,LOJA 1476,10000000001476,REDE 07,SUPERMERCADO,CAXIAS DO SUL,RS,T037,V0157,-23.374991,-47.783647,Y
S01477,LOJA 1477,10000000001477,REDE 08,CONVENIENCIA,CAXIAS DO SUL,RS,T038,V0158,-26.937105,-39.052818,Y
S01478,LOJA 1478,10000000001478,REDE 09,ATACAREJO,CURITIBA,PR,T039,V0159,-20.626827,-50.257353,Y
S01479,LOJA 1479,10000000001479,REDE 10,CONVENIENCIA,LONDRINA,PR,T040,V0160,-26.91696,-49.148635,Y
S01480,LOJA 1480,10000000001480,REDE 11,CONVENIENCIA,UBERLANDIA,MG,T041,V0161,-32.706461,-50.022271,Y
S01481,LOJA 1481,10000000001481,REDE 12,ATACAREJO,NITEROI,RJ,T042,V0162,-24.694131,-52.859705,Y
S01482,LOJA 1482,10000000001482,REDE 13,CONVENIENCIA,BELO HORIZONTE,MG,T043,V0163,-22.968326,-43.257591,Y
S01483,LOJA 1483,10000000001483,REDE 14,ATACAREJO,SAO PAULO,SP,T044,V0164,-20.970653,-42.334389,Y
S01484,LOJA 1484,10000000001484,REDE 15,CONVENIENCIA,CURITIBA,PR,T045,V0165,-32.233637,-51.754259,Y
S01485,LOJA 1485,10.000.000/0014-85,REDE 16,SUPERMERCADO,BELO HORIZONTE,MG,T046,V0166,-23.402253,-45.098275,Y
S01486,LOJA 1486,10000000001486,REDE 17,CONVENIENCIA,LONDRINA,PR,T047,,-18.376974,-46.077874,Y
S01487,LOJA 1487,10000000001487,REDE 18,ATACAREJO,SANTOS,SP,T048,V0168,-20.778657,-44.457521,Y
S01488,LOJA 1488,10000000001488,REDE 19,SUPERMERCADO,PORTO ALEGRE,RS,T049,V0169,-24.145282,-49.154581,Y
S01489,LOJA 1489,10000000001489,REDE 20,CONVENIENCIA,CAXIAS DO SUL,RS,T050,V0170,-26.788802,-43.614875,Y
S01490,LOJA 1490,10000000001490,REDE 21,CONVENIENCIA,UBERLANDIA,MG,T051,V0171,-22.823359,-41.780446,Y
S01491,LOJA 1491,10000000001491,REDE 22,CONVENIENCIA,LONDRINA,PR,T052,V0172,-31.653518,-49.829145,Y
S01492,LOJA 1492,10000000001492,REDE 23,CONVENIENCIA,UBERLANDIA,Sao Paulo,T053,V0173,-25.471547,-47.997688,Y
S01493,LOJA 1493,10000000001493,REDE 24,CONVENIENCIA,SAO PAULO,SP,T054,V0174,-32.568372,-40.057801,Y
S01494,LOJA 1494,10000000001494,REDE 25,ATACAREJO,SANTOS,SP,,V0175,-27.964701,-52.700496,Y
S01495,LOJA 1495,10000000001495,REDE 26,ATACAREJO,CAXIAS DO SUL,RS,T056,,-30.206566,-48.180223,Y
S01496,LOJA 1496,10000000001496,REDE 27,CONVENIENCIA,PORTO ALEGRE,RS,,V0177,-21.746382,-41.458459,Y
S01497,LOJA 1497,10000000001497,REDE 28,ATACAREJO,CAXIAS DO SUL,RS,T058,V0178,-32.683177,-52.633958,Y
S01498,LOJA 1498,10000000001498,REDE 29,CONVENIENCIA,CAMPINAS,SP,T059,V0179,-20.374774,-47.408499,Y
S01499,LOJA 1499,10000000001499,REDE 30,CONVENIENCIA,NITEROI,São Paulo,T060,V0180,-21.606211,-46.520385,Y
S01500,LOJA 1500,10000000001500,REDE 31,ATACAREJO,CAXIAS DO SUL,RS,T061,V0181,-28.540948,-49.995588,Y
S01501,LOJA 1501,10000000001501,REDE 32,SUPERMERCADO,CAMPINAS,SP,T062,V0182,-31.884712,-41.147712,Y
S01502,LOJA 1502,10000000001502,REDE 33,CONVENIENCIA,UBERLANDIA,MG,T063,V0183,-24.366343,-45.655648,Y
S01503,LOJA 1503,10000000001503,REDE 34,SUPERMERCADO,UBERLANDIA,MG,T064,V0184,-21.128667,-52.193169,Y
S01504,LOJA 1504,10000000001504,REDE 35,SUPERMERCADO,NITEROI,RJ,T065,V0185,-20.932983,-44.291548,Y
S01505,LOJA 1505,10000000001505,REDE 01,CONVENIENCIA,LONDRINA,PR,T066,,-23.002996,-45.645173,Y
S01506,LOJA 1506,10000000001506,REDE 02,CONVENIENCIA,CAXIAS DO SUL,RS,T067,V0187,-21.317255,-48.877617,Y
S01507,LOJA 1507,10000000001507,REDE 03,CONVENIENCIA,CURITIBA,PR,T068,V0188,-22.612333,-49.654152,Y
S01508,LOJA 1508,10000000001508,REDE 04,ATACAREJO,CAMPINAS,SP,T069,V0189,-24.317909,-39.90779,Y
S01509,LOJA 1509,10000000001509,REDE 05,SUPERMERCADO,UBERLANDIA,MG,T070,V0190,-25.992406,-49.851506,Y
S01510,LOJA 1510,10000000001510,REDE 06,CONVENIENCIA,UBERLANDIA,MG,T071,V0191,-23.261113,-42.722728,Y
S01511,LOJA 1511,10000000001511,REDE 07,CONVENIENCIA,BELO HORIZONTE,MG,T072,V0192,-24.290178,-51.240095,Y
S01512,LOJA 1512,10000000001512,REDE 08,ATACAREJO,CAXIAS DO SUL,RS,T073,V0193,-28.441448,-45.284153,Y
S01513,LOJA 1513,10000000001513,REDE 09,CONVENIENCIA,NITEROI,RJ,T074,V0194,-22.474966,-51.218909,Y
S01514,LOJA 1514,10000000001514,REDE 10,CONVENIENCIA,RIO DE JANEIRO,RJ,T075,V0195,-28.221225,-46.945272,Y
S01515,LOJA 1515,10000000001515,REDE 11,CONVENIENCIA,SAO PAULO,SP,T076,V0196,-25.613049,-48.671738,Y
S01516,LOJA 1516,10000000001516,REDE 12,CONVENIENCIA,CAXIAS DO SUL,RS,,V0197,-21.968003,-39.604732,Y
S01517,LOJA 1517,10000000001517,REDE 13,ATACAREJO,CAMPINAS,SP,T078,V0198,-20.176757,-45.688791,Y
S01518,LOJA 1518,10000000001518,REDE 14,ATACAREJO,PORTO ALEGRE,RS,T079,V0199,-28.530973,-43.658634,Y
S01519,LOJA 1519,10000000001519,REDE 15,ATACAREJO,SAO PAULO,SP,T080,V0200,-27.317943,-46.996927,Y
S01520,LOJA 1520,10000000001520,REDE 16,ATACAREJO,UBERLANDIA,MG,T001,,-28.332075,-50.600565,Y
S01521,LOJA 1521,10000000001521,REDE 17,SUPERMERCADO,SAO PAULO,SP,T002,V0202,-20.273641,-45.441079,Y
S01522,LOJA 1522,10000000001522,REDE 18,SUPERMERCADO,PORTO ALEGRE,RS,T003,V0203,-26.443912,-52.260833,Y
S01523,LOJA 1523,10000000001523,REDE 19,SUPERMERCADO,LONDRINA,PR,,V0204,-24.399024,-43.485528,Y
S01524,LOJA 1524,10000000001524,REDE 20,ATACAREJO,NITEROI,RJ,T005,V0205,-29.900981,-45.182398,Y
S01525,LOJA 1525,10000000001525,REDE 21,SUPERMERCADO,CURITIBA,PR,T006,V0206,-25.561584,-40.984825,Y
S01526,LOJA 1526,10000000001526,REDE 22,SUPERMERCADO,SAO PAULO,SP,T007,V0207,-53.440164,-25.293882,Y
S01527,LOJA 1527,10000000001527,REDE 23,SUPERMERCADO,SAO PAULO,SP,T008,V0208,-25.921339,-52.936898,Y
S01528,LOJA 1528,10000000001528,REDE 24,ATACAREJO,NITEROI,RJ,T009,V0209,-29.370389,-41.158407,Y
S01529,LOJA 1529,10000000001529,REDE 25,CONVENIENCIA,RIO DE JANEIRO,RJ,T010,V0210,-19.942425,-43.690323,Y
S01530,LOJA 1530,10000000001530,REDE 26,CONVENIENCIA,CAXIAS DO SUL,RS,T011,V0211,-30.641628,-42.617958,Y
S01531,LOJA 1531,10000000001531,REDE 27,ATACAREJO,UBERLANDIA,MG,T012,V0212,-28.69504,-45.978433,Y
S01532,LOJA 1532,10000000001532,REDE 28,SUPERMERCADO,NITEROI,RJ,T013,V0213,-27.701795,-49.625103,Y
S01533,LOJA 1533,10000000001533,REDE 29,SUPERMERCADO,CAMPINAS,SP,T014,V0214,-31.571506,-44.600472,Y
S01534,LOJA 1534,10000000001534,REDE 30,CONVENIENCIA,NITEROI,RJ,T015,V0215,-21.148658,-41.795261,Y
S01535,LOJA 1535,10000000001535,REDE 31,CONVENIENCIA,PORTO ALEGRE,RS,T016,V0216,-28.079347,-39.517532,Y
S01536,LOJA 1536,10000000001536,REDE 32,ATACAREJO,PORTO ALEGRE,RS,T017,V0217,-19.195007,-43.96334,Y
S01537,LOJA 1537,10000000001537,REDE 33,CONVENIENCIA,BELO HORIZONTE,MG,T018,V0218,-30.531482,-42.977524,Y
S01538,LOJA 1538,10000000001538,REDE 34,CONVENIENCIA,PORTO ALEGRE,RS,,V0219,-19.297771,-42.772763,Y
S01539,LOJA 1539,10000000001539,REDE 35,CONVENIENCIA,BELO HORIZONTE,MG,T020,V0220,-20.67138,-53.142798,Y
S01540,LOJA 1540,10000000001540,REDE 01,ATACAREJO,RIO DE JANEIRO,RJ,T021,V0001,-24.034696,-47.898877,Y
S01541,LOJA 1541,10000000001541,REDE 02,ATACAREJO,SAO PAULO,SP,T022,V0002,-25.450807,-45.584249,Y
S01542,LOJA 1542,10000000001542,REDE 03,ATACAREJO,SANTOS,SP,T023,V0003,-20.321429,-42.329814,Y
S01543,LOJA 1543,10000000001543,REDE 04,CONVENIENCIA,LONDRINA,PR,T024,V0004,-21.781498,-43.657759,Y
S01544,LOJA 1544,10000000001544,REDE 05,ATACAREJO,PORTO ALEGRE,RS,T025,V0005,-29.018414,-50.65592,Y
S01545,LOJA 1545,10000000001545,REDE 06,CONVENIENCIA,BELO HORIZONTE,MG,T026,V0006,-31.156621,-46.04754,Y
S01546,LOJA 1546,10000000001546,REDE 07,SUPERMERCADO,SAO PAULO,SP,T027,V0007,-23.427998,-49.09308,Y
S01547,LOJA 1547,10000000001547,REDE 08,SUPERMERCADO,PORTO ALEGRE,RS,T028,V0008,-27.566967,-46.567168,Y
S01548,LOJA 1548,10000000001548,REDE 09,CONVENIENCIA,PORTO ALEGRE,RS,T029,V0009,-31.421288,-43.39572,Y
S01549,LOJA 1549,10000000001549,REDE 10,ATACAREJO,BELO HORIZONTE,MG,T030,V0010,-21.550451,-41.384046,Y
S01550,LOJA 1550,10000000001550,REDE 11,ATACAREJO,RIO DE JANEIRO,RJ,T031,V0011,-32.289055,-44.192086,Y
S01551,LOJA 1551,10000000001551,REDE 12,ATACAREJO,LONDRINA,PR,T032,V0012,-25.226996,-45.339586,Y
S01552,LOJA 1552,10000000001552,REDE 13,SUPERMERCADO,BELO HORIZONTE,MG,T033,V0013,-26.248962,-41.334795,Y
S01553,LOJA 1553,10000000001553,REDE 14,CONVENIENCIA,UBERLANDIA,MG,T034,V0014,-24.914354,-41.02097,Y
S01554,LOJA 1554,10000000001554,REDE 15,SUPERMERCADO,BELO HORIZONTE,MG,T035,V0015,-18.89928,-53.432365,Y
S01555,LOJA 1555,10000000001555,REDE 16,SUPERMERCADO,CAMPINAS,SP,T036,V0016,-24.241033,-45.679584,Y
S01556,LOJA 1556,10000000001556,REDE 17,SUPERMERCADO,LONDRINA,PR,T037,V0017,-20.364127,-50.715131,Y
S01557,LOJA 1557,10000000001557,REDE 18,ATACAREJO,CURITIBA,PR,T038,V0018,-32.119657,-51.450032,Y
S01558,LOJA 1558,10000000001558,REDE 19,CONVENIENCIA,SANTOS,SP,T039,V0019,-20.425477,-50.91522,Y
S01559,LOJA 1559,10000000001559,REDE 20,ATACAREJO,SAO PAULO,SP,T040,V0020,-31.413106,-43.41812,Y
S01560,LOJA 1560,10000000001560,REDE 21,ATACAREJO,LONDRINA,PR,T041,V0021,-30.364417,-43.876506,Y
S01561,LOJA 1561,10000000001561,REDE 22,ATACAREJO,RIO DE JANEIRO,RJ,T042,V0022,-27.664282,-39.077892,Y
S01562,LOJA 1562,10000000001562,REDE 23,CONVENIENCIA,RIO DE JANEIRO,RJ,T043,V0023,-27.823603,-44.434123,Y
S01563,LOJA 1563,10000000001563,REDE 24,SUPERMERCADO,PORTO ALEGRE,RS,T044,V0024,-31.761055,-50.890874,Y
S01564,LOJA 1564,10000000001564,REDE 25,ATACAREJO,CAXIAS DO SUL,RS,T045,V0025,-20.968345,-51.887114,Y
S01565,LOJA 1565,10000000001565,REDE 26,CONVENIENCIA,UBERLANDIA,MG,T046,V0026,-31.923766,-45.822292,Y
S01566,LOJA 1566,10000000001566,REDE 27,SUPERMERCADO,SAO PAULO,SP,T047,V0027,-19.268442,-39.135409,Y
S01567,LOJA 1567,10000000001567,REDE 28,CONVENIENCIA,CAMPINAS,SP,T048,V0028,-50.810981,-28.664141,Y
S01568,LOJA 1568,10.000.000/0015-68,REDE 29,CONVENIENCIA,LONDRINA,PR,T049,V0029,-31.75694,-48.475503,Y
S01569,LOJA 1569,10000000001569,REDE 30,SUPERMERCADO,LONDRINA,PR,T050,V0030,-18.658413,-47.871993,Y
S01570,LOJA 1570,10000000001570,REDE 31,CONVENIENCIA,SANTOS,SP,T051,V0031,-26.294775,-51.971227,Y
S01571,LOJA 1571,10000000001571,REDE 32,CONVENIENCIA,UBERLANDIA,MG,T052,V0032,-28.982705,-42.027959,Y
S01572,LOJA 1572,10000000001572,REDE 33,CONVENIENCIA,CAXIAS DO SUL,RS,T053,V0033,-28.876856,-52.118972,Y
S01573,LOJA 1573,10000000001573,REDE 34,ATACAREJO,CAXIAS DO SUL,RS,T054,V0034,-30.271114,-46.868024,Y
S01574,LOJA 1574,10000000001574,REDE 35,SUPERMERCADO,LONDRINA,PR,T055,V0035,-31.332659,-50.813002,Y
S01575,LOJA 1575,10000000001575,REDE 01,SUPERMERCADO,NITEROI,RJ,T056,V0036,-32.71704,-52.928202,Y
S01576,LOJA 1576,10000000001576,REDE 02,ATACAREJO,SAO PAULO,SP,T057,V0037,-27.094077,-45.527811,Y
S01577,LOJA 1577,10000000001577,REDE 03,CONVENIENCIA,PORTO ALEGRE,RS,T058,V0038,-18.121339,-45.949087,Y
S01578,LOJA 1578,10000000001578,REDE 04,ATACAREJO,PORTO ALEGRE,RS,T059,V0039,-29.320435,-49.698418,Y
S01579,LOJA 1579,10000000001579,REDE 05,ATACAREJO,RIO DE JANEIRO,RJ,T060,V0040,-31.910165,-39.502853,Y
S01580,LOJA 1580,10000000001580,REDE 06,ATACAREJO,SAO PAULO,SP,T061,V0041,-31.592909,-50.033195,Y
S01581,LOJA 1581,10000000001581,REDE 07,SUPERMERCADO,BELO HORIZONTE,MG,T062,V0042,-30.508371,-43.831405,Y
S01582,LOJA 1582,10000000001582,REDE 08,CONVENIENCIA,RIO DE JANEIRO,RJ,T063,V0043,-18.531553,-45.282164,Y
S01583,LOJA 1583,10000000001583,REDE 09,CONVENIENCIA,BELO HORIZONTE,MG,T064,V0044,-30.692788,-49.061642,Y
S01584,LOJA 1584,10000000001584,REDE 10,ATACAREJO,LONDRINA,PR,T065,V0045,-28.0522,-50.496468,Y
S01585,LOJA 1585,10000000001585,REDE 11,ATACAREJO,CURITIBA,PR,T066,V0046,-25.546153,-51.10196,Y
S01586,LOJA 1586,10000000001586,REDE 12,ATACAREJO,CURITIBA,PR,T067,V0047,-22.914275,-42.19838,Y
S01587,LOJA 1587,10000000001587,REDE 13,ATACAREJO,BELO HORIZONTE,MG,T068,V0048,-19.053484,-45.783398,Y
S01588,LOJA 1588,10000000001588,REDE 14,ATACAREJO,BELO HORIZONTE,MG,T069,V0049,-27.680097,-42.363554,Y
S01589,LOJA 1589,10000000001589,REDE 15,SUPERMERCADO,UBERLANDIA,MG,T070,V0050,-26.421807,-51.992556,Y
S01590,LOJA 1590,10000000001590,REDE 16,ATACAREJO,NITEROI,RJ,T071,V0051,-18.442243,-53.057659,Y
S01591,LOJA 1591,10000000001591,REDE 17,ATACAREJO,SANTOS,SP,T072,V0052,-27.864886,-45.866584,Y
S01592,LOJA 1592,10000000001592,REDE 18,CONVENIENCIA,PORTO ALEGRE,RS,T073,V0053,-22.205426,-44.143877,Y
S01593,LOJA 1593,10000000001593,REDE 19,ATACAREJO,SAO PAULO,SP,T074,V0054,-30.414563,-39.944811,Y
S01594,LOJA 1594,10000000001594,REDE 20,SUPERMERCADO,CAMPINAS,SP,T075,V0055,-23.437634,-48.721639,Y
S01595,LOJA 1595,10000000001595,REDE 21,CONVENIENCIA,CURITIBA,PR,T076,V0056,-32.960248,-40.332043,Y
S01596,LOJA 1596,10000000001596,REDE 22,SUPERMERCADO,CAXIAS DO SUL,RS,T077,V0057,-20.323427,-46.933207,Y
S01597,LOJA 1597,10000000001597,REDE 23,ATACAREJO,BELO HORIZONTE,MG,T078,V0058,-32.847861,-49.08838,Y
S01598,LOJA 1598,10000000001598,REDE 24,ATACAREJO,CAMPINAS,SP,,V0059,-29.472939,-49.69038,Y
S01599,LOJA 1599,10000000001599,REDE 25,CONVENIENCIA,CURITIBA,PR,T080,V0060,-31.1632,-50.141875,Y
S01600,LOJA 1600,10000000001600,REDE 26,CONVENIENCIA,CAXIAS DO SUL,RS,T001,V0061,-25.420175,-44.999536,Y
S01601,LOJA 1601,10000000001601,REDE 27,SUPERMERCADO,UBERLANDIA,MG,T002,V0062,-25.995443,-39.904943,Y
S01602,LOJA 1602,10000000001602,REDE 28,CONVENIENCIA,CAMPINAS,SP,T003,V0063,-25.532386,-48.60078,Y
S01603,LOJA 1603,10000000001603,REDE 29,CONVENIENCIA,SANTOS,SP,T004,V0064,-27.438032,-49.044465,Y
S01604,LOJA 1604,10000000001604,REDE 30,CONVENIENCIA,PORTO ALEGRE,RS,T005,V0065,-21.6312,-51.971359,Y
S01605,LOJA 1605,10000000001605,REDE 31,CONVENIENCIA,RIO DE JANEIRO,RJ,T006,V0066,-24.967708,-46.601427,Y
S01606,LOJA 1606,10000000001606,REDE 32,ATACAREJO,LONDRINA,PR,T007,V0067,-25.238896,-53.712669,Y
S01607,LOJA 1607,10000000001607,REDE 33,CONVENIENCIA,NITEROI,RJ,T008,V0068,-22.543297,-47.162392,Y
S01608,LOJA 1608,10000000001608,REDE 34,CONVENIENCIA,CAXIAS DO SUL,RS,T009,V0069,-18.031767,-40.46821,Y
S01609,LOJA 1609,10000000001609,REDE 35,CONVENIENCIA,SANTOS,SP,T010,V0070,-23.605642,-43.941351,Y
S01610,LOJA 1610,10000000001610,REDE 01,CONVENIENCIA,PORTO ALEGRE,RS,T011,V0071,-19.703533,-42.842088,Y
S01611,LOJA 1611,10000000001611,REDE 02,CONVENIENCIA,NITEROI,RJ,T012,V0072,-18.397421,-49.190815,Y
S01612,LOJA 1612,10000000001612,REDE 03,CONVENIENCIA,RIO DE JANEIRO,RJ,T013,V0073,-18.160118,-43.438332,Y
S01613,LOJA 1613,10000000001613,REDE 04,CONVENIENCIA,LONDRINA,PR,T014,V0074,-27.582738,-48.378415,Y
S01614,LOJA 1614,10000000001614,REDE 05,SUPERMERCADO,LONDRINA,PR,T015,V0075,-19.260455,-43.651393,Y
S01615,LOJA 1615,10000000001615,REDE 06,ATACAREJO,UBERLANDIA,MG,T016,V0076,-32.214974,-49.407379,Y
S01616,LOJA 1616,10000000001616,REDE 07,SUPERMERCADO,UBERLANDIA,MG,T017,V0077,-29.197535,-50.782327,Y
S01617,LOJA 1617,10000000001617,REDE 08,ATACAREJO,RIO DE JANEIRO,RJ,T018,V0078,-28.150025,-41.878458,Y
S01618,LOJA 1618,10000000001618,REDE 09,CONVENIENCIA,SANTOS,SP,T019,V0079,-32.475408,-43.378486,Y
S01619,LOJA 1619,10000000001619,REDE 10,CONVENIENCIA,CAMPINAS,SP,T020,V0080,-29.110713,-40.354005,Y
S01620,LOJA 1620,10000000001620,REDE 11,SUPERMERCADO,BELO HORIZONTE,MG,T021,V0081,-24.01112,-47.439277,Y
S01621,LOJA 1621,10000000001621,REDE 12,SUPERMERCADO,UBERLANDIA,MG,T022,V0082,-29.640175,-41.33889,Y
S01622,LOJA 1622,10000000001622,REDE 13,SUPERMERCADO,RIO DE JANEIRO,RJ,T023,V0083,-22.483473,-44.723792,Y
S01623,LOJA 1623,10000000001623,REDE 14,ATACAREJO,UBERLANDIA,MG,T024,V0084,-28.548837,-53.990401,Y
S01624,LOJA 1624,10000000001624,REDE 15,CONVENIENCIA,LONDRINA,PR,T025,V0085,-24.257309,-47.28652,Y
S01625,LOJA 1625,10000000001625,REDE 16,SUPERMERCADO,UBERLANDIA,MG,T026,V0086,-31.16649,-49.022488,Y
S01626,LOJA 1626,10000000001626,REDE 17,CONVENIENCIA,UBERLANDIA,MG,T027,V0087,-28.194635,-45.91926,Y
S01627,LOJA 1627,10000000001627,REDE 18,ATACAREJO,CURITIBA,PR,T028,V0088,-32.138302,-47.953217,Y
S01628,LOJA 1628,10000000001628,REDE 19,SUPERMERCADO,SAO PAULO,SP,T029,V0089,-19.21966,-49.996776,Y
S01629,LOJA 1629,10000000001629,REDE 20,CONVENIENCIA,PORTO ALEGRE,RS,T030,V0090,-21.85369,-48.580648,Y
S01630,LOJA 1630,10000000001630,REDE 21,CONVENIENCIA,CAXIAS DO SUL,RS,T031,V0091,-25.500157,-41.64506,Y
S01631,LOJA 1631,10000000001631,REDE 22,ATACAREJO,NITEROI,RJ,T032,V0092,-25.285943,-46.233571,Y
S01632,LOJA 1632,10000000001632,REDE 23,SUPERMERCADO,CAXIAS DO SUL,RS,T033,V0093,-26.044018,-46.462523,Y
S01633,LOJA 1633,10000000001633,REDE 24,ATACAREJO,LONDRINA,PR,T034,V0094,-26.293346,-40.930292,Y
S01634,LOJA 1634,10000000001634,REDE 25,SUPERMERCADO,RIO DE JANEIRO,RJ,T035,V0095,-26.807859,-48.665795,Y
S01635,LOJA 1635,10000000001635,REDE 26,CONVENIENCIA,RIO DE JANEIRO,RJ,T036,V0096,-20.559597,-52.541291,Y
S01636,LOJA 1636,10000000001636,REDE 27,CONVENIENCIA,NITEROI,RJ,,V0097,-30.943597,-40.384476,Y
S01637,LOJA 1637,10000000001637,REDE 28,ATACAREJO,RIO DE JANEIRO,RJ,T038,V0098,-25.832963,-39.255798,Y
S01638,LOJA 1638,10000000001638,REDE 29,CONVENIENCIA,CURITIBA,PR,T039,V0099,-18.979427,-39.907896,Y
S01639,LOJA 1639,10000000001639,REDE 30,SUPERMERCADO,SANTOS,SP,T040,V0100,-24.527715,-39.555775,Y
S01640,LOJA 1640,10000000001640,REDE 31,SUPERMERCADO,CAMPINAS,,T041,V0101,-27.490908,-42.641984,Y
S01641,LOJA 1641,10000000001641,REDE 32,CONVENIENCIA,LONDRINA,PR,T042,V0102,-30.620514,-43.091614,Y
S01642,LOJA 1642,10000000001642,REDE 33,SUPERMERCADO,CAMPINAS,SP,T043,V0103,-22.152465,-49.573054,Y
S01643,LOJA 1643,10000000001643,REDE 34,ATACAREJO,RIO DE JANEIRO,RJ,T044,V0104,-26.723456,-40.209316,Y
S01644,LOJA 1644,10000000001644,REDE 35,CONVENIENCIA,UBERLANDIA,MG,T045,V0105,-29.579007,-46.241053,Y
S01645,LOJA 1645,10000000001645,REDE 01,ATACAREJO,UBERLANDIA,MG,T046,V0106,-21.146316,-43.956199,Y
S01646,LOJA 1646,10000000001646,REDE 02,ATACAREJO,BELO HORIZONTE,MG,T047,V0107,-32.374534,-44.796613,Y
S01647,LOJA 1647,10000000001647,REDE 03,CONVENIENCIA,CAMPINAS,SP,T048,V0108,-28.69759,-43.367949,Y
S01648,LOJA 1648,10000000001648,REDE 04,CONVENIENCIA,PORTO ALEGRE,RS,,V0109,-23.947699,-45.40014,Y
S01649,LOJA 1649,10000000001649,REDE 05,SUPERMERCADO,CAXIAS DO SUL,RS,T050,V0110,-22.070992,-50.349555,Y
S01650,LOJA 1650,10000000001650,REDE 06,SUPERMERCADO,PORTO ALEGRE,RS,T051,V0111,-20.55789,-47.516403,Y
S01651,LOJA 1651,10000000001651,REDE 07,SUPERMERCADO,SANTOS,SP,T052,V0112,-50.196886,-20.769855,Y
S01652,LOJA 1652,10000000001652,REDE 08,CONVENIENCIA,CURITIBA,PR,T053,V0113,-31.291038,-45.801088,Y
S01653,LOJA 1653,10000000001653,REDE 09,CONVENIENCIA,RIO DE JANEIRO,RJ,T054,V0114,-22.803482,-42.44503,Y
S01654,LOJA 1654,10000000001654,REDE 10,SUPERMERCADO,UBERLANDIA,MG,T055,V0115,-30.124108,-47.691829,Y
S01655,LOJA 1655,10000000001655,REDE 11,SUPERMERCADO,RIO DE JANEIRO,RJ,T056,V0116,-23.58018,-45.887788,Y
S01656,LOJA 1656,10000000001656,REDE 12,ATACAREJO,CAMPINAS,SP,T057,V0117,-25.644863,-50.29123,Y
S01657,LOJA 1657,10000000001657,REDE 13,CONVENIENCIA,NITEROI,RJ,T058,V0118,-30.551316,-50.480494,Y
S01658,LOJA 1658,10000000001658,REDE 14,SUPERMERCADO,UBERLANDIA,MG,T059,V0119,-24.809573,-39.018887,Y
S01659,LOJA 1659,10000000001659,REDE 15,ATACAREJO,UBERLANDIA,MG,T060,V0120,-20.554498,-48.585021,Y
S01660,LOJA 1660,10000000001660,REDE 16,SUPERMERCADO,PORTO ALEGRE,RS,T061,V0121,-18.230016,-52.978595,Y
S01661,LOJA 1661,10000000001661,REDE 17,SUPERMERCADO,CAXIAS DO SUL,RS,T062,V0122,-31.261617,-50.891677,Y
S01662,LOJA 1662,10000000001662,REDE 18,SUPERMERCADO,LONDRINA,PR,T063,V0123,-24.022029,-40.546109,Y
S01663,LOJA 1663,10000000001663,REDE 19,CONVENIENCIA,LONDRINA,PR,T064,V0124,-25.90484,-53.261738,Y
S01664,LOJA 1664,10000000001664,REDE 20,ATACAREJO,PORTO ALEGRE,RS,T065,V0125,-22.084715,-46.883803,Y
S01665,LOJA 1665,10000000001665,REDE 21,SUPERMERCADO,CAXIAS DO SUL,RS,T066,V0126,-22.135173,-44.239991,Y
S01666,LOJA 1666,10000000001666,REDE 22,ATACAREJO,LONDRINA,PR,T067,V0127,-26.715352,-52.162797,Y
S01667,LOJA 1667,10000000001667,REDE 23,ATACAREJO,PORTO ALEGRE,RS,,V0128,-23.085082,-41.024133,Y
S01668,LOJA 1668,10000000001668,REDE 24,SUPERMERCADO,LONDRINA,PR,T069,V0129,-18.095556,-41.792855,Y
S01669,LOJA 1669,10000000001669,REDE 25,ATACAREJO,BELO HORIZONTE,MG,T070,V0130,-30.002871,-50.988806,Y
S01670,LOJA 1670,10000000001670,REDE 26,ATACAREJO,PORTO ALEGRE,RS,,V0131,-23.621702,-52.976662,Y
S01671,LOJA 1671,10000000001671,REDE 27,ATACAREJO,SAO PAULO,SP,T072,V0132,-19.367382,-46.804316,Y
S01672,LOJA 1672,10000000001672,REDE 28,SUPERMERCADO,CAXIAS DO SUL,RS,T073,V0133,-19.640743,-53.960967,Y
S01673,LOJA 1673,10000000001673,REDE 29,ATACAREJO,UBERLANDIA,MG,T074,V0134,-30.756646,-41.342795,Y
S01674,LOJA 1674,10000000001674,REDE 30,CONVENIENCIA,BELO HORIZONTE,MG,T075,V0135,-18.09758,-50.480122,Y
S01675,LOJA 1675,10000000001675,REDE 31,SUPERMERCADO,CURITIBA,PR,T076,V0136,-29.78159,-40.510691,Y
S01676,LOJA 1676,10000000001676,REDE 32,CONVENIENCIA,SANTOS,SP,T077,V0137,-29.055928,-47.455686,Y
S01677,LOJA 1677,10000000001677,REDE 33,ATACAREJO,LONDRINA,PR,T078,V0138,-22.528447,-45.981895,Y
S01678,LOJA 1678,10000000001678,REDE 34,CONVENIENCIA,LONDRINA,PR,T079,V0139,-23.70164,-44.124729,Y
S01679,LOJA 1679,10000000001679,REDE 35,ATACAREJO,BELO HORIZONTE,MG,T080,V0140,-30.775003,-40.89786,Y
S01680,LOJA 1680,10000000001680,REDE 01,SUPERMERCADO,UBERLANDIA,MG,T001,V0141,-26.536549,-52.939593,Y
S01681,LOJA 1681,10000000001681,REDE 02,SUPERMERCADO,NITEROI,RJ,T002,V0142,-25.144502,-42.077931,Y
S01682,LOJA 1682,10000000001682,REDE 03,SUPERMERCADO,SAO PAULO,SP,T003,V0143,-28.056786,-53.437086,Y
S01683,LOJA 1683,10000000001683,REDE 04,ATACAREJO,SANTOS,SP,T004,V0144,-21.490149,-48.007607,Y
S01684,LOJA 1684,10000000001684,REDE 05,CONVENIENCIA,CAXIAS DO SUL,RS,T005,V0145,-20.861545,-39.509137,Y
S01685,LOJA 1685,10000000001685,REDE 06,ATACAREJO,PORTO ALEGRE,RS,T006,V0146,-19.681812,-40.669527,Y
S01686,LOJA 1686,10000000001686,REDE 07,SUPERMERCADO,RIO DE JANEIRO,RJ,T007,V0147,-24.467106,-47.99133,Y
S01687,LOJA 1687,10000000001687,REDE 08,CONVENIENCIA,CAXIAS DO SUL,RS,T008,V0148,-29.597325,-47.533125,Y
S01688,LOJA 1688,10000000001688,REDE 09,SUPERMERCADO,LONDRINA,PR,T009,V0149,-21.794035,-52.485492,Y
S01689,LOJA 1689,10000000001689,REDE 10,CONVENIENCIA,CAXIAS DO SUL,RS,T010,V0150,-22.089758,-43.363922,Y
S01690,LOJA 1690,10000000001690,REDE 11,ATACAREJO,NITEROI,RJ,T011,,-20.719749,-43.233914,Y
S01691,LOJA 1691,10000000001691,REDE 12,SUPERMERCADO,CURITIBA,PR,T012,V0152,-22.968311,-43.348786,Y
S01692,LOJA 1692,10000000001692,REDE 13,ATACAREJO,RIO DE JANEIRO,RJ,T013,V0153,-18.948612,-51.251655,Y
S01693,LOJA 1693,10000000001693,REDE 14,SUPERMERCADO,PORTO ALEGRE,RS,T014,V0154,-19.298502,-53.194959,Y
S01694,LOJA 1694,10000000001694,REDE 15,CONVENIENCIA,BELO HORIZONTE,MG,T015,V0155,-32.871135,-43.517164,Y
S01695,LOJA 1695,10000000001695,REDE 16,ATACAREJO,RIO DE JANEIRO,RJ,T016,V0156,-28.361064,-46.56059,Y
S01696,LOJA 1696,10000000001696,REDE 17,SUPERMERCADO,NITEROI,RJ,T017,V0157,-27.290681,-46.781211,Y
S01697,LOJA 1697,10000000001697,REDE 18,SUPERMERCADO,LONDRINA,PR,T018,V0158,-20.105161,-43.027124,Y
S01698,LOJA 1698,10000000001698,REDE 19,SUPERMERCADO,PORTO ALEGRE,RS,T019,V0159,-23.045107,-50.180609,Y
S01699,LOJA 1699,10000000001699,REDE 20,CONVENIENCIA,SAO PAULO,SP,T020,V0160,-32.243467,-49.437156,Y
S01700,LOJA 1700,10000000001700,REDE 21,SUPERMERCADO,SAO PAULO,SP,T021,V0161,-28.432098,-40.995432,Y
S01701,LOJA 1701,10000000001701,REDE 22,CONVENIENCIA,CURITIBA,PR,T022,V0162,-29.044551,-40.66311,Y
S01702,LOJA 1702,10000000001702,REDE 23,CONVENIENCIA,NITEROI,RJ,T023,V0163,-24.761429,-50.042987,Y
S01703,LOJA 1703,10000000001703,REDE 24,CONVENIENCIA,LONDRINA,PR,,V0164,-32.064094,-40.095412,Y
S01704,LOJA 1704,10000000001704,REDE 25,SUPERMERCADO,UBERLANDIA,MG,T025,V0165,-26.505345,-48.293278,Y
S01705,LOJA 1705,10000000001705,REDE 26,SUPERMERCADO,PORTO ALEGRE,RS,T026,V0166,-29.579562,-43.266798,Y
S01706,LOJA 1706,10000000001706,REDE 27,CONVENIENCIA,CURITIBA,PR,T027,V0167,-31.878954,-46.141163,Y
S01707,LOJA 1707,10000000001707,REDE 28,SUPERMERCADO,NITEROI,RJ,T028,V0168,-23.726257,-40.276123,Y
S01708,LOJA 1708,10000000001708,REDE 29,SUPERMERCADO,CURITIBA,PR,T029,V0169,-23.573888,-46.851891,Y
S01709,LOJA 1709,10000000001709,REDE 30,CONVENIENCIA,NITEROI,RJ,T030,V0170,-28.84809,-50.879344,Y
S01710,LOJA 1710,10000000001710,REDE 31,CONVENIENCIA,NITEROI,RJ,T031,V0171,-25.765696,-51.516603,Y
S01711,LOJA 1711,10000000001711,REDE 32,CONVENIENCIA,CURITIBA,PR,T032,V0172,-19.081805,-48.407001,Y
S01712,LOJA 1712,10000000001712,REDE 33,CONVENIENCIA,CAXIAS DO SUL,RS,T033,V0173,-31.982649,-40.511849,Y
S01713,LOJA 1713,10000000001713,REDE 34,SUPERMERCADO,PORTO ALEGRE,RS,T034,V0174,-19.474492,-50.830054,Y
S01714,LOJA 1714,10000000001714,REDE 35,SUPERMERCADO,CAMPINAS,SP,T035,V0175,-25.662305,-51.69183,Y
S01715,LOJA 1715,10000000001715,REDE 01,SUPERMERCADO,CAMPINAS,SP,T036,V0176,-23.459357,-42.620181,Y
S01716,LOJA 1716,10000000001716,REDE 02,CONVENIENCIA,LONDRINA,PR,T037,V0177,-27.811297,-40.0123,Y
S01717,LOJA 1717,10000000001717,REDE 03,SUPERMERCADO,CAMPINAS,SP,T038,V0178,-31.458397,-51.896796,Y
S01718,LOJA 1718,10000000001718,REDE 04,SUPERMERCADO,NITEROI,RJ,T039,V0179,-29.755646,-40.509272,Y
S01719,LOJA 1719,10000000001719,REDE 05,CONVENIENCIA,LONDRINA,PR,T040,V0180,-26.052779,-46.396868,Y
S01720,LOJA 1720,10000000001720,REDE 06,ATACAREJO,UBERLANDIA,MG,T041,V0181,-31.749906,-47.282756,Y
S01721,LOJA 1721,10000000001721,REDE 07,SUPERMERCADO,CURITIBA,PR,T042,V0182,-20.147374,-49.856598,Y
S01722,LOJA 1722,10000000001722,REDE 08,SUPERMERCADO,LONDRINA,PR,T043,V0183,-23.445784,-50.883279,Y
S01723,LOJA 1723,10000000001723,REDE 09,SUPERMERCADO,LONDRINA,PR,T044,V0184,-24.849376,-42.993992,Y
S01724,LOJA 1724,10000000001724,REDE 10,ATACAREJO,NITEROI,RJ,T045,V0185,-32.061222,-47.119369,Y
S01725,LOJA 1725,10000000001725,REDE 11,CONVENIENCIA,CAMPINAS,SP,T046,V0186,-21.522121,-39.598065,Y
S01726,LOJA 1726,10000000001726,REDE 12,SUPERMERCADO,SAO PAULO,SP,T047,V0187,-20.373758,-52.833999,Y
S01727,LOJA 1727,10000000001727,REDE 13,ATACAREJO,CURITIBA,PR,T048,V0188,-23.972089,-48.952463,Y
S01728,LOJA 1728,10000000001728,REDE 14,ATACAREJO,NITEROI,RJ,,V0189,-30.707514,-40.134263,Y
S01729,LOJA 1729,10000000001729,REDE 15,ATACAREJO,CAXIAS DO SUL,RS,T050,V0190,-26.71836,-49.974219,Y
S01730,LOJA 1730,10000000001730,REDE 16,ATACAREJO,CURITIBA,PR,T051,V0191,-30.334577,-45.93998,Y
S01731,LOJA 1731,10000000001731,REDE 17,SUPERMERCADO,UBERLANDIA,MG,T052,V0192,-23.64672,-47.829427,Y
S01732,LOJA 1732,10000000001732,REDE 18,CONVENIENCIA,UBERLANDIA,MG,T053,V0193,-28.904317,-43.478108,Y
S01733,LOJA 1733,10000000001733,REDE 19,CONVENIENCIA,RIO DE JANEIRO,RJ,T054,V0194,-19.595088,-52.869512,Y
S01734,LOJA 1734,10.000.000/0017-34,REDE 20,SUPERMERCADO,CAXIAS DO SUL,São Paulo,T055,V0195,-19.03956,-43.959075,Y
S01735,LOJA 1735,10000000001735,REDE 21,CONVENIENCIA,SANTOS,SP,T056,V0196,-19.184937,-49.265178,Y
S01736,LOJA 1736,10000000001736,REDE 22,ATACAREJO,SAO PAULO,SP,T057,V0197,-29.91123,-49.724404,Y
S01737,LOJA 1737,10000000001737,REDE 23,SUPERMERCADO,CURITIBA,PR,T058,V0198,-19.776895,-49.807656,Y
S01738,LOJA 1738,10000000001738,REDE 24,ATACAREJO,CAMPINAS,SP,T059,V0199,-21.97989,-44.064766,Y
S01739,LOJA 1739,10000000001739,REDE 25,CONVENIENCIA,RIO DE JANEIRO,RJ,T060,V0200,-32.112874,-50.687605,Y
S01740,LOJA 1740,10.000.000/0017-40,REDE 26,SUPERMERCADO,SAO PAULO,SP,,V0201,-24.432835,-45.268947,Y
S01741,LOJA 1741,10000000001741,REDE 27,CONVENIENCIA,RIO DE JANEIRO,RJ,T062,V0202,-32.897066,-46.736848,Y
S01742,LOJA 1742,10000000001742,REDE 28,SUPERMERCADO,CAXIAS DO SUL,RS,T063,V0203,-31.930623,-41.272417,Y
S01743,LOJA 1743,10000000001743,REDE 29,CONVENIENCIA,SAO PAULO,SP,T064,V0204,-22.803898,-40.042658,Y
S01744,LOJA 1744,10000000001744,REDE 30,SUPERMERCADO,PORTO ALEGRE,RS,T065,V0205,-19.961126,-48.662607,Y
S01745,LOJA 1745,10000000001745,REDE 31,SUPERMERCADO,NITEROI,RJ,T066,V0206,-32.964105,-41.847718,Y
S01746,LOJA 1746,10000000001746,REDE 32,ATACAREJO,BELO HORIZONTE,MG,T067,V0207,-26.493222,-51.492442,Y
S01747,LOJA 1747,10000000001747,REDE 33,ATACAREJO,SANTOS,SP,T068,V0208,-31.917223,-40.397518,Y
S01748,LOJA 1748,10000000001748,REDE 34,ATACAREJO,RIO DE JANEIRO,RJ,T069,V0209,-27.542505,-49.895311,Y
S01749,LOJA 1749,10000000001749,REDE 35,CONVENIENCIA,CAXIAS DO SUL,RS,T070,V0210,-26.169603,-45.897453,Y
S01750,LOJA 1750,10000000001750,REDE 01,CONVENIENCIA,LONDRINA,PR,T071,V0211,-31.077332,-41.016975,Y
S01751,LOJA 1751,10000000001751,REDE 02,ATACAREJO,PORTO ALEGRE,RS,T072,V0212,-27.472745,-47.490385,Y
S01752,LOJA 1752,10000000001752,REDE 03,SUPERMERCADO,CURITIBA,PR,T073,V0213,-26.59714,-39.34227,Y
S01753,LOJA 1753,10000000001753,REDE 04,ATACAREJO,CAXIAS DO SUL,RS,T074,V0214,-28.959444,-42.853508,Y
S01754,LOJA 1754,10000000001754,REDE 05,SUPERMERCADO,PORTO ALEGRE,RS,T075,V0215,-23.910947,-50.883216,Y
S01755,LOJA 1755,10000000001755,REDE 06,ATACAREJO,PORTO ALEGRE,RS,T076,V0216,-18.038852,-53.914106,Y
S01756,LOJA 1756,10000000001756,REDE 07,ATACAREJO,PORTO ALEGRE,RS,T077,V0217,-23.448963,-39.542602,Y
S01757,LOJA 1757,10000000001757,REDE 08,CONVENIENCIA,CURITIBA,PR,T078,V0218,-21.378704,-48.344089,Y
S01758,LOJA 1758,10000000001758,REDE 09,ATACAREJO,CURITIBA,PR,T079,V0219,-18.932596,-39.452081,Y
S01759,LOJA 1759,10000000001759,REDE 10,ATACAREJO,SAO PAULO,SP,T080,V0220,-23.532999,-50.189897,Y
S01760,LOJA 1760,10000000001760,REDE 11,CONVENIENCIA,CURITIBA,PR,T001,V0001,-29.354379,-40.746635,Y
S01761,LOJA 1761,10000000001761,REDE 12,SUPERMERCADO,RIO DE JANEIRO,RJ,T002,V0002,-32.126882,-39.422899,Y
S01762,LOJA 1762,10000000001762,REDE 13,SUPERMERCADO,RIO DE JANEIRO,RJ,T003,V0003,-30.388145,-39.589644,Y
S01763,LOJA 1763,10000000001763,REDE 14,CONVENIENCIA,SAO PAULO,SP,T004,V0004,-29.182083,-49.056625,Y
S01764,LOJA 1764,10000000001764,REDE 15,CONVENIENCIA,UBERLANDIA,MG,T005,V0005,-18.12744,-49.061905,Y
S01765,LOJA 1765,10000000001765,REDE 16,SUPERMERCADO,CURITIBA,PR,T006,V0006,-22.052692,-48.694543,Y
S01766,LOJA 1766,10000000001766,REDE 17,SUPERMERCADO,LONDRINA,PR,T007,,-23.202672,-50.353387,Y
S01767,LOJA 1767,10000000001767,REDE 18,ATACAREJO,CAXIAS DO SUL,RS,T008,V0008,-32.51671,-53.650612,Y
S01768,LOJA 1768,10000000001768,REDE 19,CONVENIENCIA,RIO DE JANEIRO,RJ,T009,V0009,-27.233617,-52.26202,Y
S01769,LOJA 1769,10000000001769,REDE 20,SUPERMERCADO,BELO HORIZONTE,MG,T010,V0010,-28.171654,-51.277275,Y
S01770,LOJA 1770,10000000001770,REDE 21,ATACAREJO,SAO PAULO,SP,T011,V0011,-19.746669,-47.44262,Y
S01771,LOJA 1771,10000000001771,REDE 22,SUPERMERCADO,NITEROI,RJ,T012,V0012,-32.978124,-47.076003,Y
S01772,LOJA 1772,10000000001772,REDE 23,SUPERMERCADO,RIO DE JANEIRO,RJ,T013,V0013,-23.228455,-43.221555,Y
S01773,LOJA 1773,10000000001773,REDE 24,SUPERMERCADO,CAXIAS DO SUL,RS,T014,V0014,-25.470881,-49.372856,Y
S01774,LOJA 1774,10000000001774,REDE 25,ATACAREJO,LONDRINA,PR,T015,V0015,-18.248573,-47.814261,Y
S01775,LOJA 1775,10000000001775,REDE 26,ATACAREJO,UBERLANDIA,MG,T016,V0016,-21.18374,-42.362808,Y
S01776,LOJA 1776,10000000001776,REDE 27,SUPERMERCADO,PORTO ALEGRE,RS,T017,V0017,-29.342045,-45.114977,Y
S01777,LOJA 1777,10000000001777,REDE 28,CONVENIENCIA,UBERLANDIA,MG,T018,V0018,-22.086487,-39.053604,Y
S01778,LOJA 1778,10000000001778,REDE 29,ATACAREJO,PORTO ALEGRE,RS,T019,V0019,-28.920346,-46.714304,Y
S01779,LOJA 1779,10000000001779,REDE 30,ATACAREJO,CAMPINAS,SP,T020,V0020,-24.670978,-42.977177,Y
S01780,LOJA 1780,10000000001780,REDE 31,CONVENIENCIA,SAO PAULO,SP,T021,V0021,-18.368772,-53.258542,Y
S01781,LOJA 1781,10000000001781,REDE 32,CONVENIENCIA,CURITIBA,PR,T022,V0022,-26.958431,-48.280881,Y
S01782,LOJA 1782,10000000001782,REDE 33,SUPERMERCADO,CAMPINAS,SP,T023,V0023,-27.70073,-52.520192,Y
S01783,LOJA 1783,10000000001783,REDE 34,ATACAREJO,SANTOS,SP,T024,V0024,-30.337639,-39.370814,Y
S01784,LOJA 1784,10000000001784,REDE 35,CONVENIENCIA,PORTO ALEGRE,RS,T025,V0025,-22.652894,-47.603315,Y
S01785,LOJA 1785,10000000001785,REDE 01,CONVENIENCIA,BELO HORIZONTE,MG,T026,V0026,-21.067916,-51.225374,Y
S01786,LOJA 1786,10000000001786,REDE 02,CONVENIENCIA,BELO HORIZONTE,MG,T027,V0027,-32.566577,-40.4443,Y
S01787,LOJA 1787,10000000001787,REDE 03,CONVENIENCIA,PORTO ALEGRE,RS,T028,V0028,-32.326435,-39.480175,Y
S01788,LOJA 1788,10000000001788,REDE 04,ATACAREJO,SAO PAULO,SP,T029,V0029,-22.409813,-48.259258,Y
S01789,LOJA 1789,10000000001789,REDE 05,SUPERMERCADO,UBERLANDIA,MG,T030,V0030,-30.291748,-39.788999,Y
S01790,LOJA 1790,10000000001790,REDE 06,SUPERMERCADO,LONDRINA,PR,T031,V0031,-28.159892,-44.889373,Y
S01791,LOJA 1791,10000000001791,REDE 07,ATACAREJO,SAO PAULO,SP,T032,V0032,-29.916108,-45.406081,Y
S01792,LOJA 1792,10000000001792,REDE 08,ATACAREJO,SAO PAULO,SP,T033,V0033,-30.517098,-39.3772,Y
S01793,LOJA 1793,10000000001793,REDE 09,SUPERMERCADO,PORTO ALEGRE,RS,T034,V0034,-31.734606,-53.722056,Y
S01794,LOJA 1794,10000000001794,REDE 10,SUPERMERCADO,RIO DE JANEIRO,RJ,T035,V0035,-27.376625,-39.375076,Y
S01795,LOJA 1795,10000000001795,REDE 11,CONVENIENCIA,SANTOS,SP,T036,V0036,-19.659757,-44.591052,Y
S01796,LOJA 1796,10000000001796,REDE 12,ATACAREJO,CAMPINAS,SP,T037,V0037,-26.002288,-41.583119,Y
S01797,LOJA 1797,10000000001797,REDE 13,ATACAREJO,LONDRINA,PR,T038,V0038,-20.898519,-47.673662,Y
S01798,LOJA 1798,10000000001798,REDE 14,ATACAREJO,CAXIAS DO SUL,RS,T039,V0039,-31.097032,-53.642122,Y
S01799,LOJA 1799,10000000001799,REDE 15,CONVENIENCIA,PORTO ALEGRE,RS,T040,V0040,-24.434376,-49.345189,Y
S01800,LOJA 1800,10000000001800,REDE 16,CONVENIENCIA,SAO PAULO,SP,T041,V0041,-19.23553,-49.659758,Y
S01801,LOJA 1801,10000000001801,REDE 17,ATACAREJO,RIO DE JANEIRO,RJ,T042,V0042,-22.751642,-47.749953,Y
S01802,LOJA 1802,10000000001802,REDE 18,CONVENIENCIA,RIO DE JANEIRO,RJ,,V0043,-18.844852,-42.412173,Y
S01803,LOJA 1803,10000000001803,REDE 19,ATACAREJO,SANTOS,SP,T044,V0044,-24.590991,-41.225486,Y
S01804,LOJA 1804,10000000001804,REDE 20,SUPERMERCADO,PORTO ALEGRE,RS,T045,V0045,-24.771299,-50.517622,Y
S01805,LOJA 1805,10000000001805,REDE 21,SUPERMERCADO,SAO PAULO,SP,T046,V0046,-28.644482,-40.210346,Y
S01806,LOJA 1806,10000000001806,REDE 22,ATACAREJO,BELO HORIZONTE,MG,T047,V0047,-19.803109,-51.454069,Y
S01807,LOJA 1807,10000000001807,REDE 23,SUPERMERCADO,LONDRINA,PR,T048,V0048,-25.806294,-44.75496,Y
S01808,LOJA 1808,10000000001808,REDE 24,ATACAREJO,BELO HORIZONTE,MG,T049,V0049,-32.602023,-41.42414,Y
S01809,LOJA 1809,10000000001809,REDE 25,ATACAREJO,SANTOS,SP,T050,V0050,-29.532091,-50.171429,Y
S01810,LOJA 1810,10000000001810,REDE 26,ATACAREJO,CAMPINAS,SP,T051,V0051,-18.689621,-49.309852,Y
S01811,LOJA 1811,10000000001811,REDE 27,SUPERMERCADO,RIO DE JANEIRO,RJ,T052,V0052,-26.795054,-51.734104,Y
S01812,LOJA 1812,10000000001812,REDE 28,SUPERMERCADO,NITEROI,RJ,T053,V0053,-28.36279,-45.21086,Y
S01813,LOJA 1813,10000000001813,REDE 29,SUPERMERCADO,CURITIBA,PR,T054,V0054,-28.236159,-52.471544,Y
S01814,LOJA 1814,10000000001814,REDE 30,SUPERMERCADO,NITEROI,RJ,T055,V0055,-28.408553,-43.463929,Y
S01815,LOJA 1815,10000000001815,REDE 31,SUPERMERCADO,PORTO ALEGRE,RS,T056,V0056,-25.769784,-48.418663,Y
S01816,LOJA 1816,10000000001816,REDE 32,ATACAREJO,CAXIAS DO SUL,RS,T057,V0057,-28.405114,-40.524888,Y
S01817,LOJA 1817,10000000001817,REDE 33,SUPERMERCADO,SANTOS,SP,T058,V0058,-20.367296,-50.282353,Y
S01818,LOJA 1818,10000000001818,REDE 34,SUPERMERCADO,CURITIBA,PR,T059,V0059,-29.315593,-53.667122,Y
S01819,LOJA 1819,10000000001819,REDE 35,CONVENIENCIA,CURITIBA,PR,T060,,-25.984776,-51.36015,Y
S01820,LOJA 1820,10000000001820,REDE 01,CONVENIENCIA,RIO DE JANEIRO,RJ,T061,V0061,-32.888956,-39.435941,Y
S01821,LOJA 1821,10000000001821,REDE 02,CONVENIENCIA,CAMPINAS,SP,T062,V0062,-22.718442,-53.018238,Y
S01822,LOJA 1822,10000000001822,REDE 03,CONVENIENCIA,SAO PAULO,SP,T063,V0063,-27.881812,-51.575701,Y
S01823,LOJA 1823,10000000001823,REDE 04,ATACAREJO,SAO PAULO,SP,T064,V0064,-21.824428,-47.196275,Y
S01824,LOJA 1824,10000000001824,REDE 05,CONVENIENCIA,CAMPINAS,XX,T065,V0065,-21.361155,-39.340334,Y
S01825,LOJA 1825,10000000001825,REDE 06,ATACAREJO,CURITIBA,PR,T066,V0066,-27.094995,-51.138088,Y
S01826,LOJA 1826,10000000001826,REDE 07,CONVENIENCIA,SAO PAULO,SP,T067,V0067,-27.2146,-41.654762,Y
S01827,LOJA 1827,10000000001827,REDE 08,CONVENIENCIA,UBERLANDIA,MG,T068,V0068,-22.89863,-51.168304,Y
S01828,LOJA 1828,10000000001828,REDE 09,SUPERMERCADO,RIO DE JANEIRO,RJ,T069,V0069,-27.865197,-51.963274,Y
S01829,LOJA 1829,10000000001829,REDE 10,CONVENIENCIA,LONDRINA,PR,T070,V0070,-19.896379,-41.96333,Y
S01830,LOJA 1830,10000000001830,REDE 11,SUPERMERCADO,CAXIAS DO SUL,RS,T071,V0071,-23.559002,-52.900903,Y
S01831,LOJA 1831,10000000001831,REDE 12,SUPERMERCADO,SANTOS,SP,T072,V0072,-25.120266,-48.511444,Y
S01832,LOJA 1832,10000000001832,REDE 13,ATACAREJO,LONDRINA,PR,T073,V0073,-27.684536,-45.711945,Y
S01833,LOJA 1833,10000000001833,REDE 14,SUPERMERCADO,UBERLANDIA,MG,T074,V0074,-23.484713,-51.315855,Y
S01834,LOJA 1834,10000000001834,REDE 15,SUPERMERCADO,RIO DE JANEIRO,RJ,,V0075,-20.886152,-50.481966,Y
S01835,LOJA 1835,10000000001835,REDE 16,SUPERMERCADO,CURITIBA,PR,T076,V0076,-30.656531,-42.866798,Y
S01836,LOJA 1836,10000000001836,REDE 17,ATACAREJO,RIO DE JANEIRO,RJ,T077,V0077,-26.046073,-40.955169,Y
S01837,LOJA 1837,10000000001837,REDE 18,SUPERMERCADO,PORTO ALEGRE,RS,T078,V0078,-23.248008,-46.486444,Y
S01838,LOJA 1838,10000000001838,REDE 19,CONVENIENCIA,SAO PAULO,SP,T079,V0079,-30.852278,-52.729677,Y
S01839,LOJA 1839,10000000001839,REDE 20,SUPERMERCADO,RIO DE JANEIRO,RJ,T080,V0080,-30.316418,-45.393512,Y
S01840,LOJA 1840,10000000001840,REDE 21,ATACAREJO,CAXIAS DO SUL,RS,T001,V0081,-18.45738,-39.756358,Y
S01841,LOJA 1841,10000000001841,REDE 22,SUPERMERCADO,PORTO ALEGRE,RS,T002,V0082,-26.505288,-48.491475,Y
S01842,LOJA 1842,10000000001842,REDE 23,CONVENIENCIA,RIO DE JANEIRO,RJ,T003,V0083,-22.079934,-52.021486,Y
S01843,LOJA 1843,10000000001843,REDE 24,ATACAREJO,CURITIBA,PR,T004,V0084,-29.458028,-41.469638,Y
S01844,LOJA 1844,10000000001844,REDE 25,CONVENIENCIA,BELO HORIZONTE,MG,T005,V0085,-32.578053,-44.94712,Y
S01845,LOJA 1845,10000000001845,REDE 26,ATACAREJO,UBERLANDIA,MG,T006,V0086,-26.440689,-45.255613,Y
S01846,LOJA 1846,10000000001846,REDE 27,SUPERMERCADO,CAXIAS DO SUL,RS,T007,V0087,-20.538824,-48.616664,Y
S01847,LOJA 1847,10000000001847,REDE 28,SUPERMERCADO,SAO PAULO,XX,T008,,-18.372562,-39.937278,Y
S01848,LOJA 1848,10000000001848,REDE 29,ATACAREJO,NITEROI,RJ,T009,V0089,-20.888309,-50.311149,Y
S01849,LOJA 1849,10000000001849,REDE 30,SUPERMERCADO,PORTO ALEGRE,RS,T010,V0090,-27.384834,-50.373578,Y
S01850,LOJA 1850,10000000001850,REDE 31,ATACAREJO,CAMPINAS,SP,T011,V0091,-21.83876,-51.766577,Y
S01851,LOJA 1851,10000000001851,REDE 32,CONVENIENCIA,SANTOS,SP,T012,V0092,-31.421768,-41.107664,Y
S01852,LOJA 1852,10000000001852,REDE 33,CONVENIENCIA,PORTO ALEGRE,RS,T013,V0093,-26.700711,-53.879728,Y
S01853,LOJA 1853,10000000001853,REDE 34,SUPERMERCADO,SANTOS,SP,T014,V0094,-26.533824,-48.908136,Y
S01854,LOJA 1854,10000000001854,REDE 35,CONVENIENCIA,CURITIBA,PR,T015,V0095,-23.583142,-47.44824,Y
S01855,LOJA 1855,10000000001855,REDE 01,SUPERMERCADO,CAXIAS DO SUL,RS,,V0096,-29.923427,-49.898702,Y
S01856,LOJA 1856,10000000001856,REDE 02,SUPERMERCADO,NITEROI,RJ,T017,V0097,-28.784217,-39.544814,Y
S01857,LOJA 1857,10000000001857,REDE 03,SUPERMERCADO,SAO PAULO,SP,T018,V0098,-30.979092,-48.860953,Y
S01858,LOJA 1858,10000000001858,REDE 04,ATACAREJO,SANTOS,SP,T019,V0099,-30.270735,-53.521637,Y
S01859,LOJA 1859,10000000001859,REDE 05,SUPERMERCADO,SAO PAULO,SP,T020,V0100,-26.346947,-39.067126,Y
S01860,LOJA 1860,10000000001860,REDE 06,ATACAREJO,CAXIAS DO SUL,RS,T021,V0101,-30.297765,-43.248838,Y
S01861,LOJA 1861,10000000001861,REDE 07,CONVENIENCIA,BELO HORIZONTE,MG,T022,V0102,-30.576504,-53.562142,Y
S01862,LOJA 1862,10000000001862,REDE 08,ATACAREJO,LONDRINA,PR,T023,V0103,-20.623697,-52.383672,Y
S01863,LOJA 1863,10000000001863,REDE 09,SUPERMERCADO,SANTOS,SP,T024,V0104,-24.375779,-43.165204,Y
S01864,LOJA 1864,10000000001864,REDE 10,CONVENIENCIA,RIO DE JANEIRO,RJ,T025,V0105,-24.990902,-44.183111,Y
S01865,LOJA 1865,10000000001865,REDE 11,ATACAREJO,PORTO ALEGRE,RS,T026,V0106,-32.163555,-44.998592,Y
S01866,LOJA 1866,10000000001866,REDE 12,ATACAREJO,NITEROI,RJ,T027,V0107,-25.955139,-50.266076,Y
S01867,LOJA 1867,10000000001867,REDE 13,ATACAREJO,BELO HORIZONTE,MG,T028,V0108,-25.390142,-47.428538,Y
S01868,LOJA 1868,10000000001868,REDE 14,SUPERMERCADO,LONDRINA,PR,T029,V0109,-28.154905,-40.770582,Y
S01869,LOJA 1869,10000000001869,REDE 15,CONVENIENCIA,SANTOS,SP,T030,V0110,-23.443924,-45.860612,Y
S01870,LOJA 1870,10000000001870,REDE 16,SUPERMERCADO,SAO PAULO,SP,T031,V0111,-30.003672,-42.152985,Y
S01871,LOJA 1871,10000000001871,REDE 17,ATACAREJO,CURITIBA,PR,T032,V0112,-20.332674,-39.971997,Y
S01872,LOJA 1872,10000000001872,REDE 18,SUPERMERCADO,SAO PAULO,SP,T033,V0113,-20.803836,-51.638051,Y
S01873,LOJA 1873,10000000001873,REDE 19,SUPERMERCADO,SAO PAULO,SP,T034,V0114,-32.963392,-51.481123,Y
S01874,LOJA 1874,10000000001874,REDE 20,ATACAREJO,RIO DE JANEIRO,RJ,T035,V0115,-26.116504,-40.140439,Y
S01875,LOJA 1875,10000000001875,REDE 21,ATACAREJO,BELO HORIZONTE,MG,T036,V0116,-31.933738,-51.524839,Y
S01876,LOJA 1876,10000000001876,REDE 22,SUPERMERCADO,UBERLANDIA,MG,T037,V0117,-20.783139,-40.318113,Y
S01877,LOJA 1877,10000000001877,REDE 23,ATACAREJO,NITEROI,RJ,T038,,-21.5316,-39.903475,Y
S01878,LOJA 1878,10000000001878,REDE 24,ATACAREJO,SAO PAULO,SP,T039,V0119,-24.527097,-41.01421,Y
S01879,LOJA 1879,10000000001879,REDE 25,CONVENIENCIA,UBERLANDIA,MG,T040,V0120,-26.060832,-39.607471,Y
S01880,LOJA 1880,10000000001880,REDE 26,SUPERMERCADO,PORTO ALEGRE,RS,T041,V0121,-24.857876,-47.80101,Y
S01881,LOJA 1881,10000000001881,REDE 27,ATACAREJO,CAXIAS DO SUL,RS,T042,V0122,-22.792093,-45.93613,Y
S01882,LOJA 1882,10000000001882,REDE 28,ATACAREJO,SAO PAULO,SP,T043,V0123,-20.007551,-47.164309,Y
S01883,LOJA 1883,10000000001883,REDE 29,CONVENIENCIA,SAO PAULO,SP,T044,V0124,-26.731745,-44.685317,Y
S01884,LOJA 1884,10000000001884,REDE 30,SUPERMERCADO,CURITIBA,PR,T045,V0125,-21.755922,-41.091179,Y
S01885,LOJA 1885,10000000001885,REDE 31,ATACAREJO,LONDRINA,PR,T046,V0126,-22.831094,-43.075402,Y
S01886,LOJA 1886,10000000001886,REDE 32,ATACAREJO,UBERLANDIA,MG,T047,V0127,-26.707493,-48.283846,Y
S01887,LOJA 1887,10000000001887,REDE 33,SUPERMERCADO,BELO HORIZONTE,MG,T048,V0128,-18.83085,-41.534989,Y
S01888,LOJA 1888,10000000001888,REDE 34,CONVENIENCIA,CURITIBA,PR,T049,V0129,-22.649117,-41.053573,Y
S01889,LOJA 1889,10000000001889,REDE 35,SUPERMERCADO,CAXIAS DO SUL,RS,T050,V0130,-21.496213,-45.136601,Y
S01890,LOJA 1890,10000000001890,REDE 01,ATACAREJO,BELO HORIZONTE,MG,T051,V0131,-26.976392,-50.341183,Y
S01891,LOJA 1891,10000000001891,REDE 02,CONVENIENCIA,UBERLANDIA,MG,T052,V0132,-23.377196,-46.550692,Y
S01892,LOJA 1892,10000000001892,REDE 03,CONVENIENCIA,LONDRINA,PR,T053,V0133,-25.251215,-53.581516,Y
S01893,LOJA 1893,10000000001893,REDE 04,SUPERMERCADO,LONDRINA,PR,T054,V0134,-31.642493,-39.665889,Y
S01894,LOJA 1894,10000000001894,REDE 05,ATACAREJO,SANTOS,SP,T055,V0135,-27.235676,-39.214339,Y
S01895,LOJA 1895,10000000001895,REDE 06,ATACAREJO,NITEROI,RJ,T056,V0136,-32.557968,-45.057691,Y
S01896,LOJA 1896,10000000001896,REDE 07,CONVENIENCIA,LONDRINA,PR,T057,V0137,-27.154469,-46.727953,Y
S01897,LOJA 1897,10000000001897,REDE 08,SUPERMERCADO,CURITIBA,PR,T058,V0138,-22.75392,-49.4712,Y
S01898,LOJA 1898,10000000001898,REDE 09,ATACAREJO,LONDRINA,PR,T059,V0139,-19.674993,-41.378348,Y
S01899,LOJA 1899,10000000001899,REDE 10,CONVENIENCIA,LONDRINA,PR,T060,V0140,-24.010778,-44.951129,Y
S01900,LOJA 1900,10000000001900,REDE 11,CONVENIENCIA,PORTO ALEGRE,RS,T061,V0141,-22.887254,-52.499373,Y
S01901,LOJA 1901,10000000001901,REDE 12,CONVENIENCIA,BELO HORIZONTE,MG,T062,V0142,-18.390009,-45.680166,Y
S01902,LOJA 1902,10000000001902,REDE 13,CONVENIENCIA,NITEROI,RJ,T063,,-21.937833,-43.122768,Y
S01903,LOJA 1903,10000000001903,REDE 14,SUPERMERCADO,SANTOS,SP,T064,V0144,-23.999163,-42.896042,Y
S01904,LOJA 1904,10000000001904,REDE 15,CONVENIENCIA,SANTOS,SP,T065,V0145,-20.040933,-49.319761,Y
S01905,LOJA 1905,10000000001905,REDE 16,ATACAREJO,PORTO ALEGRE,RS,T066,V0146,-30.676517,-45.577063,Y
S01906,LOJA 1906,10000000001906,REDE 17,SUPERMERCADO,LONDRINA,PR,,V0147,-23.030188,-53.253259,Y
S01907,LOJA 1907,10000000001907,REDE 18,ATACAREJO,CAMPINAS,SP,T068,V0148,-20.256317,-48.049166,Y
S01908,LOJA 1908,10000000001908,REDE 19,CONVENIENCIA,RIO DE JANEIRO,RJ,T069,V0149,-24.75901,-40.837397,Y
S01909,LOJA 1909,10000000001909,REDE 20,CONVENIENCIA,CAXIAS DO SUL,RS,T070,V0150,-30.434445,-52.365408,Y
S01910,LOJA 1910,10000000001910,REDE 21,CONVENIENCIA,SAO PAULO,SP,T071,V0151,-32.537559,-48.421061,Y
S01911,LOJA 1911,10000000001911,REDE 22,ATACAREJO,BELO HORIZONTE,MG,T072,V0152,-18.315537,-50.931807,Y
S01912,LOJA 1912,10000000001912,REDE 23,ATACAREJO,UBERLANDIA,MG,T073,V0153,-29.419584,-40.380407,Y
S01913,LOJA 1913,10000000001913,REDE 24,CONVENIENCIA,CAXIAS DO SUL,RS,T074,V0154,-21.305228,-52.153103,Y
S01914,LOJA 1914,10000000001914,REDE 25,CONVENIENCIA,PORTO ALEGRE,RS,T075,V0155,-20.559968,-45.60521,Y
S01915,LOJA 1915,10000000001915,REDE 26,ATACAREJO,RIO DE JANEIRO,RJ,T076,V0156,-30.086579,-50.780041,Y
S01916,LOJA 1916,10000000001916,REDE 27,ATACAREJO,SAO PAULO,SP,T077,V0157,-23.450996,-51.649167,Y
S01917,LOJA 1917,10000000001917,REDE 28,SUPERMERCADO,RIO DE JANEIRO,RJ,T078,V0158,-23.548277,-49.088502,Y
S01918,LOJA 1918,10000000001918,REDE 29,ATACAREJO,RIO DE JANEIRO,RJ,T079,V0159,-19.321476,-45.716131,Y
S01919,LOJA 1919,10000000001919,REDE 30,ATACAREJO,SANTOS,SP,T080,V0160,-28.710931,-40.181102,Y
S01920,LOJA 1920,10000000001920,REDE 31,CONVENIENCIA,PORTO ALEGRE,RS,T001,,-31.787722,-52.374573,Y
S01921,LOJA 1921,10000000001921,REDE 32,ATACAREJO,PORTO ALEGRE,RS,T002,V0162,-25.848301,-45.215875,Y
S01922,LOJA 1922,10000000001922,REDE 33,CONVENIENCIA,CURITIBA,PR,T003,V0163,-19.879452,-46.37083,Y
S01923,LOJA 1923,10000000001923,REDE 34,SUPERMERCADO,SANTOS,SP,T004,V0164,-30.339705,-48.069074,Y
S01924,LOJA 1924,10000000001924,REDE 35,CONVENIENCIA,LONDRINA,PR,T005,V0165,-21.971677,-43.229661,Y
S01925,LOJA 1925,10000000001925,REDE 01,ATACAREJO,PORTO ALEGRE,RS,T006,V0166,-25.571649,-48.75657,Y
S01926,LOJA 1926,10000000001926,REDE 02,CONVENIENCIA,NITEROI,RJ,T007,V0167,-31.381836,-47.648527,Y
S01927,LOJA 1927,10000000001927,REDE 03,ATACAREJO,CAMPINAS,SP,T008,V0168,-22.301251,-41.954357,Y
S01928,LOJA 1928,10000000001928,REDE 04,SUPERMERCADO,PORTO ALEGRE,RS,T009,V0169,-19.949476,-51.255439,Y
S01929,LOJA 1929,10000000001929,REDE 05,SUPERMERCADO,UBERLANDIA,MG,T010,V0170,-29.480527,-39.307135,Y
S01930,LOJA 1930,10000000001930,REDE 06,CONVENIENCIA,BELO HORIZONTE,MG,T011,V0171,-21.720327,-48.997529,Y
S01931,LOJA 1931,10000000001931,REDE 07,SUPERMERCADO,CAMPINAS,SP,T012,V0172,-25.915576,-48.760622,Y
S01932,LOJA 1932,10000000001932,REDE 08,CONVENIENCIA,CURITIBA,PR,T013,V0173,-30.688069,-53.034084,Y
S01933,LOJA 1933,10000000001933,REDE 09,SUPERMERCADO,CURITIBA,PR,T014,V0174,-25.125112,-51.480625,Y
S01934,LOJA 1934,10000000001934,REDE 10,CONVENIENCIA,CAXIAS DO SUL,RS,T015,V0175,-23.985948,-49.948083,Y
S01935,LOJA 1935,10000000001935,REDE 11,CONVENIENCIA,CAXIAS DO SUL,RS,T016,V0176,-32.586989,-41.735187,Y
S01936,LOJA 1936,10000000001936,REDE 12,SUPERMERCADO,NITEROI,RJ,T017,V0177,-22.35861,-45.205369,Y
S01937,LOJA 1937,10000000001937,REDE 13,CONVENIENCIA,BELO HORIZONTE,MG,T018,V0178,-25.451278,-52.504556,Y
S01938,LOJA 1938,10000000001938,REDE 14,SUPERMERCADO,SANTOS,SP,T019,V0179,-22.936702,-39.044802,Y
S01939,LOJA 1939,10000000001939,REDE 15,SUPERMERCADO,CAXIAS DO SUL,RS,T020,V0180,-20.417683,-53.126927,Y
S01940,LOJA 1940,10000000001940,REDE 16,CONVENIENCIA,SAO PAULO,SP,T021,V0181,-21.311718,-51.922374,Y
S01941,LOJA 1941,10000000001941,REDE 17,ATACAREJO,NITEROI,RJ,T022,V0182,-21.323046,-52.524703,Y
S01942,LOJA 1942,10000000001942,REDE 18,SUPERMERCADO,BELO HORIZONTE,MG,T023,V0183,-28.433286,-41.95618,Y
S01943,LOJA 1943,10000000001943,REDE 19,ATACAREJO,RIO DE JANEIRO,RJ,T024,V0184,-23.360541,-48.324444,Y
S01944,LOJA 1944,10000000001944,REDE 20,SUPERMERCADO,UBERLANDIA,MG,T025,V0185,-19.602511,-41.004732,Y
S01945,LOJA 1945,10000000001945,REDE 21,CONVENIENCIA,PORTO ALEGRE,RS,T026,V0186,-28.856699,-53.732811,Y
S01946,LOJA 1946,10000000001946,REDE 22,CONVENIENCIA,CAXIAS DO SUL,,T027,V0187,-28.497864,-46.832802,Y
S01947,LOJA 1947,10000000001947,REDE 23,SUPERMERCADO,UBERLANDIA,MG,T028,V0188,-32.345384,-44.292117,Y
S01948,LOJA 1948,10000000001948,REDE 24,ATACAREJO,LONDRINA,PR,T029,V0189,-29.110132,-42.859269,Y
S01949,LOJA 1949,10000000001949,REDE 25,ATACAREJO,RIO DE JANEIRO,RJ,T030,V0190,-32.139365,-39.327327,Y
S01950,LOJA 1950,10000000001950,REDE 26,ATACAREJO,PORTO ALEGRE,RS,T031,V0191,-32.720975,-48.338421,Y
S01951,LOJA 1951,10000000001951,REDE 27,ATACAREJO,NITEROI,RJ,T032,V0192,-22.414148,-46.969709,Y
S01952,LOJA 1952,10000000001952,REDE 28,CONVENIENCIA,SAO PAULO,SP,T033,V0193,-31.366446,-48.791397,Y
S01953,LOJA 1953,10000000001953,REDE 29,CONVENIENCIA,CURITIBA,PR,T034,V0194,-19.782438,-39.030993,Y
S01954,LOJA 1954,10000000001954,REDE 30,ATACAREJO,CAMPINAS,SP,T035,V0195,-31.858392,-41.529078,Y
S01955,LOJA 1955,10000000001955,REDE 31,SUPERMERCADO,PORTO ALEGRE,RS,T036,V0196,-22.058555,-51.843655,Y
S01956,LOJA 1956,10000000001956,REDE 32,SUPERMERCADO,SANTOS,SP,T037,V0197,-27.597483,-50.533403,Y
S01957,LOJA 1957,10000000001957,REDE 33,ATACAREJO,LONDRINA,PR,T038,V0198,-19.709663,-46.225399,Y
S01958,LOJA 1958,10000000001958,REDE 34,CONVENIENCIA,BELO HORIZONTE,MG,T039,V0199,-31.085676,-47.847448,Y
S01959,LOJA 1959,10000000001959,REDE 35,CONVENIENCIA,NITEROI,RJ,T040,V0200,-30.063168,-48.282663,Y
S01960,LOJA 1960,10000000001960,REDE 01,CONVENIENCIA,SANTOS,SP,T041,V0201,-29.551961,-42.055687,Y
S01961,LOJA 1961,10000000001961,REDE 02,ATACAREJO,BELO HORIZONTE,MG,T042,V0202,-27.86976,-40.140812,Y
S01962,LOJA 1962,10000000001962,REDE 03,ATACAREJO,PORTO ALEGRE,RS,,V0203,-22.282757,-50.565737,Y
S01963,LOJA 1963,10000000001963,REDE 04,CONVENIENCIA,BELO HORIZONTE,MG,T044,V0204,-25.520138,-44.874012,Y
S01964,LOJA 1964,10000000001964,REDE 05,ATACAREJO,RIO DE JANEIRO,RJ,T045,V0205,-28.143323,-51.15454,Y
S01965,LOJA 1965,10000000001965,REDE 06,SUPERMERCADO,LONDRINA,PR,T046,V0206,-25.578632,-49.427532,Y
S01966,LOJA 1966,10000000001966,REDE 07,SUPERMERCADO,LONDRINA,PR,T047,V0207,-27.041174,-42.347242,Y
S01967,LOJA 1967,10000000001967,REDE 08,SUPERMERCADO,PORTO ALEGRE,RS,T048,V0208,-31.241802,-46.130215,Y
S01968,LOJA 1968,10000000001968,REDE 09,SUPERMERCADO,LONDRINA,PR,,V0209,-31.633517,-44.79592,Y
S01969,LOJA 1969,10000000001969,REDE 10,CONVENIENCIA,UBERLANDIA,MG,T050,V0210,-22.919346,-43.883898,Y
S01970,LOJA 1970,10000000001970,REDE 11,SUPERMERCADO,BELO HORIZONTE,MG,T051,V0211,-29.261129,-48.596861,Y
S01971,LOJA 1971,10000000001971,REDE 12,SUPERMERCADO,LONDRINA,PR,T052,V0212,-18.215106,-49.168407,Y
S01972,LOJA 1972,10000000001972,REDE 13,ATACAREJO,CAMPINAS,SP,T053,V0213,-26.755396,-53.701841,Y
S01973,LOJA 1973,10000000001973,REDE 14,CONVENIENCIA,SANTOS,SP,T054,V0214,-21.763673,-43.887168,Y
S01974,LOJA 1974,10000000001974,REDE 15,CONVENIENCIA,UBERLANDIA,MG,T055,V0215,-23.484117,-46.674546,Y
S01975,LOJA 1975,10000000001975,REDE 16,SUPERMERCADO,LONDRINA,PR,T056,V0216,-27.125978,-50.066975,Y
S01976,LOJA 1976,10000000001976,REDE 17,ATACAREJO,LONDRINA,PR,T057,V0217,-22.212668,-44.939323,Y
S01977,LOJA 1977,10000000001977,REDE 18,CONVENIENCIA,UBERLANDIA,MG,T058,V0218,-31.121368,-53.080674,Y
S01978,LOJA 1978,10000000001978,REDE 19,SUPERMERCADO,NITEROI,RJ,T059,,-29.622753,-50.331173,Y
S01979,LOJA 1979,10000000001979,REDE 20,ATACAREJO,LONDRINA,PR,T060,V0220,-19.940458,-43.187356,Y
S01980,LOJA 1980,10000000001980,REDE 21,CONVENIENCIA,LONDRINA,PR,T061,V0001,-21.301247,-45.475235,Y
S01981,LOJA 1981,10000000001981,REDE 22,SUPERMERCADO,PORTO ALEGRE,RS,T062,V0002,-32.058398,-46.140008,Y
S01982,LOJA 1982,10000000001982,REDE 23,SUPERMERCADO,PORTO ALEGRE,RS,T063,V0003,-27.571431,-40.183775,Y
S01983,LOJA 1983,10000000001983,REDE 24,ATACAREJO,UBERLANDIA,MG,T064,V0004,-18.135908,-40.599456,Y
S01984,LOJA 1984,10000000001984,REDE 25,ATACAREJO,BELO HORIZONTE,MG,T065,V0005,-30.089086,-44.237876,Y
S01985,LOJA 1985,10000000001985,REDE 26,CONVENIENCIA,CURITIBA,PR,T066,V0006,-22.083948,-52.294417,Y
S01986,LOJA 1986,10000000001986,REDE 27,CONVENIENCIA,UBERLANDIA,MG,T067,V0007,-20.177465,-48.117315,Y
S01987,LOJA 1987,10000000001987,REDE 28,ATACAREJO,LONDRINA,PR,T068,V0008,-30.349441,-51.694933,Y
S01988,LOJA 1988,10000000001988,REDE 29,ATACAREJO,PORTO ALEGRE,RS,T069,V0009,-30.663313,-50.565404,Y
S01989,LOJA 1989,10000000001989,REDE 30,ATACAREJO,LONDRINA,PR,T070,V0010,-24.809737,-50.162599,Y
S01990,LOJA 1990,10000000001990,REDE 31,CONVENIENCIA,SAO PAULO,SP,T071,V0011,-21.217845,-46.750354,Y
S01991,LOJA 1991,10000000001991,REDE 32,SUPERMERCADO,BELO HORIZONTE,MG,T072,V0012,-20.341048,-47.728685,Y
S01992,LOJA 1992,10000000001992,REDE 33,CONVENIENCIA,BELO HORIZONTE,MG,T073,V0013,-31.370228,-43.498521,Y
S01993,LOJA 1993,10000000001993,REDE 34,ATACAREJO,LONDRINA,PR,T074,V0014,-22.102806,-44.148124,Y
S01994,LOJA 1994,10000000001994,REDE 35,ATACAREJO,NITEROI,RJ,T075,V0015,-22.044228,-52.345352,Y
S01995,LOJA 1995,10000000001995,REDE 01,CONVENIENCIA,SAO PAULO,SP,T076,V0016,-20.302066,-40.632529,Y
S01996,LOJA 1996,10000000001996,REDE 02,ATACAREJO,NITEROI,RJ,T077,V0017,-19.413557,-45.487582,Y
S01997,LOJA 1997,10000000001997,REDE 03,SUPERMERCADO,RIO DE JANEIRO,RJ,T078,V0018,-19.350767,-44.863114,Y
S01998,LOJA 1998,10000000001998,REDE 04,ATACAREJO,BELO HORIZONTE,MG,T079,V0019,-25.11542,-43.883726,Y
S01999,LOJA 1999,10000000001999,REDE 05,ATACAREJO,SANTOS,SP,T080,V0020,-28.907029,-50.953975,Y
S02000,LOJA 2000,10000000002000,REDE 06,ATACAREJO,PORTO ALEGRE,RS,T001,V0021,-25.584525,-45.028667,Y
S02001,LOJA 2001,10000000002001,REDE 07,ATACAREJO,RIO DE JANEIRO,RJ,T002,V0022,-31.132296,-42.815608,Y
S02002,LOJA 2002,10000000002002,REDE 08,ATACAREJO,LONDRINA,PR,T003,V0023,-22.430288,-43.552545,Y
S02003,LOJA 2003,10000000002003,REDE 09,CONVENIENCIA,SANTOS,SP,T004,V0024,-28.731446,-50.529714,Y
S02004,LOJA 2004,10000000002004,REDE 10,SUPERMERCADO,BELO HORIZONTE,MG,T005,V0025,-19.529194,-46.952428,Y
S02005,LOJA 2005,10000000002005,REDE 11,SUPERMERCADO,SANTOS,SP,T006,V0026,-26.511444,-39.487599,Y
S02006,LOJA 2006,10000000002006,REDE 12,SUPERMERCADO,CAMPINAS,SP,T007,V0027,-25.2798,-45.575163,Y
S02007,LOJA 2007,10000000002007,REDE 13,SUPERMERCADO,SANTOS,SP,T008,V0028,-30.038053,-44.008067,Y
S02008,LOJA 2008,10000000002008,REDE 14,CONVENIENCIA,PORTO ALEGRE,RS,T009,V0029,-29.733954,-42.380732,Y
S02009,LOJA 2009,10000000002009,REDE 15,CONVENIENCIA,CAXIAS DO SUL,RS,T010,V0030,-18.967501,-45.827483,Y
S02010,LOJA 2010,10000000002010,REDE 16,SUPERMERCADO,CAMPINAS,SP,T011,V0031,-23.089656,-52.194731,Y
S02011,LOJA 2011,10000000002011,REDE 17,CONVENIENCIA,CAMPINAS,SP,T012,V0032,-30.120852,-50.232726,Y
S02012,LOJA 2012,10000000002012,REDE 18,SUPERMERCADO,NITEROI,RJ,T013,V0033,-20.703602,-42.804592,Y
S02013,LOJA 2013,10000000002013,REDE 19,CONVENIENCIA,SANTOS,SP,,V0034,-32.348397,-50.826732,Y
S02014,LOJA 2014,10000000002014,REDE 20,SUPERMERCADO,UBERLANDIA,MG,T015,,-31.965836,-39.347532,Y
S02015,LOJA 2015,10000000002015,REDE 21,ATACAREJO,NITEROI,RJ,T016,V0036,-22.318124,-43.622201,Y
S02016,LOJA 2016,10000000002016,REDE 22,SUPERMERCADO,RIO DE JANEIRO,RJ,T017,V0037,-20.447145,-44.343588,Y
S02017,LOJA 2017,10000000002017,REDE 23,CONVENIENCIA,SAO PAULO,SP,T018,V0038,-20.096338,-44.355248,Y
S02018,LOJA 2018,10000000002018,REDE 24,CONVENIENCIA,LONDRINA,PR,T019,V0039,-24.46515,-41.581702,Y
S02019,LOJA 2019,10000000002019,REDE 25,ATACAREJO,UBERLANDIA,MG,T020,V0040,-21.975697,-45.443518,Y
S02020,LOJA 2020,10000000002020,REDE 26,ATACAREJO,CAMPINAS,,T021,V0041,-20.440255,-44.178087,Y
S02021,LOJA 2021,10000000002021,REDE 27,CONVENIENCIA,CAMPINAS,SP,T022,V0042,-25.078506,-50.158453,Y
S02022,LOJA 2022,10000000002022,REDE 28,ATACAREJO,RIO DE JANEIRO,RJ,T023,V0043,-21.226076,-52.099758,Y
S02023,LOJA 2023,10000000002023,REDE 29,ATACAREJO,SAO PAULO,SP,,V0044,-19.742392,-53.379116,Y
S02024,LOJA 2024,10000000002024,REDE 30,ATACAREJO,NITEROI,RJ,T025,V0045,-31.937747,-49.512265,Y
S02025,LOJA 2025,10000000002025,REDE 31,SUPERMERCADO,SANTOS,SP,T026,V0046,-32.023597,-48.576665,Y
S02026,LOJA 2026,10000000002026,REDE 32,ATACAREJO,BELO HORIZONTE,MG,T027,V0047,-20.046061,-53.130844,Y
S02027,LOJA 2027,10000000002027,REDE 33,SUPERMERCADO,CAXIAS DO SUL,RS,T028,,-30.438983,-43.754162,Y
S02028,LOJA 2028,10000000002028,REDE 34,SUPERMERCADO,SAO PAULO,SP,T029,V0049,-32.915947,-39.477824,Y
S02029,LOJA 2029,10000000002029,REDE 35,ATACAREJO,PORTO ALEGRE,RS,T030,V0050,-18.455174,-41.499819,Y
S02030,LOJA 2030,10000000002030,REDE 01,CONVENIENCIA,SAO PAULO,SP,T031,V0051,-26.433094,-44.945648,Y
S02031,LOJA 2031,10000000002031,REDE 02,ATACAREJO,CURITIBA,PR,T032,V0052,-32.890328,-39.060081,Y
S02032,LOJA 2032,10000000002032,REDE 03,ATACAREJO,PORTO ALEGRE,RS,T033,V0053,-22.479935,-47.947238,Y
S02033,LOJA 2033,10000000002033,REDE 04,CONVENIENCIA,PORTO ALEGRE,RS,T034,V0054,-27.163364,-52.43136,Y
S02034,LOJA 2034,10000000002034,REDE 05,ATACAREJO,LONDRINA,PR,T035,V0055,-28.563102,-50.075854,Y
S02035,LOJA 2035,10000000002035,REDE 06,ATACAREJO,NITEROI,RJ,T036,V0056,-20.987185,-53.744129,Y
S02036,LOJA 2036,10000000002036,REDE 07,CONVENIENCIA,LONDRINA,PR,T037,V0057,-31.745592,-47.208837,Y
S02037,LOJA 2037,10000000002037,REDE 08,CONVENIENCIA,NITEROI,RJ,T038,V0058,-23.29344,-48.130547,Y
S02038,LOJA 2038,10000000002038,REDE 09,CONVENIENCIA,BELO HORIZONTE,MG,T039,V0059,-27.535538,-46.333817,Y
S02039,LOJA 2039,10000000002039,REDE 10,SUPERMERCADO,RIO DE JANEIRO,RJ,T040,V0060,-20.986671,-53.967546,Y
S02040,LOJA 2040,10000000002040,REDE 11,ATACAREJO,CURITIBA,PR,T041,V0061,-24.707564,-46.172521,Y
S02041,LOJA 2041,10000000002041,REDE 12,CONVENIENCIA,NITEROI,RJ,T042,V0062,-18.358426,-39.843831,Y
S02042,LOJA 2042,10000000002042,REDE 13,ATACAREJO,LONDRINA,PR,T043,V0063,-26.082743,-41.52371,Y
S02043,LOJA 2043,10000000002043,REDE 14,ATACAREJO,SANTOS,SP,T044,V0064,-27.588783,-43.567166,Y
S02044,LOJA 2044,10000000002044,REDE 15,ATACAREJO,LONDRINA,PR,T045,V0065,-31.159213,-47.254685,Y
S02045,LOJA 2045,10000000002045,REDE 16,SUPERMERCADO,PORTO ALEGRE,RS,T046,V0066,-28.51535,-53.509275,Y
S02046,LOJA 2046,10000000002046,REDE 17,ATACAREJO,RIO DE JANEIRO,RJ,T047,V0067,-24.545904,-47.422456,Y
S02047,LOJA 2047,10000000002047,REDE 18,ATACAREJO,RIO DE JANEIRO,RJ,T048,V0068,-21.455037,-43.528661,Y
S02048,LOJA 2048,10000000002048,REDE 19,SUPERMERCADO,CAXIAS DO SUL,RS,T049,V0069,-21.386825,-44.694023,Y
S02049,LOJA 2049,10000000002049,REDE 20,SUPERMERCADO,UBERLANDIA,MG,T050,V0070,-27.631806,-50.071828,Y
S02050,LOJA 2050,10000000002050,REDE 21,ATACAREJO,BELO HORIZONTE,MG,T051,V0071,-20.212713,-49.715174,Y
S02051,LOJA 2051,10000000002051,REDE 22,CONVENIENCIA,UBERLANDIA,MG,T052,V0072,-27.473368,-52.74502,Y
S02052,LOJA 2052,10000000002052,REDE 23,CONVENIENCIA,BELO HORIZONTE,MG,T053,,-27.987858,-51.132124,Y
S02053,LOJA 2053,10000000002053,REDE 24,CONVENIENCIA,LONDRINA,PR,T054,V0074,-27.169155,-51.92357,Y
S02054,LOJA 2054,10000000002054,REDE 25,ATACAREJO,RIO DE JANEIRO,RJ,T055,V0075,-25.333557,-47.360895,Y
S02055,LOJA 2055,10000000002055,REDE 26,SUPERMERCADO,NITEROI,RJ,T056,V0076,-29.433114,-44.813211,Y
S02056,LOJA 2056,10000000002056,REDE 27,CONVENIENCIA,NITEROI,RJ,T057,V0077,-23.886581,-52.398625,Y
S02057,LOJA 2057,10000000002057,REDE 28,ATACAREJO,LONDRINA,PR,T058,V0078,-29.356207,-45.679774,Y
S02058,LOJA 2058,10000000002058,REDE 29,SUPERMERCADO,SAO PAULO,SP,T059,V0079,-22.981696,-50.690003,Y
S02059,LOJA 2059,10000000002059,REDE 30,ATACAREJO,BELO HORIZONTE,MG,T060,V0080,-42.814641,-32.535409,Y
S02060,LOJA 2060,10000000002060,REDE 31,SUPERMERCADO,LONDRINA,PR,T061,V0081,-24.075511,-49.970846,Y
S02061,LOJA 2061,10000000002061,REDE 32,ATACAREJO,UBERLANDIA,MG,T062,V0082,-27.166451,-39.022946,Y
S02062,LOJA 2062,10000000002062,REDE 33,CONVENIENCIA,BELO HORIZONTE,MG,T063,,-26.957767,-39.972608,Y
S02063,LOJA 2063,10000000002063,REDE 34,CONVENIENCIA,CAMPINAS,SP,T064,V0084,-30.862345,-48.524811,Y
S02064,LOJA 2064,10000000002064,REDE 35,SUPERMERCADO,CAXIAS DO SUL,RS,T065,V0085,-24.064036,-45.990707,Y
S02065,LOJA 2065,10000000002065,REDE 01,SUPERMERCADO,CURITIBA,PR,T066,V0086,-25.624125,-43.317396,Y
S02066,LOJA 2066,10000000002066,REDE 02,CONVENIENCIA,CURITIBA,PR,T067,V0087,-19.268061,-49.332123,Y
S02067,LOJA 2067,10000000002067,REDE 03,SUPERMERCADO,CURITIBA,PR,T068,V0088,-29.594905,-47.420006,Y
S02068,LOJA 2068,10000000002068,REDE 04,ATACAREJO,NITEROI,RJ,T069,V0089,-22.850942,-42.257699,Y
S02069,LOJA 2069,10000000002069,REDE 05,ATACAREJO,CURITIBA,PR,T070,V0090,-23.920365,-45.106844,Y
S02070,LOJA 2070,10000000002070,REDE 06,SUPERMERCADO,BELO HORIZONTE,MG,T071,V0091,-32.766657,-41.385359,Y
S02071,LOJA 2071,10.000.000/0020-71,REDE 07,CONVENIENCIA,BELO HORIZONTE,MG,T072,V0092,-18.36781,-52.014507,Y
S02072,LOJA 2072,10000000002072,REDE 08,CONVENIENCIA,PORTO ALEGRE,RS,T073,V0093,-22.351323,-52.574897,Y
S02073,LOJA 2073,10000000002073,REDE 09,CONVENIENCIA,CAXIAS DO SUL,RS,T074,V0094,-21.065787,-50.957621,Y
S02074,LOJA 2074,10000000002074,REDE 10,CONVENIENCIA,UBERLANDIA,MG,,V0095,-32.913912,-42.73361,Y
S02075,LOJA 2075,10000000002075,REDE 11,CONVENIENCIA,BELO HORIZONTE,MG,T076,V0096,-25.911544,-40.691164,Y
S02076,LOJA 2076,10000000002076,REDE 12,CONVENIENCIA,RIO DE JANEIRO,RJ,T077,V0097,-21.374633,-51.024921,Y
S02077,LOJA 2077,10000000002077,REDE 13,ATACAREJO,UBERLANDIA,MG,T078,V0098,-32.107301,-51.824095,Y
S02078,LOJA 2078,10000000002078,REDE 14,SUPERMERCADO,PORTO ALEGRE,,T079,V0099,-21.511502,-43.596083,Y
S02079,LOJA 2079,10000000002079,REDE 15,SUPERMERCADO,CAXIAS DO SUL,RS,T080,V0100,-25.187749,-39.877416,Y
S02080,LOJA 2080,10000000002080,REDE 16,ATACAREJO,CURITIBA,PR,T001,V0101,-25.403259,-41.274059,Y
S02081,LOJA 2081,10000000002081,REDE 17,SUPERMERCADO,SAO PAULO,,T002,V0102,-24.950438,-52.916103,Y
S02082,LOJA 2082,10000000002082,REDE 18,SUPERMERCADO,BELO HORIZONTE,MG,T003,V0103,-31.457528,-39.611577,Y
S02083,LOJA 2083,10000000002083,REDE 19,ATACAREJO,SANTOS,SP,T004,V0104,-29.750148,-51.155677,Y
S02084,LOJA 2084,10000000002084,REDE 20,CONVENIENCIA,LONDRINA,PR,T005,V0105,-21.687385,-49.17704,Y
S02085,LOJA 2085,10000000002085,REDE 21,SUPERMERCADO,PORTO ALEGRE,RS,T006,V0106,-20.565295,-47.542686,Y
S02086,LOJA 2086,10000000002086,REDE 22,ATACAREJO,RIO DE JANEIRO,RJ,T007,V0107,-19.33917,-50.923698,Y
S02087,LOJA 2087,10000000002087,REDE 23,CONVENIENCIA,CURITIBA,PR,T008,V0108,-21.712152,-40.571163,Y
S02088,LOJA 2088,10000000002088,REDE 24,CONVENIENCIA,PORTO ALEGRE,RS,T009,V0109,-31.138958,-50.678629,Y
S02089,LOJA 2089,10000000002089,REDE 25,CONVENIENCIA,CURITIBA,PR,T010,V0110,-24.830931,-48.442945,Y
S02090,LOJA 2090,10000000002090,REDE 26,CONVENIENCIA,BELO HORIZONTE,MG,T011,V0111,-29.975378,-49.899321,Y
S02091,LOJA 2091,10000000002091,REDE 27,CONVENIENCIA,CURITIBA,PR,T012,V0112,-30.565027,-43.711322,Y
S02092,LOJA 2092,10000000002092,REDE 28,SUPERMERCADO,BELO HORIZONTE,MG,T013,V0113,-18.856594,-45.774775,Y
S02093,LOJA 2093,10000000002093,REDE 29,ATACAREJO,CAMPINAS,SP,T014,V0114,-20.513059,-52.112066,Y
S02094,LOJA 2094,10000000002094,REDE 30,ATACAREJO,UBERLANDIA,MG,T015,V0115,-22.451929,-39.956319,Y
S02095,LOJA 2095,10000000002095,REDE 31,ATACAREJO,CAXIAS DO SUL,RS,T016,V0116,-30.392079,-52.861842,Y
S02096,LOJA 2096,10000000002096,REDE 32,SUPERMERCADO,CAXIAS DO SUL,RS,T017,V0117,-23.151119,-42.382468,Y
S02097,LOJA 2097,10000000002097,REDE 33,ATACAREJO,LONDRINA,PR,T018,V0118,-30.159764,-50.411117,Y
S02098,LOJA 2098,10.000.000/0020-98,REDE 34,ATACAREJO,LONDRINA,PR,T019,V0119,-21.431983,-41.233944,Y
S02099,LOJA 2099,10000000002099,REDE 35,CONVENIENCIA,CURITIBA,PR,T020,V0120,-19.808698,-52.977105,Y
S02100,LOJA 2100,10000000002100,REDE 01,SUPERMERCADO,BELO HORIZONTE,MG,T021,V0121,-20.11305,-52.458745,Y
S02101,LOJA 2101,10000000002101,REDE 02,ATACAREJO,NITEROI,RJ,T022,V0122,-26.485816,-46.341336,Y
S02102,LOJA 2102,10000000002102,REDE 03,ATACAREJO,PORTO ALEGRE,RS,T023,V0123,-27.091513,-42.972266,Y
S02103,LOJA 2103,10000000002103,REDE 04,SUPERMERCADO,CAXIAS DO SUL,RS,T024,V0124,-22.0489,-49.378859,Y
S02104,LOJA 2104,10000000002104,REDE 05,CONVENIENCIA,UBERLANDIA,MG,T025,V0125,-29.392925,-47.632131,Y
S02105,LOJA 2105,10000000002105,REDE 06,ATACAREJO,LONDRINA,PR,T026,V0126,-21.038791,-45.999748,Y
S02106,LOJA 2106,10000000002106,REDE 07,CONVENIENCIA,NITEROI,RJ,T027,V0127,-43.888217,-20.974436,Y
S02107,LOJA 2107,10000000002107,REDE 08,CONVENIENCIA,CAMPINAS,SP,T028,V0128,-27.502115,-41.01965,Y
S02108,LOJA 2108,10000000002108,REDE 09,ATACAREJO,NITEROI,RJ,,V0129,-31.177205,-47.311343,Y
S02109,LOJA 2109,10000000002109,REDE 10,ATACAREJO,RIO DE JANEIRO,RJ,T030,V0130,-26.002244,-45.380329,Y
S02110,LOJA 2110,10000000002110,REDE 11,SUPERMERCADO,CAMPINAS,SP,T031,V0131,-29.114535,-50.128856,Y
S02111,LOJA 2111,10.000.000/0021-11,REDE 12,ATACAREJO,PORTO ALEGRE,RS,T032,V0132,-31.315289,-49.342677,Y
S02112,LOJA 2112,10000000002112,REDE 13,ATACAREJO,CURITIBA,PR,T033,V0133,-30.729026,-40.968265,Y
S02113,LOJA 2113,10000000002113,REDE 14,SUPERMERCADO,PORTO ALEGRE,RS,T034,V0134,-26.685086,-53.373328,Y
S02114,LOJA 2114,10.000.000/0021-14,REDE 15,SUPERMERCADO,CURITIBA,PR,T035,V0135,-18.61951,-40.344872,Y
S02115,LOJA 2115,10000000002115,REDE 16,CONVENIENCIA,LONDRINA,PR,T036,V0136,-30.835618,-44.948685,Y
S02116,LOJA 2116,10000000002116,REDE 17,ATACAREJO,CAXIAS DO SUL,RS,T037,V0137,-28.855384,-42.03832,Y
S02117,LOJA 2117,10000000002117,REDE 18,SUPERMERCADO,CURITIBA,PR,T038,V0138,-29.82882,-48.330046,Y
S02118,LOJA 2118,10000000002118,REDE 19,ATACAREJO,CAMPINAS,SP,T039,V0139,-22.254224,-48.479376,Y
S02119,LOJA 2119,10000000002119,REDE 20,SUPERMERCADO,RIO DE JANEIRO,RJ,T040,V0140,-30.149499,-40.452625,Y
S02120,LOJA 2120,10000000002120,REDE 21,SUPERMERCADO,NITEROI,RJ,T041,V0141,-32.182116,-51.97826,Y
S02121,LOJA 2121,10000000002121,REDE 22,CONVENIENCIA,UBERLANDIA,MG,T042,V0142,-21.010607,-47.303173,Y
S02122,LOJA 2122,10000000002122,REDE 23,ATACAREJO,PORTO ALEGRE,RS,T043,V0143,-28.211061,-45.867396,Y
S02123,LOJA 2123,10000000002123,REDE 24,SUPERMERCADO,LONDRINA,PR,T044,V0144,-19.948489,-40.031812,Y
S02124,LOJA 2124,10000000002124,REDE 25,CONVENIENCIA,UBERLANDIA,MG,T045,V0145,-22.034516,-45.349316,Y
S02125,LOJA 2125,10000000002125,REDE 26,SUPERMERCADO,BELO HORIZONTE,MG,T046,V0146,-22.933414,-43.606855,Y
S02126,LOJA 2126,10000000002126,REDE 27,ATACAREJO,NITEROI,RJ,T047,V0147,-22.346883,-50.499985,Y
S02127,LOJA 2127,10000000002127,REDE 28,CONVENIENCIA,PORTO ALEGRE,RS,T048,V0148,-21.315501,-48.305888,Y
S02128,LOJA 2128,10000000002128,REDE 29,ATACAREJO,CURITIBA,PR,T049,V0149,-18.588925,-51.60848,Y
S02129,LOJA 2129,10000000002129,REDE 30,SUPERMERCADO,CAXIAS DO SUL,RS,T050,V0150,-24.668775,-46.687575,Y
S02130,LOJA 2130,10000000002130,REDE 31,CONVENIENCIA,CAMPINAS,SP,T051,V0151,-25.853161,-45.880091,Y
S02131,LOJA 2131,10000000002131,REDE 32,ATACAREJO,CURITIBA,PR,T052,V0152,-24.374643,-42.691746,Y
S02132,LOJA 2132,10000000002132,REDE 33,SUPERMERCADO,BELO HORIZONTE,MG,T053,V0153,-26.295487,-47.060694,Y
S02133,LOJA 2133,10000000002133,REDE 34,CONVENIENCIA,CAXIAS DO SUL,RS,T054,V0154,-31.72837,-53.695487,Y
S02134,LOJA 2134,10000000002134,REDE 35,SUPERMERCADO,SANTOS,SP,T055,V0155,-29.674561,-50.656327,Y
S02135,LOJA 2135,10000000002135,REDE 01,SUPERMERCADO,LONDRINA,PR,T056,V0156,-28.720526,-40.413542,Y
S02136,LOJA 2136,10000000002136,REDE 02,ATACAREJO,SAO PAULO,SP,T057,V0157,-23.076678,-43.662287,Y
S02137,LOJA 2137,10000000002137,REDE 03,ATACAREJO,CURITIBA,PR,T058,V0158,-18.528433,-40.44869,Y
S02138,LOJA 2138,10000000002138,REDE 04,SUPERMERCADO,UBERLANDIA,MG,T059,V0159,-21.429527,-47.940221,Y
S02139,LOJA 2139,10000000002139,REDE 05,ATACAREJO,UBERLANDIA,MG,T060,V0160,-23.041358,-40.371243,Y
S02140,LOJA 2140,10000000002140,REDE 06,CONVENIENCIA,SANTOS,SP,T061,V0161,-29.594513,-50.160846,Y
S02141,LOJA 2141,10000000002141,REDE 07,SUPERMERCADO,NITEROI,RJ,T062,V0162,-28.736351,-53.958613,Y
S02142,LOJA 2142,10000000002142,REDE 08,SUPERMERCADO,UBERLANDIA,MG,T063,V0163,-26.178941,-53.109045,Y
S02143,LOJA 2143,10000000002143,REDE 09,CONVENIENCIA,SANTOS,SP,T064,,-28.605482,-43.633321,Y
S02144,LOJA 2144,10000000002144,REDE 10,SUPERMERCADO,LONDRINA,PR,T065,V0165,-25.210311,-53.203348,Y
S02145,LOJA 2145,10000000002145,REDE 11,CONVENIENCIA,CAXIAS DO SUL,RS,T066,V0166,-24.798187,-47.461254,Y
S02146,LOJA 2146,10000000002146,REDE 12,CONVENIENCIA,UBERLANDIA,MG,T067,V0167,-31.141218,-53.765338,Y
S02147,LOJA 2147,10000000002147,REDE 13,SUPERMERCADO,RIO DE JANEIRO,RJ,T068,V0168,-30.67515,-52.538563,Y
S02148,LOJA 2148,10000000002148,REDE 14,CONVENIENCIA,PORTO ALEGRE,RS,T069,V0169,-27.99529,-53.3724,Y
S02149,LOJA 2149,10000000002149,REDE 15,ATACAREJO,BELO HORIZONTE,MG,T070,V0170,-32.094807,-48.625136,Y
S02150,LOJA 2150,10000000002150,REDE 16,CONVENIENCIA,CAMPINAS,SP,T071,V0171,-24.236588,-43.930493,Y
S02151,LOJA 2151,10000000002151,REDE 17,SUPERMERCADO,SANTOS,SP,T072,V0172,-18.599385,-41.44294,Y
S02152,LOJA 2152,10000000002152,REDE 18,ATACAREJO,CAMPINAS,SP,T073,V0173,-22.638167,-52.401774,Y
S02153,LOJA 2153,10000000002153,REDE 19,ATACAREJO,SAO PAULO,SP,T074,V0174,-21.035939,-40.756899,Y
S02154,LOJA 2154,10000000002154,REDE 20,CONVENIENCIA,PORTO ALEGRE,RS,T075,V0175,-25.318005,-45.49314,Y
S02155,LOJA 2155,10000000002155,REDE 21,ATACAREJO,RIO DE JANEIRO,RJ,T076,V0176,-20.617829,-49.58891,Y
S02156,LOJA 2156,10000000002156,REDE 22,CONVENIENCIA,RIO DE JANEIRO,RJ,T077,V0177,-28.832059,-47.916577,Y
S02157,LOJA 2157,10000000002157,REDE 23,ATACAREJO,NITEROI,RJ,T078,V0178,-20.291176,-49.356107,Y
S02158,LOJA 2158,10000000002158,REDE 24,CONVENIENCIA,NITEROI,RJ,T079,V0179,-19.065111,-45.847726,Y
S02159,LOJA 2159,10000000002159,REDE 25,SUPERMERCADO,BELO HORIZONTE,MG,,V0180,-24.298762,-52.780745,Y
S02160,LOJA 2160,10000000002160,REDE 26,SUPERMERCADO,LONDRINA,PR,T001,V0181,-31.619649,-50.720752,Y
S02161,LOJA 2161,10000000002161,REDE 27,CONVENIENCIA,NITEROI,XX,T002,V0182,-31.827742,-42.418882,Y
S02162,LOJA 2162,10000000002162,REDE 28,ATACAREJO,LONDRINA,PR,T003,V0183,-29.229644,-41.309498,Y
S02163,LOJA 2163,10000000002163,REDE 29,SUPERMERCADO,UBERLANDIA,MG,T004,V0184,-30.470475,-49.655383,Y
S02164,LOJA 2164,10000000002164,REDE 30,ATACAREJO,BELO HORIZONTE,MG,T005,V0185,-29.335154,-39.882892,Y
S02165,LOJA 2165,10000000002165,REDE 31,CONVENIENCIA,LONDRINA,PR,T006,V0186,-32.441774,-43.317175,Y
S02166,LOJA 2166,10000000002166,REDE 32,SUPERMERCADO,SANTOS,SP,T007,V0187,-21.407369,-46.788807,Y
S02167,LOJA 2167,10000000002167,REDE 33,SUPERMERCADO,BELO HORIZONTE,MG,T008,V0188,-24.82124,-41.827782,Y
S02168,LOJA 2168,10000000002168,REDE 34,CONVENIENCIA,RIO DE JANEIRO,RJ,T009,V0189,-30.952851,-50.171132,Y
S02169,LOJA 2169,10000000002169,REDE 35,SUPERMERCADO,UBERLANDIA,MG,T010,V0190,-21.227373,-50.995166,Y
S02170,LOJA 2170,10000000002170,REDE 01,ATACAREJO,BELO HORIZONTE,MG,T011,V0191,-30.114442,-44.015204,Y
S02171,LOJA 2171,10000000002171,REDE 02,SUPERMERCADO,CAXIAS DO SUL,RS,T012,V0192,-22.738007,-40.817948,Y
S02172,LOJA 2172,10000000002172,REDE 03,SUPERMERCADO,SAO PAULO,SP,T013,V0193,-24.696758,-50.60992,Y
S02173,LOJA 2173,10000000002173,REDE 04,ATACAREJO,UBERLANDIA,MG,T014,V0194,-29.89297,-47.91581,Y
S02174,LOJA 2174,10000000002174,REDE 05,CONVENIENCIA,LONDRINA,PR,T015,V0195,-31.907587,-50.036494,Y
S02175,LOJA 2175,10000000002175,REDE 06,CONVENIENCIA,PORTO ALEGRE,RS,T016,V0196,-29.564071,-45.592256,Y
S02176,LOJA 2176,10000000002176,REDE 07,SUPERMERCADO,NITEROI,RJ,T017,V0197,-18.567244,-39.416959,Y
S02177,LOJA 2177,10000000002177,REDE 08,SUPERMERCADO,CAXIAS DO SUL,RS,,V0198,-32.488828,-42.976299,Y
S02178,LOJA 2178,10000000002178,REDE 09,ATACAREJO,CURITIBA,PR,T019,V0199,-23.422359,-45.455027,Y
S02179,LOJA 2179,10000000002179,REDE 10,ATACAREJO,CURITIBA,PR,T020,V0200,-18.358763,-45.007073,Y
S02180,LOJA 2180,10000000002180,REDE 11,SUPERMERCADO,LONDRINA,PR,T021,V0201,-21.261203,-44.591799,Y
S02181,LOJA 2181,10000000002181,REDE 12,CONVENIENCIA,NITEROI,RJ,T022,V0202,-29.566403,-40.435444,Y
S02182,LOJA 2182,10000000002182,REDE 13,CONVENIENCIA,CURITIBA,PR,T023,V0203,-18.860761,-41.649009,Y
S02183,LOJA 2183,10000000002183,REDE 14,SUPERMERCADO,RIO DE JANEIRO,RJ,T024,V0204,-18.203507,-52.683554,Y
S02184,LOJA 2184,10000000002184,REDE 15,CONVENIENCIA,BELO HORIZONTE,MG,T025,V0205,-31.519141,-50.330518,Y
S02185,LOJA 2185,10000000002185,REDE 16,SUPERMERCADO,BELO HORIZONTE,MG,T026,V0206,-30.306128,-52.611777,Y
S02186,LOJA 2186,10000000002186,REDE 17,SUPERMERCADO,CAXIAS DO SUL,RS,T027,V0207,-18.684615,-40.350418,Y
S02187,LOJA 2187,10000000002187,REDE 18,ATACAREJO,UBERLANDIA,MG,T028,V0208,-23.714745,-42.567141,Y
S02188,LOJA 2188,10000000002188,REDE 19,CONVENIENCIA,CURITIBA,PR,T029,V0209,-28.266414,-48.920357,Y
S02189,LOJA 2189,10000000002189,REDE 20,SUPERMERCADO,LONDRINA,PR,T030,V0210,-24.16128,-44.029009,Y
S02190,LOJA 2190,10000000002190,REDE 21,SUPERMERCADO,PORTO ALEGRE,RS,T031,V0211,-23.957717,-53.703841,Y
S02191,LOJA 2191,10000000002191,REDE 22,SUPERMERCADO,LONDRINA,PR,T032,V0212,-30.680659,-51.805394,Y
S02192,LOJA 2192,10000000002192,REDE 23,ATACAREJO,NITEROI,RJ,T033,V0213,-24.982593,-52.829442,Y
S02193,LOJA 2193,10000000002193,REDE 24,CONVENIENCIA,SAO PAULO,São Paulo,T034,V0214,-24.092093,-43.099535,Y
S02194,LOJA 2194,10000000002194,REDE 25,SUPERMERCADO,BELO HORIZONTE,MG,T035,V0215,-19.33646,-39.203416,Y
S02195,LOJA 2195,10000000002195,REDE 26,ATACAREJO,CAMPINAS,SP,T036,V0216,-31.585694,-53.888255,Y
S02196,LOJA 2196,10000000002196,REDE 27,ATACAREJO,RIO DE JANEIRO,RJ,T037,V0217,-19.387403,-42.959,Y
S02197,LOJA 2197,10000000002197,REDE 28,ATACAREJO,RIO DE JANEIRO,RJ,T038,V0218,-26.099734,-53.959047,Y
S02198,LOJA 2198,10000000002198,REDE 29,ATACAREJO,BELO HORIZONTE,MG,T039,V0219,-21.834438,-47.556406,Y
S02199,LOJA 2199,10000000002199,REDE 30,CONVENIENCIA,LONDRINA,PR,T040,V0220,-19.361075,-52.193184,Y
S02200,LOJA 2200,10000000002200,REDE 31,ATACAREJO,LONDRINA,PR,T041,V0001,-22.736578,-43.356618,Y
S02201,LOJA 2201,10000000002201,REDE 32,SUPERMERCADO,RIO DE JANEIRO,RJ,T042,V0002,-20.951405,-49.531693,Y
S02202,LOJA 2202,10000000002202,REDE 33,SUPERMERCADO,NITEROI,RJ,T043,V0003,-21.576313,-45.640894,Y
S02203,LOJA 2203,10000000002203,REDE 34,SUPERMERCADO,NITEROI,RJ,T044,V0004,-30.269325,-51.093931,Y
S02204,LOJA 2204,10000000002204,REDE 35,CONVENIENCIA,CAXIAS DO SUL,RS,T045,V0005,-32.881389,-41.649936,Y
S02205,LOJA 2205,10000000002205,REDE 01,CONVENIENCIA,CAMPINAS,SP,T046,V0006,-30.400208,-42.935531,Y
S02206,LOJA 2206,10000000002206,REDE 02,ATACAREJO,CURITIBA,PR,T047,V0007,-18.422378,-41.344136,Y
S02207,LOJA 2207,10000000002207,REDE 03,ATACAREJO,LONDRINA,PR,T048,V0008,-26.631525,-53.346387,Y
S02208,LOJA 2208,10000000002208,REDE 04,CONVENIENCIA,SAO PAULO,SP,T049,V0009,-22.043794,-50.959211,Y
S02209,LOJA 2209,10.000.000/0022-09,REDE 05,SUPERMERCADO,NITEROI,RJ,T050,V0010,-29.761494,-40.302032,Y
S02210,LOJA 2210,10000000002210,REDE 06,CONVENIENCIA,LONDRINA,PR,T051,V0011,-31.428051,-44.342748,Y
S02211,LOJA 2211,10000000002211,REDE 07,ATACAREJO,RIO DE JANEIRO,RJ,T052,V0012,-25.066265,-40.135477,Y
S02212,LOJA 2212,10000000002212,REDE 08,SUPERMERCADO,NITEROI,RJ,T053,V0013,-29.807576,-52.328355,Y
S02213,LOJA 2213,10000000002213,REDE 09,SUPERMERCADO,LONDRINA,PR,T054,V0014,-19.399649,-47.563543,Y
S02214,LOJA 2214,10000000002214,REDE 10,SUPERMERCADO,RIO DE JANEIRO,RJ,T055,V0015,-19.14726,-51.213326,Y
S02215,LOJA 2215,10000000002215,REDE 11,CONVENIENCIA,SANTOS,SP,T056,V0016,-25.533362,-50.201319,Y
S02216,LOJA 2216,10000000002216,REDE 12,CONVENIENCIA,UBERLANDIA,MG,T057,V0017,-18.355505,-48.463871,Y
S02217,LOJA 2217,10000000002217,REDE 13,ATACAREJO,CAXIAS DO SUL,RS,T058,V0018,-18.094796,-39.74362,Y
S02218,LOJA 2218,10000000002218,REDE 14,SUPERMERCADO,CAXIAS DO SUL,RS,T059,V0019,-29.051723,-47.464863,Y
S02219,LOJA 2219,10000000002219,REDE 15,ATACAREJO,BELO HORIZONTE,MG,T060,V0020,-26.715639,-39.37957,Y
S02220,LOJA 2220,10000000002220,REDE 16,ATACAREJO,BELO HORIZONTE,MG,T061,V0021,-32.894594,-43.212642,Y
S02221,LOJA 2221,10000000002221,REDE 17,CONVENIENCIA,UBERLANDIA,MG,T062,V0022,-20.083187,-39.830673,Y
S02222,LOJA 2222,10000000002222,REDE 18,SUPERMERCADO,CAXIAS DO SUL,RS,T063,V0023,-20.926228,-45.403808,Y
S02223,LOJA 2223,10000000002223,REDE 19,SUPERMERCADO,PORTO ALEGRE,RS,T064,V0024,-25.871736,-44.209242,Y
S02224,LOJA 2224,10000000002224,REDE 20,ATACAREJO,RIO DE JANEIRO,RJ,T065,V0025,-24.008186,-40.391318,Y
S02225,LOJA 2225,10000000002225,REDE 21,ATACAREJO,PORTO ALEGRE,RS,T066,V0026,-24.754791,-41.690829,Y
S02226,LOJA 2226,10000000002226,REDE 22,SUPERMERCADO,CAMPINAS,SP,T067,V0027,-23.913864,-45.834422,Y
S02227,LOJA 2227,10000000002227,REDE 23,CONVENIENCIA,CURITIBA,PR,T068,V0028,-20.299566,-47.563025,Y
S02228,LOJA 2228,10000000002228,REDE 24,ATACAREJO,CAMPINAS,SP,T069,V0029,-22.181257,-39.976393,Y
S02229,LOJA 2229,10000000002229,REDE 25,SUPERMERCADO,BELO HORIZONTE,MG,T070,V0030,-27.411394,-40.66965,Y
S02230,LOJA 2230,10000000002230,REDE 26,CONVENIENCIA,CAXIAS DO SUL,RS,T071,V0031,-24.143887,-44.603987,Y
S02231,LOJA 2231,10000000002231,REDE 27,CONVENIENCIA,CAMPINAS,SP,T072,V0032,-20.61942,-41.243126,Y
S02232,LOJA 2232,10000000002232,REDE 28,ATACAREJO,RIO DE JANEIRO,RJ,T073,V0033,-20.60879,-39.695929,Y
S02233,LOJA 2233,10000000002233,REDE 29,CONVENIENCIA,UBERLANDIA,MG,T074,,-26.0891,-47.320542,Y
S02234,LOJA 2234,10000000002234,REDE 30,ATACAREJO,CAMPINAS,SP,T075,V0035,-26.221073,-51.696262,Y
S02235,LOJA 2235,10000000002235,REDE 31,SUPERMERCADO,CAMPINAS,SP,T076,V0036,-26.888274,-45.931719,Y
S02236,LOJA 2236,10000000002236,REDE 32,SUPERMERCADO,RIO DE JANEIRO,RJ,T077,V0037,-23.934675,-45.971773,Y
S02237,LOJA 2237,10000000002237,REDE 33,CONVENIENCIA,NITEROI,RJ,T078,V0038,-29.212393,-52.264189,Y
S02238,LOJA 2238,10000000002238,REDE 34,CONVENIENCIA,NITEROI,RJ,T079,V0039,-28.466085,-50.20249,Y
S02239,LOJA 2239,10000000002239,REDE 35,CONVENIENCIA,SANTOS,SP,T080,V0040,-21.378907,-40.476978,Y
S02240,LOJA 2240,10000000002240,REDE 01,ATACAREJO,NITEROI,RJ,T001,V0041,-20.176805,-48.110837,Y
S02241,LOJA 2241,10000000002241,REDE 02,SUPERMERCADO,CAXIAS DO SUL,RS,T002,V0042,-30.127204,-39.515706,Y
S02242,LOJA 2242,10000000002242,REDE 03,ATACAREJO,CAXIAS DO SUL,RS,T003,V0043,-21.723632,-52.297682,Y
S02243,LOJA 2243,10000000002243,REDE 04,ATACAREJO,SAO PAULO,SP,T004,V0044,-20.865415,-44.636073,Y
S02244,LOJA 2244,10000000002244,REDE 05,ATACAREJO,CURITIBA,PR,T005,V0045,-20.144409,-40.376382,Y
S02245,LOJA 2245,10000000002245,REDE 06,CONVENIENCIA,NITEROI,RJ,T006,V0046,-25.305352,-46.652809,Y
S02246,LOJA 2246,10000000002246,REDE 07,CONVENIENCIA,NITEROI,RJ,T007,V0047,-24.387032,-46.06418,Y
S02247,LOJA 2247,10000000002247,REDE 08,SUPERMERCADO,PORTO ALEGRE,RS,T008,V0048,-24.740466,-51.720364,Y
S02248,LOJA 2248,10000000002248,REDE 09,SUPERMERCADO,CAXIAS DO SUL,RS,T009,V0049,-25.538054,-44.568398,Y
S02249,LOJA 2249,10000000002249,REDE 10,ATACAREJO,BELO HORIZONTE,MG,T010,V0050,-27.587701,-43.073078,Y
S02250,LOJA 2250,10000000002250,REDE 11,CONVENIENCIA,BELO HORIZONTE,MG,T011,V0051,-32.681595,-51.783865,Y
S02251,LOJA 2251,10000000002251,REDE 12,CONVENIENCIA,BELO HORIZONTE,MG,,V0052,-18.730372,-48.70588,Y
S02252,LOJA 2252,10000000002252,REDE 13,ATACAREJO,BELO HORIZONTE,MG,T013,V0053,-20.178476,-41.258052,Y
S02253,LOJA 2253,10000000002253,REDE 14,SUPERMERCADO,SAO PAULO,SP,,V0054,-28.649654,-47.496405,Y
S02254,LOJA 2254,10000000002254,REDE 15,SUPERMERCADO,BELO HORIZONTE,MG,T015,V0055,-25.535492,-39.954835,Y
S02255,LOJA 2255,10000000002255,REDE 16,CONVENIENCIA,CURITIBA,PR,T016,V0056,-21.08868,-50.068098,Y
S02256,LOJA 2256,10000000002256,REDE 17,SUPERMERCADO,CAXIAS DO SUL,RS,T017,V0057,-27.283825,-52.667073,Y
S02257,LOJA 2257,10000000002257,REDE 18,CONVENIENCIA,CAXIAS DO SUL,RS,T018,V0058,-31.500895,-39.220557,Y
S02258,LOJA 2258,10000000002258,REDE 19,SUPERMERCADO,NITEROI,RJ,T019,V0059,-22.498369,-53.894853,Y
S02259,LOJA 2259,10000000002259,REDE 20,CONVENIENCIA,CURITIBA,PR,T020,,-30.448206,-51.498125,Y
S02260,LOJA 2260,10000000002260,REDE 21,SUPERMERCADO,RIO DE JANEIRO,RJ,T021,V0061,-21.338936,-40.877941,Y
S02261,LOJA 2261,10000000002261,REDE 22,ATACAREJO,SANTOS,SP,T022,V0062,-32.104814,-42.18625,Y
S02262,LOJA 2262,10000000002262,REDE 23,SUPERMERCADO,UBERLANDIA,MG,T023,V0063,-22.351307,-53.268979,Y
S02263,LOJA 2263,10000000002263,REDE 24,SUPERMERCADO,SANTOS,SP,T024,V0064,-19.662924,-47.190307,Y
S02264,LOJA 2264,10000000002264,REDE 25,CONVENIENCIA,CURITIBA,PR,T025,V0065,-29.889416,-51.370582,Y
S02265,LOJA 2265,10000000002265,REDE 26,CONVENIENCIA,SAO PAULO,SP,T026,V0066,-22.632084,-40.554327,Y
S02266,LOJA 2266,10000000002266,REDE 27,SUPERMERCADO,PORTO ALEGRE,RS,T027,V0067,-20.28467,-52.419879,Y
S02267,LOJA 2267,10000000002267,REDE 28,SUPERMERCADO,RIO DE JANEIRO,RJ,T028,V0068,-19.312214,-44.228227,Y
S02268,LOJA 2268,10000000002268,REDE 29,SUPERMERCADO,PORTO ALEGRE,RS,T029,V0069,-22.208329,-50.929298,Y
S02269,LOJA 2269,10000000002269,REDE 30,ATACAREJO,SANTOS,SP,T030,,-19.9904,-53.683379,Y
S02270,LOJA 2270,10000000002270,REDE 31,ATACAREJO,CURITIBA,PR,T031,V0071,-26.056232,-39.979653,Y
S02271,LOJA 2271,10000000002271,REDE 32,SUPERMERCADO,CURITIBA,PR,T032,V0072,-31.111879,-44.153328,Y
S02272,LOJA 2272,10000000002272,REDE 33,CONVENIENCIA,UBERLANDIA,MG,T033,V0073,-18.933853,-49.517679,Y
S02273,LOJA 2273,10000000002273,REDE 34,SUPERMERCADO,UBERLANDIA,MG,T034,V0074,-22.709433,-39.423811,Y
S02274,LOJA 2274,10000000002274,REDE 35,CONVENIENCIA,UBERLANDIA,MG,T035,V0075,-19.392336,-45.556167,Y
S02275,LOJA 2275,10000000002275,REDE 01,SUPERMERCADO,UBERLANDIA,MG,T036,V0076,-18.096752,-52.97545,Y
S02276,LOJA 2276,10000000002276,REDE 02,SUPERMERCADO,LONDRINA,PR,T037,V0077,-24.626108,-45.516447,Y
S02277,LOJA 2277,10000000002277,REDE 03,CONVENIENCIA,UBERLANDIA,MG,T038,V0078,-29.353097,-45.401627,Y
S02278,LOJA 2278,10000000002278,REDE 04,ATACAREJO,UBERLANDIA,MG,T039,V0079,-28.182444,-42.285921,Y
S02279,LOJA 2279,10000000002279,REDE 05,CONVENIENCIA,RIO DE JANEIRO,RJ,T040,V0080,-24.551062,-50.655185,Y
S02280,LOJA 2280,10000000002280,REDE 06,CONVENIENCIA,NITEROI,RJ,,V0081,-29.17732,-50.550739,Y
S02281,LOJA 2281,10000000002281,REDE 07,SUPERMERCADO,CAXIAS DO SUL,RS,T042,V0082,-20.727637,-45.244893,Y
S02282,LOJA 2282,10000000002282,REDE 08,ATACAREJO,RIO DE JANEIRO,RJ,T043,V0083,-26.62424,-52.927688,Y
S02283,LOJA 2283,10000000002283,REDE 09,ATACAREJO,SANTOS,SP,T044,V0084,-29.862472,-43.508741,Y
S02284,LOJA 2284,10000000002284,REDE 10,SUPERMERCADO,BELO HORIZONTE,MG,T045,V0085,-20.47323,-45.501992,Y
S02285,LOJA 2285,10000000002285,REDE 11,SUPERMERCADO,NITEROI,RJ,T046,V0086,-19.708963,-45.557909,Y
S02286,LOJA 2286,10000000002286,REDE 12,SUPERMERCADO,PORTO ALEGRE,RS,T047,V0087,-26.300836,-45.939634,Y
S02287,LOJA 2287,10000000002287,REDE 13,CONVENIENCIA,NITEROI,RJ,T048,V0088,-23.000299,-48.855333,Y
S02288,LOJA 2288,10000000002288,REDE 14,SUPERMERCADO,LONDRINA,PR,T049,V0089,-21.947871,-43.568934,Y
S02289,LOJA 2289,10000000002289,REDE 15,ATACAREJO,NITEROI,RJ,T050,V0090,-28.659881,-52.249422,Y
S02290,LOJA 2290,10000000002290,REDE 16,SUPERMERCADO,SAO PAULO,SP,T051,V0091,-22.360867,-44.969687,Y
S02291,LOJA 2291,10000000002291,REDE 17,SUPERMERCADO,BELO HORIZONTE,MG,T052,V0092,-31.180496,-43.551172,Y
S02292,LOJA 2292,10000000002292,REDE 18,CONVENIENCIA,LONDRINA,PR,,V0093,-20.457768,-50.247302,Y
S02293,LOJA 2293,10000000002293,REDE 19,CONVENIENCIA,PORTO ALEGRE,RS,T054,V0094,-25.886565,-44.52905,Y
S02294,LOJA 2294,10000000002294,REDE 20,CONVENIENCIA,PORTO ALEGRE,RS,T055,V0095,-26.499621,-53.286424,Y
S02295,LOJA 2295,10000000002295,REDE 21,SUPERMERCADO,RIO DE JANEIRO,RJ,T056,V0096,-22.455056,-49.580398,Y
S02296,LOJA 2296,10000000002296,REDE 22,CONVENIENCIA,LONDRINA,PR,T057,V0097,-21.589571,-50.965844,Y
S02297,LOJA 2297,10000000002297,REDE 23,SUPERMERCADO,CURITIBA,PR,T058,V0098,-21.09144,-44.99113,Y
S02298,LOJA 2298,10000000002298,REDE 24,SUPERMERCADO,NITEROI,RJ,T059,V0099,-28.518661,-50.492311,Y
S02299,LOJA 2299,10000000002299,REDE 25,SUPERMERCADO,SANTOS,SP,T060,V0100,-20.15289,-44.520079,Y
S02300,LOJA 2300,10000000002300,REDE 26,ATACAREJO,RIO DE JANEIRO,RJ,T061,V0101,-23.343873,-53.361298,Y
S02301,LOJA 2301,10000000002301,REDE 27,CONVENIENCIA,PORTO ALEGRE,RS,T062,V0102,-30.860877,-50.019347,Y
S02302,LOJA 2302,10000000002302,REDE 28,ATACAREJO,LONDRINA,PR,T063,V0103,-28.306876,-43.281015,Y
S02303,LOJA 2303,10000000002303,REDE 29,SUPERMERCADO,CAMPINAS,SP,T064,V0104,-26.360059,-51.366451,Y
S02304,LOJA 2304,10.000.000/0023-04,REDE 30,SUPERMERCADO,NITEROI,RJ,T065,V0105,-18.726352,-51.399174,Y
S02305,LOJA 2305,10000000002305,REDE 31,CONVENIENCIA,RIO DE JANEIRO,São Paulo,T066,V0106,-28.888122,-48.38813,Y
S02306,LOJA 2306,10000000002306,REDE 32,CONVENIENCIA,BELO HORIZONTE,MG,T067,V0107,-24.383361,-46.773679,Y
S02307,LOJA 2307,10000000002307,REDE 33,ATACAREJO,PORTO ALEGRE,RS,T068,V0108,-27.173215,-49.327256,Y
S02308,LOJA 2308,10000000002308,REDE 34,SUPERMERCADO,RIO DE JANEIRO,RJ,T069,V0109,-18.130764,-48.503976,Y
S02309,LOJA 2309,10000000002309,REDE 35,ATACAREJO,BELO HORIZONTE,MG,T070,V0110,-32.319401,-41.364116,Y
S02310,LOJA 2310,10000000002310,REDE 01,SUPERMERCADO,UBERLANDIA,MG,T071,V0111,-31.405202,-40.539464,Y
S02311,LOJA 2311,10000000002311,REDE 02,ATACAREJO,SANTOS,SP,T072,V0112,-19.978191,-45.957677,Y
S02312,LOJA 2312,10000000002312,REDE 03,ATACAREJO,UBERLANDIA,MG,T073,V0113,-18.492537,-44.44308,Y
S02313,LOJA 2313,10000000002313,REDE 04,ATACAREJO,UBERLANDIA,MG,T074,V0114,-27.571361,-43.529474,Y
S02314,LOJA 2314,10000000002314,REDE 05,ATACAREJO,PORTO ALEGRE,RS,T075,V0115,-29.379579,-41.43647,Y
S02315,LOJA 2315,10000000002315,REDE 06,CONVENIENCIA,PORTO ALEGRE,RS,T076,V0116,-30.743759,-42.359214,Y
S02316,LOJA 2316,10000000002316,REDE 07,ATACAREJO,LONDRINA,PR,T077,V0117,-30.550271,-48.263467,Y
S02317,LOJA 2317,10000000002317,REDE 08,CONVENIENCIA,SANTOS,SP,T078,V0118,-19.052867,-41.000422,Y
S02318,LOJA 2318,10000000002318,REDE 09,ATACAREJO,RIO DE JANEIRO,RJ,T079,V0119,-21.081088,-44.280009,Y
S02319,LOJA 2319,10000000002319,REDE 10,SUPERMERCADO,SANTOS,SP,T080,V0120,-22.867751,-45.08573,Y
S02320,LOJA 2320,10000000002320,REDE 11,ATACAREJO,CAXIAS DO SUL,RS,T001,V0121,-32.11187,-50.604766,Y
S02321,LOJA 2321,10000000002321,REDE 12,CONVENIENCIA,LONDRINA,PR,T002,V0122,-18.192012,-39.564929,Y
S02322,LOJA 2322,10000000002322,REDE 13,CONVENIENCIA,CAXIAS DO SUL,RS,T003,V0123,-31.797015,-39.182654,Y
S02323,LOJA 2323,10000000002323,REDE 14,CONVENIENCIA,NITEROI,RJ,T004,V0124,-25.380469,-50.928492,Y
S02324,LOJA 2324,10000000002324,REDE 15,CONVENIENCIA,CAMPINAS,SP,T005,V0125,-23.455624,-47.291752,Y
S02325,LOJA 2325,10000000002325,REDE 16,CONVENIENCIA,CURITIBA,PR,T006,V0126,-32.912362,-46.636296,Y
S02326,LOJA 2326,10000000002326,REDE 17,CONVENIENCIA,CURITIBA,PR,T007,V0127,-30.234321,-44.53822,Y
S02327,LOJA 2327,10000000002327,REDE 18,SUPERMERCADO,SAO PAULO,SP,T008,V0128,-26.485206,-46.8846,Y
S02328,LOJA 2328,10000000002328,REDE 19,SUPERMERCADO,SAO PAULO,SP,T009,V0129,-21.829341,-50.045933,Y
S02329,LOJA 2329,10000000002329,REDE 20,SUPERMERCADO,BELO HORIZONTE,MG,T010,V0130,-23.201236,-53.407973,Y
S02330,LOJA 2330,10000000002330,REDE 21,CONVENIENCIA,CURITIBA,PR,T011,V0131,-20.751827,-46.696204,Y
S02331,LOJA 2331,10000000002331,REDE 22,SUPERMERCADO,PORTO ALEGRE,RS,T012,V0132,-23.944342,-51.757426,Y
S02332,LOJA 2332,10000000002332,REDE 23,CONVENIENCIA,LONDRINA,PR,T013,V0133,-19.840319,-52.429277,Y
S02333,LOJA 2333,10000000002333,REDE 24,ATACAREJO,UBERLANDIA,MG,T014,V0134,-30.710327,-47.694407,Y
S02334,LOJA 2334,10000000002334,REDE 25,ATACAREJO,CAXIAS DO SUL,RS,T015,V0135,-22.985666,-44.248172,Y
S02335,LOJA 2335,10000000002335,REDE 26,SUPERMERCADO,CAXIAS DO SUL,RS,T016,V0136,-32.422236,-39.753409,Y
S02336,LOJA 2336,10000000002336,REDE 27,CONVENIENCIA,CURITIBA,PR,T017,V0137,-18.789133,-49.707015,Y
S02337,LOJA 2337,10000000002337,REDE 28,CONVENIENCIA,BELO HORIZONTE,MG,T018,V0138,-29.619586,-43.716081,Y
S02338,LOJA 2338,10000000002338,REDE 29,ATACAREJO,PORTO ALEGRE,RS,T019,V0139,-27.327812,-40.067737,Y
S02339,LOJA 2339,10000000002339,REDE 30,CONVENIENCIA,RIO DE JANEIRO,RJ,T020,V0140,-32.105995,-39.074587,Y
S02340,LOJA 2340,10000000002340,REDE 31,CONVENIENCIA,SAO PAULO,SP,T021,V0141,-22.336243,-42.67009,Y
S02341,LOJA 2341,10000000002341,REDE 32,ATACAREJO,BELO HORIZONTE,MG,T022,V0142,-22.837827,-52.285203,Y
S02342,LOJA 2342,10000000002342,REDE 33,ATACAREJO,LONDRINA,PR,T023,V0143,-18.606881,-42.672067,Y
S02343,LOJA 2343,10000000002343,REDE 34,ATACAREJO,UBERLANDIA,MG,T024,V0144,-24.891352,-40.145101,Y
S02344,LOJA 2344,10000000002344,REDE 35,ATACAREJO,SAO PAULO,SP,T025,V0145,-22.995324,-51.514496,Y
S02345,LOJA 2345,10000000002345,REDE 01,SUPERMERCADO,SANTOS,SP,T026,V0146,-19.389166,-48.654596,Y
S02346,LOJA 2346,10000000002346,REDE 02,SUPERMERCADO,UBERLANDIA,MG,T027,V0147,-27.765627,-42.668347,Y
S02347,LOJA 2347,10000000002347,REDE 03,CONVENIENCIA,BELO HORIZONTE,MG,T028,V0148,-20.205914,-50.998408,Y
S02348,LOJA 2348,10000000002348,REDE 04,ATACAREJO,BELO HORIZONTE,MG,T029,V0149,-30.88016,-41.152892,Y
S02349,LOJA 2349,10000000002349,REDE 05,ATACAREJO,BELO HORIZONTE,MG,T030,V0150,-29.687623,-44.664777,Y
S02350,LOJA 2350,10000000002350,REDE 06,CONVENIENCIA,RIO DE JANEIRO,RJ,T031,,-29.179168,-47.779744,Y
S02351,LOJA 2351,10000000002351,REDE 07,ATACAREJO,BELO HORIZONTE,MG,T032,V0152,-19.172372,-53.957345,Y
S02352,LOJA 2352,10000000002352,REDE 08,SUPERMERCADO,CURITIBA,São Paulo,T033,V0153,-30.04201,-40.837561,Y
S02353,LOJA 2353,10000000002353,REDE 09,CONVENIENCIA,CURITIBA,PR,T034,V0154,-31.230467,-46.89707,Y
S02354,LOJA 2354,10000000002354,REDE 10,ATACAREJO,CURITIBA,PR,T035,V0155,-20.277454,-42.657009,Y
S02355,LOJA 2355,10000000002355,REDE 11,SUPERMERCADO,CAMPINAS,SP,T036,V0156,-24.531254,-48.714471,Y
S02356,LOJA 2356,10000000002356,REDE 12,SUPERMERCADO,NITEROI,RJ,T037,V0157,-27.870405,-41.081103,Y
S02357,LOJA 2357,10000000002357,REDE 13,SUPERMERCADO,CURITIBA,PR,T038,V0158,-20.373358,-47.928574,Y
S02358,LOJA 2358,10000000002358,REDE 14,ATACAREJO,PORTO ALEGRE,RS,T039,V0159,-30.453383,-52.926431,Y
S02359,LOJA 2359,10000000002359,REDE 15,ATACAREJO,CAMPINAS,SP,T040,V0160,-22.467677,-49.717208,Y
S02360,LOJA 2360,10000000002360,REDE 16,ATACAREJO,CAXIAS DO SUL,RS,T041,V0161,-23.473331,-48.874326,Y
S02361,LOJA 2361,10000000002361,REDE 17,SUPERMERCADO,SANTOS,SP,T042,V0162,-23.615586,-46.795496,Y
S02362,LOJA 2362,10000000002362,REDE 18,ATACAREJO,CAXIAS DO SUL,RS,T043,V0163,-29.581482,-45.778498,Y
S02363,LOJA 2363,10000000002363,REDE 19,SUPERMERCADO,SAO PAULO,SP,T044,V0164,-19.264425,-48.525581,Y
S02364,LOJA 2364,10000000002364,REDE 20,ATACAREJO,CAMPINAS,SP,T045,V0165,-25.844796,-53.126096,Y
S02365,LOJA 2365,10000000002365,REDE 21,CONVENIENCIA,PORTO ALEGRE,RS,T046,V0166,-32.567121,-39.093405,Y
S02366,LOJA 2366,10000000002366,REDE 22,ATACAREJO,NITEROI,RJ,T047,V0167,-32.94109,-52.274348,Y
S02367,LOJA 2367,10000000002367,REDE 23,SUPERMERCADO,PORTO ALEGRE,RS,T048,V0168,-32.318441,-46.395208,Y
S02368,LOJA 2368,10000000002368,REDE 24,SUPERMERCADO,NITEROI,RJ,,V0169,-29.006452,-41.565158,Y
S02369,LOJA 2369,10000000002369,REDE 25,SUPERMERCADO,UBERLANDIA,MG,T050,V0170,-25.761582,-42.752164,Y
S02370,LOJA 2370,10000000002370,REDE 26,CONVENIENCIA,NITEROI,RJ,T051,V0171,-26.766143,-50.331288,Y
S02371,LOJA 2371,10000000002371,REDE 27,SUPERMERCADO,RIO DE JANEIRO,RJ,T052,V0172,-25.872705,-40.359617,Y
S02372,LOJA 2372,10000000002372,REDE 28,SUPERMERCADO,UBERLANDIA,MG,T053,V0173,-19.153802,-41.725579,Y
S02373,LOJA 2373,10000000002373,REDE 29,CONVENIENCIA,RIO DE JANEIRO,RJ,T054,V0174,-23.993876,-49.509352,Y
S02374,LOJA 2374,10000000002374,REDE 30,CONVENIENCIA,NITEROI,RJ,,V0175,-27.620185,-49.138304,Y
S02375,LOJA 2375,10000000002375,REDE 31,CONVENIENCIA,UBERLANDIA,MG,T056,V0176,-21.530264,-43.530204,Y
S02376,LOJA 2376,10000000002376,REDE 32,SUPERMERCADO,PORTO ALEGRE,RS,T057,V0177,-29.454789,-50.050611,Y
S02377,LOJA 2377,10000000002377,REDE 33,SUPERMERCADO,RIO DE JANEIRO,RJ,T058,V0178,-32.618358,-45.519962,Y
S02378,LOJA 2378,10000000002378,REDE 34,SUPERMERCADO,LONDRINA,PR,T059,V0179,-21.693543,-50.749792,Y
S02379,LOJA 2379,10000000002379,REDE 35,CONVENIENCIA,BELO HORIZONTE,MG,T060,V0180,-19.495133,-42.692321,Y
S02380,LOJA 2380,10000000002380,REDE 01,ATACAREJO,NITEROI,RJ,T061,V0181,-25.671443,-41.702082,Y
S02381,LOJA 2381,10000000002381,REDE 02,ATACAREJO,CURITIBA,PR,,V0182,-32.761131,-44.321806,Y
S02382,LOJA 2382,10000000002382,REDE 03,CONVENIENCIA,BELO HORIZONTE,MG,T063,V0183,-26.242051,-51.042546,Y
S02383,LOJA 2383,10000000002383,REDE 04,ATACAREJO,UBERLANDIA,MG,T064,V0184,-32.706667,-45.971545,Y
S02384,LOJA 2384,10000000002384,REDE 05,CONVENIENCIA,BELO HORIZONTE,MG,,V0185,-23.72016,-47.675421,Y
S02385,LOJA 2385,10000000002385,REDE 06,SUPERMERCADO,SANTOS,SP,T066,V0186,-22.262375,-51.169551,Y
S02386,LOJA 2386,10000000002386,REDE 07,CONVENIENCIA,UBERLANDIA,MG,T067,V0187,-18.89698,-43.561427,Y
S02387,LOJA 2387,10000000002387,REDE 08,CONVENIENCIA,CAMPINAS,SP,T068,V0188,-31.01755,-47.942354,Y
S02388,LOJA 2388,10000000002388,REDE 09,SUPERMERCADO,CURITIBA,PR,T069,V0189,-26.965105,-42.703545,Y
S02389,LOJA 2389,10000000002389,REDE 10,SUPERMERCADO,NITEROI,RJ,T070,V0190,-21.982575,-44.855395,Y
S02390,LOJA 2390,10000000002390,REDE 11,SUPERMERCADO,NITEROI,RJ,T071,V0191,-20.778889,-52.908218,Y
S02391,LOJA 2391,10000000002391,REDE 12,ATACAREJO,NITEROI,RJ,T072,V0192,-21.537579,-47.246146,Y
S02392,LOJA 2392,10000000002392,REDE 13,SUPERMERCADO,PORTO ALEGRE,RS,T073,V0193,-22.491775,-40.92706,Y
S02393,LOJA 2393,10000000002393,REDE 14,CONVENIENCIA,CAMPINAS,SP,T074,V0194,-44.424494,-32.711042,Y
S02394,LOJA 2394,10000000002394,REDE 15,ATACAREJO,RIO DE JANEIRO,RJ,,V0195,-28.460942,-49.72444,Y
S02395,LOJA 2395,10000000002395,REDE 16,ATACAREJO,BELO HORIZONTE,MG,T076,V0196,-26.281309,-49.14851,Y
S02396,LOJA 2396,10000000002396,REDE 17,CONVENIENCIA,UBERLANDIA,MG,T077,V0197,-27.629693,-50.538798,Y
S02397,LOJA 2397,10000000002397,REDE 18,ATACAREJO,SANTOS,SP,T078,V0198,-28.744201,-53.572749,Y
S02398,LOJA 2398,10000000002398,REDE 19,ATACAREJO,SANTOS,SP,T079,V0199,-24.661569,-45.422674,Y
S02399,LOJA 2399,10000000002399,REDE 20,SUPERMERCADO,CAXIAS DO SUL,RS,,V0200,-20.859542,-40.652512,Y
S02400,LOJA 2400,10000000002400,REDE 21,ATACAREJO,PORTO ALEGRE,RS,T001,V0201,-28.181575,-45.443743,Y
S02401,LOJA 2401,10000000002401,REDE 22,ATACAREJO,RIO DE JANEIRO,RJ,T002,V0202,-22.81982,-44.474987,Y
S02402,LOJA 2402,10000000002402,REDE 23,ATACAREJO,BELO HORIZONTE,MG,T003,V0203,-18.013679,-43.921253,Y
S02403,LOJA 2403,10000000002403,REDE 24,CONVENIENCIA,CURITIBA,PR,T004,V0204,-19.839319,-44.507517,Y
S02404,LOJA 2404,10000000002404,REDE 25,SUPERMERCADO,NITEROI,RJ,T005,V0205,-30.8593,-52.832501,Y
S02405,LOJA 2405,10000000002405,REDE 26,CONVENIENCIA,UBERLANDIA,MG,T006,V0206,-25.474036,-51.052704,Y
S02406,LOJA 2406,10000000002406,REDE 27,CONVENIENCIA,RIO DE JANEIRO,RJ,T007,V0207,-26.307889,-47.985164,Y
S02407,LOJA 2407,10000000002407,REDE 28,CONVENIENCIA,CAXIAS DO SUL,RS,T008,V0208,-26.551125,-48.356596,Y
S02408,LOJA 2408,10000000002408,REDE 29,ATACAREJO,CURITIBA,PR,T009,V0209,-24.570144,-49.477714,Y
S02409,LOJA 2409,10000000002409,REDE 30,CONVENIENCIA,NITEROI,RJ,T010,V0210,-23.717317,-43.318907,Y
S02410,LOJA 2410,10000000002410,REDE 31,ATACAREJO,UBERLANDIA,MG,T011,V0211,-26.205583,-53.520313,Y
S02411,LOJA 2411,10000000002411,REDE 32,SUPERMERCADO,RIO DE JANEIRO,RJ,T012,V0212,-29.87272,-50.007617,Y
S02412,LOJA 2412,10000000002412,REDE 33,ATACAREJO,SANTOS,SP,T013,V0213,-26.721018,-42.51103,Y
S02413,LOJA 2413,10000000002413,REDE 34,SUPERMERCADO,PORTO ALEGRE,RS,T014,,-29.861223,-40.949987,Y
S02414,LOJA 2414,10000000002414,REDE 35,ATACAREJO,LONDRINA,PR,T015,V0215,-28.300283,-44.948902,Y
S02415,LOJA 2415,10000000002415,REDE 01,ATACAREJO,CAMPINAS,SP,T016,V0216,-30.336599,-49.95293,Y
S02416,LOJA 2416,10000000002416,REDE 02,SUPERMERCADO,CAXIAS DO SUL,RS,T017,V0217,-32.099031,-49.686046,Y
S02417,LOJA 2417,10000000002417,REDE 03,ATACAREJO,SAO PAULO,SP,T018,V0218,-21.292342,-43.649762,Y
S02418,LOJA 2418,10000000002418,REDE 04,SUPERMERCADO,BELO HORIZONTE,MG,T019,V0219,-29.574085,-46.173349,Y
S02419,LOJA 2419,10000000002419,REDE 05,SUPERMERCADO,SAO PAULO,SP,T020,V0220,-29.403561,-43.306148,Y
S02420,LOJA 2420,10000000002420,REDE 06,SUPERMERCADO,CAXIAS DO SUL,RS,T021,V0001,-21.338157,-49.035272,Y
S02421,LOJA 2421,10000000002421,REDE 07,ATACAREJO,UBERLANDIA,MG,T022,V0002,-20.851779,-41.431036,Y
S02422,LOJA 2422,10000000002422,REDE 08,CONVENIENCIA,PORTO ALEGRE,RS,T023,V0003,-23.139564,-47.732225,Y
S02423,LOJA 2423,10000000002423,REDE 09,SUPERMERCADO,SANTOS,SP,T024,V0004,-32.042299,-45.791852,Y
S02424,LOJA 2424,10000000002424,REDE 10,SUPERMERCADO,NITEROI,RJ,T025,V0005,-20.329945,-40.215531,Y
S02425,LOJA 2425,10000000002425,REDE 11,SUPERMERCADO,NITEROI,RJ,T026,V0006,-32.304993,-47.060823,Y
S02426,LOJA 2426,10000000002426,REDE 12,SUPERMERCADO,PORTO ALEGRE,RS,T027,V0007,-27.617997,-40.086002,Y
S02427,LOJA 2427,10000000002427,REDE 13,CONVENIENCIA,NITEROI,RJ,T028,V0008,-30.177637,-46.421826,Y
S02428,LOJA 2428,10000000002428,REDE 14,SUPERMERCADO,UBERLANDIA,MG,T029,V0009,-32.814958,-53.580703,Y
S02429,LOJA 2429,10000000002429,REDE 15,SUPERMERCADO,CURITIBA,PR,T030,V0010,-31.872311,-46.479008,Y
S02430,LOJA 2430,10000000002430,REDE 16,ATACAREJO,UBERLANDIA,MG,T031,V0011,-27.446732,-42.508675,Y
S02431,LOJA 2431,10000000002431,REDE 17,ATACAREJO,CURITIBA,PR,T032,V0012,-27.498239,-44.596255,Y
S02432,LOJA 2432,10000000002432,REDE 18,CONVENIENCIA,NITEROI,RJ,T033,V0013,-23.161265,-40.890221,Y
S02433,LOJA 2433,10000000002433,REDE 19,CONVENIENCIA,SAO PAULO,SP,T034,V0014,-25.05413,-42.258534,Y
S02434,LOJA 2434,10000000002434,REDE 20,SUPERMERCADO,LONDRINA,PR,T035,V0015,-25.515974,-44.953177,Y
S02435,LOJA 2435,10000000002435,REDE 21,ATACAREJO,SAO PAULO,SP,,V0016,-28.076416,-39.635884,Y
S02436,LOJA 2436,10000000002436,REDE 22,CONVENIENCIA,CAXIAS DO SUL,RS,T037,V0017,-31.243697,-45.439794,Y
S02437,LOJA 2437,10000000002437,REDE 23,CONVENIENCIA,SANTOS,XX,T038,V0018,-30.686391,-45.403006,Y
S02438,LOJA 2438,10000000002438,REDE 24,ATACAREJO,SAO PAULO,SP,T039,,-32.815751,-47.20657,Y
S02439,LOJA 2439,10000000002439,REDE 25,ATACAREJO,NITEROI,RJ,T040,V0020,-30.513224,-41.020602,Y
S02440,LOJA 2440,10000000002440,REDE 26,CONVENIENCIA,SANTOS,SP,T041,V0021,-26.689706,-49.288461,Y
S02441,LOJA 2441,10000000002441,REDE 27,CONVENIENCIA,SANTOS,SP,T042,V0022,-22.326351,-39.421718,Y
S02442,LOJA 2442,10000000002442,REDE 28,SUPERMERCADO,UBERLANDIA,MG,T043,V0023,-27.649909,-47.395173,Y
S02443,LOJA 2443,10000000002443,REDE 29,ATACAREJO,CAMPINAS,SP,T044,V0024,-24.254385,-48.403914,Y
S02444,LOJA 2444,10000000002444,REDE 30,ATACAREJO,SANTOS,SP,T045,V0025,-31.690086,-41.228588,Y
S02445,LOJA 2445,10000000002445,REDE 31,CONVENIENCIA,SANTOS,SP,T046,V0026,-30.056655,-40.893775,Y
S02446,LOJA 2446,10000000002446,REDE 32,CONVENIENCIA,CAMPINAS,SP,T047,V0027,-23.518724,-45.236829,Y
S02447,LOJA 2447,10000000002447,REDE 33,CONVENIENCIA,LONDRINA,PR,T048,V0028,-19.982202,-46.170278,Y
S02448,LOJA 2448,10.000.000/0024-48,REDE 34,CONVENIENCIA,CURITIBA,PR,T049,,-32.726249,-39.111779,Y
S02449,LOJA 2449,10000000002449,REDE 35,CONVENIENCIA,CAXIAS DO SUL,RS,T050,V0030,-19.277964,-40.709873,Y
S02450,LOJA 2450,10000000002450,REDE 01,CONVENIENCIA,BELO HORIZONTE,MG,T051,V0031,-19.312031,-48.439612,Y
S02451,LOJA 2451,10.000.000/0024-51,REDE 02,CONVENIENCIA,CURITIBA,PR,T052,V0032,-22.721367,-40.732022,Y
S02452,LOJA 2452,10000000002452,REDE 03,CONVENIENCIA,CURITIBA,PR,T053,V0033,-32.988118,-45.251686,Y
S02453,LOJA 2453,10000000002453,REDE 04,ATACAREJO,BELO HORIZONTE,MG,T054,V0034,-18.106573,-52.838398,Y
S02454,LOJA 2454,10000000002454,REDE 05,CONVENIENCIA,SANTOS,SP,T055,V0035,-22.096154,-53.601769,Y
S02455,LOJA 2455,10000000002455,REDE 06,CONVENIENCIA,LONDRINA,PR,T056,V0036,-20.362324,-52.518443,Y
S02456,LOJA 2456,10000000002456,REDE 07,ATACAREJO,NITEROI,RJ,T057,V0037,-24.928027,-47.655569,Y
S02457,LOJA 2457,10000000002457,REDE 08,CONVENIENCIA,CURITIBA,PR,T058,V0038,-29.57074,-42.490073,Y
S02458,LOJA 2458,10000000002458,REDE 09,SUPERMERCADO,LONDRINA,PR,T059,V0039,-26.672589,-53.245421,Y
S02459,LOJA 2459,10000000002459,REDE 10,ATACAREJO,UBERLANDIA,MG,T060,V0040,-31.887539,-42.340899,Y
S02460,LOJA 2460,10000000002460,REDE 11,CONVENIENCIA,SANTOS,SP,T061,V0041,-20.844356,-47.863403,Y
S02461,LOJA 2461,10000000002461,REDE 12,SUPERMERCADO,PORTO ALEGRE,RS,T062,V0042,-19.537273,-47.814266,Y
S02462,LOJA 2462,10000000002462,REDE 13,CONVENIENCIA,NITEROI,RJ,T063,V0043,-23.391824,-47.665849,Y
S02463,LOJA 2463,10000000002463,REDE 14,ATACAREJO,UBERLANDIA,MG,T064,V0044,-29.186755,-46.852615,Y
S02464,LOJA 2464,10000000002464,REDE 15,ATACAREJO,LONDRINA,PR,T065,V0045,-19.262177,-44.775929,Y
S02465,LOJA 2465,10000000002465,REDE 16,SUPERMERCADO,UBERLANDIA,MG,T066,V0046,-23.600292,-51.653114,Y
S02466,LOJA 2466,10000000002466,REDE 17,ATACAREJO,RIO DE JANEIRO,RJ,T067,V0047,-22.953288,-46.870965,Y
S02467,LOJA 2467,10000000002467,REDE 18,ATACAREJO,BELO HORIZONTE,MG,T068,V0048,-25.966131,-48.532866,Y
S02468,LOJA 2468,10000000002468,REDE 19,ATACAREJO,SANTOS,SP,T069,V0049,-18.44067,-52.419773,Y
S02469,LOJA 2469,10000000002469,REDE 20,ATACAREJO,CAMPINAS,SP,T070,V0050,-26.574655,-43.983067,Y
S02470,LOJA 2470,10000000002470,REDE 21,ATACAREJO,LONDRINA,PR,T071,V0051,-31.749564,-47.260586,Y
S02471,LOJA 2471,10000000002471,REDE 22,ATACAREJO,BELO HORIZONTE,MG,T072,V0052,-18.783368,-39.436972,Y
S02472,LOJA 2472,10000000002472,REDE 23,ATACAREJO,LONDRINA,PR,T073,V0053,-23.731521,-53.665946,Y
S02473,LOJA 2473,10000000002473,REDE 24,CONVENIENCIA,SAO PAULO,SP,T074,V0054,-21.479417,-44.532373,Y
S02474,LOJA 2474,10000000002474,REDE 25,ATACAREJO,UBERLANDIA,MG,T075,V0055,-20.909593,-39.879561,Y
S02475,LOJA 2475,10000000002475,REDE 26,ATACAREJO,BELO HORIZONTE,MG,T076,V0056,-20.2368,-49.914122,Y
S02476,LOJA 2476,10000000002476,REDE 27,CONVENIENCIA,UBERLANDIA,MG,,V0057,-31.573753,-52.791871,Y
S02477,LOJA 2477,10.000.000/0024-77,REDE 28,SUPERMERCADO,CAMPINAS,SP,T078,V0058,-19.142027,-41.521099,Y
S02478,LOJA 2478,10000000002478,REDE 29,ATACAREJO,RIO DE JANEIRO,RJ,T079,V0059,-23.439003,-42.171287,Y
S02479,LOJA 2479,10000000002479,REDE 30,SUPERMERCADO,LONDRINA,PR,T080,V0060,-19.540817,-52.557712,Y
S02480,LOJA 2480,10000000002480,REDE 31,ATACAREJO,SANTOS,SP,,V0061,-31.174564,-48.378974,Y
S02481,LOJA 2481,10000000002481,REDE 32,CONVENIENCIA,LONDRINA,PR,T002,V0062,-20.013284,-48.694084,Y
S02482,LOJA 2482,10000000002482,REDE 33,CONVENIENCIA,NITEROI,RJ,T003,V0063,-19.13371,-39.450836,Y
S02483,LOJA 2483,10000000002483,REDE 34,SUPERMERCADO,CURITIBA,PR,T004,V0064,-26.435801,-40.855014,Y
S02484,LOJA 2484,10000000002484,REDE 35,ATACAREJO,SAO PAULO,SP,T005,V0065,-25.467123,-47.891518,Y
S02485,LOJA 2485,10000000002485,REDE 01,SUPERMERCADO,NITEROI,RJ,T006,V0066,-23.448166,-48.241478,Y
S02486,LOJA 2486,10000000002486,REDE 02,CONVENIENCIA,UBERLANDIA,MG,T007,V0067,-28.329231,-50.036445,Y
S02487,LOJA 2487,10000000002487,REDE 03,ATACAREJO,RIO DE JANEIRO,RJ,T008,V0068,-30.613412,-51.596508,Y
S02488,LOJA 2488,10000000002488,REDE 04,SUPERMERCADO,LONDRINA,PR,T009,V0069,-23.810679,-48.768674,Y
S02489,LOJA 2489,10000000002489,REDE 05,CONVENIENCIA,SANTOS,SP,T010,V0070,-19.117977,-50.75811,Y
S02490,LOJA 2490,10000000002490,REDE 06,CONVENIENCIA,LONDRINA,PR,T011,V0071,-23.398281,-47.925206,Y
S02491,LOJA 2491,10000000002491,REDE 07,SUPERMERCADO,NITEROI,RJ,T012,V0072,-24.609471,-50.166446,Y
S02492,LOJA 2492,10000000002492,REDE 08,SUPERMERCADO,CAXIAS DO SUL,RS,T013,V0073,-22.6602,-49.778466,Y
S02493,LOJA 2493,10000000002493,REDE 09,ATACAREJO,CURITIBA,PR,T014,V0074,-28.927407,-41.438978,Y
S02494,LOJA 2494,10000000002494,REDE 10,ATACAREJO,SAO PAULO,SP,T015,V0075,-29.631974,-44.7068,Y
S02495,LOJA 2495,10000000002495,REDE 11,ATACAREJO,BELO HORIZONTE,MG,T016,V0076,-26.467238,-47.578503,Y
S02496,LOJA 2496,10000000002496,REDE 12,ATACAREJO,NITEROI,RJ,T017,V0077,-24.265036,-44.325461,Y
S02497,LOJA 2497,10000000002497,REDE 13,CONVENIENCIA,LONDRINA,PR,T018,V0078,-32.17236,-49.889128,Y
S02498,LOJA 2498,10000000002498,REDE 14,CONVENIENCIA,CURITIBA,PR,T019,V0079,-19.788176,-53.546035,Y
S02499,LOJA 2499,10000000002499,REDE 15,CONVENIENCIA,SAO PAULO,SP,T020,V0080,-19.345064,-53.851398,Y
S02500,LOJA 2500,10000000002500,REDE 16,SUPERMERCADO,LONDRINA,PR,T021,V0081,-24.200059,-44.491134,Y
